# Blender 5.2.1 LTS
# www.blender.org
o GEO-body_female_stylized
v 0.051080 1.278319 -0.004599
v 0.035513 1.316241 -0.012990
v 0.044986 1.285856 -0.010053
v 0.041224 1.294480 -0.011640
v 0.038451 1.302191 -0.012553
v 0.036507 1.309370 -0.012996
v 0.035306 1.322873 -0.012767
v 0.035742 1.329360 -0.012451
v 0.036772 1.335801 -0.012095
v 0.038390 1.342332 -0.011535
v 0.040785 1.348974 -0.010570
v 0.045958 1.291320 -0.081593
v 0.043837 1.355281 -0.008458
v 0.047105 1.359863 -0.003544
v 0.013943 1.269871 0.015938
v 0.066154 1.297071 -0.036127
v 0.065378 1.290191 -0.027025
v 0.043298 1.276650 0.003020
v 0.027995 1.288438 -0.083241
v 0.019563 1.337995 0.011958
v 0.017832 1.320864 0.005705
v 0.023044 1.345388 0.027241
v 0.020743 1.342732 0.017654
v 0.018854 1.332472 0.008560
v 0.018283 1.326724 0.006512
v 0.017521 1.314691 0.005195
v 0.040752 1.332757 -0.038610
v 0.038399 1.340789 -0.044404
v 0.038248 1.347413 -0.044213
v 0.038798 1.354381 -0.044431
v 0.039894 1.361773 -0.044897
v 0.041467 1.369659 -0.045700
v 0.043492 1.378156 -0.046980
v 0.018252 1.380631 -0.068796
v 0.017474 1.372716 -0.065725
v 0.016948 1.365019 -0.063579
v 0.016595 1.357546 -0.062166
v 0.016388 1.350274 -0.061150
v 0.016426 1.343072 -0.060936
v 0.026421 1.380017 -0.065753
v 0.025339 1.372070 -0.063032
v 0.024586 1.364426 -0.061088
v 0.024055 1.357061 -0.059813
v 0.023708 1.349949 -0.058886
v 0.023732 1.342971 -0.058647
v 0.039196 1.378968 -0.054568
v 0.037656 1.370651 -0.052777
v 0.036426 1.362883 -0.051502
v 0.035565 1.355573 -0.050644
v 0.035154 1.348647 -0.050188
v 0.035305 1.341993 -0.050342
v 0.036115 1.335572 -0.051092
v 0.030960 1.336043 -0.056093
v 0.030288 1.342673 -0.055279
v 0.039939 1.339116 -0.038079
v 0.030240 1.349439 -0.055349
v 0.030643 1.356412 -0.056050
v 0.031363 1.363703 -0.057155
v 0.032351 1.371356 -0.058826
v 0.033643 1.379441 -0.061080
v 0.039391 1.328160 -0.025454
v 0.037730 1.325542 -0.019073
v 0.048850 1.374479 -0.029603
v 0.050228 1.370647 -0.020445
v 0.049809 1.365087 -0.011553
v 0.042853 1.355296 0.003933
v 0.037349 1.351381 0.011261
v 0.030811 1.348110 0.018636
v 0.045526 1.366091 -0.030332
v 0.046059 1.363111 -0.023154
v 0.045687 1.359447 -0.015544
v 0.040312 1.351025 -0.001477
v 0.034963 1.347239 0.005396
v 0.028064 1.344565 0.012006
v 0.043092 1.358257 -0.030837
v 0.043268 1.355559 -0.024545
v 0.042606 1.352536 -0.017350
v 0.037533 1.345248 -0.003997
v 0.032656 1.341879 0.002274
v 0.026369 1.339450 0.007749
v 0.041426 1.350800 -0.031190
v 0.041276 1.348284 -0.024932
v 0.040342 1.345490 -0.018090
v 0.035207 1.339094 -0.005267
v 0.030688 1.336159 0.000456
v 0.025048 1.333936 0.005174
v 0.040442 1.343776 -0.031296
v 0.039994 1.341397 -0.024853
v 0.038836 1.338702 -0.018420
v 0.033588 1.332898 -0.006051
v 0.029269 1.330274 -0.000706
v 0.024043 1.328205 0.003568
v 0.040133 1.337076 -0.031503
v 0.039356 1.334712 -0.025048
v 0.037971 1.332092 -0.018717
v 0.032531 1.326660 -0.006535
v 0.028319 1.324233 -0.001387
v 0.023324 1.322284 0.002727
v 0.039954 1.345779 -0.037849
v 0.040723 1.352794 -0.037849
v 0.042122 1.360245 -0.037893
v 0.044175 1.368155 -0.038123
v 0.046872 1.376700 -0.038627
v 0.009503 1.380998 -0.071115
v 0.009109 1.373027 -0.067833
v 0.008841 1.365224 -0.065576
v 0.008665 1.357620 -0.064089
v 0.008571 1.350164 -0.063222
v 0.008603 1.342779 -0.063092
v 0.008791 1.335392 -0.063840
v 0.012986 1.336931 0.015155
v 0.012129 1.319958 0.007774
v 0.014317 1.343011 0.029839
v 0.013629 1.341030 0.021329
v 0.012642 1.331628 0.011310
v 0.012376 1.325899 0.009043
v 0.017545 1.328695 -0.063347
v 0.025333 1.329193 -0.061066
v 0.032216 1.329530 -0.057425
v 0.041017 1.328419 -0.046071
v 0.039313 1.334448 -0.045098
v 0.016805 1.335887 -0.061732
v 0.024277 1.336058 -0.059474
v 0.040587 1.330601 -0.031968
v 0.031984 1.320290 -0.006861
v 0.027791 1.317976 -0.001774
v 0.022887 1.316094 0.002278
v 0.022742 1.309600 0.002163
v 0.027671 1.311446 -0.001885
v 0.038253 1.318939 -0.019442
v 0.009152 1.327941 -0.065371
v 0.011935 1.313747 0.007081
v 0.017490 1.301354 0.005268
v 0.017395 1.308192 0.005039
v 0.017829 1.294179 0.005915
v 0.018493 1.286669 0.007322
v 0.019551 1.278931 0.009992
v 0.037552 1.329330 -0.052263
v 0.042468 1.326715 -0.039361
v 0.031984 1.313699 -0.006989
v 0.040383 1.321684 -0.025954
v 0.042010 1.324353 -0.032574
v 0.011867 1.300334 0.006926
v 0.011836 1.307220 0.006825
v 0.012060 1.293106 0.007548
v 0.013122 1.277647 0.011423
v 0.012462 1.285516 0.008892
v 0.022922 1.302771 0.002412
v 0.023463 1.295600 0.003070
v 0.024479 1.288105 0.004544
v 0.026077 1.280464 0.007407
v 0.032589 1.282084 0.003288
v 0.030358 1.289825 0.000486
v 0.028866 1.297375 -0.000976
v 0.028005 1.304587 -0.001654
v 0.038853 1.283736 -0.002582
v 0.033884 1.299543 -0.006228
v 0.035953 1.291866 -0.004957
v 0.032583 1.306807 -0.006836
v 0.045257 1.321080 -0.040307
v 0.044670 1.318446 -0.033169
v 0.043581 1.322690 -0.047418
v 0.034131 1.323056 -0.059352
v 0.042568 1.315329 -0.026323
v 0.039744 1.323256 -0.053877
v 0.009701 1.320339 -0.067637
v 0.018678 1.321420 -0.065762
v 0.026958 1.322328 -0.063345
v 0.046964 1.317208 -0.049073
v 0.045866 1.309092 -0.026454
v 0.042759 1.317275 -0.055964
v 0.020269 1.313944 -0.069027
v 0.029253 1.315300 -0.066373
v 0.048873 1.315744 -0.041396
v 0.048246 1.312782 -0.033732
v 0.036847 1.316547 -0.061867
v 0.010466 1.312473 -0.070742
v 0.051099 1.311837 -0.050950
v 0.049887 1.302596 -0.026685
v 0.046791 1.311430 -0.058427
v 0.022362 1.306054 -0.073041
v 0.032389 1.307888 -0.070047
v 0.053032 1.310417 -0.042685
v 0.052451 1.307091 -0.034451
v 0.040619 1.309976 -0.064987
v 0.011445 1.304221 -0.074583
v 0.056507 1.306945 -0.052963
v 0.055236 1.295799 -0.027026
v 0.052330 1.306048 -0.061246
v 0.024960 1.297436 -0.077618
v 0.036842 1.299910 -0.074684
v 0.058303 1.305493 -0.044055
v 0.057748 1.301602 -0.035320
v 0.045981 1.303494 -0.068717
v 0.039794 1.312230 -0.019637
v 0.042489 1.305399 -0.019446
v 0.046021 1.298052 -0.019109
v 0.050929 1.289618 -0.018585
v 0.035740 1.275032 0.008754
v 0.012559 1.295364 -0.078889
v 0.000000 1.312622 0.008418
v 0.000000 1.340719 0.032350
v 0.000000 1.299046 0.007767
v 0.000000 1.267391 0.015551
v 0.000000 1.335172 0.018031
v 0.000000 1.338767 0.024258
v 0.000000 1.283783 0.009064
v 0.000000 1.306025 0.007876
v 0.000000 1.275525 0.011209
v 0.000000 1.381194 -0.071781
v 0.000000 1.330345 0.013741
v 0.000000 1.318870 0.009404
v 0.000000 1.294775 -0.078711
v 0.000000 1.327805 -0.066054
v 0.000000 1.285334 -0.083311
v 0.000000 1.373210 -0.068427
v 0.000000 1.320104 -0.068161
v 0.000000 1.365361 -0.066169
v 0.000000 1.303708 -0.074645
v 0.000000 1.350190 -0.063938
v 0.000000 1.312099 -0.071079
v 0.000000 1.291639 0.008118
v 0.000000 1.324804 0.011063
v 0.000000 1.335319 -0.064658
v 0.000000 1.342739 -0.063959
v 0.000000 1.357710 -0.064685
v 0.036645 1.390555 0.082768
v 0.052661 1.392092 0.074400
v 0.008646 1.352442 0.084680
v 0.028948 1.361180 0.072711
v 0.019844 1.395443 0.096725
v 0.007544 1.397789 0.103248
v 0.022459 1.357366 0.076999
v 0.025264 1.394033 0.092863
v 0.036216 1.378870 0.078002
v 0.020215 1.369056 0.083555
v 0.026227 1.371927 0.081037
v 0.007562 1.363683 0.088798
v 0.038086 1.384074 0.078922
v 0.007935 1.381421 0.101225
v 0.019652 1.381647 0.094209
v 0.029250 1.382041 0.083680
v 0.024186 1.381441 0.089892
v 0.028838 1.381046 0.082390
v 0.020202 1.380415 0.092816
v 0.023931 1.380749 0.088293
v 0.008955 1.380021 0.101829
v 0.029948 1.382373 0.082164
v 0.009582 1.375178 0.101895
v 0.021165 1.378213 0.092776
v 0.025063 1.382916 0.091559
v 0.030208 1.382458 0.084267
v 0.030539 1.382500 0.082204
v 0.029328 1.380871 0.081866
v 0.024872 1.379461 0.088298
v 0.008383 1.384046 0.104333
v 0.020384 1.383577 0.096157
v 0.031883 1.429075 0.084511
v 0.051384 1.382969 0.070990
v 0.047344 1.372603 0.067464
v 0.042249 1.419960 0.083819
v 0.024045 1.435503 0.085431
v 0.036423 1.425086 0.084300
v 0.009027 1.365058 0.095014
v 0.008764 1.394678 0.106924
v 0.026134 1.389309 0.093421
v 0.021358 1.391129 0.098215
v 0.021385 1.371933 0.088380
v 0.032782 1.380231 0.079990
v 0.034156 1.383403 0.080760
v 0.033532 1.385871 0.084335
v 0.026063 1.375036 0.085058
v 0.031664 1.383378 0.084790
v 0.030440 1.380730 0.081111
v 0.026070 1.377328 0.087838
v 0.021012 1.386736 0.098043
v 0.009925 1.369570 0.100132
v 0.021936 1.374915 0.091830
v 0.025872 1.385401 0.093262
v 0.031858 1.382774 0.081885
v 0.008590 1.388801 0.106703
v 0.020064 1.411579 0.101101
v 0.025017 1.418189 0.100644
v 0.024108 1.422270 0.098180
v 0.011860 1.412040 0.109966
v 0.013857 1.420497 0.113832
v 0.012756 1.425292 0.111056
v 0.014686 1.443782 0.087542
v 0.017938 1.420198 0.109070
v 0.015580 1.412630 0.107261
v 0.016566 1.424145 0.106325
v 0.008101 1.420535 0.118963
v 0.006757 1.410984 0.112496
v 0.007701 1.426625 0.116273
v 0.013970 1.396802 0.100138
v 0.015918 1.354636 0.081032
v 0.014074 1.366248 0.086171
v 0.015343 1.380127 0.097469
v 0.014263 1.381550 0.098196
v 0.014940 1.383983 0.100592
v 0.016209 1.376655 0.097313
v 0.015956 1.368327 0.091695
v 0.015713 1.393188 0.102808
v 0.016674 1.372212 0.095784
v 0.015381 1.388026 0.102607
v 0.014232 1.410351 0.105151
v 0.011269 1.409677 0.106694
v 0.017234 1.409660 0.100883
v 0.005723 1.406597 0.104237
v 0.007116 1.407759 0.107843
v 0.031886 1.374954 0.079085
v 0.026884 1.381154 0.084843
v 0.027738 1.380379 0.084747
v 0.036998 1.366091 0.069725
v 0.030024 1.377531 0.082137
v 0.028857 1.379173 0.084181
v 0.017230 1.415572 0.109029
v 0.007381 1.414604 0.116542
v 0.030537 1.392641 0.088546
v 0.027425 1.381466 0.086222
v 0.028445 1.382404 0.087457
v 0.030450 1.387696 0.088942
v 0.029686 1.384149 0.088832
v 0.023279 1.413820 0.101554
v 0.013029 1.415300 0.112757
v 0.083893 1.466353 0.055692
v 0.078966 1.463424 0.060295
v 0.047319 1.478684 0.075140
v 0.046972 1.485520 0.075937
v 0.034264 1.473670 0.074415
v 0.030512 1.478501 0.075906
v 0.068071 1.474284 0.069704
v 0.071153 1.480615 0.068893
v 0.028587 1.464967 0.071454
v 0.024548 1.467175 0.073617
v 0.037868 1.475957 0.075204
v 0.034897 1.481725 0.076194
v 0.063370 1.476204 0.071955
v 0.065668 1.482991 0.071927
v 0.075356 1.468552 0.064269
v 0.079878 1.473707 0.061574
v 0.082882 1.454953 0.056178
v 0.078137 1.459761 0.060846
v 0.025495 1.450616 0.069372
v 0.028668 1.453160 0.068195
v 0.052955 1.448350 0.072851
v 0.053140 1.439192 0.071089
v 0.039246 1.449429 0.071716
v 0.037403 1.442070 0.070932
v 0.070494 1.452862 0.066675
v 0.073866 1.444941 0.063540
v 0.033230 1.451180 0.069630
v 0.030426 1.445866 0.069933
v 0.043166 1.448675 0.072412
v 0.042062 1.440604 0.071477
v 0.066670 1.451207 0.068995
v 0.069151 1.442444 0.066084
v 0.076318 1.457529 0.062428
v 0.080914 1.451357 0.058246
v 0.027543 1.454576 0.068121
v 0.024320 1.453248 0.069584
v 0.079274 1.462285 0.059855
v 0.084397 1.462672 0.054540
v 0.092110 1.471471 0.045487
v 0.052882 1.493745 0.090254
v 0.030354 1.486087 0.092532
v 0.081863 1.490882 0.071986
v 0.018936 1.466571 0.086805
v 0.037188 1.489904 0.092304
v 0.075865 1.492981 0.078555
v 0.089425 1.483244 0.057118
v 0.093349 1.448281 0.044265
v 0.019169 1.446705 0.082691
v 0.053274 1.422932 0.079778
v 0.034138 1.432921 0.081575
v 0.083737 1.428926 0.061415
v 0.026123 1.438934 0.082060
v 0.039125 1.429601 0.081349
v 0.077074 1.425426 0.066973
v 0.092497 1.440165 0.048428
v 0.017885 1.451656 0.083156
v 0.092203 1.464435 0.042384
v 0.094425 1.474048 0.040074
v 0.055582 1.501549 0.092158
v 0.027701 1.494005 0.098897
v 0.085122 1.496719 0.069530
v 0.037893 1.497964 0.097055
v 0.079856 1.499436 0.077431
v 0.091971 1.487647 0.053257
v 0.096780 1.445989 0.036398
v 0.042035 1.477592 0.075334
v 0.050635 1.412759 0.081598
v 0.047862 1.448383 0.072981
v 0.085570 1.420704 0.058313
v 0.040534 1.484139 0.076208
v 0.047431 1.439588 0.071668
v 0.078459 1.417085 0.064944
v 0.096303 1.433129 0.039654
v 0.094755 1.465764 0.036225
v 0.044949 1.492294 0.091697
v 0.045486 1.426104 0.081159
v 0.046850 1.500272 0.094917
v 0.009384 1.445289 0.091723
v 0.009116 1.451043 0.089961
v 0.010660 1.468685 0.092891
v 0.005820 1.469201 0.095613
v 0.004948 1.451820 0.093041
v 0.005141 1.446766 0.095142
v 0.018667 1.478911 0.094151
v 0.022584 1.476341 0.090263
v 0.058424 1.510874 0.090710
v 0.087643 1.502813 0.064863
v 0.039397 1.509224 0.097079
v 0.082800 1.506501 0.073274
v 0.094224 1.492240 0.047994
v 0.049041 1.510368 0.094200
v 0.029398 1.508070 0.099283
v 0.016543 1.473443 0.092062
v 0.020452 1.471522 0.088545
v 0.015071 1.467906 0.090190
v 0.013602 1.450904 0.086845
v 0.027941 1.432411 0.084880
v 0.026728 1.416388 0.096360
v 0.021019 1.409767 0.098376
v 0.026072 1.420349 0.094379
v 0.016982 1.408674 0.098855
v 0.024895 1.412112 0.097838
v 0.029985 1.468126 0.072458
v 0.025828 1.471343 0.074588
v 0.036021 1.450354 0.070759
v 0.033588 1.443883 0.070454
v 0.029956 1.435971 0.081816
v 0.018263 1.412507 0.104200
v 0.019837 1.438944 0.086297
v 0.021679 1.419503 0.104759
v 0.020479 1.423345 0.102074
v 0.016253 1.410353 0.103075
v 0.020682 1.415064 0.105339
v 0.027749 1.461617 0.070387
v 0.023923 1.463020 0.072376
v 0.030714 1.452006 0.068699
v 0.027668 1.448086 0.069489
v 0.022381 1.442302 0.082332
v 0.031394 1.520937 0.097280
v 0.033624 1.533713 0.093604
v 0.052329 1.401546 0.077729
v 0.058228 1.477638 0.073528
v 0.012769 1.399770 0.098605
v 0.011768 1.402385 0.097572
v 0.023873 1.398708 0.092447
v 0.022015 1.402865 0.091851
v 0.018385 1.399224 0.095697
v 0.016905 1.402457 0.094788
v 0.006340 1.402535 0.100313
v 0.006845 1.400282 0.101373
v 0.035666 1.398641 0.084228
v 0.032896 1.405681 0.084717
v 0.029364 1.398390 0.088603
v 0.027067 1.403800 0.088390
v 0.044245 1.383321 0.076216
v 0.027329 1.367150 0.076751
v 0.020648 1.363814 0.079452
v 0.007604 1.358796 0.085346
v 0.032248 1.421098 0.085580
v 0.022069 1.432116 0.087816
v 0.044770 1.391218 0.078941
v 0.028863 1.425475 0.086004
v 0.040976 1.376283 0.074704
v 0.014151 1.361117 0.082270
v 0.036151 1.415340 0.084821
v 0.014044 1.438088 0.092277
v 0.034464 1.371161 0.075003
v 0.009771 1.440221 0.095541
v 0.005508 1.442201 0.098850
v 0.025533 1.428975 0.086602
v 0.018325 1.435200 0.089751
v 0.040760 1.408183 0.083335
v 0.043630 1.399743 0.081283
v 0.059717 1.484668 0.073962
v 0.062416 1.449848 0.070810
v 0.064038 1.440646 0.068188
v 0.068582 1.494184 0.083661
v 0.069670 1.423109 0.071759
v 0.072699 1.501135 0.083945
v 0.070540 1.414520 0.070693
v 0.076150 1.509132 0.080804
v 0.072127 1.471563 0.067001
v 0.076070 1.477327 0.065447
v 0.073746 1.454968 0.064367
v 0.077903 1.448006 0.060813
v 0.086335 1.487666 0.064547
v 0.089174 1.433754 0.054931
v 0.089083 1.492804 0.061295
v 0.091591 1.425684 0.050239
v 0.091437 1.498087 0.056346
v 0.079931 1.387867 0.040812
v 0.073741 1.383634 0.046914
v 0.087075 1.395817 0.030752
v 0.066280 1.379634 0.053079
v 0.084452 1.392307 0.034987
v 0.091170 1.415853 0.046044
v 0.088925 1.406572 0.042431
v 0.086388 1.398649 0.039008
v 0.089284 1.401320 0.031881
v 0.092148 1.409639 0.033610
v 0.094918 1.419925 0.036033
v 0.070725 1.405313 0.067919
v 0.070013 1.396178 0.063843
v 0.068341 1.387558 0.058815
v 0.075810 1.391095 0.052594
v 0.077793 1.399250 0.057618
v 0.078790 1.408099 0.061801
v 0.085668 1.411642 0.054576
v 0.084121 1.402851 0.050437
v 0.081898 1.394904 0.045957
v 0.099114 1.436826 0.005484
v 0.086670 1.388710 0.006225
v 0.090761 1.400437 0.003565
v 0.094645 1.412371 0.002655
v 0.097925 1.424640 0.003862
v 0.008886 1.335730 0.069745
v 0.030985 1.344639 0.057654
v 0.023762 1.341041 0.062732
v 0.045417 1.353506 0.045640
v 0.016532 1.338225 0.066770
v 0.038044 1.349121 0.051849
v 0.074664 1.371226 0.017668
v 0.068027 1.365644 0.024978
v 0.060863 1.361131 0.032185
v 0.080843 1.378604 0.010931
v 0.090770 1.401904 0.023807
v 0.091234 1.401390 0.014267
v 0.094890 1.411915 0.013599
v 0.094092 1.411247 0.023941
v 0.097036 1.422003 0.025076
v 0.097875 1.423258 0.014266
v 0.099211 1.435146 0.015475
v 0.098577 1.433955 0.026434
v 0.087447 1.393994 0.025159
v 0.087595 1.391415 0.016519
v 0.064486 1.372548 0.046627
v 0.062805 1.366373 0.039626
v 0.070266 1.370738 0.033067
v 0.072021 1.376799 0.040437
v 0.017655 1.347525 0.079205
v 0.017733 1.341285 0.074058
v 0.024603 1.344666 0.069351
v 0.024286 1.350608 0.074275
v 0.009801 1.344895 0.083478
v 0.009818 1.338175 0.077764
v 0.030590 1.354633 0.068876
v 0.031339 1.348753 0.063908
v 0.038182 1.353832 0.057972
v 0.037922 1.359717 0.063825
v 0.046003 1.358646 0.052030
v 0.046823 1.364574 0.058984
v 0.077065 1.375883 0.026551
v 0.078514 1.381589 0.034401
v 0.082932 1.382595 0.020663
v 0.083624 1.387301 0.028938
v 0.098539 1.445880 0.026527
v 0.096749 1.467717 0.028961
v 0.096426 1.477046 0.033619
v 0.061715 1.520752 0.087242
v 0.090204 1.508754 0.058601
v 0.041802 1.521120 0.094866
v 0.085576 1.513407 0.067265
v 0.096079 1.496693 0.041294
v 0.051873 1.521158 0.091370
v 0.079457 1.517125 0.075497
v 0.093714 1.503217 0.049876
v 0.099317 1.446880 0.016498
v 0.098249 1.470028 0.020747
v 0.097892 1.480136 0.026119
v 0.065482 1.530991 0.082248
v 0.092460 1.514403 0.050884
v 0.044526 1.533158 0.090644
v 0.088135 1.520006 0.059708
v 0.097232 1.500862 0.033337
v 0.055176 1.532351 0.086913
v 0.082445 1.524829 0.068312
v 0.095413 1.508049 0.042013
v 0.099591 1.448357 0.006768
v 0.099469 1.472512 0.011371
v 0.098848 1.483223 0.017511
v 0.006367 1.475071 0.097526
v 0.011828 1.474389 0.094951
v 0.036291 1.485102 0.086714
v 0.050354 1.488767 0.085906
v 0.040684 1.433872 0.077915
v 0.035705 1.436598 0.078104
v 0.089126 1.450801 0.049554
v 0.087843 1.444845 0.053054
v 0.077947 1.486054 0.072193
v 0.086272 1.479309 0.059599
v 0.089361 1.469345 0.049850
v 0.089475 1.463554 0.047506
v 0.028087 1.442224 0.078190
v 0.022503 1.448816 0.078357
v 0.053526 1.429623 0.076100
v 0.071688 1.488224 0.077144
v 0.080317 1.435657 0.062745
v 0.021091 1.452473 0.078740
v 0.030829 1.481778 0.086587
v 0.074499 1.432490 0.067228
v 0.046665 1.431380 0.077378
v 0.043087 1.487440 0.086595
v 0.031579 1.439364 0.078156
v 0.025032 1.445332 0.078241
v 0.021299 1.465388 0.082101
v 0.022542 1.469863 0.083553
v 0.024444 1.474149 0.084951
v 0.067828 1.430274 0.070752
v 0.064748 1.489413 0.081040
v 0.084890 1.439801 0.057715
v 0.082846 1.483148 0.066006
v 0.008824 1.497929 0.101275
v 0.017695 1.496408 0.100487
v 0.010449 1.521909 0.099308
v 0.020888 1.521080 0.098534
v 0.009652 1.509382 0.100979
v 0.019392 1.508334 0.100455
v 0.022504 1.534094 0.095405
v 0.011284 1.534925 0.096381
v 0.007044 1.481311 0.099272
v 0.013375 1.480232 0.097177
v 0.052864 1.478530 0.074566
v 0.053471 1.485622 0.075251
v 0.057858 1.448916 0.072155
v 0.060790 1.494415 0.087564
v 0.064298 1.501846 0.088672
v 0.067663 1.510553 0.086517
v 0.058707 1.439556 0.069874
v 0.061669 1.422061 0.076113
v 0.061705 1.412929 0.076091
v 0.061700 1.403184 0.073089
v 0.061242 1.393726 0.069183
v 0.059838 1.384598 0.064796
v 0.057638 1.375921 0.059503
v 0.053241 1.357230 0.039126
v 0.055949 1.368555 0.052810
v 0.054589 1.362503 0.045988
v 0.071251 1.519577 0.082275
v 0.074849 1.528571 0.076063
v 0.057580 1.489470 0.084065
v 0.060724 1.429209 0.073683
v 0.081947 1.465499 0.057644
v 0.047293 1.481367 0.076760
v 0.032878 1.475403 0.075587
v 0.069947 1.478014 0.069585
v 0.027313 1.465538 0.073009
v 0.036714 1.478093 0.076483
v 0.064736 1.480049 0.072474
v 0.078082 1.471726 0.062759
v 0.080691 1.456731 0.058216
v 0.027746 1.452153 0.069208
v 0.053202 1.443060 0.071879
v 0.038309 1.445398 0.071827
v 0.072030 1.448343 0.064757
v 0.032047 1.448691 0.070541
v 0.042639 1.444118 0.072301
v 0.067856 1.446201 0.067274
v 0.078665 1.453850 0.060028
v 0.026617 1.453982 0.069145
v 0.082458 1.462621 0.056608
v 0.047742 1.443278 0.072415
v 0.041506 1.480027 0.076963
v 0.034844 1.446983 0.071248
v 0.028555 1.469183 0.073986
v 0.029673 1.450413 0.069774
v 0.026619 1.461760 0.071881
v 0.063270 1.444602 0.069286
v 0.059134 1.481243 0.074584
v 0.075731 1.450957 0.062262
v 0.074534 1.475055 0.066263
v 0.058417 1.443541 0.070836
v 0.053298 1.481741 0.075960
v 0.035143 1.482919 0.081323
v 0.041391 1.437264 0.074179
v 0.085620 1.453001 0.053353
v 0.074109 1.482802 0.070726
v 0.086395 1.467635 0.053172
v 0.029428 1.444566 0.074043
v 0.053242 1.434648 0.072702
v 0.071318 1.437790 0.065843
v 0.048290 1.486490 0.080989
v 0.036521 1.439404 0.074238
v 0.083824 1.448397 0.055909
v 0.082695 1.476172 0.060772
v 0.086819 1.462964 0.051594
v 0.024673 1.450199 0.073750
v 0.068190 1.485207 0.074500
v 0.076526 1.440695 0.062654
v 0.023451 1.452986 0.074060
v 0.030421 1.479638 0.081064
v 0.047067 1.435597 0.073773
v 0.041416 1.485230 0.081388
v 0.032584 1.441891 0.074193
v 0.026789 1.447353 0.073821
v 0.023064 1.464041 0.077225
v 0.023817 1.468275 0.078466
v 0.025271 1.472413 0.079602
v 0.065565 1.435749 0.068584
v 0.061776 1.486602 0.077501
v 0.080828 1.444317 0.059174
v 0.079086 1.479753 0.065965
v 0.059490 1.434680 0.070907
v 0.055101 1.486956 0.079728
v 0.077567 1.465612 0.062026
v 0.082455 1.470007 0.058155
v 0.091401 1.477752 0.050606
v 0.093790 1.481344 0.045998
v 0.095884 1.485220 0.040221
v 0.097383 1.489025 0.033208
v 0.098213 1.492637 0.025083
v 0.088455 1.474610 0.054062
v 0.080479 1.468480 0.059766
v 0.085105 1.472052 0.056355
v 0.027304 1.456227 0.068505
v 0.023864 1.455897 0.070018
v 0.017628 1.455751 0.083787
v 0.009232 1.455943 0.089943
v 0.004981 1.456447 0.092676
v 0.013593 1.455742 0.087256
v 0.020568 1.455848 0.079369
v 0.026321 1.455911 0.069637
v 0.022918 1.455771 0.074677
v 0.007504 1.382082 0.098308
v 0.018773 1.382012 0.092208
v 0.028689 1.382120 0.082768
v 0.022994 1.381744 0.088129
v 0.029098 1.381538 0.082423
v 0.019281 1.382248 0.091789
v 0.023638 1.381960 0.087908
v 0.007765 1.382653 0.098073
v 0.029711 1.382098 0.081909
v 0.013957 1.382505 0.095407
v 0.013546 1.382134 0.095758
v 0.027002 1.381758 0.084731
v 0.026288 1.381698 0.084792
v 0.035941 1.546572 0.087943
v 0.098533 1.439587 -0.003377
v 0.083809 1.386471 -0.005386
v 0.088466 1.399720 -0.008281
v 0.092113 1.413865 -0.009202
v 0.097143 1.427482 -0.005984
v 0.007878 1.336801 0.061255
v 0.029379 1.343281 0.050314
v 0.022350 1.340427 0.054851
v 0.000000 1.336165 0.062234
v 0.043334 1.350198 0.038545
v 0.015139 1.338509 0.058539
v 0.036194 1.346841 0.044822
v 0.070730 1.367963 0.008467
v 0.064552 1.361866 0.016549
v 0.057817 1.357225 0.024374
v 0.076761 1.376025 0.000774
v 0.068991 1.541003 0.074890
v 0.094197 1.519717 0.042052
v 0.047434 1.545321 0.084609
v 0.090503 1.526266 0.050967
v 0.097894 1.504934 0.024589
v 0.058596 1.543618 0.080441
v 0.085168 1.532165 0.059694
v 0.096509 1.512626 0.033202
v 0.099398 1.450392 -0.002278
v 0.099833 1.475626 -0.000413
v 0.099572 1.486985 0.008291
v 0.024178 1.547411 0.090268
v 0.012146 1.548386 0.091425
v 0.050704 1.353425 0.031751
v 0.078032 1.537188 0.067879
v 0.098745 1.496442 0.016299
v 0.000000 1.398210 0.104409
v 0.000000 1.351603 0.086611
v 0.000000 1.362572 0.089882
v 0.000000 1.381414 0.102298
v 0.000000 1.380204 0.103637
v 0.000000 1.374664 0.104138
v 0.000000 1.383985 0.105892
v 0.000000 1.363902 0.096372
v 0.000000 1.395288 0.108640
v 0.000000 1.368311 0.102532
v 0.000000 1.389011 0.108639
v 0.000000 1.420328 0.120406
v 0.000000 1.426936 0.118202
v 0.000000 1.405225 0.105557
v 0.000000 1.407406 0.109311
v 0.000000 1.414148 0.117876
v 0.000000 1.410366 0.113457
v 0.000000 1.469255 0.096464
v 0.000000 1.447222 0.096236
v 0.000000 1.452086 0.094136
v 0.000000 1.535098 0.096891
v 0.000000 1.522070 0.099710
v 0.000000 1.509599 0.101286
v 0.000000 1.498260 0.101548
v 0.000000 1.402626 0.101410
v 0.000000 1.400530 0.102406
v 0.000000 1.357795 0.086953
v 0.000000 1.442587 0.099650
v 0.000000 1.334639 0.070909
v 0.000000 1.343675 0.085708
v 0.000000 1.336727 0.079432
v 0.000000 1.475239 0.098159
v 0.000000 1.481618 0.099614
v 0.000000 1.456568 0.093626
v 0.000000 1.381841 0.098996
v 0.000000 1.382710 0.098777
v 0.000000 1.548527 0.091798
v 0.079267 1.461608 0.059789
v 0.084053 1.458844 0.054799
v 0.092704 1.456623 0.042074
v 0.095731 1.456448 0.035184
v 0.097565 1.457240 0.026890
v 0.098787 1.458750 0.017866
v 0.099647 1.460588 0.008312
v 0.089436 1.457244 0.047529
v 0.082013 1.459727 0.056904
v 0.086559 1.458007 0.051769
v 0.099414 1.462138 -0.001523
v 0.038244 1.559345 0.080046
v 0.072199 1.550553 0.065608
v 0.095299 1.524682 0.032445
v 0.050333 1.557349 0.076471
v 0.092317 1.532089 0.041205
v 0.098346 1.508988 0.015546
v 0.061818 1.554530 0.071750
v 0.087697 1.539101 0.049943
v 0.097145 1.516995 0.023861
v 0.099390 1.484493 -0.007477
v 0.099933 1.492062 -0.000039
v 0.025794 1.560704 0.082589
v 0.012985 1.562003 0.083974
v 0.080998 1.545385 0.058252
v 0.099148 1.500592 0.007564
v 0.000000 1.562230 0.084416
v 0.042255 1.582024 0.056668
v 0.077302 1.566924 0.041969
v 0.096420 1.533471 0.012172
v 0.055073 1.578161 0.052809
v 0.094031 1.542106 0.019783
v 0.098820 1.516124 -0.002517
v 0.066965 1.573238 0.047935
v 0.090472 1.550737 0.027433
v 0.097998 1.524820 0.004692
v 0.098789 1.492530 -0.020813
v 0.099650 1.499465 -0.015473
v 0.028604 1.584619 0.059283
v 0.014457 1.587098 0.061051
v 0.085091 1.559179 0.034954
v 0.099279 1.507531 -0.009280
v 0.000000 1.587925 0.061805
v 0.046127 1.598270 0.024491
v 0.080097 1.577342 0.013790
v 0.097063 1.540877 -0.008143
v 0.059360 1.592680 0.021425
v 0.094742 1.550098 -0.001943
v 0.098919 1.521463 -0.020348
v 0.070967 1.585788 0.017912
v 0.091203 1.559079 0.003841
v 0.098297 1.531315 -0.014399
v 0.098602 1.492971 -0.034308
v 0.099013 1.501806 -0.030444
v 0.031461 1.602305 0.026628
v 0.015880 1.605028 0.027557
v 0.086576 1.568184 0.009081
v 0.099189 1.511493 -0.025742
v 0.000000 1.605588 0.027848
v 0.097596 1.521085 0.014304
v 0.098678 1.512784 0.006481
v 0.099315 1.504426 -0.000953
v 0.099868 1.496444 -0.007870
v 0.099059 1.489624 -0.014147
v 0.075025 1.559351 0.054588
v 0.083541 1.552894 0.047253
v 0.095923 1.529269 0.022392
v 0.040347 1.571367 0.069564
v 0.052878 1.568485 0.065792
v 0.064518 1.564461 0.060734
v 0.000000 1.575643 0.074476
v 0.013765 1.575174 0.073857
v 0.093435 1.537383 0.030690
v 0.027256 1.573319 0.072189
v 0.089521 1.545358 0.039079
v 0.085949 1.564228 0.022020
v 0.090872 1.555257 0.015536
v 0.094403 1.546306 0.008814
v 0.015128 1.597108 0.045587
v 0.030029 1.594504 0.044187
v 0.098212 1.528188 -0.004896
v 0.098874 1.518978 -0.011442
v 0.099241 1.509851 -0.017499
v 0.099345 1.501201 -0.022948
v 0.098650 1.493587 -0.027523
v 0.078906 1.572902 0.028115
v 0.096874 1.537318 0.001944
v 0.044248 1.591259 0.041714
v 0.057313 1.586430 0.037994
v 0.069256 1.580570 0.033555
v 0.000000 1.597702 0.046054
v 0.091255 1.485204 -0.068791
v 0.094247 1.502422 -0.067279
v 0.094558 1.519426 -0.063850
v 0.000000 1.500550 -0.136592
v 0.000000 1.525533 -0.135142
v 0.000000 1.550351 -0.127726
v 0.050057 1.606644 -0.013195
v 0.082329 1.581196 -0.014275
v 0.096458 1.548135 -0.027130
v 0.063208 1.599003 -0.013714
v 0.094356 1.556878 -0.021413
v 0.074262 1.590523 -0.013960
v 0.091425 1.564449 -0.017059
v 0.034746 1.612120 -0.012561
v 0.017741 1.615679 -0.012545
v 0.087709 1.572285 -0.015060
v 0.000000 1.616915 -0.012543
v 0.051624 1.605068 -0.032651
v 0.083583 1.579430 -0.027373
v 0.020862 1.605157 -0.077679
v 0.064904 1.597225 -0.031360
v 0.092313 1.558768 -0.043449
v 0.075763 1.588492 -0.029510
v 0.093919 1.547974 -0.051677
v 0.036158 1.611158 -0.033319
v 0.018633 1.615409 -0.033952
v 0.088467 1.571232 -0.025346
v 0.000000 1.616913 -0.034178
v 0.096751 1.499693 -0.056075
v 0.096822 1.515791 -0.052943
v 0.093953 1.480937 -0.056864
v 0.020778 1.524985 -0.133662
v 0.020539 1.500285 -0.135463
v 0.020764 1.549495 -0.126168
v 0.040807 1.546443 -0.120955
v 0.040987 1.522959 -0.128687
v 0.040599 1.498986 -0.130904
v 0.074909 1.536708 -0.101850
v 0.074753 1.516058 -0.107803
v 0.072884 1.495302 -0.109636
v 0.060021 1.520237 -0.120458
v 0.058889 1.497548 -0.122388
v 0.059656 1.542350 -0.113032
v 0.084109 1.511313 -0.093357
v 0.081847 1.492471 -0.095219
v 0.084796 1.530329 -0.088671
v 0.096996 1.529957 -0.048323
v 0.094618 1.534725 -0.058654
v 0.000000 1.573352 -0.115531
v 0.021064 1.572618 -0.114558
v 0.041174 1.568505 -0.109740
v 0.059391 1.562926 -0.102381
v 0.074438 1.555962 -0.092744
v 0.084285 1.547987 -0.081076
v 0.096443 1.542323 -0.042356
v 0.097724 1.537958 -0.033093
v 0.075435 1.438480 -0.061462
v 0.000000 1.431108 -0.116529
v 0.079557 1.440185 -0.051418
v 0.016062 1.431514 -0.114783
v 0.031224 1.432132 -0.109395
v 0.055942 1.434281 -0.093440
v 0.044902 1.432892 -0.102639
v 0.064116 1.435939 -0.082835
v 0.064299 1.419118 -0.050347
v 0.000000 1.412109 -0.098795
v 0.068524 1.421376 -0.038408
v 0.013282 1.412440 -0.097478
v 0.025794 1.412902 -0.093347
v 0.046879 1.414341 -0.080609
v 0.037212 1.413384 -0.088035
v 0.054290 1.415842 -0.071458
v 0.053923 1.396963 -0.042134
v 0.000000 1.397049 -0.082379
v 0.057876 1.395596 -0.031151
v 0.010851 1.396974 -0.081527
v 0.021008 1.396712 -0.078624
v 0.038399 1.396572 -0.068666
v 0.030377 1.396436 -0.074634
v 0.044640 1.397055 -0.060939
v 0.011935 1.404656 -0.088922
v 0.000000 1.404566 -0.089951
v 0.033509 1.404782 -0.080906
v 0.058684 1.408199 -0.045741
v 0.062437 1.408500 -0.033998
v 0.023178 1.404706 -0.085497
v 0.049179 1.406353 -0.065865
v 0.042317 1.405326 -0.074277
v 0.074348 1.388672 -0.013448
v 0.079010 1.402188 -0.015909
v 0.082815 1.415808 -0.016435
v 0.068645 1.377226 -0.007679
v 0.064156 1.392281 -0.020350
v 0.068770 1.406266 -0.022427
v 0.075706 1.423026 -0.024968
v 0.057902 1.379162 -0.016477
v 0.053289 1.384084 -0.029369
v 0.007357 1.339438 0.051480
v 0.027303 1.344156 0.043188
v 0.021149 1.341995 0.046464
v 0.000000 1.339017 0.052303
v 0.039532 1.349723 0.031614
v 0.014331 1.340628 0.049269
v 0.033092 1.346883 0.038008
v 0.063561 1.368589 0.000779
v 0.058262 1.362288 0.009297
v 0.052446 1.357280 0.017219
v 0.046160 1.353097 0.024630
v 0.007193 1.341297 0.041216
v 0.025728 1.345174 0.037833
v 0.020945 1.343980 0.037903
v 0.000000 1.340769 0.041901
v 0.035169 1.349620 0.025160
v 0.014145 1.342640 0.039525
v 0.029237 1.346943 0.032190
v 0.055753 1.369023 -0.005913
v 0.051840 1.362665 0.002754
v 0.046949 1.357610 0.010577
v 0.041321 1.353289 0.017980
v 0.005040 1.407385 0.100241
v 0.005851 1.404263 0.099543
v 0.022334 1.424890 0.095321
v 0.019450 1.428465 0.088693
v 0.011287 1.428694 0.107238
v 0.010053 1.436010 0.099538
v 0.020942 1.408082 0.095900
v 0.020085 1.406218 0.091187
v 0.024998 1.422500 0.085006
v 0.025554 1.421062 0.090535
v 0.027038 1.418335 0.084035
v 0.026728 1.418728 0.091182
v 0.015360 1.408665 0.096208
v 0.015660 1.405077 0.094077
v 0.027318 1.414729 0.092564
v 0.028180 1.412296 0.084056
v 0.013577 1.433789 0.095798
v 0.014554 1.426639 0.102689
v 0.007051 1.431118 0.112093
v 0.005939 1.438375 0.103160
v 0.010890 1.404487 0.096765
v 0.009492 1.407897 0.095552
v 0.023749 1.408295 0.087536
v 0.025371 1.410456 0.094389
v 0.022327 1.425647 0.086442
v 0.024689 1.422933 0.092376
v 0.016733 1.431269 0.092044
v 0.018484 1.425614 0.098668
v 0.000000 1.438698 0.103921
v 0.000000 1.431508 0.113460
v 0.000000 1.404121 0.101012
v 0.000000 1.404561 0.102889
v 0.000000 1.404809 0.101937
v 0.024346 1.410073 0.091358
v 0.020266 1.408065 0.093358
v 0.010045 1.406288 0.095951
v 0.005301 1.405765 0.099243
v 0.025657 1.417895 0.088367
v 0.026103 1.413913 0.089262
v 0.015138 1.407438 0.094254
v 0.015736 1.426889 0.094625
v 0.019788 1.425498 0.092017
v 0.024301 1.420995 0.088586
v 0.022623 1.423559 0.089957
v 0.012836 1.429456 0.098806
v 0.000000 1.435170 0.108558
v 0.006494 1.434917 0.107678
v 0.010333 1.432137 0.103335
v 0.090961 1.524432 -0.075825
v 0.090368 1.506687 -0.079788
v 0.087531 1.489139 -0.081463
v 0.090724 1.540809 -0.069616
v 0.070351 1.437256 -0.072040
v 0.059789 1.417383 -0.061291
v 0.049656 1.397292 -0.052057
v 0.054412 1.407381 -0.056313
v 0.010064 1.389032 -0.075643
v 0.000000 1.389199 -0.076388
v 0.035506 1.387936 -0.064199
v 0.028032 1.388191 -0.069522
v 0.019388 1.388679 -0.073011
v 0.041316 1.387875 -0.057099
v 0.046075 1.387427 -0.048915
v 0.050113 1.386259 -0.039769
v 0.000000 1.606252 -0.078381
v 0.039927 1.599601 -0.074632
v 0.056271 1.592377 -0.070361
v 0.069765 1.583802 -0.064698
v 0.080317 1.574840 -0.058076
v 0.087700 1.566298 -0.050921
v 0.095023 1.552715 -0.035636
v 0.053702 1.600315 -0.051714
v 0.000000 1.613687 -0.056183
v 0.037878 1.607002 -0.054001
v 0.019745 1.612301 -0.055707
v 0.090223 1.566655 -0.034571
v 0.067101 1.592163 -0.048401
v 0.077740 1.583215 -0.044227
v 0.085422 1.574462 -0.039559
v 0.092955 1.560730 -0.028954
v 0.021160 1.591131 -0.097457
v 0.000000 1.591602 -0.097982
v 0.041023 1.586470 -0.093609
v 0.058448 1.580076 -0.087816
v 0.072344 1.571740 -0.079765
v 0.082608 1.562995 -0.070579
v 0.089638 1.554959 -0.061136
v 0.098271 1.513862 -0.043152
v 0.098159 1.500324 -0.046523
v 0.096598 1.487239 -0.048176
v 0.098305 1.526486 -0.038601
v 0.090952 1.565566 -0.023888
v 0.007161 1.341358 0.031633
v 0.006186 1.312801 0.008083
v 0.006109 1.299250 0.007631
v 0.007076 1.267949 0.015869
v 0.006685 1.335620 0.017199
v 0.006931 1.339365 0.023417
v 0.006117 1.306205 0.007623
v 0.006353 1.284107 0.009190
v 0.006678 1.276012 0.011574
v 0.006531 1.330626 0.013039
v 0.006294 1.319049 0.008993
v 0.006412 1.325000 0.010480
v 0.006176 1.291883 0.008044
v 0.138479 1.474040 -0.045836
v 0.135103 1.481145 -0.038600
v 0.129745 1.485484 -0.029861
v 0.122683 1.486771 -0.021052
v 0.113562 1.485069 -0.014393
v 0.102703 1.481007 -0.014686
v 0.134876 1.458157 -0.064925
v 0.123217 1.492877 -0.038219
v 0.099279 1.423868 -0.010526
v 0.104806 1.419360 -0.014537
v 0.109337 1.416538 -0.022557
v 0.122922 1.421148 -0.041880
v 0.131145 1.431296 -0.048952
v 0.134761 1.438155 -0.051827
v 0.137683 1.446385 -0.053007
v 0.139584 1.456036 -0.052538
v 0.129991 1.468130 -0.040656
v 0.127522 1.472976 -0.035974
v 0.123493 1.476028 -0.030080
v 0.118099 1.476789 -0.023876
v 0.111910 1.474718 -0.017206
v 0.101430 1.472404 -0.012318
v 0.129047 1.488410 -0.048159
v 0.133082 1.479933 -0.056806
v 0.101093 1.432407 -0.013151
v 0.106466 1.429458 -0.017420
v 0.107993 1.425971 -0.024675
v 0.119306 1.428151 -0.037518
v 0.125807 1.437314 -0.042742
v 0.128561 1.442841 -0.044658
v 0.130067 1.448965 -0.045578
v 0.130844 1.455911 -0.045279
v 0.116474 1.493982 -0.029036
v 0.109309 1.491444 -0.022249
v 0.102731 1.486017 -0.019639
v 0.132585 1.446608 -0.064726
v 0.128768 1.437289 -0.062010
v 0.124609 1.430049 -0.058155
v 0.116553 1.418924 -0.049996
v 0.101175 1.407037 -0.026624
v 0.095793 1.410917 -0.017677
v 0.093489 1.417578 -0.014320
v 0.122520 1.468241 -0.043930
v 0.120076 1.472474 -0.039942
v 0.115837 1.475413 -0.035173
v 0.109915 1.476577 -0.029846
v 0.105218 1.473503 -0.023572
v 0.100030 1.468537 -0.018823
v 0.100591 1.437047 -0.018389
v 0.105207 1.434987 -0.022033
v 0.105257 1.429864 -0.027510
v 0.115254 1.430671 -0.038418
v 0.120375 1.439524 -0.043248
v 0.122398 1.444812 -0.045217
v 0.123327 1.450282 -0.046701
v 0.123387 1.456459 -0.047785
v 0.096974 1.436479 -0.011930
v 0.098820 1.440307 -0.016462
v 0.098304 1.461962 -0.010770
v 0.097959 1.460965 -0.016281
v 0.091524 1.445150 -0.021576
v 0.097294 1.444364 -0.023943
v 0.096896 1.455864 -0.020971
v 0.100752 1.456633 -0.022934
v 0.102888 1.443276 -0.026632
v 0.106002 1.457454 -0.025596
v 0.107800 1.441600 -0.029519
v 0.111982 1.457568 -0.028302
v 0.100757 1.451942 -0.010338
v 0.100011 1.443337 -0.010667
v 0.103253 1.453161 -0.016626
v 0.103676 1.446009 -0.017695
v 0.099011 1.452370 -0.023779
v 0.097702 1.448375 -0.024141
v 0.095236 1.452766 -0.021939
v 0.093897 1.448907 -0.022465
v 0.104703 1.452453 -0.026642
v 0.103701 1.447615 -0.026818
v 0.109093 1.446733 -0.029774
v 0.110350 1.452143 -0.029629
v 0.121033 1.456465 -0.042653
v 0.117434 1.440343 -0.040744
v 0.120793 1.450992 -0.042495
v 0.119544 1.445655 -0.041815
v 0.097201 1.437498 -0.021824
v 0.095660 1.441187 -0.017321
v 0.101710 1.464229 -0.021124
v 0.097934 1.459648 -0.018539
v 0.101331 1.436119 -0.025614
v 0.106772 1.467342 -0.024003
v 0.103575 1.432951 -0.030111
v 0.110879 1.468856 -0.029101
v 0.099917 1.453193 -0.020622
v 0.098680 1.447294 -0.021250
v 0.118281 1.467027 -0.038502
v 0.113628 1.432088 -0.038422
v 0.120195 1.465477 -0.041410
v 0.115032 1.468501 -0.034152
v 0.118170 1.417244 -0.036251
v 0.114577 1.425030 -0.034253
v 0.111525 1.413705 -0.043708
v 0.111349 1.427864 -0.035816
v 0.118584 1.451311 -0.038167
v 0.117280 1.445690 -0.037643
v 0.115081 1.440117 -0.037054
v 0.118864 1.456869 -0.038355
v 0.111030 1.430885 -0.036263
v 0.113571 1.415817 -0.029987
v 0.109607 1.423867 -0.030978
v 0.106549 1.409230 -0.036198
v 0.106500 1.426732 -0.033030
v 0.115635 1.451602 -0.033229
v 0.114252 1.445847 -0.032986
v 0.112052 1.440282 -0.032986
v 0.116182 1.457379 -0.033304
v 0.107229 1.430903 -0.033723
v 0.116776 1.459540 -0.057700
v 0.109785 1.481535 -0.045121
v 0.112854 1.477412 -0.049810
v 0.115181 1.472017 -0.053814
v 0.106235 1.484299 -0.040464
v 0.102966 1.486073 -0.035843
v 0.099667 1.487399 -0.031008
v 0.116216 1.452293 -0.057827
v 0.114628 1.445650 -0.057337
v 0.112152 1.439846 -0.055645
v 0.105920 1.430806 -0.050558
v 0.091321 1.421229 -0.035552
v 0.088485 1.421807 -0.028907
v 0.086602 1.426090 -0.022961
v 0.101544 1.426105 -0.046316
v 0.096661 1.422803 -0.041304
v 0.120360 1.478047 -0.059961
v 0.121946 1.459523 -0.066209
v 0.115734 1.434155 -0.060751
v 0.108433 1.423411 -0.054009
v 0.103508 1.418009 -0.048450
v 0.097853 1.413780 -0.041925
v 0.108952 1.492702 -0.037211
v 0.113362 1.490738 -0.045125
v 0.120809 1.449542 -0.065846
v 0.091474 1.411649 -0.034034
v 0.118755 1.440964 -0.063958
v 0.117278 1.486088 -0.053452
v 0.088613 1.415422 -0.025230
v 0.105032 1.491708 -0.030333
v 0.089221 1.423443 -0.018722
v 0.101630 1.488435 -0.025328
v 0.113234 1.460415 -0.053117
v 0.108341 1.474934 -0.045246
v 0.111173 1.471658 -0.048202
v 0.112992 1.469244 -0.051194
v 0.105042 1.477732 -0.042326
v 0.101028 1.479454 -0.038625
v 0.096968 1.484843 -0.036450
v 0.112863 1.454799 -0.052986
v 0.112015 1.449346 -0.052472
v 0.110351 1.444121 -0.051333
v 0.105724 1.435725 -0.047355
v 0.095270 1.428329 -0.034349
v 0.090664 1.428118 -0.030385
v 0.086510 1.428984 -0.027650
v 0.102331 1.431669 -0.043868
v 0.099141 1.429363 -0.039143
v 0.095395 1.477743 -0.047429
v 0.093315 1.471039 -0.051107
v 0.091090 1.463386 -0.052408
v 0.082804 1.443709 -0.041685
v 0.088382 1.456202 -0.051035
v 0.000000 1.478202 -0.133333
v 0.069060 1.476470 -0.107646
v 0.038495 1.477494 -0.126909
v 0.055617 1.477169 -0.119065
v 0.019577 1.478093 -0.132014
v 0.077982 1.475340 -0.094405
v 0.086952 1.471074 -0.069225
v 0.089465 1.467638 -0.059244
v 0.083360 1.473642 -0.081279
v 0.018329 1.459594 -0.127110
v 0.073511 1.460410 -0.091809
v 0.083441 1.459229 -0.068385
v 0.086401 1.457757 -0.058717
v 0.000000 1.459408 -0.128871
v 0.064493 1.460342 -0.103770
v 0.035997 1.459653 -0.121789
v 0.051893 1.459993 -0.114332
v 0.079282 1.460146 -0.079659
v 0.081204 1.434303 -0.032993
v 0.059329 1.425543 -0.077265
v 0.014703 1.421213 -0.106287
v 0.000000 1.420720 -0.107893
v 0.069939 1.429095 -0.055823
v 0.051543 1.423764 -0.087179
v 0.028507 1.421909 -0.101430
v 0.041070 1.422556 -0.095398
v 0.074421 1.431525 -0.044625
v 0.065141 1.427234 -0.066689
v 0.093205 1.452937 -0.051556
v 0.097285 1.450672 -0.053728
v 0.097316 1.466507 -0.052693
v 0.100728 1.463635 -0.054484
v 0.095387 1.459737 -0.052830
v 0.099170 1.457305 -0.054534
v 0.089162 1.439237 -0.044397
v 0.093385 1.437425 -0.047587
v 0.088991 1.432500 -0.036822
v 0.093416 1.432106 -0.040571
v 0.099254 1.473483 -0.050314
v 0.102445 1.470408 -0.052806
v 0.102365 1.448395 -0.054637
v 0.104907 1.460733 -0.055741
v 0.103713 1.454684 -0.055673
v 0.098842 1.437418 -0.048838
v 0.106257 1.467008 -0.054371
v 0.097979 1.433777 -0.042982
v 0.106462 1.446673 -0.052460
v 0.108897 1.457570 -0.055067
v 0.107829 1.452034 -0.054230
v 0.102842 1.438476 -0.047339
v 0.109699 1.463291 -0.054225
v 0.101432 1.435610 -0.043656
v 0.077958 1.465529 0.055262
v 0.046426 1.479597 0.071248
v 0.033607 1.473893 0.071056
v 0.067353 1.476770 0.064833
v 0.028668 1.464981 0.067847
v 0.037235 1.476569 0.071770
v 0.062587 1.478660 0.067184
v 0.074060 1.470661 0.059244
v 0.076724 1.459023 0.055636
v 0.028534 1.453762 0.064489
v 0.051789 1.448110 0.067129
v 0.038878 1.449349 0.066614
v 0.068620 1.452578 0.061508
v 0.033164 1.451533 0.065241
v 0.042622 1.448648 0.067052
v 0.064832 1.450930 0.063579
v 0.074655 1.456844 0.057166
v 0.027274 1.455042 0.064488
v 0.078996 1.463443 0.054369
v 0.041228 1.478298 0.071614
v 0.047014 1.448179 0.067309
v 0.029705 1.468179 0.068875
v 0.035811 1.450388 0.065957
v 0.028077 1.461828 0.066734
v 0.030682 1.452609 0.064733
v 0.057339 1.479590 0.068932
v 0.060738 1.449637 0.065222
v 0.071122 1.473795 0.061969
v 0.071975 1.454534 0.059258
v 0.051939 1.479913 0.070287
v 0.056413 1.448671 0.066413
v 0.076106 1.467762 0.056943
v 0.027145 1.456675 0.064858
v 0.078441 1.461322 0.054567
v 0.085221 1.471689 0.047632
v 0.043081 1.488479 0.068407
v 0.026548 1.477388 0.066634
v 0.072191 1.487462 0.058950
v 0.021171 1.466017 0.063294
v 0.030588 1.481664 0.067915
v 0.065415 1.489700 0.062305
v 0.081366 1.479795 0.052127
v 0.084038 1.456804 0.047403
v 0.022592 1.449882 0.059985
v 0.048651 1.438030 0.060982
v 0.034044 1.440543 0.061088
v 0.072455 1.444369 0.054387
v 0.027432 1.444654 0.060293
v 0.038261 1.439096 0.061364
v 0.066456 1.441735 0.056938
v 0.081617 1.451981 0.049156
v 0.021189 1.452694 0.060121
v 0.086148 1.467443 0.046397
v 0.036237 1.485585 0.068657
v 0.043169 1.438214 0.061387
v 0.022330 1.470017 0.064382
v 0.030479 1.442439 0.060679
v 0.020584 1.462193 0.062235
v 0.024778 1.447129 0.060046
v 0.058024 1.490621 0.065118
v 0.060394 1.439844 0.058781
v 0.077762 1.484037 0.055399
v 0.077866 1.447787 0.051500
v 0.050458 1.490141 0.067138
v 0.054444 1.438600 0.060107
v 0.083549 1.475614 0.049553
v 0.020667 1.455251 0.060499
v 0.085818 1.462486 0.046250
v 0.081464 1.475005 0.036069
v 0.038511 1.494497 0.056718
v 0.020680 1.481748 0.056752
v 0.069366 1.493713 0.046306
v 0.015636 1.468234 0.053513
v 0.025204 1.486468 0.057451
v 0.062537 1.496516 0.049499
v 0.077874 1.485022 0.040270
v 0.080271 1.455079 0.035413
v 0.018942 1.447959 0.050046
v 0.045121 1.431363 0.048641
v 0.030299 1.435594 0.050210
v 0.069194 1.438435 0.041967
v 0.023814 1.441082 0.050261
v 0.034570 1.433498 0.049984
v 0.063575 1.434682 0.044414
v 0.078187 1.449310 0.036787
v 0.017266 1.451647 0.050288
v 0.082172 1.469396 0.034815
v 0.031376 1.490772 0.057535
v 0.039544 1.432061 0.049478
v 0.016411 1.472818 0.054570
v 0.026763 1.438193 0.050271
v 0.015447 1.463807 0.052492
v 0.021254 1.444335 0.050078
v 0.054639 1.498065 0.052423
v 0.057433 1.432598 0.046172
v 0.074655 1.489867 0.043112
v 0.074318 1.443565 0.039214
v 0.046337 1.497293 0.054913
v 0.051173 1.431525 0.047524
v 0.079977 1.480073 0.037963
v 0.016434 1.454944 0.050735
v 0.081863 1.462804 0.034533
v 0.057321 1.497021 0.061100
v 0.065542 1.495765 0.057789
v 0.027765 1.438706 0.056605
v 0.024542 1.441529 0.056386
v 0.078747 1.488925 0.050124
v 0.082449 1.483891 0.046738
v 0.041078 1.432851 0.056909
v 0.035928 1.434212 0.057037
v 0.066271 1.435877 0.051750
v 0.059597 1.433848 0.053828
v 0.083372 1.449089 0.042838
v 0.079019 1.443717 0.045621
v 0.072883 1.439178 0.048903
v 0.040525 1.493901 0.064933
v 0.048751 1.496257 0.063491
v 0.085782 1.455257 0.041071
v 0.022584 1.480103 0.063266
v 0.026878 1.485298 0.064570
v 0.053094 1.432685 0.055327
v 0.017881 1.451541 0.056520
v 0.017213 1.454616 0.056921
v 0.072841 1.492973 0.053991
v 0.084706 1.479004 0.044145
v 0.086431 1.474291 0.042081
v 0.087323 1.462714 0.040188
v 0.017197 1.466934 0.059775
v 0.018266 1.471342 0.060906
v 0.016714 1.462739 0.058694
v 0.087422 1.469024 0.040624
v 0.033048 1.490171 0.065284
v 0.046866 1.432331 0.056349
v 0.019429 1.448087 0.056296
v 0.021744 1.444660 0.056262
v 0.031513 1.436233 0.056876
v 0.019133 1.474118 0.049382
v 0.021755 1.481429 0.052393
v 0.022882 1.444606 0.045530
v 0.021240 1.448452 0.045283
v 0.030190 1.438257 0.045227
v 0.026645 1.440157 0.045617
v 0.050820 1.435545 0.042209
v 0.045009 1.435480 0.043324
v 0.018204 1.465122 0.047471
v 0.018410 1.469617 0.048392
v 0.034515 1.436794 0.044847
v 0.024342 1.441884 0.046460
v 0.067720 1.445029 0.036895
v 0.063989 1.439984 0.038780
v 0.052777 1.493151 0.046280
v 0.059930 1.492400 0.043567
v 0.070579 1.488598 0.039373
v 0.071712 1.485042 0.036817
v 0.039507 1.435884 0.044242
v 0.061121 1.436628 0.040717
v 0.056559 1.436006 0.041154
v 0.070827 1.450543 0.035265
v 0.038049 1.490059 0.050736
v 0.045291 1.492284 0.048774
v 0.072618 1.455716 0.034219
v 0.025532 1.484062 0.052027
v 0.019927 1.452342 0.045449
v 0.019198 1.455763 0.045880
v 0.066124 1.490611 0.040855
v 0.073149 1.480293 0.034795
v 0.074186 1.475120 0.033463
v 0.074161 1.463113 0.033130
v 0.074590 1.469507 0.032896
v 0.031354 1.487131 0.051801
v 0.007339 1.415188 0.102747
v 0.012397 1.413394 0.094738
v 0.004559 1.414299 0.100343
v 0.014800 1.413912 0.096091
v 0.005180 1.413190 0.096480
v 0.013192 1.415217 0.101433
v 0.008813 1.413044 0.094759
v 0.010641 1.415347 0.102582
v 0.014904 1.414897 0.099851
v 0.007473 1.418607 0.101226
v 0.011669 1.416288 0.094189
v 0.005183 1.417800 0.098759
v 0.013856 1.416619 0.095103
v 0.005800 1.416715 0.095501
v 0.013300 1.418384 0.100351
v 0.008794 1.416255 0.094254
v 0.010680 1.418686 0.101438
v 0.014841 1.417828 0.098589
v 0.007845 1.421667 0.099349
v 0.011374 1.419102 0.093599
v 0.006147 1.420866 0.097232
v 0.013235 1.419292 0.094192
v 0.006857 1.419884 0.094797
v 0.013138 1.421533 0.098879
v 0.009109 1.419289 0.093737
v 0.010636 1.421847 0.099765
v 0.014493 1.420750 0.097165
v 0.008059 1.424312 0.097673
v 0.011450 1.421590 0.092941
v 0.006544 1.423597 0.095905
v 0.012848 1.421551 0.093553
v 0.007397 1.422755 0.093756
v 0.012586 1.424074 0.096937
v 0.009498 1.422044 0.092893
v 0.010448 1.424505 0.097827
v 0.013750 1.423069 0.095624
v 0.008274 1.425966 0.096317
v 0.012039 1.423676 0.092496
v 0.007363 1.425447 0.095119
v 0.012823 1.422930 0.093135
v 0.008442 1.425493 0.093485
v 0.011911 1.425812 0.094669
v 0.010391 1.424705 0.092571
v 0.009995 1.426432 0.095677
v 0.013169 1.424530 0.093922
v 0.040167 1.402276 0.068054
v 0.029528 1.413623 0.074669
v 0.035972 1.408770 0.071657
v 0.021495 1.417708 0.077086
v 0.042600 1.394559 0.064674
v 0.043052 1.386805 0.061914
v 0.041405 1.379711 0.060066
v 0.038221 1.373123 0.059602
v 0.009132 1.360011 0.059783
v 0.017775 1.361469 0.059655
v 0.025977 1.363330 0.059650
v 0.033089 1.367300 0.059685
v 0.011454 1.420545 0.078680
v 0.039781 1.386413 0.068112
v 0.038454 1.380490 0.066577
v 0.028306 1.408066 0.082394
v 0.011233 1.414437 0.087822
v 0.035762 1.374964 0.066721
v 0.009591 1.359222 0.068960
v 0.033881 1.403821 0.078725
v 0.020977 1.411938 0.085641
v 0.018296 1.361590 0.068619
v 0.026043 1.364596 0.068402
v 0.037418 1.398720 0.074661
v 0.039253 1.392751 0.070852
v 0.031841 1.369505 0.067709
v 0.038692 1.405670 0.039682
v 0.027882 1.418046 0.041929
v 0.034736 1.412996 0.040939
v 0.019387 1.420566 0.042849
v 0.040307 1.397509 0.037844
v 0.040863 1.389367 0.035932
v 0.040540 1.381256 0.034548
v 0.038224 1.373536 0.033709
v 0.008142 1.365289 0.035181
v 0.016177 1.366116 0.034950
v 0.024296 1.366871 0.034427
v 0.032211 1.368547 0.033760
v 0.010197 1.422383 0.043879
v 0.032738 1.401633 0.020564
v 0.023218 1.409844 0.021414
v 0.028906 1.406357 0.020965
v 0.016254 1.412017 0.021995
v 0.035259 1.396096 0.019921
v 0.036536 1.389733 0.019243
v 0.035735 1.383368 0.018889
v 0.032979 1.377882 0.018936
v 0.007200 1.369695 0.021321
v 0.014448 1.370988 0.021010
v 0.021750 1.371911 0.020273
v 0.028142 1.374118 0.019528
v 0.008572 1.413764 0.022350
v 0.018267 1.385383 -0.005482
v 0.015159 1.390329 -0.008169
v 0.017389 1.387782 -0.006815
v 0.011067 1.392320 -0.008986
v 0.018288 1.383133 -0.004229
v 0.017615 1.381012 -0.003047
v 0.016265 1.379101 -0.001985
v 0.014379 1.377262 -0.001046
v 0.004183 1.368670 0.002106
v 0.007577 1.370551 0.001427
v 0.010207 1.372709 0.000611
v 0.012272 1.375159 -0.000191
v 0.005912 1.393592 -0.009581
v 0.014617 1.367230 -0.021188
v 0.012856 1.370739 -0.025526
v 0.014268 1.368823 -0.023198
v 0.009697 1.372603 -0.027584
v 0.014460 1.365852 -0.019366
v 0.013928 1.364543 -0.017540
v 0.012943 1.363275 -0.015695
v 0.011619 1.362013 -0.013877
v 0.003788 1.356913 -0.008187
v 0.006701 1.358107 -0.009114
v 0.008683 1.359345 -0.010489
v 0.010172 1.360696 -0.012122
v 0.005204 1.373681 -0.029005
v 0.009830 1.333812 -0.039381
v 0.011815 1.332939 -0.037597
v 0.007076 1.334422 -0.040794
v 0.013135 1.330653 -0.033299
v 0.003855 1.326372 -0.019845
v 0.008411 1.363522 0.042888
v 0.008711 1.361741 0.051089
v 0.021111 1.420802 0.065792
v 0.020436 1.421781 0.054076
v 0.017144 1.362682 0.050940
v 0.016661 1.364237 0.042685
v 0.025433 1.363767 0.050764
v 0.024933 1.364888 0.042283
v 0.041584 1.404982 0.059182
v 0.041191 1.406363 0.049431
v 0.042966 1.397371 0.046843
v 0.044091 1.396239 0.056148
v 0.033307 1.366284 0.050663
v 0.033068 1.366581 0.041838
v 0.043017 1.388490 0.044315
v 0.044256 1.387528 0.053358
v 0.036795 1.412204 0.061932
v 0.036607 1.413971 0.051450
v 0.039382 1.371813 0.050802
v 0.039458 1.371761 0.041853
v 0.042157 1.379908 0.042628
v 0.042671 1.379421 0.051500
v 0.029301 1.419029 0.052917
v 0.029793 1.417404 0.064116
v 0.010707 1.423553 0.055191
v 0.011182 1.423284 0.067106
v 0.007788 1.367343 0.028009
v 0.017889 1.416504 0.032551
v 0.015527 1.368405 0.027737
v 0.023366 1.369382 0.027119
v 0.035719 1.403887 0.030174
v 0.037839 1.397141 0.028973
v 0.030659 1.371499 0.026422
v 0.038923 1.389966 0.027708
v 0.031905 1.409893 0.030969
v 0.036075 1.376033 0.026182
v 0.038477 1.382738 0.026756
v 0.025642 1.414145 0.031734
v 0.009445 1.418687 0.033130
v 0.004942 1.371821 0.008268
v 0.006222 1.371557 0.014823
v 0.014447 1.406480 0.011495
v 0.012536 1.399637 0.001391
v 0.012558 1.372858 0.014405
v 0.009670 1.373576 0.007832
v 0.018776 1.373594 0.013614
v 0.014143 1.374851 0.007290
v 0.028572 1.397856 0.011238
v 0.023220 1.392228 0.002720
v 0.024432 1.388854 0.003310
v 0.030792 1.393359 0.011114
v 0.024020 1.375564 0.012832
v 0.017895 1.376742 0.006665
v 0.024529 1.385182 0.004057
v 0.031716 1.388082 0.011098
v 0.025283 1.401574 0.011256
v 0.021022 1.395181 0.002167
v 0.028121 1.378589 0.012025
v 0.021053 1.378966 0.005848
v 0.023341 1.381767 0.004949
v 0.030762 1.382887 0.011425
v 0.017521 1.397761 0.001640
v 0.020514 1.404508 0.011293
v 0.006668 1.401001 0.001077
v 0.007612 1.407752 0.011646
v 0.003803 1.363619 -0.003410
v 0.010270 1.383591 -0.019049
v 0.006714 1.365149 -0.004247
v 0.008840 1.366861 -0.005376
v 0.015788 1.377184 -0.013834
v 0.015508 1.375451 -0.012273
v 0.010446 1.368805 -0.006688
v 0.014765 1.373827 -0.010804
v 0.015421 1.379176 -0.015586
v 0.012050 1.370630 -0.008052
v 0.013567 1.372261 -0.009410
v 0.013820 1.381521 -0.017549
v 0.005503 1.384870 -0.020101
v 0.008905 1.350232 -0.015020
v 0.007010 1.349431 -0.013514
v 0.008401 1.359501 -0.032835
v 0.010350 1.351045 -0.016807
v 0.013839 1.355779 -0.027316
v 0.014040 1.354678 -0.025346
v 0.013089 1.356992 -0.029278
v 0.011786 1.351848 -0.018814
v 0.013787 1.353646 -0.023217
v 0.004507 1.360057 -0.033921
v 0.013001 1.352702 -0.020984
v 0.003962 1.348440 -0.012360
v 0.011393 1.358314 -0.031287
v 0.008859 1.339149 -0.019159
v 0.010176 1.339595 -0.021004
v 0.013117 1.343517 -0.032117
v 0.012162 1.344580 -0.034030
v 0.011509 1.340089 -0.023121
v 0.004022 1.337899 -0.016305
v 0.010325 1.345602 -0.035819
v 0.007097 1.338706 -0.017625
v 0.007500 1.346436 -0.037148
v 0.013484 1.342494 -0.030056
v 0.013343 1.341541 -0.027801
v 0.004019 1.346683 -0.038172
v 0.012639 1.340729 -0.025419
v 0.009235 1.410117 0.095464
v 0.010742 1.412247 0.103831
v 0.005649 1.410833 0.101604
v 0.007783 1.411650 0.103753
v 0.005544 1.410089 0.097981
v 0.015872 1.411560 0.097189
v 0.013337 1.412558 0.102868
v 0.013519 1.410814 0.095372
v 0.015180 1.412427 0.101263
v 0.015630 1.414461 0.097982
v 0.015004 1.417170 0.096674
v 0.014405 1.419878 0.095433
v 0.013684 1.422063 0.094460
v 0.013309 1.423275 0.093706
v 0.016251 1.412134 0.099331
v 0.035521 1.381116 0.071064
v 0.026471 1.401940 0.087002
v 0.010563 1.406460 0.093837
v 0.033202 1.376662 0.071878
v 0.031417 1.398775 0.082924
v 0.036054 1.390857 0.074740
v 0.036528 1.385931 0.072077
v 0.009766 1.361584 0.077982
v 0.019592 1.404641 0.090722
v 0.018090 1.364625 0.076811
v 0.024807 1.368212 0.075434
v 0.034522 1.395150 0.078680
v 0.029719 1.372383 0.073611
v 0.012820 1.331818 -0.035501
v 0.012912 1.329581 -0.030958
v 0.012176 1.328682 -0.028594
v 0.011091 1.328015 -0.026383
v 0.006726 1.326979 -0.021088
v 0.008519 1.327234 -0.022601
v 0.009854 1.327569 -0.024359
v 0.003759 1.334388 -0.041873
v 0.011656 1.322230 -0.037202
v 0.008748 1.323942 -0.040510
v 0.010715 1.323464 -0.039078
v 0.006238 1.324172 -0.041510
v 0.011900 1.320939 -0.035046
v 0.011607 1.319906 -0.032778
v 0.010898 1.319199 -0.030540
v 0.009961 1.318855 -0.028507
v 0.003279 1.317924 -0.023576
v 0.005788 1.318313 -0.024272
v 0.007590 1.318453 -0.025364
v 0.008950 1.318715 -0.026715
v 0.003328 1.323908 -0.042302
v 0.000000 1.360278 0.078299
v 0.000000 1.373961 -0.029043
v 0.000000 1.366623 0.028004
v 0.000000 1.348051 -0.011645
v 0.000000 1.414784 0.022348
v 0.000000 1.401747 0.000866
v 0.000000 1.422987 0.044621
v 0.000000 1.360261 -0.033955
v 0.000000 1.346824 -0.038260
v 0.000000 1.394127 -0.009744
v 0.000000 1.385300 -0.020255
v 0.000000 1.407277 0.095529
v 0.000000 1.414971 0.087927
v 0.000000 1.364859 0.035199
v 0.000000 1.370100 0.008601
v 0.000000 1.318014 -0.023224
v 0.000000 1.419701 0.033421
v 0.000000 1.369788 0.014860
v 0.000000 1.334398 -0.041710
v 0.000000 1.362912 -0.002843
v 0.000000 1.323899 -0.042177
v 0.000000 1.367646 0.002572
v 0.000000 1.337647 -0.015543
v 0.000000 1.420114 0.077553
v 0.000000 1.368425 0.021269
v 0.000000 1.363199 0.042912
v 0.000000 1.361327 0.051131
v 0.000000 1.422974 0.066879
v 0.000000 1.359362 0.059826
v 0.000000 1.358122 0.069053
v 0.000000 1.423721 0.055825
v 0.000000 1.326272 -0.019221
v 0.000000 1.408527 0.011575
v 0.000000 1.356389 -0.007554
v 0.013802 1.385907 0.094072
v 0.000000 1.386022 0.097274
v 0.007377 1.386048 0.096669
v 0.019263 1.385612 0.090450
v 0.023534 1.385192 0.086522
v 0.026866 1.384587 0.083218
v 0.007886 1.379103 0.093839
v 0.000000 1.378856 0.094408
v 0.014274 1.379715 0.091613
v 0.019657 1.380342 0.088538
v 0.024241 1.380708 0.085245
v 0.027719 1.381179 0.082501
v 0.029595 1.382003 0.080529
v 0.030002 1.383080 0.079992
v 0.029159 1.384003 0.081012
v 0.000000 1.391787 0.098489
v 0.008689 1.372724 0.089557
v 0.000000 1.372003 0.090215
v 0.015855 1.374364 0.087386
v 0.021549 1.376087 0.084701
v 0.026061 1.377775 0.081828
v 0.029495 1.379591 0.079472
v 0.031548 1.381783 0.077915
v 0.032269 1.384159 0.078002
v 0.031679 1.386412 0.079674
v 0.015877 1.391115 0.094441
v 0.008384 1.391611 0.097501
v 0.022023 1.390427 0.090452
v 0.026597 1.389536 0.086299
v 0.029775 1.388182 0.082585
v 0.000000 1.398831 0.098202
v 0.009201 1.367194 0.084180
v 0.000000 1.366149 0.084724
v 0.016970 1.369495 0.082485
v 0.023175 1.372110 0.080457
v 0.027860 1.375015 0.078095
v 0.031289 1.378093 0.076031
v 0.033422 1.381470 0.074824
v 0.034244 1.385126 0.075313
v 0.033792 1.388734 0.077518
v 0.017759 1.397426 0.093280
v 0.009501 1.398430 0.096655
v 0.024218 1.395911 0.089296
v 0.028922 1.394068 0.085088
v 0.032072 1.391736 0.081033
v 0.010104 1.315866 -0.037839
v 0.007911 1.317043 -0.040042
v 0.009687 1.318020 -0.039119
v 0.005493 1.316704 -0.040564
v 0.009951 1.314346 -0.035703
v 0.009507 1.313534 -0.033491
v 0.008960 1.313241 -0.031376
v 0.008436 1.313494 -0.029358
v 0.002767 1.312656 -0.026668
v 0.004977 1.313059 -0.026851
v 0.006788 1.313398 -0.027339
v 0.008033 1.314407 -0.027774
v 0.002918 1.316243 -0.041062
v 0.000000 1.312792 -0.026515
v 0.000000 1.316231 -0.041022
v 0.007747 1.312916 -0.038150
v 0.007482 1.310862 -0.035810
v 0.007058 1.310227 -0.033435
v 0.006749 1.310295 -0.031213
v 0.006600 1.311142 -0.029024
v 0.005078 1.311997 -0.038497
v 0.004825 1.309761 -0.035338
v 0.004601 1.309130 -0.032764
v 0.004497 1.309325 -0.030581
v 0.004575 1.310342 -0.028951
v 0.002628 1.311402 -0.038861
v 0.002458 1.309102 -0.035715
v 0.002369 1.308617 -0.032359
v 0.002362 1.308660 -0.030878
v 0.002473 1.309797 -0.029064
v 0.000000 1.311411 -0.038833
v 0.000000 1.309113 -0.035792
v 0.000000 1.308606 -0.032554
v 0.000000 1.308692 -0.030927
v 0.000000 1.309869 -0.029043
v 0.020634 1.460815 0.080687
v 0.022800 1.460001 0.075933
v 0.027471 1.458890 0.069428
v 0.023762 1.459497 0.071052
v 0.017989 1.461458 0.085184
v 0.000000 1.463228 0.094697
v 0.009803 1.462695 0.091123
v 0.005349 1.463171 0.093818
v 0.014094 1.462178 0.088518
v 0.026444 1.458744 0.070820
v 0.027582 1.459332 0.065755
v 0.020456 1.458830 0.061307
v 0.015707 1.459497 0.051557
v 0.016762 1.458800 0.057734
v 0.018473 1.460590 0.046619
v 0.021866 1.484892 0.096432
v 0.025609 1.481106 0.091696
v 0.031738 1.470848 0.073392
v 0.027673 1.474952 0.075348
v 0.027055 1.478042 0.086026
v 0.007879 1.488613 0.100571
v 0.015343 1.487100 0.099149
v 0.000000 1.488979 0.100796
v 0.030253 1.472310 0.074752
v 0.027347 1.476103 0.080499
v 0.031297 1.470950 0.069854
v 0.024114 1.473684 0.065387
v 0.018086 1.477216 0.055643
v 0.020066 1.475594 0.061973
v 0.020384 1.478287 0.050667
v 0.058363 1.440719 0.038934
v 0.061181 1.445945 0.037481
v 0.063717 1.451371 0.036286
v 0.065348 1.456393 0.035430
v 0.066889 1.463757 0.034505
v 0.067428 1.470184 0.034354
v 0.067231 1.475878 0.034888
v 0.066522 1.481142 0.036020
v 0.065714 1.486057 0.037840
v 0.052438 1.440826 0.040037
v 0.054693 1.446329 0.038853
v 0.056743 1.451846 0.038004
v 0.058196 1.456922 0.037456
v 0.059738 1.464430 0.036945
v 0.060364 1.470994 0.037143
v 0.060329 1.476777 0.037870
v 0.059890 1.482107 0.038947
v 0.059437 1.487224 0.040586
v 0.046404 1.440921 0.041289
v 0.048154 1.446542 0.040371
v 0.049692 1.452099 0.039849
v 0.050815 1.457188 0.039678
v 0.052058 1.464722 0.039731
v 0.052556 1.471268 0.040170
v 0.052653 1.477029 0.040808
v 0.052536 1.482387 0.041713
v 0.052396 1.487618 0.043284
v 0.040529 1.441191 0.042348
v 0.041692 1.446728 0.041706
v 0.042626 1.452170 0.041492
v 0.043231 1.457083 0.041628
v 0.043844 1.464302 0.042087
v 0.044197 1.470647 0.042616
v 0.044561 1.476310 0.043116
v 0.044824 1.481641 0.043940
v 0.044999 1.486836 0.045612
v 0.035076 1.441781 0.043079
v 0.035566 1.447039 0.042677
v 0.035867 1.452184 0.042679
v 0.035990 1.456760 0.042936
v 0.036087 1.463437 0.043476
v 0.036327 1.469402 0.044065
v 0.036849 1.474839 0.044663
v 0.037385 1.480012 0.045616
v 0.037799 1.485011 0.047453
v 0.030278 1.442753 0.043488
v 0.030080 1.447589 0.043236
v 0.029785 1.452307 0.043358
v 0.029541 1.456458 0.043659
v 0.029283 1.462497 0.044222
v 0.029343 1.467969 0.044905
v 0.029828 1.473084 0.045672
v 0.030509 1.477994 0.046726
v 0.031122 1.482650 0.048595
v 0.026193 1.443921 0.043850
v 0.025333 1.448257 0.043622
v 0.024514 1.452507 0.043814
v 0.023984 1.456216 0.044189
v 0.023444 1.461578 0.044829
v 0.023301 1.466514 0.045598
v 0.023638 1.471263 0.046480
v 0.024367 1.475902 0.047530
v 0.025220 1.480222 0.049181
v 0.070447 1.449282 0.058459
v 0.065650 1.447263 0.060735
v 0.045082 1.483239 0.069915
v 0.051373 1.484174 0.068805
v 0.057687 1.484223 0.067159
v 0.080009 1.457975 0.051903
v 0.077869 1.454708 0.053527
v 0.030652 1.475226 0.069046
v 0.034476 1.478569 0.070008
v 0.060663 1.445674 0.062422
v 0.055607 1.444531 0.063646
v 0.024747 1.454120 0.062390
v 0.024424 1.456152 0.062776
v 0.069572 1.481335 0.062228
v 0.074223 1.478273 0.059089
v 0.079593 1.471295 0.053709
v 0.081255 1.468282 0.051907
v 0.081623 1.461752 0.050869
v 0.025471 1.465400 0.065748
v 0.026594 1.468943 0.066807
v 0.024862 1.461979 0.064639
v 0.082118 1.465181 0.050846
v 0.039191 1.481254 0.070221
v 0.050457 1.443913 0.064422
v 0.045366 1.443957 0.064692
v 0.063871 1.483320 0.064976
v 0.026042 1.452119 0.062352
v 0.077491 1.474720 0.056136
v 0.028183 1.450205 0.062534
v 0.036786 1.445536 0.064164
v 0.033496 1.446910 0.063596
v 0.040745 1.444544 0.064527
v 0.030699 1.448495 0.062973
v 0.074728 1.451718 0.055833
v 0.024540 1.459176 0.063659
v 0.028283 1.472063 0.067803
v 0.083340 1.448844 -0.056171
v 0.097983 1.490939 -0.041094
v 0.127254 1.426042 -0.045798
v 0.139911 1.465523 -0.050111
v 0.134918 1.469622 -0.062126
v 0.122791 1.432620 -0.040478
v 0.130695 1.462528 -0.043754
v 0.120818 1.424411 -0.054470
v 0.118022 1.434857 -0.041046
v 0.123113 1.462888 -0.047014
v 0.096599 1.440360 -0.023470
v 0.088378 1.439335 -0.015472
v 0.101950 1.460487 -0.021889
v 0.107402 1.462330 -0.023843
v 0.112434 1.463367 -0.027889
v 0.092478 1.452686 -0.017370
v 0.095480 1.457955 -0.018885
v 0.101196 1.438484 -0.026554
v 0.105504 1.436713 -0.029681
v 0.091136 1.448045 -0.016240
v 0.120572 1.461661 -0.042167
v 0.115190 1.435627 -0.039673
v 0.112748 1.435104 -0.036622
v 0.109586 1.435319 -0.033307
v 0.115802 1.463050 -0.033469
v 0.118529 1.462166 -0.038240
v 0.116290 1.466167 -0.056303
v 0.109350 1.435312 -0.053463
v 0.112390 1.428798 -0.057771
v 0.121751 1.469180 -0.063943
v 0.113117 1.465394 -0.052257
v 0.108335 1.439881 -0.049658
v 0.096415 1.482270 -0.042340
v 0.085765 1.449825 -0.047803
v 0.091021 1.446309 -0.049029
v 0.095242 1.444175 -0.051646
v 0.100549 1.478212 -0.045247
v 0.104013 1.475743 -0.048406
v 0.100737 1.442770 -0.052433
v 0.107376 1.472232 -0.050649
v 0.104848 1.442340 -0.050271
v 0.109983 1.468062 -0.051480
v 0.098966 1.512692 -0.034195
v 0.048165 1.603791 0.006108
v 0.033131 1.608683 0.007691
v 0.094836 1.553563 -0.012181
v 0.091513 1.562212 -0.007242
v 0.087156 1.570986 -0.003436
v 0.072540 1.589182 0.001959
v 0.061350 1.597091 0.004064
v 0.016805 1.611862 0.008171
v 0.096996 1.544368 -0.017903
v 0.000000 1.612792 0.008345
v 0.081172 1.580219 -0.000453
v 0.098213 1.534448 -0.023793
v 0.017226 1.444191 -0.121728
v 0.068785 1.447447 -0.087797
v 0.079751 1.448533 -0.065788
v 0.098706 1.501439 -0.038169
v 0.098815 1.523832 -0.029342
v 0.000000 1.443899 -0.123463
v 0.060201 1.446367 -0.099051
v 0.033777 1.444521 -0.116421
v 0.048562 1.445216 -0.109151
v 0.074978 1.448161 -0.076507
v 0.124607 0.841036 -0.092935
v 0.145576 0.849857 -0.040234
v 0.147488 0.851650 -0.001748
v 0.133460 0.850249 0.034436
v 0.101138 0.845295 0.051879
v 0.067403 0.833301 0.051968
v 0.037433 0.817750 0.039648
v 0.024318 0.808445 0.029977
v 0.007162 0.789582 -0.051770
v 0.083946 0.840037 0.053856
v 0.051889 0.825764 0.046893
v 0.118062 0.848521 0.045533
v 0.143096 0.851393 0.017307
v 0.147946 0.851096 -0.021146
v 0.134390 0.845131 -0.076660
v 0.141128 0.847943 -0.058831
v 0.014065 0.792126 -0.068466
v 0.005533 0.789406 -0.027592
v 0.007658 0.790890 -0.003587
v 0.014356 0.797647 0.015354
v 0.022350 0.765628 0.031379
v 0.022822 0.781249 0.030197
v 0.023777 0.795351 0.029252
v 0.035114 0.768531 0.044396
v 0.035617 0.785443 0.042687
v 0.036452 0.801600 0.040933
v 0.068013 0.774925 0.062252
v 0.067801 0.794346 0.059168
v 0.067608 0.813746 0.055590
v 0.106932 0.780720 0.061470
v 0.105404 0.802140 0.059390
v 0.103437 0.823838 0.055873
v 0.141822 0.785105 0.041701
v 0.139421 0.807229 0.039598
v 0.136670 0.828870 0.037184
v 0.158772 0.786639 0.005334
v 0.155339 0.808679 0.003213
v 0.151394 0.830290 0.000802
v 0.160638 0.785701 -0.033543
v 0.156601 0.807436 -0.035630
v 0.151332 0.828758 -0.037882
v 0.010765 0.763280 -0.048218
v 0.009619 0.774431 -0.049468
v 0.008436 0.782979 -0.050662
v 0.134186 0.779951 -0.078957
v 0.133217 0.799760 -0.084576
v 0.130292 0.820235 -0.089540
v 0.087371 0.777986 0.064731
v 0.086319 0.798562 0.061958
v 0.085218 0.819294 0.057881
v 0.050441 0.771694 0.054920
v 0.050744 0.789878 0.052485
v 0.051213 0.807739 0.049774
v 0.125521 0.783148 0.053966
v 0.123551 0.805001 0.051874
v 0.121087 0.826808 0.049022
v 0.152288 0.786170 0.024247
v 0.149458 0.808309 0.022156
v 0.146394 0.830023 0.019822
v 0.161585 0.786493 -0.014199
v 0.157606 0.808390 -0.016296
v 0.152828 0.829858 -0.018642
v 0.146148 0.782209 -0.066981
v 0.144275 0.803088 -0.070730
v 0.140444 0.824160 -0.074072
v 0.155514 0.784226 -0.051646
v 0.152281 0.805704 -0.054124
v 0.147285 0.826931 -0.056524
v 0.020430 0.763833 -0.061339
v 0.019669 0.775381 -0.062526
v 0.018112 0.784892 -0.064544
v 0.005587 0.762966 -0.026213
v 0.005413 0.774947 -0.026978
v 0.005499 0.783918 -0.027542
v 0.007157 0.762697 -0.003321
v 0.007131 0.775898 -0.004009
v 0.007865 0.785814 -0.004384
v 0.012874 0.763458 0.015659
v 0.013074 0.777807 0.014797
v 0.014011 0.789483 0.014272
v 0.104915 0.493147 -0.043232
v 0.076836 0.492097 -0.058257
v 0.099808 0.493416 -0.049592
v 0.093291 0.493347 -0.054514
v 0.115659 0.490568 -0.021668
v 0.113356 0.491735 -0.029366
v 0.038964 0.483328 -0.041007
v 0.036464 0.478996 -0.011355
v 0.040649 0.478597 -0.001383
v 0.051864 0.487399 -0.050864
v 0.115025 0.487386 -0.004997
v 0.057565 0.476395 0.028098
v 0.056560 0.190696 -0.074904
v 0.056706 0.179650 -0.072803
v 0.056590 0.168961 -0.070901
v 0.055777 0.148605 -0.067403
v 0.062647 0.190471 -0.078523
v 0.062373 0.179326 -0.076411
v 0.061965 0.168562 -0.074435
v 0.060796 0.148115 -0.070724
v 0.069289 0.190243 -0.080959
v 0.068637 0.179008 -0.078892
v 0.067935 0.168177 -0.076875
v 0.066325 0.147656 -0.072974
v 0.060570 0.192974 -0.028278
v 0.060681 0.181906 -0.028419
v 0.060793 0.171179 -0.028464
v 0.060918 0.150749 -0.028037
v 0.071962 0.192775 -0.023398
v 0.071589 0.181683 -0.023838
v 0.071242 0.170920 -0.024193
v 0.070636 0.150378 -0.024501
v 0.084081 0.192355 -0.024205
v 0.083121 0.181246 -0.024811
v 0.082249 0.170449 -0.025167
v 0.080684 0.149790 -0.025392
v 0.083402 0.189840 -0.081365
v 0.082104 0.178477 -0.079516
v 0.080814 0.167545 -0.077614
v 0.078259 0.146882 -0.073912
v 0.090152 0.189686 -0.079258
v 0.088582 0.178296 -0.077565
v 0.087026 0.167340 -0.075799
v 0.084010 0.146625 -0.072376
v 0.052210 0.192847 -0.037786
v 0.052707 0.181815 -0.037493
v 0.053058 0.171137 -0.037040
v 0.053315 0.150811 -0.035590
v 0.049505 0.192641 -0.043658
v 0.050161 0.181632 -0.043096
v 0.050531 0.170979 -0.042370
v 0.050684 0.150698 -0.040465
v 0.105581 0.190497 -0.051691
v 0.103319 0.179251 -0.051181
v 0.101370 0.168324 -0.050571
v 0.098070 0.147440 -0.049218
v 0.104345 0.190861 -0.045512
v 0.102261 0.179630 -0.045261
v 0.100484 0.168708 -0.044860
v 0.097411 0.147829 -0.043814
v 0.047982 0.192342 -0.050028
v 0.048717 0.181355 -0.049150
v 0.049044 0.170721 -0.048157
v 0.049023 0.150474 -0.045842
v 0.100659 0.189719 -0.070390
v 0.098577 0.178373 -0.069035
v 0.096648 0.167410 -0.067697
v 0.093088 0.146616 -0.065059
v 0.098712 0.191535 -0.034577
v 0.096999 0.180355 -0.034774
v 0.095557 0.169473 -0.034705
v 0.092968 0.148652 -0.034230
v 0.048758 0.191485 -0.063409
v 0.049450 0.180523 -0.061838
v 0.049730 0.169910 -0.060336
v 0.049467 0.149674 -0.057354
v 0.072260 0.147239 -0.074074
v 0.074336 0.167846 -0.077888
v 0.075336 0.178735 -0.079871
v 0.076327 0.190044 -0.081852
v 0.056763 0.150825 -0.031379
v 0.056463 0.171200 -0.032297
v 0.056201 0.181904 -0.032489
v 0.055896 0.192955 -0.032559
v 0.065621 0.150597 -0.025696
v 0.065800 0.171083 -0.025710
v 0.065905 0.181830 -0.025495
v 0.066028 0.192911 -0.025198
v 0.075714 0.150106 -0.024425
v 0.076829 0.170704 -0.024028
v 0.077445 0.181482 -0.023611
v 0.078097 0.192581 -0.023051
v 0.085363 0.149436 -0.027384
v 0.087299 0.170154 -0.027386
v 0.088389 0.180977 -0.027152
v 0.089647 0.192100 -0.026602
v 0.089006 0.146570 -0.069196
v 0.092383 0.167316 -0.072295
v 0.094152 0.178282 -0.073864
v 0.095976 0.189664 -0.075395
v 0.097537 0.147071 -0.054659
v 0.101042 0.167969 -0.056439
v 0.103078 0.178902 -0.057301
v 0.105425 0.190169 -0.058113
v 0.095636 0.148241 -0.038764
v 0.098454 0.169104 -0.039530
v 0.100051 0.180012 -0.039764
v 0.101947 0.191223 -0.039786
v 0.048560 0.150128 -0.051583
v 0.048714 0.170360 -0.054222
v 0.048412 0.180979 -0.055463
v 0.047671 0.191949 -0.056678
v 0.095909 0.146782 -0.060109
v 0.099516 0.167645 -0.062277
v 0.101550 0.178593 -0.063366
v 0.103844 0.189891 -0.064481
v 0.089524 0.149051 -0.030351
v 0.091812 0.169823 -0.030583
v 0.093087 0.180675 -0.030496
v 0.094600 0.191822 -0.030093
v 0.051907 0.149147 -0.062802
v 0.052434 0.169428 -0.066039
v 0.052299 0.180063 -0.067780
v 0.051784 0.191045 -0.069691
v 0.080067 0.239490 -0.090267
v 0.081726 0.267029 -0.095147
v 0.083239 0.296975 -0.099467
v 0.083792 0.313033 -0.100948
v 0.084090 0.329872 -0.101583
v 0.053709 0.240548 -0.031045
v 0.052106 0.266284 -0.029066
v 0.050332 0.293299 -0.026160
v 0.049288 0.307277 -0.024192
v 0.048325 0.321611 -0.021998
v 0.066072 0.240413 -0.021807
v 0.065779 0.265962 -0.018761
v 0.065452 0.292689 -0.015113
v 0.065213 0.306477 -0.012902
v 0.064873 0.320542 -0.010347
v 0.080937 0.240071 -0.018494
v 0.082312 0.265632 -0.015236
v 0.083583 0.292280 -0.010915
v 0.084131 0.306045 -0.008413
v 0.084581 0.320156 -0.005958
v 0.095782 0.239656 -0.021867
v 0.098952 0.265347 -0.018560
v 0.102166 0.292216 -0.014348
v 0.103721 0.306122 -0.011812
v 0.104979 0.320442 -0.009311
v 0.104116 0.239386 -0.081758
v 0.108519 0.267098 -0.084728
v 0.113198 0.296937 -0.086875
v 0.115188 0.312757 -0.087473
v 0.116697 0.329259 -0.087677
v 0.117172 0.238886 -0.060815
v 0.123911 0.265842 -0.061671
v 0.130584 0.294767 -0.061701
v 0.133328 0.310061 -0.061308
v 0.135667 0.325980 -0.060704
v 0.112704 0.239075 -0.037469
v 0.118709 0.265201 -0.035412
v 0.124856 0.292882 -0.032785
v 0.127553 0.307399 -0.031244
v 0.129809 0.322438 -0.029501
v 0.042715 0.239790 -0.060908
v 0.039752 0.266259 -0.062195
v 0.036850 0.294565 -0.062420
v 0.034934 0.309473 -0.062021
v 0.033519 0.325058 -0.061094
v 0.114558 0.239052 -0.068680
v 0.120585 0.266349 -0.070351
v 0.126564 0.295673 -0.071029
v 0.129143 0.311164 -0.070964
v 0.131310 0.327296 -0.070696
v 0.102411 0.239441 -0.025801
v 0.106541 0.265250 -0.022711
v 0.110761 0.292345 -0.018900
v 0.112804 0.306403 -0.016579
v 0.114511 0.320896 -0.014158
v 0.048059 0.239149 -0.077520
v 0.045809 0.266111 -0.080762
v 0.043636 0.295208 -0.082719
v 0.042048 0.310688 -0.083384
v 0.040746 0.326990 -0.083269
v 0.049201 0.327933 -0.092068
v 0.050215 0.311358 -0.091833
v 0.051413 0.295640 -0.090712
v 0.053078 0.266221 -0.087870
v 0.054631 0.239087 -0.083761
v 0.059907 0.328779 -0.098074
v 0.060534 0.312036 -0.097569
v 0.061237 0.296141 -0.096087
v 0.062178 0.266512 -0.092231
v 0.062751 0.239245 -0.087553
v 0.071767 0.329452 -0.101330
v 0.071938 0.312615 -0.100703
v 0.072016 0.296602 -0.099103
v 0.071834 0.266790 -0.094714
v 0.071300 0.239380 -0.089793
v 0.056056 0.320997 -0.015341
v 0.056723 0.306831 -0.017730
v 0.057356 0.292972 -0.019837
v 0.058411 0.266132 -0.023149
v 0.059440 0.240513 -0.025761
v 0.074512 0.320277 -0.007278
v 0.074443 0.306218 -0.009793
v 0.074303 0.292457 -0.012130
v 0.073879 0.265796 -0.016141
v 0.073338 0.240262 -0.019351
v 0.094843 0.320209 -0.006616
v 0.094009 0.306016 -0.009108
v 0.092978 0.292202 -0.011689
v 0.090771 0.265479 -0.016051
v 0.088532 0.239868 -0.019383
v 0.096079 0.329991 -0.099150
v 0.095346 0.313212 -0.098627
v 0.094231 0.297178 -0.097403
v 0.091440 0.267165 -0.093671
v 0.088715 0.239510 -0.089187
v 0.107123 0.329784 -0.094418
v 0.105992 0.313123 -0.094043
v 0.104417 0.297165 -0.093151
v 0.100575 0.267181 -0.090202
v 0.096918 0.239455 -0.086417
v 0.041626 0.322313 -0.029925
v 0.042979 0.307758 -0.031965
v 0.044373 0.293611 -0.033676
v 0.046735 0.266351 -0.035988
v 0.049054 0.240496 -0.037413
v 0.036446 0.323135 -0.039251
v 0.038121 0.308281 -0.041000
v 0.039859 0.293926 -0.042380
v 0.042447 0.266337 -0.043871
v 0.045469 0.240341 -0.044595
v 0.137159 0.324613 -0.049931
v 0.134792 0.308945 -0.050901
v 0.131886 0.293892 -0.051628
v 0.124722 0.265434 -0.052458
v 0.117739 0.238809 -0.052625
v 0.135048 0.323402 -0.039174
v 0.132664 0.308045 -0.040524
v 0.129746 0.293266 -0.041660
v 0.122773 0.265244 -0.043492
v 0.116068 0.238903 -0.044696
v 0.033801 0.324089 -0.049877
v 0.035359 0.308868 -0.051181
v 0.037324 0.294258 -0.052104
v 0.040062 0.266312 -0.052767
v 0.043272 0.240102 -0.052503
v 0.124747 0.328423 -0.079636
v 0.122891 0.312102 -0.079646
v 0.120587 0.296435 -0.079398
v 0.115256 0.266812 -0.078053
v 0.110104 0.239240 -0.075770
v 0.122862 0.321591 -0.021066
v 0.120812 0.306851 -0.023201
v 0.118407 0.292578 -0.025143
v 0.113212 0.265203 -0.028404
v 0.108105 0.239252 -0.031097
v 0.035603 0.326023 -0.072479
v 0.036955 0.310065 -0.073036
v 0.038797 0.294865 -0.072891
v 0.041503 0.266170 -0.071735
v 0.044104 0.239434 -0.069489
v 0.046727 0.351196 -0.016949
v 0.046414 0.366362 -0.014420
v 0.046671 0.381645 -0.012065
v 0.046904 0.396867 -0.009372
v 0.047098 0.411895 -0.006318
v 0.047779 0.426442 -0.003374
v 0.094503 0.458933 -0.058275
v 0.096272 0.446070 -0.062648
v 0.098792 0.431998 -0.068875
v 0.101653 0.416730 -0.076167
v 0.104303 0.400283 -0.083188
v 0.106134 0.382805 -0.088628
v 0.107270 0.364909 -0.092163
v 0.117226 0.364110 -0.085671
v 0.115876 0.381966 -0.082510
v 0.113589 0.399510 -0.077599
v 0.110302 0.416141 -0.071181
v 0.106583 0.431549 -0.064213
v 0.103365 0.445801 -0.058116
v 0.101099 0.458841 -0.053664
v 0.044012 0.442007 -0.008742
v 0.043526 0.428418 -0.011936
v 0.042757 0.413874 -0.015213
v 0.042211 0.398751 -0.018393
v 0.041526 0.383381 -0.021141
v 0.040906 0.367937 -0.023541
v 0.040846 0.352550 -0.025863
v 0.137509 0.359823 -0.058259
v 0.136264 0.377434 -0.055950
v 0.133284 0.395004 -0.052644
v 0.129077 0.412054 -0.048459
v 0.123925 0.428037 -0.043592
v 0.119510 0.442941 -0.038894
v 0.116610 0.456626 -0.035087
v 0.119802 0.455014 -0.027466
v 0.122616 0.441100 -0.030814
v 0.127099 0.426051 -0.034755
v 0.132211 0.409913 -0.038664
v 0.136454 0.392845 -0.042076
v 0.139171 0.375334 -0.044851
v 0.139806 0.357896 -0.047007
v 0.120701 0.452813 -0.019041
v 0.123765 0.438799 -0.021984
v 0.128128 0.423618 -0.025147
v 0.132789 0.407363 -0.028128
v 0.136578 0.390331 -0.030758
v 0.138516 0.373000 -0.033173
v 0.138372 0.355911 -0.035464
v 0.133085 0.354122 -0.024996
v 0.133570 0.370710 -0.022430
v 0.132607 0.387623 -0.019985
v 0.129806 0.404462 -0.017771
v 0.126022 0.420725 -0.015442
v 0.122144 0.436005 -0.012917
v 0.118819 0.450114 -0.010500
v 0.039706 0.445866 -0.027152
v 0.039500 0.432533 -0.030425
v 0.039002 0.418052 -0.034087
v 0.038297 0.402843 -0.037714
v 0.037284 0.387250 -0.041020
v 0.036119 0.371482 -0.043907
v 0.035089 0.355642 -0.046356
v 0.106483 0.458274 -0.047766
v 0.109425 0.445155 -0.052387
v 0.113338 0.430714 -0.058298
v 0.117753 0.415112 -0.064733
v 0.121542 0.398336 -0.070483
v 0.124119 0.380742 -0.074775
v 0.125615 0.362965 -0.077623
v 0.132544 0.361531 -0.068522
v 0.131047 0.379238 -0.065959
v 0.128144 0.396823 -0.062123
v 0.124076 0.413764 -0.057155
v 0.119181 0.429565 -0.051429
v 0.114911 0.444259 -0.046031
v 0.111761 0.457599 -0.041652
v 0.114022 0.447108 -0.002841
v 0.117482 0.432937 -0.004592
v 0.120589 0.417649 -0.006829
v 0.123567 0.401568 -0.008776
v 0.125657 0.385089 -0.010765
v 0.126296 0.368643 -0.013185
v 0.125815 0.352507 -0.015899
v 0.116956 0.351129 -0.008501
v 0.117497 0.366835 -0.005527
v 0.117009 0.382875 -0.003142
v 0.115338 0.398981 -0.001415
v 0.112953 0.414792 0.000221
v 0.110526 0.429947 0.002370
v 0.107379 0.444160 0.003718
v 0.078074 0.457850 -0.061890
v 0.079084 0.445234 -0.066508
v 0.080292 0.431346 -0.072854
v 0.081492 0.416267 -0.080257
v 0.082541 0.400051 -0.087602
v 0.083313 0.382881 -0.093813
v 0.083803 0.365175 -0.098265
v 0.095927 0.365269 -0.096430
v 0.095088 0.383123 -0.092501
v 0.093762 0.400474 -0.086602
v 0.091914 0.416787 -0.079270
v 0.089911 0.431908 -0.071818
v 0.088075 0.445871 -0.065522
v 0.086683 0.458579 -0.061072
v 0.102471 0.427285 0.008398
v 0.104158 0.412335 0.006016
v 0.105791 0.396820 0.004191
v 0.106856 0.381101 0.002194
v 0.107174 0.365457 -0.000335
v 0.106733 0.350136 -0.003535
v 0.095966 0.349475 -0.000746
v 0.096164 0.364519 0.002519
v 0.095928 0.379828 0.005242
v 0.095317 0.395167 0.007841
v 0.094299 0.410388 0.010086
v 0.093176 0.425107 0.012721
v 0.091816 0.439179 0.014979
v 0.048522 0.451752 -0.048816
v 0.047819 0.438864 -0.053355
v 0.047121 0.424662 -0.058511
v 0.046264 0.409508 -0.063905
v 0.045011 0.393699 -0.069259
v 0.043429 0.377419 -0.074227
v 0.041844 0.360775 -0.078456
v 0.062410 0.423480 0.010187
v 0.062531 0.409027 0.007352
v 0.063004 0.394254 0.004034
v 0.063537 0.379381 0.000726
v 0.063790 0.364389 -0.001946
v 0.064146 0.349533 -0.004810
v 0.054734 0.350175 -0.009856
v 0.054289 0.365141 -0.007087
v 0.054164 0.380241 -0.004547
v 0.053840 0.395260 -0.001544
v 0.053607 0.410147 0.001612
v 0.053915 0.424649 0.004398
v 0.053791 0.438255 0.007653
v 0.054248 0.453526 -0.053500
v 0.053814 0.440797 -0.058506
v 0.053402 0.426763 -0.064308
v 0.052891 0.411649 -0.070476
v 0.051970 0.395788 -0.076706
v 0.050796 0.379307 -0.082453
v 0.049670 0.362358 -0.087227
v 0.082862 0.423741 0.014204
v 0.083608 0.409179 0.011468
v 0.084270 0.394191 0.008830
v 0.084743 0.379128 0.005869
v 0.084988 0.364023 0.003168
v 0.085040 0.349161 -0.000108
v 0.074350 0.349206 -0.001600
v 0.074116 0.364031 0.001411
v 0.073873 0.379039 0.004050
v 0.073384 0.393940 0.007273
v 0.072856 0.408748 0.010415
v 0.072425 0.423229 0.013223
v 0.071924 0.436993 0.016535
v 0.061196 0.455205 -0.057457
v 0.061218 0.442604 -0.062618
v 0.061318 0.428660 -0.068821
v 0.061286 0.413592 -0.075611
v 0.060933 0.397639 -0.082478
v 0.060381 0.380929 -0.088730
v 0.059885 0.363666 -0.093660
v 0.040814 0.447916 -0.036072
v 0.040418 0.434689 -0.039421
v 0.039790 0.420257 -0.043285
v 0.038940 0.405033 -0.047251
v 0.037756 0.389340 -0.051000
v 0.036281 0.373402 -0.054374
v 0.034859 0.357309 -0.057224
v 0.036972 0.359043 -0.068136
v 0.038632 0.375403 -0.064647
v 0.040291 0.391511 -0.060547
v 0.041619 0.407272 -0.056079
v 0.042557 0.422476 -0.051488
v 0.043320 0.436803 -0.047043
v 0.043982 0.449874 -0.043146
v 0.037050 0.354058 -0.035823
v 0.037595 0.369666 -0.033544
v 0.038506 0.385267 -0.030960
v 0.039386 0.400751 -0.027960
v 0.040049 0.415925 -0.024542
v 0.040662 0.430434 -0.020970
v 0.040994 0.443882 -0.017636
v 0.069316 0.456737 -0.060664
v 0.069871 0.444154 -0.065553
v 0.070497 0.430252 -0.071871
v 0.071026 0.415187 -0.079031
v 0.071334 0.399135 -0.086311
v 0.071482 0.382159 -0.092641
v 0.071543 0.364633 -0.097407
v 0.153986 0.717213 0.026883
v 0.152332 0.694141 0.026289
v 0.149940 0.671294 0.025160
v 0.146616 0.648869 0.023457
v 0.142538 0.626996 0.021314
v 0.137988 0.605712 0.018900
v 0.133176 0.585068 0.016377
v 0.128220 0.565270 0.013912
v 0.123297 0.546682 0.011590
v 0.116025 0.513530 0.007649
v 0.113807 0.498903 0.005790
v 0.108779 0.497122 0.014787
v 0.111100 0.511841 0.017266
v 0.117572 0.545036 0.022497
v 0.121626 0.563691 0.025656
v 0.125714 0.583550 0.029020
v 0.129628 0.604279 0.032355
v 0.133216 0.625685 0.035447
v 0.136428 0.647656 0.038210
v 0.139176 0.670110 0.040549
v 0.141360 0.692945 0.042350
v 0.142975 0.716023 0.043559
v 0.068804 0.715460 -0.082216
v 0.068821 0.694749 -0.080665
v 0.068639 0.673677 -0.078981
v 0.068341 0.652660 -0.077032
v 0.067966 0.631826 -0.074720
v 0.067589 0.611272 -0.071998
v 0.067279 0.591136 -0.069012
v 0.067084 0.571596 -0.066012
v 0.067013 0.552839 -0.063383
v 0.067286 0.518654 -0.059770
v 0.067609 0.503813 -0.058337
v 0.088684 0.712781 0.065913
v 0.088539 0.690301 0.064394
v 0.088133 0.667862 0.062062
v 0.087503 0.645567 0.059420
v 0.086693 0.623509 0.056502
v 0.085781 0.601768 0.053505
v 0.084894 0.580526 0.050366
v 0.084058 0.560262 0.046531
v 0.083263 0.541438 0.042364
v 0.082217 0.507783 0.037082
v 0.082105 0.492062 0.036636
v 0.010676 0.709362 -0.022283
v 0.013648 0.688278 -0.021003
v 0.015859 0.667620 -0.020383
v 0.017222 0.646883 -0.020165
v 0.017827 0.625827 -0.020178
v 0.018513 0.604588 -0.020245
v 0.019722 0.583495 -0.020348
v 0.021168 0.562881 -0.020551
v 0.022742 0.543068 -0.020878
v 0.027207 0.507386 -0.021662
v 0.030240 0.492370 -0.022024
v 0.126656 0.714921 0.055317
v 0.125528 0.691983 0.053871
v 0.123915 0.669245 0.051732
v 0.121941 0.646815 0.049135
v 0.119617 0.624803 0.046092
v 0.117071 0.603285 0.042783
v 0.114347 0.582392 0.039252
v 0.111396 0.562415 0.035449
v 0.108372 0.543703 0.031688
v 0.094254 0.493233 0.032650
v 0.094459 0.508765 0.033869
v 0.096808 0.542444 0.038832
v 0.098716 0.561210 0.042910
v 0.100522 0.581348 0.046765
v 0.102194 0.602428 0.050130
v 0.103807 0.624067 0.053322
v 0.105294 0.646118 0.056326
v 0.106542 0.668503 0.058926
v 0.107531 0.691113 0.061107
v 0.108132 0.713838 0.062545
v 0.106310 0.505840 -0.043813
v 0.108414 0.520268 -0.045148
v 0.112585 0.554016 -0.047937
v 0.115213 0.572715 -0.049895
v 0.118655 0.592182 -0.052697
v 0.122483 0.612298 -0.055953
v 0.126208 0.632997 -0.059258
v 0.129648 0.654136 -0.062493
v 0.132785 0.675546 -0.065804
v 0.135078 0.697115 -0.068750
v 0.136118 0.718614 -0.070993
v 0.076801 0.505056 -0.059171
v 0.076833 0.519817 -0.060307
v 0.077312 0.553783 -0.063719
v 0.077859 0.572434 -0.066412
v 0.078595 0.591864 -0.069661
v 0.079436 0.611909 -0.073051
v 0.080271 0.632416 -0.076295
v 0.080994 0.653261 -0.079120
v 0.081528 0.674312 -0.081555
v 0.081826 0.695397 -0.083630
v 0.081844 0.716144 -0.085215
v 0.100627 0.506175 -0.050100
v 0.101961 0.520708 -0.051280
v 0.105116 0.554483 -0.054286
v 0.107256 0.573116 -0.056569
v 0.110031 0.592512 -0.059722
v 0.113114 0.612538 -0.063366
v 0.116095 0.633127 -0.067071
v 0.118756 0.654166 -0.070624
v 0.121027 0.675487 -0.074050
v 0.122613 0.696923 -0.077041
v 0.123167 0.718211 -0.079138
v 0.095504 0.716886 -0.086270
v 0.095420 0.695995 -0.084514
v 0.094870 0.674824 -0.081994
v 0.093937 0.653701 -0.079029
v 0.092696 0.632826 -0.075631
v 0.091249 0.612334 -0.072012
v 0.089741 0.592345 -0.068327
v 0.088378 0.572973 -0.064966
v 0.087315 0.554376 -0.062314
v 0.086047 0.520536 -0.059111
v 0.085705 0.505833 -0.058134
v 0.093780 0.506176 -0.055059
v 0.094504 0.520820 -0.056050
v 0.096647 0.554617 -0.059124
v 0.098255 0.573206 -0.061639
v 0.100318 0.592564 -0.064979
v 0.102587 0.612551 -0.068737
v 0.104792 0.633061 -0.072589
v 0.106708 0.654004 -0.076222
v 0.108244 0.675222 -0.079575
v 0.109226 0.696522 -0.082397
v 0.109487 0.717609 -0.084363
v 0.118124 0.503244 -0.021196
v 0.120750 0.517553 -0.021075
v 0.126756 0.551100 -0.021318
v 0.131123 0.569815 -0.021834
v 0.135887 0.589607 -0.022556
v 0.140659 0.610225 -0.023347
v 0.145566 0.631361 -0.024197
v 0.151015 0.652761 -0.025266
v 0.155860 0.674585 -0.026342
v 0.159249 0.696809 -0.027344
v 0.161225 0.719137 -0.028406
v 0.147485 0.718857 -0.059653
v 0.145925 0.697120 -0.057540
v 0.142978 0.675388 -0.054966
v 0.138976 0.653889 -0.052074
v 0.134693 0.632677 -0.049309
v 0.130339 0.611851 -0.046632
v 0.125937 0.591603 -0.044010
v 0.121962 0.572031 -0.041761
v 0.118877 0.553276 -0.040213
v 0.113967 0.519563 -0.038025
v 0.111388 0.505230 -0.036926
v 0.115610 0.504328 -0.029458
v 0.118311 0.518617 -0.029994
v 0.123712 0.552285 -0.031271
v 0.127332 0.571061 -0.032347
v 0.131715 0.590757 -0.033888
v 0.136437 0.611185 -0.035669
v 0.141218 0.632158 -0.037518
v 0.146297 0.653436 -0.039593
v 0.150918 0.675068 -0.041692
v 0.154229 0.697031 -0.043540
v 0.156187 0.719041 -0.045231
v 0.017132 0.711578 -0.041503
v 0.019272 0.689823 -0.039093
v 0.020802 0.668759 -0.037565
v 0.021460 0.647987 -0.036725
v 0.021474 0.627051 -0.036282
v 0.021943 0.605985 -0.035740
v 0.023131 0.585101 -0.035086
v 0.024575 0.564693 -0.034471
v 0.025852 0.545016 -0.034129
v 0.028800 0.509206 -0.033962
v 0.031213 0.493984 -0.033720
v 0.035853 0.496051 -0.042464
v 0.033885 0.511303 -0.043214
v 0.031552 0.546879 -0.044286
v 0.030408 0.566369 -0.045218
v 0.029114 0.586573 -0.046469
v 0.028102 0.607265 -0.047667
v 0.027732 0.628173 -0.048560
v 0.027775 0.649052 -0.049235
v 0.027485 0.669936 -0.050153
v 0.026716 0.691278 -0.051667
v 0.025558 0.713041 -0.053954
v 0.033423 0.491683 -0.009995
v 0.030124 0.506378 -0.008789
v 0.023930 0.541468 -0.006435
v 0.021684 0.561265 -0.005347
v 0.020143 0.582033 -0.004408
v 0.019151 0.603330 -0.003623
v 0.018611 0.624768 -0.002962
v 0.017781 0.646035 -0.002287
v 0.016166 0.666982 -0.001601
v 0.013976 0.687636 -0.001099
v 0.011331 0.708177 -0.001058
v 0.038387 0.491621 0.000433
v 0.035481 0.506207 0.002298
v 0.028930 0.540616 0.006368
v 0.026055 0.560196 0.008432
v 0.024159 0.580953 0.010175
v 0.023258 0.602392 0.011486
v 0.023067 0.624041 0.012423
v 0.022604 0.645581 0.013356
v 0.021297 0.666868 0.014449
v 0.019353 0.687825 0.015529
v 0.017033 0.708350 0.016353
v 0.034630 0.713800 -0.063651
v 0.035264 0.692401 -0.061605
v 0.035601 0.671038 -0.060155
v 0.035713 0.650070 -0.059089
v 0.035715 0.629212 -0.058108
v 0.036000 0.608422 -0.056857
v 0.036754 0.587892 -0.055220
v 0.037786 0.567872 -0.053433
v 0.038777 0.548580 -0.051932
v 0.040817 0.513357 -0.049865
v 0.042462 0.498206 -0.048594
v 0.050170 0.500281 -0.052860
v 0.048941 0.515327 -0.054506
v 0.047309 0.550162 -0.057522
v 0.046587 0.569256 -0.059541
v 0.045899 0.589100 -0.061814
v 0.045454 0.609487 -0.063886
v 0.045296 0.630187 -0.065595
v 0.045333 0.651038 -0.066959
v 0.045374 0.672038 -0.068209
v 0.045315 0.693298 -0.069625
v 0.045037 0.714343 -0.071429
v 0.162994 0.718882 -0.010236
v 0.160977 0.696242 -0.009777
v 0.157701 0.673762 -0.009606
v 0.153097 0.651701 -0.009606
v 0.147841 0.630125 -0.009707
v 0.142931 0.608888 -0.009925
v 0.138137 0.588159 -0.010170
v 0.132947 0.568345 -0.010389
v 0.127835 0.549733 -0.010666
v 0.120995 0.516391 -0.011637
v 0.118613 0.501993 -0.012381
v 0.117073 0.500552 -0.003329
v 0.119300 0.515061 -0.002028
v 0.126653 0.548262 0.000403
v 0.131992 0.566822 0.001705
v 0.137386 0.586607 0.003049
v 0.142387 0.607299 0.004407
v 0.147353 0.628540 0.005749
v 0.152119 0.650282 0.006970
v 0.156094 0.672571 0.007929
v 0.158910 0.695290 0.008481
v 0.160682 0.718213 0.008565
v 0.036582 0.710231 0.045344
v 0.038161 0.688802 0.043762
v 0.039546 0.667093 0.041887
v 0.040276 0.645231 0.040162
v 0.040356 0.623281 0.038642
v 0.040162 0.601345 0.037172
v 0.040739 0.579782 0.034871
v 0.042585 0.559290 0.031365
v 0.044983 0.540272 0.027571
v 0.047365 0.506247 0.023277
v 0.047598 0.490988 0.021888
v 0.036016 0.540304 0.017561
v 0.033097 0.559591 0.020589
v 0.031038 0.580233 0.023233
v 0.030237 0.601755 0.025053
v 0.030344 0.623582 0.026180
v 0.030195 0.645369 0.027289
v 0.029278 0.666990 0.028589
v 0.027640 0.688357 0.029997
v 0.025627 0.709294 0.031277
v 0.056530 0.714872 -0.077508
v 0.056605 0.694064 -0.075920
v 0.056505 0.672919 -0.074461
v 0.056334 0.651912 -0.072947
v 0.056173 0.631070 -0.071147
v 0.056115 0.610447 -0.068948
v 0.056224 0.590192 -0.066403
v 0.056498 0.570509 -0.063722
v 0.056858 0.551601 -0.061302
v 0.057864 0.517133 -0.057712
v 0.058639 0.502216 -0.055964
v 0.069182 0.711843 0.064026
v 0.069534 0.689656 0.062432
v 0.069774 0.667431 0.060036
v 0.069716 0.645249 0.057584
v 0.069439 0.623197 0.054955
v 0.069003 0.601342 0.052385
v 0.068725 0.579956 0.049407
v 0.068817 0.559617 0.045441
v 0.069166 0.540823 0.041012
v 0.069454 0.507121 0.035608
v 0.069314 0.491498 0.034637
v 0.057212 0.491061 0.030270
v 0.057288 0.506577 0.031327
v 0.056122 0.540466 0.035730
v 0.054618 0.559305 0.040059
v 0.053544 0.579699 0.044019
v 0.053333 0.601205 0.046711
v 0.053554 0.623138 0.048719
v 0.053543 0.645162 0.050807
v 0.053102 0.667196 0.053000
v 0.052213 0.689178 0.055258
v 0.051199 0.711013 0.057037
v 0.055847 0.214033 -0.079279
v 0.062919 0.214010 -0.082887
v 0.070447 0.213974 -0.085153
v 0.078257 0.213937 -0.085789
v 0.060140 0.216106 -0.027424
v 0.054957 0.216087 -0.032156
v 0.072692 0.215908 -0.021851
v 0.066135 0.216040 -0.023921
v 0.086216 0.215503 -0.022272
v 0.079494 0.215721 -0.021265
v 0.086018 0.213843 -0.085008
v 0.092553 0.215260 -0.024697
v 0.093413 0.213725 -0.082645
v 0.099907 0.213658 -0.078524
v 0.050774 0.215975 -0.037899
v 0.110835 0.213774 -0.059567
v 0.047634 0.215759 -0.044389
v 0.111023 0.213973 -0.052382
v 0.109544 0.214246 -0.045475
v 0.106762 0.214530 -0.039095
v 0.045818 0.215451 -0.051494
v 0.045371 0.215053 -0.058974
v 0.105237 0.213609 -0.073124
v 0.108945 0.213643 -0.066643
v 0.102989 0.214775 -0.033339
v 0.098236 0.215010 -0.028431
v 0.046642 0.214610 -0.066577
v 0.050152 0.214233 -0.073664
v 0.040979 0.337305 -0.027936
v 0.036270 0.338510 -0.037605
v 0.033902 0.339810 -0.048302
v 0.035634 0.342516 -0.070854
v 0.040695 0.343881 -0.081620
v 0.048980 0.345123 -0.090570
v 0.071593 0.346936 -0.100387
v 0.137139 0.342601 -0.059741
v 0.117471 0.346430 -0.087242
v 0.107630 0.347113 -0.093995
v 0.096306 0.347432 -0.098627
v 0.132554 0.344128 -0.069986
v 0.136986 0.339364 -0.037500
v 0.124571 0.336809 -0.018614
v 0.105951 0.335137 -0.006650
v 0.064544 0.334914 -0.007704
v 0.084900 0.334562 -0.003352
v 0.059658 0.346154 -0.096827
v 0.033566 0.341144 -0.059499
v 0.047466 0.336270 -0.019571
v 0.055398 0.335458 -0.012720
v 0.074508 0.334632 -0.004648
v 0.095476 0.334726 -0.003969
v 0.115900 0.335810 -0.011479
v 0.131695 0.338016 -0.027416
v 0.138896 0.340947 -0.048659
v 0.125811 0.345423 -0.079143
v 0.084073 0.347371 -0.100810
v 0.042345 0.466462 -0.003327
v 0.038905 0.467407 -0.012782
v 0.037054 0.468616 -0.023245
v 0.041954 0.472123 -0.040098
v 0.047209 0.474001 -0.045327
v 0.053405 0.475799 -0.049425
v 0.068414 0.479069 -0.056682
v 0.112737 0.480075 -0.030192
v 0.099862 0.481746 -0.050130
v 0.093406 0.481644 -0.054994
v 0.085583 0.481165 -0.057762
v 0.108999 0.480938 -0.037012
v 0.114587 0.477084 -0.015099
v 0.109875 0.472876 0.000731
v 0.057686 0.462028 0.025770
v 0.082193 0.462384 0.031409
v 0.060508 0.477506 -0.053036
v 0.038132 0.470261 -0.033046
v 0.045899 0.465208 0.006194
v 0.049343 0.463350 0.016807
v 0.069486 0.461871 0.030312
v 0.092591 0.464942 0.025207
v 0.105312 0.470466 0.008795
v 0.112963 0.475106 -0.007267
v 0.114535 0.478762 -0.022778
v 0.104562 0.481474 -0.043623
v 0.077004 0.480299 -0.058369
v 0.014903 0.728232 0.016614
v 0.013456 0.746824 0.016349
v 0.008965 0.728321 -0.001668
v 0.007643 0.746774 -0.002512
v 0.007757 0.729911 -0.023960
v 0.006142 0.747992 -0.025289
v 0.023973 0.733085 -0.056674
v 0.022000 0.749894 -0.059361
v 0.033700 0.733468 -0.065962
v 0.032415 0.750360 -0.068219
v 0.044571 0.733832 -0.073244
v 0.043860 0.751045 -0.074702
v 0.068576 0.735055 -0.083276
v 0.068100 0.753106 -0.083483
v 0.095041 0.737001 -0.086944
v 0.093983 0.755991 -0.086993
v 0.157046 0.740888 -0.047027
v 0.157146 0.762605 -0.049266
v 0.108872 0.738023 -0.085176
v 0.107525 0.757456 -0.085832
v 0.122574 0.738932 -0.080306
v 0.121232 0.758829 -0.081702
v 0.147738 0.740304 -0.061520
v 0.147227 0.761386 -0.063818
v 0.164076 0.741522 -0.011090
v 0.163836 0.764122 -0.012412
v 0.154875 0.740385 0.026883
v 0.154339 0.763487 0.025995
v 0.127219 0.737915 0.056059
v 0.126833 0.760758 0.055576
v 0.050604 0.732362 0.057426
v 0.050313 0.752663 0.056728
v 0.088545 0.735056 0.066356
v 0.088115 0.756850 0.066006
v 0.056273 0.734354 -0.078890
v 0.055818 0.751957 -0.079593
v 0.014600 0.732028 -0.044324
v 0.012375 0.749254 -0.046625
v 0.023797 0.729453 0.032079
v 0.022602 0.748360 0.032148
v 0.035507 0.730980 0.045975
v 0.034983 0.750483 0.045659
v 0.068828 0.733681 0.064387
v 0.068406 0.754781 0.063871
v 0.108282 0.736494 0.063144
v 0.107889 0.758854 0.062763
v 0.143942 0.739236 0.044127
v 0.143477 0.762388 0.043413
v 0.161561 0.741188 0.008144
v 0.161005 0.764082 0.007064
v 0.162322 0.741379 -0.029766
v 0.162495 0.763580 -0.031529
v 0.135815 0.739675 -0.072576
v 0.134769 0.760120 -0.074549
v 0.081545 0.735974 -0.085974
v 0.080850 0.754510 -0.085875
v 0.046940 0.522674 0.024584
v 0.082568 0.524146 0.038616
v 0.069454 0.523478 0.037343
v 0.105778 0.526357 0.028558
v 0.100182 0.441491 0.010011
v 0.082108 0.437615 0.017229
v 0.062088 0.437128 0.013505
v 0.048032 0.440078 -0.000230
v 0.047099 0.452772 0.003223
v 0.103851 0.510240 0.026163
v 0.101984 0.495287 0.023452
v 0.100572 0.481223 0.020457
v 0.043292 0.491496 0.010606
v 0.041308 0.506269 0.012620
v 0.039011 0.522541 0.014752
v 0.099305 0.467933 0.016733
v 0.098777 0.454948 0.012732
v 0.044889 0.477993 0.008509
v 0.119184 0.529419 0.009548
v 0.114126 0.527727 0.019810
v 0.067072 0.535102 -0.061355
v 0.024683 0.524427 -0.021269
v 0.095122 0.525131 0.035314
v 0.110517 0.536392 -0.046547
v 0.076976 0.536153 -0.061747
v 0.103477 0.536889 -0.052695
v 0.086571 0.536793 -0.060468
v 0.095465 0.537044 -0.057398
v 0.123422 0.533590 -0.021107
v 0.116446 0.535642 -0.039132
v 0.120910 0.534684 -0.030586
v 0.027116 0.526388 -0.034021
v 0.032544 0.528386 -0.043743
v 0.026839 0.523061 -0.007599
v 0.032274 0.522566 0.004248
v 0.039695 0.530295 -0.050841
v 0.048058 0.532090 -0.055919
v 0.123841 0.532364 -0.011087
v 0.122343 0.530987 -0.000826
v 0.057293 0.533716 -0.059368
v 0.057197 0.522992 0.032545
v 0.100119 0.470650 -0.051256
v 0.114632 0.468884 -0.032329
v 0.114674 0.462787 -0.009129
v 0.110046 0.469728 -0.038836
v 0.104806 0.457578 0.005396
v 0.085892 0.470140 -0.058682
v 0.091618 0.452196 0.019628
v 0.051671 0.450673 0.012482
v 0.070666 0.448912 0.023923
v 0.043951 0.461496 -0.040507
v 0.040557 0.456098 -0.014881
v 0.093662 0.470596 -0.055969
v 0.043607 0.454547 -0.005806
v 0.117241 0.467397 -0.024840
v 0.117279 0.465304 -0.016860
v 0.039164 0.457802 -0.024705
v 0.105064 0.470278 -0.045046
v 0.110101 0.460164 -0.001912
v 0.077385 0.469312 -0.059294
v 0.048688 0.463254 -0.045739
v 0.059921 0.449191 0.019934
v 0.054388 0.464947 -0.050071
v 0.082010 0.449774 0.024262
v 0.061121 0.466572 -0.053951
v 0.040433 0.459672 -0.033791
v 0.068876 0.468111 -0.057651
v 0.111996 0.485443 0.003639
v 0.068042 0.490847 -0.057034
v 0.082083 0.476932 0.034766
v 0.033973 0.479825 -0.022465
v 0.085461 0.492922 -0.057447
v 0.109495 0.492599 -0.036466
v 0.034861 0.481359 -0.033060
v 0.044880 0.485392 -0.046705
v 0.116248 0.489112 -0.013492
v 0.048749 0.476915 0.019406
v 0.059651 0.489262 -0.054180
v 0.069335 0.476515 0.032797
v 0.107009 0.483403 0.012106
v 0.093517 0.478633 0.029567
v 0.070033 0.797515 -0.109827
v 0.063640 0.812351 -0.116131
v 0.101657 0.809451 -0.109558
v 0.095698 0.828306 -0.115172
v 0.116987 0.815278 -0.101595
v 0.111496 0.835433 -0.106327
v 0.085328 0.803450 -0.111569
v 0.078990 0.820415 -0.117302
v 0.044963 0.789903 -0.095794
v 0.038478 0.799408 -0.103518
v 0.056407 0.792823 -0.104174
v 0.050015 0.805101 -0.111301
v 0.035376 0.788340 -0.085968
v 0.028892 0.795583 -0.093581
v 0.026905 0.787086 -0.075363
v 0.020921 0.793574 -0.081944
v 0.106488 0.775220 -0.092150
v 0.120682 0.777578 -0.087381
v 0.092263 0.773187 -0.092585
v 0.078964 0.771469 -0.089728
v 0.066692 0.769766 -0.085282
v 0.054903 0.767957 -0.080375
v 0.043086 0.766190 -0.075504
v 0.031338 0.764759 -0.069730
v 0.105110 0.791673 -0.101672
v 0.119856 0.795925 -0.094981
v 0.089571 0.787825 -0.102780
v 0.075081 0.784603 -0.099930
v 0.062318 0.782489 -0.094045
v 0.051371 0.781309 -0.086193
v 0.041120 0.779633 -0.078204
v 0.030491 0.777280 -0.070825
v 0.022369 1.264240 0.021911
v 0.024174 1.243830 0.031790
v 0.023312 1.254299 0.026394
v 0.020949 1.271628 0.015147
v 0.014613 1.262610 0.022875
v 0.015944 1.242942 0.033549
v 0.015339 1.253268 0.028231
v 0.145870 1.207296 -0.101782
v 0.161874 1.216623 -0.092572
v 0.173059 1.222646 -0.074437
v 0.176632 1.223030 -0.052002
v 0.171587 1.218112 -0.030717
v 0.154632 1.208493 -0.019592
v 0.121450 1.198326 -0.021483
v 0.110228 1.202049 -0.022202
v 0.109440 1.192421 -0.040923
v 0.110188 1.189941 -0.060554
v 0.108191 1.190562 -0.079746
v 0.128310 1.196165 -0.098287
v 0.092974 1.253541 -0.107415
v 0.104921 1.270810 -0.097903
v 0.115799 1.280403 -0.079526
v 0.119890 1.283390 -0.057370
v 0.119520 1.278736 -0.034464
v 0.111424 1.265611 -0.016551
v 0.096562 1.242506 -0.003202
v 0.093440 1.238290 -0.001170
v 0.081129 1.235275 -0.109495
v 0.054652 1.239177 -0.108743
v 0.058208 1.262246 -0.104592
v 0.064108 1.281500 -0.093121
v 0.073645 1.294488 -0.075536
v 0.080874 1.298485 -0.056412
v 0.081821 1.293721 -0.036324
v 0.079164 1.278962 -0.017334
v 0.078209 1.250791 0.002267
v 0.079558 1.242184 0.006551
v 0.100770 1.192247 -0.002661
v 0.105777 1.181077 -0.029181
v 0.106401 1.175787 -0.053649
v 0.099714 1.172638 -0.075577
v 0.114034 1.208084 -0.105371
v 0.130427 1.223979 -0.106723
v 0.144928 1.238548 -0.097620
v 0.160389 1.250731 -0.055056
v 0.157784 1.245126 -0.031248
v 0.114587 1.216959 -0.009139
v 0.104694 1.215713 -0.007206
v 0.155240 1.248276 -0.078885
v 0.143993 1.231340 -0.016887
v 0.096421 1.196680 -0.096392
v 0.090904 1.212596 0.008271
v 0.082231 1.180086 -0.093107
v 0.073368 1.221089 -0.107607
v 0.056239 1.215770 -0.107173
v 0.175611 1.221803 -0.040938
v 0.119705 1.282758 -0.045885
v 0.082854 1.297290 -0.046342
v 0.160875 1.249223 -0.042555
v 0.175547 1.223918 -0.063454
v 0.118404 1.282709 -0.068623
v 0.078785 1.297410 -0.066098
v 0.158368 1.250424 -0.067244
v 0.164052 1.213087 -0.023526
v 0.116361 1.272910 -0.024479
v 0.080883 1.287280 -0.026681
v 0.152149 1.237999 -0.022532
v 0.144398 1.204731 -0.017988
v 0.106244 1.257345 -0.010682
v 0.078705 1.269257 -0.009338
v 0.134976 1.225337 -0.013055
v 0.168204 1.220408 -0.084538
v 0.110186 1.277063 -0.089591
v 0.068505 1.289193 -0.084562
v 0.151263 1.244071 -0.089189
v 0.154143 1.212361 -0.098418
v 0.099338 1.262524 -0.103822
v 0.060898 1.272424 -0.099966
v 0.138123 1.231730 -0.103320
v 0.068620 1.239852 -0.109359
v 0.075710 1.260666 -0.105904
v 0.084390 1.278686 -0.095315
v 0.100289 1.288622 -0.035677
v 0.095416 1.274664 -0.017348
v 0.099677 1.292436 -0.057324
v 0.094050 1.288937 -0.077533
v 0.087766 1.248456 -0.001693
v 0.087492 1.240814 0.001391
v 0.102363 1.199331 -0.015538
v 0.104699 1.190917 -0.036330
v 0.105570 1.186579 -0.057042
v 0.101648 1.182410 -0.077218
v 0.096150 1.214908 -0.002560
v 0.088947 1.189113 -0.095298
v 0.066666 1.219738 -0.107562
v 0.100955 1.291636 -0.046562
v 0.097927 1.291339 -0.067628
v 0.098864 1.282505 -0.025652
v 0.092763 1.265417 -0.010867
v 0.089320 1.284746 -0.086847
v 0.080265 1.270497 -0.101835
v 0.102931 1.234860 -0.003953
v 0.133581 1.268491 -0.033219
v 0.130746 1.269949 -0.080309
v 0.106804 1.243125 -0.108531
v 0.092566 1.226176 -0.109343
v 0.079014 1.213908 -0.106296
v 0.060623 1.203237 -0.104755
v 0.096115 1.231852 -0.001621
v 0.124142 1.254700 -0.015612
v 0.135502 1.273474 -0.056948
v 0.120608 1.259761 -0.099371
v 0.082251 1.233027 0.009133
v 0.135473 1.272209 -0.044789
v 0.133840 1.272603 -0.068867
v 0.129777 1.262274 -0.023223
v 0.117138 1.247043 -0.010285
v 0.126442 1.265831 -0.090769
v 0.113879 1.251906 -0.105237
v 0.070841 1.209540 -0.105636
v 0.089204 1.232967 0.002311
v 0.074444 1.231258 0.017280
v 0.065346 1.228394 0.025541
v 0.119580 1.233339 -0.108437
v 0.133631 1.249217 -0.099249
v 0.146745 1.257391 -0.032068
v 0.100302 1.224352 -0.003488
v 0.143480 1.259212 -0.079950
v 0.135209 1.243350 -0.015553
v 0.085949 1.222925 0.009645
v 0.092376 1.224180 0.000786
v 0.103793 1.216288 -0.107791
v 0.148589 1.262894 -0.056249
v 0.109158 1.226756 -0.005605
v 0.086845 1.204164 -0.102873
v 0.069043 1.190232 -0.099860
v 0.149007 1.261285 -0.043756
v 0.147059 1.261971 -0.068404
v 0.142197 1.250799 -0.022338
v 0.127005 1.236557 -0.010987
v 0.139614 1.254997 -0.090384
v 0.126949 1.241764 -0.105336
v 0.078395 1.198391 -0.101788
v 0.139442 1.215632 -0.104117
v 0.154844 1.227754 -0.095286
v 0.166097 1.231555 -0.030719
v 0.108107 1.207689 -0.013444
v 0.165997 1.236052 -0.076974
v 0.150376 1.219618 -0.018286
v 0.092588 1.174383 -0.085271
v 0.095609 1.201986 0.004685
v 0.122169 1.201780 -0.101939
v 0.170127 1.236870 -0.053366
v 0.118694 1.208516 -0.014960
v 0.103479 1.192261 -0.088105
v 0.169708 1.235575 -0.041562
v 0.168359 1.237813 -0.065503
v 0.159282 1.225414 -0.022841
v 0.140542 1.214839 -0.015621
v 0.161209 1.232652 -0.087288
v 0.147395 1.222065 -0.100918
v 0.099733 1.205851 -0.007511
v 0.096266 1.183261 -0.086963
v 0.133284 1.201635 -0.018379
v 0.100644 1.250046 -0.006407
v 0.078281 1.259607 -0.003119
v 0.125064 1.220694 -0.010618
v 0.089860 1.256553 -0.005813
v 0.109845 1.240765 -0.006610
v 0.118129 1.230872 -0.007899
v 0.129821 1.211135 -0.014545
v 0.137202 1.201852 -0.102053
v 0.086760 1.244209 -0.109191
v 0.055980 1.251054 -0.107432
v 0.122678 1.216482 -0.107452
v 0.072038 1.250412 -0.108357
v 0.099810 1.234437 -0.109784
v 0.112062 1.225065 -0.109126
v 0.131108 1.209177 -0.104601
v 0.118976 1.189806 -0.088435
v 0.105144 1.201757 -0.100181
v 0.076330 1.227203 -0.108663
v 0.054607 1.227757 -0.108515
v 0.066378 1.229858 -0.108748
v 0.085705 1.219249 -0.107713
v 0.095140 1.209242 -0.104907
v 0.112973 1.195081 -0.094935
v 0.041561 1.246343 0.025366
v 0.043553 1.235524 0.032234
v 0.038284 1.266706 0.014423
v 0.039834 1.256662 0.019320
v 0.032730 1.244970 0.029104
v 0.034234 1.234077 0.035929
v 0.030278 1.265480 0.018850
v 0.031455 1.255416 0.023349
v 0.046689 1.268167 0.008954
v 0.048518 1.258024 0.014229
v 0.050604 1.247916 0.020412
v 0.052936 1.237268 0.026982
v 0.067460 1.260124 0.002036
v 0.071207 1.241278 0.013298
v 0.066195 1.270448 -0.004570
v 0.068965 1.250658 0.008108
v 0.065372 1.302716 -0.054891
v 0.062265 1.301632 -0.064011
v 0.025191 1.232948 0.038346
v 0.016563 1.232126 0.039794
v 0.109184 1.195345 -0.031334
v 0.104076 1.185451 -0.015633
v 0.103347 1.193622 -0.025609
v 0.109488 1.190062 -0.050656
v 0.106693 1.178009 -0.041852
v 0.105013 1.188067 -0.046797
v 0.109844 1.189578 -0.070147
v 0.103994 1.173578 -0.064772
v 0.104543 1.184157 -0.066970
v 0.045114 1.280990 -0.091196
v 0.028670 1.278847 -0.089851
v 0.014053 1.276776 -0.088186
v 0.014389 1.203897 -0.099455
v 0.028759 1.206524 -0.104122
v 0.043230 1.210709 -0.106321
v 0.013739 1.217743 -0.100973
v 0.027332 1.220371 -0.105589
v 0.041221 1.224422 -0.107846
v 0.013345 1.230703 -0.101258
v 0.026674 1.233611 -0.105563
v 0.040488 1.236536 -0.107770
v 0.013361 1.243659 -0.100216
v 0.026773 1.246300 -0.103996
v 0.040951 1.249018 -0.106127
v 0.013573 1.255577 -0.097607
v 0.027590 1.258384 -0.100692
v 0.042336 1.260849 -0.103014
v 0.028179 1.268839 -0.095879
v 0.043622 1.271216 -0.098163
v 0.030931 1.191429 -0.100863
v 0.047182 1.195562 -0.103163
v 0.015460 1.188803 -0.096081
v 0.062254 1.239322 0.020467
v 0.112552 1.185380 -0.040929
v 0.112836 1.182947 -0.063948
v 0.114930 1.189499 -0.030574
v 0.111443 1.182630 -0.052260
v 0.114881 1.184058 -0.075947
v 0.055750 1.269638 0.002420
v 0.105201 1.169556 -0.022062
v 0.105663 1.164034 -0.049962
v 0.096355 1.161420 -0.072681
v 0.072716 1.168096 -0.089458
v 0.053858 1.177173 -0.096710
v 0.086505 1.163194 -0.082114
v 0.103751 1.173480 -0.004889
v 0.106475 1.166508 -0.036848
v 0.101391 1.162194 -0.061841
v 0.036096 1.222657 0.043296
v 0.045894 1.224011 0.039247
v 0.026474 1.221581 0.045576
v 0.017281 1.220793 0.046587
v 0.055680 1.225815 0.033132
v 0.018251 1.209032 0.053887
v 0.027269 1.027010 -0.060617
v 0.014115 1.026492 -0.059708
v 0.014290 1.091213 -0.060149
v 0.027751 1.090474 -0.062968
v 0.083132 1.028925 -0.016343
v 0.093071 1.091494 -0.020442
v 0.069340 1.023685 0.043419
v 0.071511 1.092009 0.046723
v 0.038114 1.020122 0.067728
v 0.037108 1.095414 0.069012
v 0.032797 1.175116 -0.095165
v 0.016186 1.173536 -0.090868
v 0.089612 1.090371 -0.033158
v 0.080544 1.029148 -0.026999
v 0.075925 1.029143 -0.036549
v 0.083296 1.089546 -0.043831
v 0.069185 1.028931 -0.044577
v 0.074849 1.089138 -0.052086
v 0.060698 1.028555 -0.051008
v 0.064692 1.089164 -0.057877
v 0.050827 1.028087 -0.056055
v 0.053249 1.089494 -0.061424
v 0.039625 1.027571 -0.059453
v 0.040854 1.089940 -0.063183
v 0.091507 1.093023 0.007726
v 0.083818 1.027642 0.007126
v 0.084153 1.028436 -0.004941
v 0.093611 1.092479 -0.006551
v 0.015198 1.124336 -0.070104
v 0.015616 1.141104 -0.076962
v 0.016077 1.157581 -0.084178
v 0.104753 1.155814 -0.016588
v 0.102756 1.140900 -0.012609
v 0.099619 1.125400 -0.009746
v 0.099792 1.124307 -0.025415
v 0.103050 1.139442 -0.028873
v 0.105527 1.153494 -0.032614
v 0.104382 1.157680 0.001726
v 0.102126 1.141492 0.005233
v 0.097643 1.125768 0.006652
v 0.090675 1.148867 -0.069602
v 0.085876 1.135855 -0.066027
v 0.082005 1.121469 -0.061162
v 0.070949 1.121291 -0.067476
v 0.074700 1.136260 -0.073115
v 0.079972 1.149957 -0.077946
v 0.098276 1.149452 -0.058967
v 0.094589 1.136441 -0.055929
v 0.090796 1.122185 -0.051827
v 0.103231 1.151206 -0.046740
v 0.100195 1.137812 -0.043466
v 0.096722 1.123155 -0.039726
v 0.058194 1.121809 -0.071349
v 0.061285 1.137671 -0.077695
v 0.065915 1.152923 -0.083926
v 0.044288 1.122619 -0.073289
v 0.046565 1.139241 -0.080187
v 0.049507 1.156494 -0.087723
v 0.032530 1.157288 -0.087616
v 0.031085 1.140150 -0.080156
v 0.029748 1.123398 -0.073128
v 0.028672 1.106796 -0.067238
v 0.014727 1.107701 -0.064282
v 0.095992 1.108114 -0.022634
v 0.092716 1.106881 -0.036149
v 0.086524 1.105911 -0.047459
v 0.077945 1.105345 -0.056218
v 0.042330 1.106178 -0.067581
v 0.055324 1.105650 -0.065892
v 0.067356 1.105278 -0.062279
v 0.095874 1.109221 -0.007861
v 0.093125 1.109694 0.007103
v 0.027075 1.074538 -0.060345
v 0.026735 1.058860 -0.059159
v 0.026778 1.043136 -0.059239
v 0.013833 1.042960 -0.057870
v 0.013788 1.059016 -0.057233
v 0.013964 1.075012 -0.057787
v 0.090085 1.075441 -0.018820
v 0.086956 1.060003 -0.017620
v 0.084729 1.044587 -0.016857
v 0.071022 1.075699 0.046352
v 0.070130 1.058843 0.045060
v 0.069509 1.041528 0.044025
v 0.037332 1.077478 0.068045
v 0.037740 1.058578 0.067855
v 0.037894 1.039421 0.067602
v 0.086423 1.074663 -0.030662
v 0.083438 1.059544 -0.028798
v 0.081499 1.044465 -0.027649
v 0.080432 1.074023 -0.040789
v 0.077849 1.059120 -0.038467
v 0.076259 1.044269 -0.037101
v 0.072394 1.073696 -0.048797
v 0.070337 1.058836 -0.046344
v 0.069145 1.044044 -0.044947
v 0.062675 1.073694 -0.054545
v 0.061164 1.058727 -0.052264
v 0.060393 1.043818 -0.051056
v 0.051708 1.073900 -0.058277
v 0.050694 1.058725 -0.056386
v 0.050322 1.043585 -0.055599
v 0.039775 1.074190 -0.060293
v 0.039147 1.058771 -0.058775
v 0.039048 1.043354 -0.058438
v 0.090051 1.076506 0.007961
v 0.087575 1.060392 0.007639
v 0.085376 1.044219 0.007313
v 0.091367 1.076113 -0.005750
v 0.088341 1.060333 -0.005346
v 0.085973 1.044549 -0.005107
v 0.088556 1.109433 0.021750
v 0.086994 1.093004 0.021713
v 0.081604 1.026531 0.019675
v 0.082651 1.043550 0.020117
v 0.084305 1.060120 0.020876
v 0.086052 1.076518 0.021678
v 0.079972 1.092536 0.034748
v 0.077048 1.042617 0.032524
v 0.078053 1.059568 0.033461
v 0.079258 1.076180 0.034537
v 0.076533 1.025169 0.031953
v 0.061289 1.092226 0.056779
v 0.060285 1.022263 0.053458
v 0.060189 1.040558 0.053881
v 0.060505 1.058371 0.054852
v 0.061003 1.075650 0.056141
v 0.049447 1.093524 0.064103
v 0.049556 1.039849 0.061835
v 0.049587 1.058314 0.062518
v 0.049477 1.076313 0.063232
v 0.049845 1.021059 0.061802
v 0.024673 1.097359 0.071626
v 0.025717 1.019480 0.071273
v 0.025632 1.039235 0.071179
v 0.025445 1.059020 0.071080
v 0.025024 1.078791 0.070918
v 0.072143 1.108127 0.046878
v 0.036286 1.111873 0.067079
v 0.081525 1.108707 0.035223
v 0.061065 1.108495 0.056126
v 0.048774 1.110028 0.062570
v 0.024060 1.113655 0.070014
v 0.024217 1.127203 0.073940
v 0.023957 1.140309 0.078379
v 0.023597 1.154942 0.078146
v 0.022585 1.169616 0.074652
v 0.019566 1.196642 0.061363
v 0.021098 1.183538 0.068712
v 0.045363 0.906827 -0.107220
v 0.020809 0.908334 -0.098786
v 0.123334 0.931787 -0.011910
v 0.075152 0.911308 0.041845
v 0.038941 0.898445 0.057217
v 0.124402 0.933091 -0.029767
v 0.121694 0.933422 -0.048044
v 0.114868 0.932559 -0.065635
v 0.103767 0.930097 -0.081259
v 0.088952 0.925934 -0.094512
v 0.069845 0.919038 -0.104288
v 0.109998 0.925671 0.018090
v 0.118367 0.929332 0.004424
v 0.099293 0.921098 0.028509
v 0.087296 0.916060 0.035831
v 0.063132 0.906821 0.047411
v 0.051184 0.902444 0.052738
v 0.026360 0.895262 0.060651
v 0.081918 1.013201 -0.027127
v 0.089304 0.998354 -0.028940
v 0.097536 0.983472 -0.030283
v 0.105805 0.967693 -0.030871
v 0.115473 0.951336 -0.030705
v 0.112428 0.951971 -0.047689
v 0.102321 0.968340 -0.045985
v 0.093291 0.983881 -0.043582
v 0.084545 0.998490 -0.040252
v 0.077658 1.013412 -0.037072
v 0.050549 1.001962 0.062079
v 0.051142 0.982570 0.061697
v 0.051293 0.962809 0.060141
v 0.051273 0.942790 0.057996
v 0.051184 0.922598 0.055512
v 0.062416 0.926151 0.048758
v 0.062252 0.945738 0.050515
v 0.062306 0.965283 0.052279
v 0.061955 0.984615 0.053334
v 0.061042 1.003581 0.053494
v 0.081625 1.009089 0.019500
v 0.084449 0.991770 0.020323
v 0.086756 0.974082 0.020922
v 0.089419 0.956117 0.021760
v 0.093890 0.938424 0.024372
v 0.102991 0.942737 0.013817
v 0.096716 0.959721 0.010596
v 0.092452 0.977021 0.009142
v 0.089033 0.994101 0.008274
v 0.084663 1.010658 0.007266
v 0.025822 0.999717 0.071153
v 0.026616 0.917189 0.064953
v 0.039278 0.919510 0.061259
v 0.039205 0.940383 0.063830
v 0.039042 0.960856 0.065790
v 0.038825 0.980933 0.067324
v 0.038500 1.000642 0.067951
v 0.052808 1.011971 -0.058767
v 0.056961 0.995703 -0.064787
v 0.062714 0.979104 -0.071995
v 0.070002 0.962370 -0.079943
v 0.078747 0.944915 -0.087896
v 0.060841 0.939534 -0.094507
v 0.054067 0.958536 -0.084934
v 0.048634 0.976843 -0.076885
v 0.044381 0.994498 -0.069533
v 0.041278 1.011215 -0.062928
v 0.014660 1.009591 -0.064493
v 0.015575 0.992147 -0.071524
v 0.016928 0.973248 -0.078327
v 0.018756 0.952530 -0.083870
v 0.020606 0.930643 -0.090587
v 0.069874 1.005405 0.043201
v 0.070963 0.986911 0.043156
v 0.071714 0.968099 0.042666
v 0.072114 0.949052 0.041667
v 0.073162 0.929982 0.041186
v 0.083691 0.934063 0.033145
v 0.081104 0.952529 0.032007
v 0.079751 0.971061 0.032063
v 0.078207 0.989307 0.031881
v 0.076637 1.007285 0.031601
v 0.085610 1.011873 -0.004791
v 0.091341 0.996032 -0.004221
v 0.096314 0.979655 -0.003436
v 0.102194 0.963003 -0.002005
v 0.110027 0.946476 0.000857
v 0.114475 0.949446 -0.014160
v 0.105376 0.965728 -0.015937
v 0.098208 0.981892 -0.016636
v 0.091464 0.997483 -0.016741
v 0.084506 1.012684 -0.016317
v 0.028415 1.010370 -0.064758
v 0.030408 0.993237 -0.071713
v 0.033188 0.974728 -0.078822
v 0.036779 0.954618 -0.085333
v 0.040864 0.933354 -0.094808
v 0.071223 1.013202 -0.045745
v 0.077204 0.997868 -0.050016
v 0.085414 0.982936 -0.055172
v 0.094522 0.967356 -0.059646
v 0.104722 0.950932 -0.063431
v 0.093348 0.948556 -0.076984
v 0.083577 0.965292 -0.071111
v 0.075071 0.981244 -0.064703
v 0.067945 0.996880 -0.058222
v 0.062832 1.012667 -0.052962
v 0.000000 0.791722 -0.025507
v 0.002428 0.791530 -0.025971
v 0.017299 0.887222 -0.104410
v 0.033966 0.882137 -0.110816
v 0.026079 0.979781 0.070530
v 0.026362 0.959429 0.069311
v 0.026484 0.938611 0.067217
v 0.028253 1.273368 0.012777
v 0.013931 1.266554 -0.093286
v 0.013629 1.286569 -0.083080
v 0.000000 1.207643 0.052308
v 0.000000 1.026081 -0.057486
v 0.000000 1.091924 -0.055959
v 0.000000 1.018933 0.071611
v 0.000000 1.099387 0.072513
v 0.000000 1.173760 -0.085476
v 0.000000 1.125409 -0.065635
v 0.000000 1.142189 -0.071651
v 0.000000 1.158344 -0.078802
v 0.000000 1.108616 -0.060121
v 0.000000 1.042838 -0.055419
v 0.000000 1.059125 -0.054369
v 0.000000 1.075410 -0.054012
v 0.000000 1.080254 0.071223
v 0.000000 1.059531 0.071197
v 0.000000 1.039106 0.071246
v 0.000000 1.115654 0.072580
v 0.000000 1.129619 0.071429
v 0.000000 1.142833 0.069891
v 0.000000 1.168974 0.066818
v 0.000000 1.194999 0.058375
v 0.000000 0.972171 -0.075569
v 0.000000 1.008926 -0.062574
v 0.000000 0.998974 0.071245
v 0.000000 0.958313 0.068526
v 0.000000 0.937223 0.069200
v 0.000000 0.915388 0.066600
v 0.000000 0.978782 0.071537
v 0.000000 1.188601 -0.090207
v 0.057624 1.259326 0.008254
v 0.000000 1.259405 0.020519
v 0.000000 1.241586 0.034015
v 0.000000 1.250886 0.027186
v 0.000000 1.231159 0.040282
v 0.000000 1.219808 0.046313
v 0.000000 0.892683 0.063668
v 0.000000 1.275723 -0.087240
v 0.000000 1.202893 -0.093327
v 0.000000 1.216612 -0.095201
v 0.000000 1.229658 -0.096326
v 0.000000 1.242194 -0.096365
v 0.000000 1.254014 -0.094770
v 0.000000 1.265126 -0.091328
v 0.000000 0.907583 -0.092382
v 0.000000 0.929180 -0.085656
v 0.000000 0.887715 -0.098555
v 0.000000 1.155903 0.068797
v 0.000000 1.182047 0.063572
v 0.000000 0.951297 -0.080502
v 0.000000 0.991252 -0.069367
v 0.067351 1.301258 -0.045424
v 0.061568 1.281086 -0.015149
v 0.056244 1.298146 -0.072636
v 0.059786 1.249488 0.014472
v 0.078565 1.220265 0.019733
v 0.069431 1.216700 0.029953
v 0.059476 1.213943 0.039466
v 0.049082 1.212138 0.046656
v 0.038590 1.210891 0.051140
v 0.028186 1.209867 0.053289
v 0.084005 1.208586 0.021105
v 0.075119 1.204419 0.034206
v 0.064896 1.201534 0.045980
v 0.053475 1.199703 0.054363
v 0.042016 1.198562 0.059437
v 0.030489 1.197540 0.061430
v 0.090482 1.195771 0.020676
v 0.082602 1.190944 0.037706
v 0.071921 1.187744 0.051728
v 0.059211 1.185911 0.061369
v 0.046236 1.185017 0.067238
v 0.033269 1.184269 0.069299
v 0.098663 1.179512 0.015966
v 0.090158 1.174783 0.039640
v 0.079022 1.171723 0.055892
v 0.065452 1.170302 0.067075
v 0.050852 1.169965 0.073901
v 0.036060 1.169816 0.075977
v 0.101455 1.158504 0.022066
v 0.095168 1.156004 0.042343
v 0.084469 1.153857 0.058691
v 0.070608 1.153061 0.070803
v 0.054459 1.153441 0.078243
v 0.038097 1.154215 0.080298
v 0.100577 1.140248 0.024091
v 0.095668 1.137706 0.042499
v 0.085649 1.135868 0.058262
v 0.072290 1.135219 0.071129
v 0.055456 1.136339 0.078583
v 0.038602 1.138288 0.080507
v 0.095167 1.124477 0.023442
v 0.090104 1.122129 0.039699
v 0.080668 1.120460 0.053842
v 0.068543 1.119642 0.065925
v 0.053251 1.121213 0.073227
v 0.037834 1.124158 0.075470
v 0.010331 0.853167 -0.106763
v 0.019731 0.848827 -0.110287
v 0.000000 0.854578 -0.103635
v 0.005713 0.828136 -0.100832
v 0.010887 0.825513 -0.102943
v 0.000000 0.829243 -0.099500
v 0.004679 0.811183 -0.082433
v 0.008532 0.809027 -0.087217
v 0.000000 0.812785 -0.080591
v 0.004841 0.804659 -0.068462
v 0.008904 0.799722 -0.073722
v 0.000000 0.807167 -0.066559
v 0.262834 1.079766 -0.068705
v 0.262561 1.081597 -0.050516
v 0.253305 1.077291 -0.037200
v 0.240736 1.069703 -0.033436
v 0.221170 1.056204 -0.038085
v 0.209400 1.047643 -0.048956
v 0.206943 1.044828 -0.068468
v 0.245389 1.100126 -0.070235
v 0.245627 1.101017 -0.053469
v 0.238576 1.096683 -0.039596
v 0.227234 1.088912 -0.032467
v 0.206612 1.073459 -0.033401
v 0.196221 1.066277 -0.047370
v 0.195000 1.065518 -0.066749
v 0.225663 1.013583 -0.064923
v 0.225906 1.017808 -0.045499
v 0.236844 1.026312 -0.032720
v 0.257691 1.038172 -0.025234
v 0.272133 1.044145 -0.029706
v 0.283181 1.046812 -0.042836
v 0.266247 1.028865 -0.090711
v 0.285688 1.044329 -0.061650
v 0.258775 1.079945 -0.042758
v 0.242834 1.099400 -0.045806
v 0.278424 1.046037 -0.035286
v 0.263970 1.081505 -0.059639
v 0.246531 1.101260 -0.061889
v 0.285740 1.046300 -0.051767
v 0.247141 1.073720 -0.034434
v 0.233264 1.093130 -0.035253
v 0.265055 1.041466 -0.026278
v 0.234174 1.065219 -0.033835
v 0.220794 1.084255 -0.031064
v 0.250389 1.034405 -0.026377
v 0.259919 1.077105 -0.077192
v 0.242624 1.097996 -0.078065
v 0.283249 1.041293 -0.070838
v 0.233677 1.092026 -0.091267
v 0.213853 1.078993 -0.031105
v 0.227549 1.061275 -0.035658
v 0.243610 1.030616 -0.028927
v 0.204643 1.071752 -0.084326
v 0.214627 1.052268 -0.042851
v 0.200328 1.068986 -0.039251
v 0.230642 1.021896 -0.038101
v 0.205657 1.045493 -0.058321
v 0.194072 1.064907 -0.056686
v 0.223780 1.014704 -0.054713
v 0.212739 1.047784 -0.077491
v 0.198819 1.067936 -0.076275
v 0.230970 1.014485 -0.074364
v 0.186756 1.145578 -0.098078
v 0.201467 1.154194 -0.088575
v 0.210286 1.158470 -0.071729
v 0.210450 1.157609 -0.053242
v 0.203933 1.153547 -0.036655
v 0.191581 1.146505 -0.023682
v 0.164283 1.129078 -0.023422
v 0.152504 1.120893 -0.041951
v 0.152561 1.120945 -0.066078
v 0.169655 1.133869 -0.096486
v 0.207904 1.155907 -0.044667
v 0.211406 1.158576 -0.062326
v 0.198527 1.150469 -0.029443
v 0.183130 1.141443 -0.020413
v 0.206875 1.156986 -0.080788
v 0.194598 1.150336 -0.094463
v 0.173792 1.135515 -0.020228
v 0.178341 1.140030 -0.099018
v 0.161978 1.128157 -0.088879
v 0.156712 1.123850 -0.031274
v 0.151247 1.119971 -0.053790
v 0.156219 1.123753 -0.078123
v 0.177734 1.158126 -0.098795
v 0.169104 1.169853 -0.099242
v 0.161634 1.180147 -0.099407
v 0.155774 1.189506 -0.099706
v 0.171216 1.197256 -0.089671
v 0.176910 1.188257 -0.089147
v 0.184344 1.178198 -0.089030
v 0.192799 1.166713 -0.088931
v 0.181450 1.201020 -0.071878
v 0.187132 1.191950 -0.071509
v 0.194239 1.182081 -0.071466
v 0.202204 1.170762 -0.071594
v 0.184329 1.200780 -0.051604
v 0.189367 1.191155 -0.051788
v 0.195639 1.180900 -0.052195
v 0.202836 1.169621 -0.052670
v 0.178759 1.196938 -0.032934
v 0.183359 1.187259 -0.034024
v 0.189399 1.176888 -0.034900
v 0.196464 1.165576 -0.035723
v 0.163417 1.189946 -0.020605
v 0.169106 1.180494 -0.021197
v 0.175893 1.170048 -0.021942
v 0.183469 1.158585 -0.022748
v 0.133414 1.177084 -0.022489
v 0.139763 1.165768 -0.022180
v 0.147492 1.153989 -0.022546
v 0.155735 1.141731 -0.022873
v 0.122222 1.168477 -0.041578
v 0.128763 1.157782 -0.041674
v 0.136401 1.146339 -0.041817
v 0.144338 1.133763 -0.041806
v 0.121459 1.166049 -0.066375
v 0.128132 1.155934 -0.066268
v 0.135791 1.145226 -0.066037
v 0.143956 1.133368 -0.065997
v 0.138473 1.178614 -0.098256
v 0.144333 1.168454 -0.098290
v 0.151689 1.157829 -0.098051
v 0.160396 1.146246 -0.097417
v 0.182775 1.199548 -0.041911
v 0.187419 1.189566 -0.042558
v 0.193463 1.179211 -0.043239
v 0.200467 1.167919 -0.043904
v 0.183852 1.201435 -0.061814
v 0.189291 1.192019 -0.061608
v 0.195974 1.181959 -0.061682
v 0.203550 1.170675 -0.061952
v 0.172154 1.193801 -0.025632
v 0.177175 1.184239 -0.026687
v 0.183492 1.173873 -0.027591
v 0.190783 1.162504 -0.028460
v 0.153502 1.185976 -0.017913
v 0.159568 1.176086 -0.018049
v 0.166851 1.165288 -0.018678
v 0.174723 1.153655 -0.019499
v 0.177174 1.199750 -0.081442
v 0.182885 1.190678 -0.080987
v 0.190233 1.180807 -0.080922
v 0.198502 1.169430 -0.080933
v 0.163894 1.193782 -0.095849
v 0.169719 1.184718 -0.095462
v 0.177155 1.174525 -0.095287
v 0.185718 1.162882 -0.095003
v 0.143187 1.181734 -0.018526
v 0.149479 1.171108 -0.018327
v 0.157076 1.159801 -0.018848
v 0.165211 1.147913 -0.019431
v 0.147196 1.184397 -0.100965
v 0.153060 1.174690 -0.100761
v 0.160540 1.164248 -0.100513
v 0.169196 1.152545 -0.099904
v 0.131067 1.172859 -0.090272
v 0.137005 1.162710 -0.089959
v 0.144211 1.151927 -0.089812
v 0.152722 1.140344 -0.089528
v 0.126562 1.172285 -0.030828
v 0.132827 1.161181 -0.030827
v 0.140407 1.149282 -0.030992
v 0.148375 1.136694 -0.030984
v 0.120972 1.166210 -0.053554
v 0.127278 1.155896 -0.053656
v 0.134791 1.144793 -0.053629
v 0.142950 1.132634 -0.053647
v 0.124979 1.168288 -0.079163
v 0.131480 1.158292 -0.078803
v 0.138981 1.147644 -0.078420
v 0.147257 1.135986 -0.078302
v 0.209687 1.141474 -0.087951
v 0.217249 1.129080 -0.087084
v 0.224481 1.117273 -0.086255
v 0.231596 1.106066 -0.085654
v 0.217927 1.145880 -0.071766
v 0.224858 1.133449 -0.071579
v 0.231506 1.121621 -0.071258
v 0.238280 1.110556 -0.070840
v 0.217741 1.145199 -0.053847
v 0.224413 1.132891 -0.054380
v 0.231135 1.121409 -0.054594
v 0.238319 1.110973 -0.054230
v 0.211155 1.141137 -0.037838
v 0.217913 1.128910 -0.039146
v 0.224626 1.117396 -0.040019
v 0.231570 1.106749 -0.040080
v 0.199526 1.134185 -0.025153
v 0.206837 1.121999 -0.027322
v 0.213716 1.110314 -0.029487
v 0.220480 1.099294 -0.031200
v 0.173246 1.116564 -0.024550
v 0.181969 1.104585 -0.026169
v 0.190407 1.093322 -0.028138
v 0.198569 1.082867 -0.030451
v 0.161549 1.108427 -0.042556
v 0.170618 1.096602 -0.043492
v 0.179737 1.085918 -0.044803
v 0.188502 1.076073 -0.046228
v 0.161679 1.108881 -0.066073
v 0.170920 1.097276 -0.066034
v 0.179881 1.086461 -0.066092
v 0.188353 1.076273 -0.066259
v 0.178707 1.121354 -0.095494
v 0.187477 1.109221 -0.094243
v 0.195919 1.097864 -0.092583
v 0.203880 1.087007 -0.091378
v 0.215074 1.143488 -0.045553
v 0.221755 1.131242 -0.046448
v 0.228515 1.119808 -0.046898
v 0.235641 1.109352 -0.046584
v 0.218882 1.146120 -0.062675
v 0.225634 1.133742 -0.062860
v 0.232251 1.122084 -0.062845
v 0.239228 1.111369 -0.062536
v 0.206016 1.138092 -0.030857
v 0.212932 1.125859 -0.032663
v 0.219646 1.114236 -0.034169
v 0.226435 1.103375 -0.034977
v 0.191544 1.129137 -0.021749
v 0.199459 1.117074 -0.023892
v 0.206837 1.105501 -0.026323
v 0.213893 1.094564 -0.028800
v 0.214764 1.144299 -0.080454
v 0.221974 1.131860 -0.079893
v 0.228866 1.119994 -0.079285
v 0.235682 1.108746 -0.078694
v 0.203154 1.137604 -0.093659
v 0.211079 1.125275 -0.092557
v 0.218634 1.113559 -0.091509
v 0.226090 1.102499 -0.090972
v 0.182546 1.123128 -0.021477
v 0.190958 1.111146 -0.023427
v 0.198931 1.099707 -0.025605
v 0.206526 1.088962 -0.028187
v 0.187311 1.127345 -0.098078
v 0.195863 1.115117 -0.096805
v 0.203959 1.103565 -0.095170
v 0.211703 1.092583 -0.094091
v 0.171182 1.115983 -0.087959
v 0.180182 1.104076 -0.086920
v 0.188971 1.092991 -0.085600
v 0.197061 1.082259 -0.084794
v 0.165745 1.111274 -0.032162
v 0.174587 1.099262 -0.033396
v 0.183471 1.088336 -0.035188
v 0.192059 1.078280 -0.037183
v 0.160272 1.107684 -0.054110
v 0.169490 1.096026 -0.054612
v 0.178545 1.085321 -0.055300
v 0.187209 1.075380 -0.056066
v 0.165415 1.111748 -0.077655
v 0.174563 1.100034 -0.077102
v 0.183488 1.089104 -0.076468
v 0.191728 1.078606 -0.076120
v 0.219303 1.097931 -0.093899
v 0.211663 1.108923 -0.094589
v 0.203846 1.120567 -0.095941
v 0.195576 1.132839 -0.097186
v 0.252728 1.089809 -0.069254
v 0.253269 1.091287 -0.052303
v 0.245582 1.086778 -0.038937
v 0.233958 1.078975 -0.033543
v 0.214314 1.064461 -0.036032
v 0.203178 1.056361 -0.048002
v 0.201180 1.054764 -0.067184
v 0.219352 1.066302 -0.089758
v 0.250250 1.089693 -0.044623
v 0.254159 1.091357 -0.060876
v 0.240028 1.083138 -0.035393
v 0.227579 1.074396 -0.033003
v 0.249602 1.087274 -0.077030
v 0.242001 1.082183 -0.093127
v 0.221010 1.069540 -0.033684
v 0.226514 1.071439 -0.095703
v 0.208121 1.059876 -0.040944
v 0.200233 1.054319 -0.057015
v 0.205842 1.057515 -0.076277
v 0.213452 1.039160 -0.048637
v 0.225513 1.047774 -0.036581
v 0.246332 1.060043 -0.030788
v 0.260061 1.066729 -0.034896
v 0.270413 1.070281 -0.048185
v 0.271854 1.068168 -0.066820
v 0.212291 1.035429 -0.069050
v 0.265984 1.068972 -0.040431
v 0.272596 1.069719 -0.057196
v 0.253293 1.063637 -0.031736
v 0.239249 1.056060 -0.031520
v 0.269679 1.065109 -0.075682
v 0.232297 1.052105 -0.033452
v 0.218804 1.043406 -0.041522
v 0.210443 1.036179 -0.058277
v 0.218478 1.037525 -0.078233
v 0.218654 1.024934 -0.067298
v 0.272280 1.057509 -0.037763
v 0.279524 1.057989 -0.054411
v 0.259003 1.052733 -0.028960
v 0.244300 1.045668 -0.028718
v 0.277014 1.053092 -0.073299
v 0.237387 1.041796 -0.031124
v 0.223927 1.033152 -0.039852
v 0.216629 1.025920 -0.056841
v 0.224474 1.026191 -0.076559
v 0.218899 1.029029 -0.047321
v 0.230410 1.037596 -0.034566
v 0.251684 1.049454 -0.027796
v 0.266043 1.055540 -0.032170
v 0.277136 1.058467 -0.045307
v 0.279444 1.056091 -0.064175
v 0.232982 1.002301 -0.062389
v 0.240510 0.991082 -0.059733
v 0.248291 0.980012 -0.056917
v 0.256549 0.969389 -0.053885
v 0.264814 0.959007 -0.050829
v 0.272796 0.948743 -0.047886
v 0.280335 0.938610 -0.045142
v 0.287391 0.928756 -0.042607
v 0.293875 0.919326 -0.040263
v 0.299698 0.910505 -0.038114
v 0.272179 1.016903 -0.087893
v 0.278090 1.004988 -0.084755
v 0.284051 0.993123 -0.081511
v 0.290007 0.981369 -0.077938
v 0.295891 0.969766 -0.073949
v 0.301809 0.958290 -0.069955
v 0.307651 0.946994 -0.065948
v 0.313295 0.935991 -0.062062
v 0.318544 0.925484 -0.058395
v 0.323364 0.915653 -0.055523
v 0.285191 1.025765 -0.076511
v 0.290986 1.013790 -0.073804
v 0.296416 1.001721 -0.070715
v 0.301654 0.989656 -0.067332
v 0.306889 0.977654 -0.063790
v 0.312418 0.965767 -0.060354
v 0.317835 0.953977 -0.056794
v 0.322928 0.942429 -0.053194
v 0.327717 0.931395 -0.049894
v 0.332243 0.921160 -0.047253
v 0.298842 0.912375 -0.025597
v 0.293417 0.921650 -0.027212
v 0.287448 0.931653 -0.029107
v 0.280628 0.941968 -0.031079
v 0.273172 0.952486 -0.033145
v 0.265290 0.963112 -0.035276
v 0.257104 0.973777 -0.037368
v 0.248765 0.984485 -0.039359
v 0.240720 0.995405 -0.041384
v 0.233158 1.006557 -0.043483
v 0.304263 0.915869 -0.016031
v 0.299075 0.925562 -0.017712
v 0.293242 0.936015 -0.019529
v 0.286625 0.946875 -0.021091
v 0.279587 0.958027 -0.022648
v 0.272443 0.969378 -0.024387
v 0.265173 0.980782 -0.026097
v 0.257823 0.992177 -0.027660
v 0.250609 1.003558 -0.029260
v 0.243646 1.014938 -0.031017
v 0.318176 0.922114 -0.012152
v 0.313209 0.932321 -0.013258
v 0.307619 0.943386 -0.014249
v 0.301596 0.954992 -0.015156
v 0.295339 0.966897 -0.016038
v 0.288983 0.978926 -0.016994
v 0.282606 0.990970 -0.018102
v 0.276251 1.003004 -0.019176
v 0.269982 1.014878 -0.020954
v 0.263802 1.026574 -0.023127
v 0.327082 0.925504 -0.016176
v 0.322814 0.936138 -0.017357
v 0.318009 0.947648 -0.018504
v 0.312806 0.959687 -0.019596
v 0.307324 0.971943 -0.020691
v 0.301668 0.984238 -0.021809
v 0.295926 0.996509 -0.022933
v 0.290195 1.008759 -0.024001
v 0.284262 1.020782 -0.025485
v 0.278189 1.032536 -0.027461
v 0.333403 0.926859 -0.024350
v 0.329490 0.937586 -0.025947
v 0.325039 0.949133 -0.027716
v 0.320274 0.961225 -0.029528
v 0.315477 0.973642 -0.031259
v 0.310502 0.986110 -0.032971
v 0.305299 0.998504 -0.034716
v 0.299931 1.010799 -0.036509
v 0.294514 1.022992 -0.038379
v 0.288947 1.034990 -0.040479
v 0.311709 0.911601 -0.053692
v 0.306531 0.920892 -0.056932
v 0.300734 0.930757 -0.060655
v 0.294432 0.941005 -0.064663
v 0.287756 0.951509 -0.068815
v 0.280886 0.962303 -0.072881
v 0.273971 0.973427 -0.076633
v 0.267124 0.984877 -0.079889
v 0.260418 0.996564 -0.082677
v 0.253866 1.008402 -0.085072
v 0.335376 0.925269 -0.035428
v 0.331285 0.935805 -0.037634
v 0.326853 0.947185 -0.040207
v 0.322299 0.959161 -0.043005
v 0.317485 0.971380 -0.045858
v 0.312407 0.983618 -0.048633
v 0.307315 0.995872 -0.051321
v 0.302196 1.008119 -0.053932
v 0.296821 1.020285 -0.056466
v 0.291383 1.032369 -0.059045
v 0.284399 1.034366 -0.032987
v 0.290212 1.022475 -0.031067
v 0.295822 1.010327 -0.029523
v 0.301282 0.998006 -0.028173
v 0.306687 0.985632 -0.026821
v 0.311965 0.973221 -0.025470
v 0.317086 0.960864 -0.024093
v 0.322048 0.948780 -0.022634
v 0.326652 0.937231 -0.021160
v 0.330705 0.926525 -0.019780
v 0.291443 1.034399 -0.049194
v 0.296854 1.022325 -0.046798
v 0.302214 1.010142 -0.044531
v 0.307498 0.997871 -0.042314
v 0.312550 0.985498 -0.040112
v 0.317419 0.973080 -0.037898
v 0.322105 0.960705 -0.035678
v 0.326697 0.948625 -0.033488
v 0.331081 0.937122 -0.031419
v 0.335009 0.926450 -0.029584
v 0.271161 1.029904 -0.023992
v 0.277342 1.018210 -0.021878
v 0.283500 1.006273 -0.020295
v 0.289540 0.994110 -0.019369
v 0.295614 0.981946 -0.018349
v 0.301638 0.969778 -0.017349
v 0.307520 0.957680 -0.016410
v 0.313116 0.945812 -0.015545
v 0.318284 0.934471 -0.014615
v 0.322871 0.924003 -0.013581
v 0.256725 1.022898 -0.024469
v 0.263084 1.011301 -0.022433
v 0.269522 0.999547 -0.020627
v 0.276096 0.987655 -0.019224
v 0.282692 0.975732 -0.017846
v 0.289328 0.963860 -0.016706
v 0.295899 0.952157 -0.015727
v 0.302193 0.940777 -0.014633
v 0.308025 0.929943 -0.013387
v 0.313248 0.919975 -0.012059
v 0.289106 1.029379 -0.068252
v 0.294759 1.017380 -0.065604
v 0.300153 1.005267 -0.062807
v 0.305187 0.993067 -0.059757
v 0.310344 0.980928 -0.056648
v 0.315706 0.968877 -0.053521
v 0.320754 0.956846 -0.050201
v 0.325544 0.945063 -0.046920
v 0.330155 0.933842 -0.043949
v 0.334415 0.923439 -0.041465
v 0.279816 1.021657 -0.083535
v 0.285566 1.009661 -0.080582
v 0.291159 0.997666 -0.077286
v 0.296677 0.985739 -0.073681
v 0.302128 0.973912 -0.069792
v 0.307806 0.962200 -0.066060
v 0.313456 0.950634 -0.062303
v 0.318870 0.939348 -0.058555
v 0.323891 0.928558 -0.055035
v 0.328651 0.918521 -0.052345
v 0.250129 1.019206 -0.027062
v 0.256731 1.007665 -0.025233
v 0.263486 0.996035 -0.023579
v 0.270382 0.984338 -0.022069
v 0.277270 0.972632 -0.020485
v 0.284153 0.960990 -0.019015
v 0.290978 0.949538 -0.017770
v 0.297456 0.938399 -0.016453
v 0.303349 0.927762 -0.014898
v 0.308585 0.917929 -0.013329
v 0.263128 1.012459 -0.087736
v 0.269418 1.000611 -0.084999
v 0.275768 0.988836 -0.082050
v 0.282185 0.977146 -0.078954
v 0.288584 0.965708 -0.075255
v 0.294916 0.954544 -0.071154
v 0.301097 0.943645 -0.066909
v 0.307003 0.933019 -0.062804
v 0.312490 0.922840 -0.058962
v 0.317428 0.913284 -0.055716
v 0.244987 1.004932 -0.079952
v 0.251845 0.993262 -0.077375
v 0.258931 0.981768 -0.074461
v 0.266359 0.970696 -0.070972
v 0.273876 0.959968 -0.067202
v 0.281263 0.949488 -0.063402
v 0.288379 0.939256 -0.059660
v 0.295056 0.929283 -0.056065
v 0.301151 0.919666 -0.052714
v 0.306590 0.910608 -0.049708
v 0.237684 1.010607 -0.036272
v 0.245043 0.999387 -0.034461
v 0.252736 0.988267 -0.032763
v 0.260662 0.977240 -0.031141
v 0.268439 0.966211 -0.029347
v 0.275942 0.955204 -0.027442
v 0.283193 0.944368 -0.025633
v 0.289889 0.933772 -0.023838
v 0.295680 0.923497 -0.021919
v 0.300919 0.913979 -0.020287
v 0.231154 1.003483 -0.052404
v 0.238807 0.992356 -0.049986
v 0.246855 0.981446 -0.047496
v 0.255280 0.970869 -0.044958
v 0.263613 0.960422 -0.042387
v 0.271719 0.950100 -0.039881
v 0.279330 0.939864 -0.037512
v 0.286343 0.929842 -0.035336
v 0.292671 0.920192 -0.033360
v 0.298383 0.911204 -0.031631
v 0.237923 1.002943 -0.071859
v 0.245157 0.991525 -0.069160
v 0.252579 0.980223 -0.066269
v 0.260452 0.969393 -0.062959
v 0.268428 0.958909 -0.059492
v 0.276168 0.948586 -0.056116
v 0.283557 0.938459 -0.052890
v 0.290489 0.928616 -0.049820
v 0.296836 0.919166 -0.046940
v 0.302529 0.910297 -0.044300
v 0.273252 1.049492 -0.081666
v 0.279434 1.037699 -0.079243
v 0.274246 1.033658 -0.086645
v 0.256904 1.024376 -0.090057
v 0.247505 1.020331 -0.087092
v 0.238453 1.016784 -0.082137
v 0.232452 1.028857 -0.083666
v 0.212537 1.061752 -0.083272
v 0.234957 1.077555 -0.097411
v 0.226891 1.040802 -0.084348
v 0.268336 1.045572 -0.089285
v 0.261191 1.058522 -0.092337
v 0.251493 1.071098 -0.093372
v 0.253094 1.053618 -0.095731
v 0.244225 1.066218 -0.098144
v 0.250737 1.036187 -0.092343
v 0.243731 1.048429 -0.094900
v 0.234936 1.060167 -0.096851
v 0.234964 1.044363 -0.089908
v 0.227447 1.055590 -0.090548
v 0.245734 1.084445 -0.084618
v 0.255306 1.073765 -0.084757
v 0.219322 1.082075 -0.093627
v 0.226984 1.087537 -0.094272
v 0.211734 1.076660 -0.090160
v 0.238738 1.095292 -0.085309
v 0.220617 1.051909 -0.083518
v 0.265583 1.061780 -0.083887
v 0.260157 1.040823 -0.092843
v 0.241369 1.032251 -0.088825
v 0.344638 0.898395 -0.021856
v 0.321453 0.893868 -0.005404
v 0.322516 0.902994 -0.007147
v 0.324275 0.897763 -0.051282
v 0.335712 0.901414 -0.048917
v 0.309643 0.898024 -0.016823
v 0.338242 0.907736 -0.017099
v 0.342515 0.907451 -0.026861
v 0.311328 0.895883 -0.039242
v 0.342206 0.905192 -0.038537
v 0.314549 0.895644 -0.044825
v 0.307906 0.896432 -0.027834
v 0.331195 0.905840 -0.010651
v 0.341056 0.907681 -0.021678
v 0.335382 0.906622 -0.013462
v 0.343047 0.906583 -0.032569
v 0.339748 0.903375 -0.044053
v 0.308136 0.897203 -0.021986
v 0.319091 0.896194 -0.049167
v 0.309112 0.896077 -0.033608
v 0.327448 0.904504 -0.008260
v 0.317498 0.901081 -0.008648
v 0.313246 0.899448 -0.011877
v 0.329573 0.899783 -0.051518
v 0.303914 0.904237 -0.023879
v 0.308893 0.907163 -0.013929
v 0.322964 0.912836 -0.010673
v 0.331175 0.915749 -0.014866
v 0.337318 0.916928 -0.022782
v 0.315997 0.903319 -0.051004
v 0.339363 0.915586 -0.033569
v 0.304879 0.902708 -0.035845
v 0.327512 0.906780 -0.053478
v 0.336414 0.911873 -0.045232
v 0.334717 0.916620 -0.018332
v 0.338866 0.916593 -0.027915
v 0.327322 0.914385 -0.012323
v 0.318091 0.911030 -0.010132
v 0.338547 0.913963 -0.039495
v 0.332811 0.909458 -0.050286
v 0.313510 0.909084 -0.011022
v 0.321507 0.904842 -0.053158
v 0.311187 0.902509 -0.047005
v 0.305775 0.905560 -0.018396
v 0.303668 0.903421 -0.029580
v 0.307499 0.902638 -0.041502
v 0.117387 1.177820 -0.041144
v 0.117177 1.175385 -0.065496
v 0.180466 1.211500 -0.051712
v 0.121044 1.181986 -0.030508
v 0.116084 1.175415 -0.053026
v 0.120478 1.177606 -0.078034
v 0.151021 1.198603 -0.100717
v 0.142399 1.193515 -0.101378
v 0.138078 1.191852 -0.018774
v 0.159145 1.202956 -0.097059
v 0.172662 1.209514 -0.082655
v 0.148839 1.195542 -0.018411
v 0.168010 1.203246 -0.024689
v 0.179660 1.211918 -0.062416
v 0.179318 1.210192 -0.041294
v 0.177010 1.211234 -0.072867
v 0.166648 1.206715 -0.090989
v 0.133770 1.188028 -0.097694
v 0.158800 1.199183 -0.020454
v 0.175378 1.207272 -0.031671
v 0.128133 1.187678 -0.022124
v 0.126303 1.182498 -0.089265
v 0.336218 0.894348 -0.049040
v 0.340355 0.897605 -0.012552
v 0.336845 0.896874 -0.008950
v 0.341102 0.895319 -0.044968
v 0.333053 0.896082 -0.005857
v 0.313088 0.890168 -0.037667
v 0.318513 0.891464 -0.048580
v 0.323857 0.892570 -0.050938
v 0.345370 0.897044 -0.033532
v 0.310618 0.890881 -0.025712
v 0.013065 0.958576 0.069987
v 0.008988 1.208227 0.053249
v 0.012395 1.098834 0.072453
v 0.012981 1.039157 0.072130
v 0.012878 1.059403 0.071950
v 0.012649 1.079844 0.071686
v 0.013003 1.019094 0.072331
v 0.012074 1.115079 0.071809
v 0.012007 1.129050 0.071942
v 0.011786 1.142081 0.073542
v 0.010762 1.169386 0.071110
v 0.009520 1.195804 0.060122
v 0.013006 0.999168 0.072014
v 0.013040 0.979062 0.071287
v 0.013189 0.937575 0.068617
v 0.013414 0.915828 0.066354
v 0.011930 0.801898 0.019804
v 0.007924 1.242136 0.034229
v 0.007362 1.260542 0.021681
v 0.007603 1.251946 0.028193
v 0.008255 1.231506 0.040313
v 0.008579 1.220184 0.046646
v 0.013441 0.893333 0.062823
v 0.011280 1.155586 0.073663
v 0.010163 1.182826 0.066450
v 0.000000 0.803234 0.022578
v 0.006907 0.802851 0.022070
v 0.010225 0.823305 0.037197
v 0.000000 0.823366 0.037557
v 0.021544 0.823053 0.036047
v 0.004150 0.791330 -0.026938
v 0.000000 0.801559 -0.048984
v 0.004143 0.799224 -0.050231
v 0.006047 0.795108 -0.052067
v 0.004288 0.790224 0.000856
v 0.000000 0.790333 0.001388
v 0.006249 0.790634 -0.000770
v 0.012104 0.846703 0.048784
v 0.000000 0.846079 0.049201
v 0.024510 0.849202 0.048121
v 0.013075 0.870196 0.057303
v 0.025804 0.872717 0.055522
v 0.000000 0.869368 0.058144
v 0.143433 0.872754 -0.004429
v 0.129475 0.870857 0.031361
v 0.098444 0.865808 0.048294
v 0.066982 0.852970 0.048909
v 0.037467 0.835334 0.040877
v 0.082335 0.860522 0.050540
v 0.052310 0.844378 0.044855
v 0.114553 0.868879 0.042064
v 0.139260 0.872374 0.014650
v 0.118261 0.862264 -0.096255
v 0.140064 0.870964 -0.042737
v 0.143207 0.872198 -0.023804
v 0.128340 0.866432 -0.079432
v 0.135246 0.869152 -0.061332
v 0.056087 0.827751 -0.118724
v 0.087196 0.847575 -0.117116
v 0.104000 0.856008 -0.109510
v 0.070776 0.837795 -0.119167
v 0.043368 0.818498 -0.114508
v 0.032589 0.810592 -0.108004
v 0.023615 0.804689 -0.099154
v 0.016057 0.801215 -0.088223
v 0.038038 0.855857 0.048214
v 0.051911 0.863802 0.047899
v 0.038617 0.877225 0.053197
v 0.051486 0.882962 0.050188
v 0.013525 0.868795 -0.106499
v 0.000000 0.869978 -0.101920
v 0.026026 0.863852 -0.111233
v 0.007613 0.839662 -0.105400
v 0.000000 0.841092 -0.103083
v 0.014662 0.836097 -0.107728
v 0.004635 0.818635 -0.093271
v 0.000000 0.819761 -0.091778
v 0.008886 0.817057 -0.095975
v 0.065970 0.871407 0.047538
v 0.080293 0.878053 0.046778
v 0.095142 0.883267 0.044136
v 0.110188 0.887011 0.038135
v 0.124256 0.890272 0.027734
v 0.133816 0.892530 0.011615
v 0.138001 0.893245 -0.007071
v 0.137890 0.892998 -0.026267
v 0.134867 0.892127 -0.045235
v 0.129866 0.890682 -0.063929
v 0.122258 0.888262 -0.082197
v 0.110658 0.884049 -0.098960
v 0.094518 0.876955 -0.111361
v 0.076689 0.866735 -0.117566
v 0.060771 0.854452 -0.118899
v 0.047384 0.842180 -0.118135
v 0.036282 0.830964 -0.114799
v 0.027087 0.821341 -0.109633
v 0.091307 0.899187 0.039763
v 0.104968 0.904010 0.033496
v 0.117501 0.908511 0.023119
v 0.126588 0.911472 0.008149
v 0.130990 0.912854 -0.009595
v 0.131408 0.913269 -0.028256
v 0.128931 0.913076 -0.047084
v 0.123431 0.912113 -0.065670
v 0.114110 0.909895 -0.083232
v 0.100459 0.905643 -0.098711
v 0.082701 0.898279 -0.110595
v 0.063362 0.886170 -0.115731
v 0.048581 0.869891 -0.116316
v 0.037407 0.854572 -0.115327
v 0.028507 0.841315 -0.112930
v 0.021262 0.830055 -0.109290
v 0.077805 0.894258 0.044042
v 0.064587 0.888825 0.047430
v 0.019709 0.814011 -0.102580
v 0.013712 0.809700 -0.094607
v 0.015913 0.821322 -0.103706
v 0.012793 0.816097 -0.098265
v 0.075093 0.130650 -0.024157
v 0.079574 0.130281 -0.025273
v 0.083750 0.129873 -0.027269
v 0.087457 0.129435 -0.030147
v 0.090559 0.128983 -0.033819
v 0.093002 0.128534 -0.038098
v 0.094584 0.128109 -0.042903
v 0.095082 0.127740 -0.048075
v 0.094364 0.127455 -0.053304
v 0.092517 0.127251 -0.058321
v 0.089544 0.127148 -0.062851
v 0.085574 0.127158 -0.066628
v 0.080790 0.127279 -0.069446
v 0.075319 0.127581 -0.070704
v 0.069660 0.127971 -0.070710
v 0.064133 0.128449 -0.069359
v 0.058896 0.128951 -0.067073
v 0.054201 0.129497 -0.063730
v 0.050586 0.130091 -0.059222
v 0.048397 0.130659 -0.053906
v 0.047775 0.131118 -0.048270
v 0.048582 0.131429 -0.042756
v 0.050508 0.131598 -0.037648
v 0.053376 0.131644 -0.033133
v 0.057008 0.131590 -0.029376
v 0.061217 0.131454 -0.026517
v 0.065801 0.131247 -0.024679
v 0.070448 0.130975 -0.023929
v 0.071254 0.112259 -0.022498
v 0.075448 0.111920 -0.022942
v 0.079415 0.111518 -0.024224
v 0.083061 0.111062 -0.026327
v 0.086273 0.110570 -0.029248
v 0.088974 0.110073 -0.032910
v 0.091110 0.109618 -0.037170
v 0.092471 0.109196 -0.042022
v 0.092682 0.108856 -0.047212
v 0.091780 0.108623 -0.052429
v 0.089751 0.108493 -0.057412
v 0.086646 0.108466 -0.061878
v 0.082512 0.108560 -0.065493
v 0.077524 0.108785 -0.067940
v 0.071982 0.109181 -0.068529
v 0.066458 0.109653 -0.067863
v 0.061141 0.110174 -0.066127
v 0.056225 0.110731 -0.063378
v 0.051923 0.111331 -0.059670
v 0.048496 0.111970 -0.055084
v 0.046440 0.112583 -0.049692
v 0.046146 0.113037 -0.043930
v 0.047601 0.113247 -0.038420
v 0.050289 0.113263 -0.033549
v 0.053921 0.113142 -0.029564
v 0.058049 0.112969 -0.026449
v 0.062442 0.112768 -0.024242
v 0.066895 0.112537 -0.022930
v 0.077302 0.201779 -0.083820
v 0.055485 0.204350 -0.032457
v 0.066115 0.204316 -0.024694
v 0.078783 0.203996 -0.022285
v 0.091042 0.203527 -0.025781
v 0.097880 0.201459 -0.076924
v 0.108035 0.201785 -0.058872
v 0.104181 0.202731 -0.039567
v 0.046587 0.203298 -0.057858
v 0.096326 0.203265 -0.029398
v 0.106344 0.201563 -0.065585
v 0.050987 0.202418 -0.071710
v 0.056226 0.202143 -0.077124
v 0.072336 0.204185 -0.022757
v 0.051554 0.204233 -0.037922
v 0.048632 0.204015 -0.044085
v 0.100713 0.203009 -0.034099
v 0.047741 0.202834 -0.065019
v 0.060405 0.204375 -0.027971
v 0.062809 0.202023 -0.080727
v 0.102889 0.201459 -0.071755
v 0.046972 0.203704 -0.050809
v 0.108153 0.202068 -0.052093
v 0.091748 0.201502 -0.080912
v 0.084704 0.201633 -0.083171
v 0.085115 0.203775 -0.023365
v 0.069889 0.201894 -0.083069
v 0.106766 0.202401 -0.045588
v 0.055369 0.226348 -0.081425
v 0.073024 0.227934 -0.020688
v 0.046584 0.227871 -0.044565
v 0.114234 0.226208 -0.052557
v 0.112679 0.226399 -0.045171
v 0.044576 0.227584 -0.052065
v 0.045466 0.226807 -0.068064
v 0.059822 0.228155 -0.026693
v 0.087350 0.226465 -0.086972
v 0.095144 0.226365 -0.084486
v 0.105492 0.226844 -0.032315
v 0.087365 0.227531 -0.020928
v 0.107660 0.226193 -0.074474
v 0.079179 0.226507 -0.087871
v 0.094151 0.227298 -0.023371
v 0.109640 0.226632 -0.038382
v 0.080217 0.227744 -0.019973
v 0.066127 0.228077 -0.022969
v 0.049243 0.226477 -0.075560
v 0.100293 0.227060 -0.027208
v 0.054361 0.228157 -0.031686
v 0.049949 0.228067 -0.037738
v 0.113874 0.226134 -0.060210
v 0.102014 0.226286 -0.080164
v 0.111666 0.226137 -0.067665
v 0.044083 0.227214 -0.060000
v 0.062934 0.226419 -0.085082
v 0.070933 0.226470 -0.087315
v 0.065943 0.253040 -0.020379
v 0.120510 0.252118 -0.061331
v 0.046828 0.252348 -0.079338
v 0.058946 0.253168 -0.024554
v 0.090083 0.253054 -0.091490
v 0.121194 0.251891 -0.052607
v 0.119392 0.251860 -0.044148
v 0.110673 0.252041 -0.029794
v 0.089668 0.252523 -0.017773
v 0.112592 0.252780 -0.076991
v 0.052944 0.253254 -0.030170
v 0.097384 0.252342 -0.020263
v 0.071593 0.252793 -0.092368
v 0.062465 0.252582 -0.090065
v 0.104492 0.252174 -0.024304
v 0.117524 0.252450 -0.069620
v 0.073624 0.252885 -0.017836
v 0.098712 0.253048 -0.088355
v 0.080917 0.252972 -0.092781
v 0.041252 0.252797 -0.061658
v 0.115705 0.251937 -0.036486
v 0.106236 0.252989 -0.083294
v 0.041738 0.253000 -0.052747
v 0.042731 0.252548 -0.070749
v 0.081639 0.252707 -0.016944
v 0.047948 0.253251 -0.036823
v 0.044031 0.253151 -0.044356
v 0.053791 0.252356 -0.086039
v 0.082505 0.281675 -0.097425
v 0.082966 0.278823 -0.013249
v 0.121839 0.278832 -0.034171
v 0.038375 0.280185 -0.062461
v 0.061796 0.281012 -0.094223
v 0.091874 0.278710 -0.014075
v 0.128422 0.279408 -0.052138
v 0.126353 0.279019 -0.042649
v 0.117993 0.281354 -0.078872
v 0.074105 0.278986 -0.014242
v 0.102544 0.281871 -0.091834
v 0.038753 0.280082 -0.052593
v 0.040269 0.280269 -0.072445
v 0.065619 0.279180 -0.017022
v 0.052337 0.280636 -0.089387
v 0.044831 0.280389 -0.081852
v 0.057914 0.279407 -0.021628
v 0.092866 0.281855 -0.095683
v 0.045602 0.279813 -0.034988
v 0.051288 0.279641 -0.027787
v 0.100519 0.278648 -0.016657
v 0.127378 0.280041 -0.061816
v 0.110915 0.281734 -0.085950
v 0.115813 0.278712 -0.026878
v 0.123676 0.280747 -0.070838
v 0.041183 0.279946 -0.043276
v 0.108605 0.278648 -0.020973
v 0.071984 0.281369 -0.096983
v 0.075149 0.121223 -0.023674
v 0.079387 0.120835 -0.024895
v 0.083304 0.120402 -0.026950
v 0.086753 0.119937 -0.029855
v 0.089631 0.119464 -0.033519
v 0.091883 0.119018 -0.037764
v 0.093344 0.118594 -0.042530
v 0.093708 0.118237 -0.047650
v 0.092927 0.117976 -0.052827
v 0.090950 0.117819 -0.057755
v 0.087889 0.117761 -0.062157
v 0.083913 0.117804 -0.065827
v 0.079101 0.117970 -0.068456
v 0.073658 0.118303 -0.069463
v 0.068087 0.118724 -0.069214
v 0.062686 0.119224 -0.067682
v 0.057615 0.119753 -0.065203
v 0.053107 0.120325 -0.061723
v 0.049613 0.120940 -0.057194
v 0.047551 0.121527 -0.051859
v 0.047131 0.121982 -0.046213
v 0.048172 0.122258 -0.040738
v 0.050419 0.122366 -0.035761
v 0.053580 0.122346 -0.031471
v 0.057418 0.122239 -0.028003
v 0.061710 0.122068 -0.025461
v 0.066231 0.121845 -0.023872
v 0.070745 0.121563 -0.023294
v 0.075285 0.140257 -0.024390
v 0.080022 0.139913 -0.025411
v 0.084455 0.139531 -0.027380
v 0.088402 0.139121 -0.030280
v 0.091697 0.138697 -0.034020
v 0.094278 0.138267 -0.038400
v 0.095972 0.137847 -0.043310
v 0.096567 0.137466 -0.048586
v 0.095929 0.137140 -0.053916
v 0.094211 0.136891 -0.059112
v 0.091341 0.136744 -0.063858
v 0.087317 0.136722 -0.067801
v 0.082464 0.136801 -0.070825
v 0.076863 0.137085 -0.072217
v 0.071063 0.137458 -0.072331
v 0.065364 0.137906 -0.071149
v 0.059971 0.138389 -0.068907
v 0.055091 0.138907 -0.065632
v 0.051326 0.139477 -0.061107
v 0.049051 0.140027 -0.055730
v 0.048229 0.140487 -0.050051
v 0.048835 0.140820 -0.044439
v 0.050586 0.141025 -0.039194
v 0.053293 0.141112 -0.034494
v 0.056814 0.141096 -0.030509
v 0.060980 0.140990 -0.027392
v 0.065621 0.140808 -0.025302
v 0.070443 0.140558 -0.024330
v 0.056296 0.158621 -0.069098
v 0.061453 0.158167 -0.072536
v 0.067182 0.157735 -0.074896
v 0.060889 0.160799 -0.028382
v 0.070921 0.160489 -0.024447
v 0.081446 0.159963 -0.025322
v 0.079542 0.157022 -0.075728
v 0.073326 0.157355 -0.075944
v 0.049684 0.159630 -0.058870
v 0.049088 0.160432 -0.047059
v 0.097028 0.158510 -0.039163
v 0.048711 0.160080 -0.052943
v 0.099231 0.157366 -0.055517
v 0.090674 0.156752 -0.070722
v 0.086322 0.159637 -0.027396
v 0.076248 0.160248 -0.024303
v 0.065710 0.160676 -0.025822
v 0.094829 0.156828 -0.066373
v 0.085512 0.156792 -0.074045
v 0.094262 0.158901 -0.034474
v 0.097657 0.157047 -0.061208
v 0.090673 0.159277 -0.030470
v 0.052291 0.159127 -0.064398
v 0.099654 0.157719 -0.049892
v 0.050689 0.160672 -0.041499
v 0.056665 0.160846 -0.031957
v 0.098905 0.158104 -0.044356
v 0.053262 0.160806 -0.036423
v 0.071925 0.103031 -0.021351
v 0.079591 0.102288 -0.023092
v 0.083035 0.101802 -0.025143
v 0.086132 0.101263 -0.028018
v 0.088787 0.100713 -0.031710
v 0.091393 0.099232 -0.052138
v 0.089269 0.099154 -0.057361
v 0.076012 0.099712 -0.067445
v 0.070380 0.100192 -0.067635
v 0.054987 0.101853 -0.061505
v 0.050774 0.102453 -0.057664
v 0.047135 0.103109 -0.053109
v 0.054321 0.103956 -0.027419
v 0.063325 0.103505 -0.022741
v 0.067722 0.103291 -0.021649
v 0.345593 0.897734 -0.027676
v 0.327351 0.895384 -0.004020
v 0.343976 0.896100 -0.039671
v 0.311237 0.891057 -0.031228
v 0.343103 0.898019 -0.017000
v 0.316331 0.892636 -0.009157
v 0.312709 0.892061 -0.013603
v 0.314921 0.890612 -0.043399
v 0.330182 0.893288 -0.050723
v 0.310628 0.891663 -0.019184
v 0.345679 0.735419 -0.014895
v 0.311985 0.884305 -0.030976
v 0.343236 0.765787 -0.073131
v 0.308488 0.819651 0.017770
v 0.331930 0.805071 -0.041680
v 0.351975 0.756357 -0.055575
v 0.356499 0.836916 -0.029675
v 0.355047 0.846411 -0.029519
v 0.355445 0.846164 -0.020739
v 0.357126 0.836434 -0.020452
v 0.349812 0.873347 -0.022720
v 0.348346 0.881456 -0.023414
v 0.347357 0.881819 -0.017138
v 0.348680 0.873671 -0.015804
v 0.338731 0.739152 0.008828
v 0.336136 0.752790 -0.029116
v 0.330480 0.753892 0.008306
v 0.347470 0.754681 -0.004211
v 0.350777 0.855839 -0.044815
v 0.352533 0.855757 -0.037358
v 0.349211 0.864538 -0.043858
v 0.347707 0.872827 -0.042897
v 0.349391 0.872918 -0.036437
v 0.350897 0.864535 -0.036882
v 0.336004 0.726449 -0.001043
v 0.314312 0.884456 -0.044041
v 0.339549 0.780908 -0.036014
v 0.354009 0.822271 -0.055952
v 0.354981 0.815002 -0.057316
v 0.323184 0.835544 -0.010195
v 0.326598 0.832498 -0.001463
v 0.352576 0.755064 -0.040453
v 0.334591 0.740246 -0.042078
v 0.333083 0.768185 -0.073179
v 0.332223 0.763563 -0.073702
v 0.325997 0.863571 -0.064909
v 0.327838 0.853866 -0.067006
v 0.354938 0.799616 0.000153
v 0.343020 0.727293 -0.056755
v 0.319191 0.788858 0.025608
v 0.341727 0.761831 -0.073235
v 0.330181 0.747503 -0.005902
v 0.328722 0.741625 -0.005720
v 0.334539 0.727447 0.008277
v 0.315465 0.860901 -0.060168
v 0.314332 0.871028 -0.057873
v 0.329538 0.813704 -0.041139
v 0.329978 0.812351 -0.031311
v 0.323195 0.812670 0.011014
v 0.350196 0.748510 -0.013756
v 0.338663 0.807906 -0.060942
v 0.332586 0.811018 0.006308
v 0.330657 0.817702 0.006714
v 0.330195 0.844258 -0.068336
v 0.332771 0.835224 -0.069067
v 0.332049 0.753068 -0.005602
v 0.318708 0.850695 -0.060502
v 0.315580 0.849011 -0.049935
v 0.311320 0.858752 -0.049560
v 0.340518 0.771456 -0.028449
v 0.338009 0.820302 -0.069411
v 0.340354 0.814922 -0.068415
v 0.331403 0.720303 -0.019080
v 0.324700 0.797123 0.035353
v 0.323346 0.793331 0.038906
v 0.337617 0.794292 -0.042066
v 0.334870 0.746099 -0.028538
v 0.343801 0.764292 -0.063364
v 0.345737 0.748581 -0.004215
v 0.343592 0.725039 -0.046904
v 0.337016 0.793336 -0.056581
v 0.341611 0.882686 -0.005716
v 0.340048 0.890012 -0.007837
v 0.333042 0.759062 -0.006641
v 0.333018 0.739929 -0.028628
v 0.331495 0.733860 -0.028633
v 0.324520 0.872779 -0.062274
v 0.312439 0.842677 -0.009362
v 0.318094 0.834450 0.000630
v 0.335599 0.833982 0.020126
v 0.329936 0.823792 0.006582
v 0.349527 0.792716 -0.057060
v 0.343300 0.865625 -0.059587
v 0.341088 0.873812 -0.057227
v 0.344913 0.872952 -0.049353
v 0.346585 0.864733 -0.050834
v 0.358900 0.802267 -0.042239
v 0.331925 0.721219 -0.025427
v 0.338590 0.797244 -0.069691
v 0.329412 0.818378 -0.003071
v 0.330527 0.810762 -0.003092
v 0.330647 0.733359 -0.014712
v 0.343316 0.730324 -0.028293
v 0.340838 0.777881 -0.051092
v 0.352246 0.780111 -0.006687
v 0.340104 0.751288 -0.074450
v 0.347773 0.778162 -0.060036
v 0.355530 0.777094 -0.012647
v 0.320487 0.793798 0.019779
v 0.318303 0.787057 0.031485
v 0.317405 0.787198 0.035031
v 0.354350 0.845516 -0.011465
v 0.351828 0.830696 -0.064178
v 0.353163 0.823410 -0.064984
v 0.331389 0.822941 0.023987
v 0.337450 0.797122 -0.021702
v 0.339284 0.795942 -0.011591
v 0.355489 0.835533 -0.010912
v 0.354856 0.815972 -0.001085
v 0.360442 0.797814 -0.020406
v 0.346155 0.739794 -0.056753
v 0.328806 0.812957 0.028176
v 0.332788 0.817653 -0.060541
v 0.335869 0.811682 -0.060740
v 0.331312 0.815633 -0.050758
v 0.327047 0.829118 0.006623
v 0.347950 0.847730 -0.062542
v 0.335908 0.728917 -0.047768
v 0.339970 0.796773 -0.031765
v 0.337202 0.799984 -0.041578
v 0.349680 0.787975 -0.057831
v 0.332291 0.739671 -0.014235
v 0.352457 0.855491 -0.012728
v 0.350319 0.855037 -0.003761
v 0.340387 0.738333 -0.002824
v 0.352926 0.773455 -0.005936
v 0.326590 0.742634 0.008536
v 0.311216 0.802487 0.036770
v 0.311501 0.798176 0.039713
v 0.328058 0.822631 -0.040640
v 0.328156 0.821509 -0.031002
v 0.310929 0.868918 -0.047866
v 0.339381 0.751168 -0.066553
v 0.320046 0.852287 0.023211
v 0.321139 0.860759 0.018715
v 0.340158 0.777626 -0.028947
v 0.335494 0.792689 -0.001252
v 0.342634 0.760250 -0.064170
v 0.327992 0.748515 0.008874
v 0.337672 0.757760 -0.038696
v 0.347737 0.780313 -0.072130
v 0.321483 0.807217 0.013917
v 0.311639 0.795237 0.042044
v 0.349895 0.847083 -0.053397
v 0.337263 0.759370 -0.054017
v 0.307724 0.814278 0.020716
v 0.310782 0.876670 -0.023527
v 0.310636 0.867379 -0.022398
v 0.309678 0.868483 -0.013762
v 0.310714 0.877617 -0.015897
v 0.333066 0.766544 -0.061167
v 0.311176 0.884613 -0.024664
v 0.345764 0.856848 -0.061385
v 0.352025 0.844092 -0.001489
v 0.352930 0.833924 -0.001101
v 0.349946 0.838843 -0.063329
v 0.331339 0.759992 0.008958
v 0.354809 0.808380 -0.058528
v 0.338052 0.715388 -0.018125
v 0.345202 0.882174 -0.011151
v 0.346308 0.874014 -0.009137
v 0.329035 0.819371 -0.012103
v 0.330637 0.810937 -0.012268
v 0.353341 0.855702 -0.029482
v 0.329783 0.817938 0.026059
v 0.321119 0.840554 -0.049800
v 0.325460 0.832146 -0.049928
v 0.324864 0.831225 -0.040294
v 0.320723 0.839797 -0.039994
v 0.353650 0.810599 -0.066129
v 0.320681 0.790649 0.041891
v 0.339536 0.771534 -0.013446
v 0.323540 0.886926 -0.054132
v 0.337541 0.789534 -0.058049
v 0.355821 0.816485 -0.010927
v 0.355933 0.825889 -0.010834
v 0.354173 0.793132 0.000355
v 0.342785 0.743173 -0.003388
v 0.325597 0.830423 -0.030630
v 0.322754 0.884222 0.003005
v 0.323012 0.889054 -0.002017
v 0.332681 0.761694 -0.062312
v 0.335579 0.794230 0.007020
v 0.336287 0.799291 0.005916
v 0.356274 0.769915 -0.029169
v 0.353715 0.803172 -0.060005
v 0.323118 0.841570 -0.059944
v 0.345064 0.770267 -0.073118
v 0.350913 0.790714 -0.070349
v 0.305069 0.797839 0.030326
v 0.351611 0.775379 0.009802
v 0.352610 0.829843 -0.055122
v 0.347023 0.840526 0.010339
v 0.360273 0.807280 -0.020405
v 0.358956 0.817422 -0.020475
v 0.336999 0.780324 -0.007141
v 0.310861 0.885233 -0.017949
v 0.353917 0.816806 -0.065572
v 0.348284 0.741686 -0.013886
v 0.327290 0.833143 -0.059673
v 0.310738 0.867784 -0.038812
v 0.311177 0.857756 -0.039370
v 0.314132 0.857867 -0.030262
v 0.312047 0.867392 -0.030554
v 0.358160 0.826801 -0.020412
v 0.347840 0.744433 -0.055894
v 0.309001 0.791741 0.037256
v 0.306274 0.793720 0.034493
v 0.331988 0.802637 -0.021847
v 0.352647 0.805249 -0.066863
v 0.337510 0.887997 -0.051682
v 0.345751 0.735733 -0.028483
v 0.356528 0.776949 -0.029501
v 0.334088 0.742063 -0.056214
v 0.335879 0.782841 -0.071701
v 0.358486 0.819633 -0.039857
v 0.359815 0.810202 -0.041007
v 0.355881 0.807264 -0.000652
v 0.313413 0.886384 -0.010949
v 0.309837 0.850877 0.002436
v 0.311682 0.842438 0.007182
v 0.329886 0.840175 0.026478
v 0.332323 0.849040 0.023552
v 0.355451 0.770208 -0.012500
v 0.357236 0.828482 -0.039051
v 0.332599 0.869590 0.013684
v 0.329942 0.889847 -0.001460
v 0.355095 0.784403 -0.052815
v 0.342414 0.888113 -0.046402
v 0.345271 0.888481 -0.040534
v 0.338567 0.790699 -0.021585
v 0.337423 0.751519 -0.066536
v 0.324224 0.818378 0.009470
v 0.350844 0.748653 -0.028845
v 0.311814 0.871029 -0.005304
v 0.312980 0.879371 -0.008235
v 0.346637 0.888863 -0.034894
v 0.347145 0.889209 -0.029198
v 0.343719 0.729687 -0.015085
v 0.322718 0.839731 -0.030267
v 0.355754 0.777398 -0.053849
v 0.351606 0.864611 -0.029539
v 0.311737 0.876425 -0.030747
v 0.315106 0.879430 -0.054137
v 0.309539 0.825279 0.015442
v 0.337512 0.804215 -0.061702
v 0.321402 0.869814 0.014340
v 0.315486 0.848312 -0.039720
v 0.349219 0.794597 -0.011640
v 0.339084 0.803610 -0.051336
v 0.335325 0.827103 -0.069589
v 0.337811 0.775407 -0.005758
v 0.327219 0.829565 -0.020971
v 0.348967 0.742846 -0.042586
v 0.353432 0.855678 -0.021286
v 0.334503 0.804563 0.006095
v 0.335446 0.752546 -0.013752
v 0.316858 0.829523 0.028527
v 0.348729 0.741871 -0.028937
v 0.343459 0.749523 0.010179
v 0.335952 0.729987 -0.054384
v 0.351071 0.795854 -0.068929
v 0.328943 0.730215 -0.001394
v 0.340862 0.744057 0.009273
v 0.323665 0.880692 -0.058468
v 0.330205 0.811521 -0.021652
v 0.328547 0.820462 -0.021435
v 0.330348 0.825037 -0.060010
v 0.339145 0.881251 -0.054462
v 0.343591 0.880748 -0.047755
v 0.338078 0.792538 -0.070203
v 0.314955 0.818087 0.031065
v 0.337498 0.751731 -0.040511
v 0.353682 0.837851 -0.046544
v 0.350026 0.873088 -0.029637
v 0.348529 0.881146 -0.029723
v 0.338306 0.841710 0.015715
v 0.351350 0.782154 0.008837
v 0.339842 0.783668 -0.050870
v 0.348315 0.856046 -0.052206
v 0.336401 0.753302 -0.054662
v 0.340692 0.810670 -0.068551
v 0.335706 0.780395 -0.059151
v 0.346309 0.880709 -0.041889
v 0.344523 0.865534 0.000773
v 0.342790 0.874554 -0.002949
v 0.311591 0.836517 0.010640
v 0.312418 0.877550 -0.045684
v 0.311990 0.876655 -0.037996
v 0.343633 0.889939 -0.012465
v 0.304639 0.803082 0.026403
v 0.346865 0.889738 -0.023226
v 0.353578 0.824660 -0.001273
v 0.310201 0.861318 -0.001765
v 0.334304 0.753914 -0.072201
v 0.319111 0.843690 0.026569
v 0.355868 0.837472 -0.038443
v 0.345138 0.768714 -0.062426
v 0.347928 0.880899 -0.035950
v 0.351190 0.748605 -0.041281
v 0.327486 0.730913 0.005750
v 0.337502 0.717321 -0.027011
v 0.338878 0.777673 -0.013208
v 0.334632 0.771252 -0.061153
v 0.318194 0.848620 -0.030055
v 0.350371 0.864915 -0.014310
v 0.347964 0.865025 -0.006670
v 0.355974 0.775219 -0.037583
v 0.351463 0.838221 -0.054365
v 0.332165 0.803295 -0.002772
v 0.331734 0.877614 0.007763
v 0.325408 0.840236 -0.019863
v 0.325936 0.802123 0.032271
v 0.345714 0.890059 -0.017533
v 0.311700 0.856919 -0.021238
v 0.347023 0.737876 -0.043499
v 0.329346 0.825711 -0.002831
v 0.342734 0.794719 -0.011134
v 0.354239 0.846673 -0.037885
v 0.308478 0.857248 -0.011503
v 0.321676 0.878330 0.009414
v 0.352260 0.846853 -0.045725
v 0.345357 0.755583 0.010191
v 0.350376 0.749978 -0.056109
v 0.329026 0.823909 -0.050187
v 0.355500 0.781675 -0.036963
v 0.328272 0.827840 -0.011568
v 0.351468 0.864758 -0.021994
v 0.316830 0.885916 -0.050606
v 0.346857 0.854802 0.005439
v 0.340037 0.806427 -0.068691
v 0.359936 0.790297 -0.020428
v 0.316117 0.823373 0.029490
v 0.334983 0.747740 -0.055646
v 0.316265 0.846559 -0.020079
v 0.313026 0.884078 -0.037441
v 0.340775 0.775613 -0.037173
v 0.330933 0.884028 0.002343
v 0.333120 0.859536 0.019163
v 0.358642 0.795679 -0.043254
v 0.333942 0.773004 -0.072821
v 0.334587 0.745832 -0.014610
v 0.335521 0.746080 -0.040837
v 0.335510 0.797879 -0.001985
v 0.312024 0.807484 0.034719
v 0.336358 0.776730 0.008540
v 0.335362 0.782128 0.008300
v 0.347425 0.777483 -0.010732
v 0.348121 0.777338 -0.031796
v 0.333909 0.719052 -0.026817
v 0.333319 0.717090 -0.017538
v 0.347381 0.770918 -0.010634
v 0.348003 0.770781 -0.031465
v 0.341169 0.743814 -0.011795
v 0.341607 0.744149 -0.031232
v 0.343621 0.750807 -0.031263
v 0.342999 0.750476 -0.011274
v 0.345845 0.794198 -0.011615
v 0.346679 0.789150 -0.010883
v 0.348221 0.789745 -0.031784
v 0.347521 0.791632 -0.033343
v 0.311988 0.857309 0.012278
v 0.315905 0.882035 -0.001325
v 0.337820 0.732141 -0.030893
v 0.337550 0.731359 -0.012405
v 0.347707 0.811372 -0.069203
v 0.337625 0.855782 -0.065544
v 0.342651 0.837757 -0.068512
v 0.344804 0.829683 -0.069244
v 0.332056 0.880874 -0.057330
v 0.346403 0.822642 -0.069688
v 0.347630 0.816667 -0.069524
v 0.340179 0.846624 -0.067339
v 0.343397 0.800445 0.009722
v 0.339261 0.825754 0.011722
v 0.340111 0.819542 0.011149
v 0.341326 0.812786 0.009894
v 0.343531 0.794725 0.010371
v 0.342591 0.806240 0.009503
v 0.318942 0.787418 0.038404
v 0.308798 0.793533 0.040618
v 0.330140 0.814158 0.017982
v 0.310090 0.822899 0.025087
v 0.309314 0.817577 0.027289
v 0.329273 0.808822 0.020173
v 0.306831 0.797884 0.038766
v 0.323893 0.787657 0.035546
v 0.327583 0.797474 0.026774
v 0.306724 0.807381 0.032936
v 0.327021 0.791849 0.031232
v 0.306367 0.802299 0.035843
v 0.326001 0.826883 0.007362
v 0.311194 0.842018 0.019347
v 0.311705 0.849254 0.016308
v 0.310496 0.828893 0.023405
v 0.331114 0.819368 0.016026
v 0.314419 0.874746 0.002867
v 0.333595 0.873305 -0.060610
v 0.330812 0.887409 -0.053863
v 0.339332 0.737387 -0.012166
v 0.339615 0.737894 -0.030789
v 0.348047 0.780973 -0.034105
v 0.347002 0.784443 -0.053946
v 0.338526 0.728074 -0.056405
v 0.338447 0.725937 -0.046448
v 0.348325 0.775048 -0.034771
v 0.347406 0.778008 -0.054699
v 0.344273 0.749954 -0.038365
v 0.343098 0.751898 -0.058048
v 0.344368 0.758084 -0.057283
v 0.345543 0.756193 -0.037352
v 0.345778 0.796528 -0.052115
v 0.340726 0.741048 -0.058846
v 0.341495 0.738713 -0.040605
v 0.342784 0.744105 -0.039457
v 0.341829 0.746181 -0.058051
v 0.343885 0.782699 0.011047
v 0.344652 0.779868 -0.009250
v 0.331631 0.727438 -0.002377
v 0.329640 0.728229 0.008202
v 0.343784 0.776416 0.011906
v 0.345012 0.774264 -0.008878
v 0.336702 0.751875 0.011485
v 0.339029 0.750806 -0.007548
v 0.340886 0.756720 -0.007699
v 0.338517 0.757799 0.011845
v 0.335586 0.739674 -0.007106
v 0.333111 0.740925 0.011230
v 0.334857 0.746238 0.011264
v 0.337169 0.745147 -0.007006
v 0.343595 0.792496 -0.055086
v 0.345149 0.797021 -0.070916
v 0.336222 0.752373 -0.073925
v 0.343346 0.788315 -0.056088
v 0.344318 0.792145 -0.072355
v 0.340164 0.769641 -0.059953
v 0.339676 0.771825 -0.074986
v 0.341886 0.781947 -0.073749
v 0.342003 0.778864 -0.057571
v 0.346937 0.806433 -0.069454
v 0.337646 0.762995 -0.075813
v 0.338257 0.760624 -0.061343
v 0.339205 0.764944 -0.060151
v 0.338552 0.767192 -0.074904
v 0.345262 0.789666 -0.010078
v 0.344316 0.799420 -0.053554
v 0.317232 0.887636 -0.005599
v 0.312914 0.866275 0.007457
v 0.335366 0.864795 -0.063265
v 0.339992 0.867162 0.007854
v 0.341339 0.856232 0.013256
v 0.338070 0.875640 0.002628
v 0.337004 0.883144 -0.001261
v 0.335837 0.889760 -0.004195
v 0.350737 0.795984 -0.031027
v 0.358465 0.818150 -0.030289
v 0.357599 0.827493 -0.029926
v 0.343788 0.795001 -0.031811
v 0.347563 0.795019 -0.031544
v 0.354948 0.829179 -0.047302
v 0.356071 0.820977 -0.048543
v 0.347943 0.803322 -0.051299
v 0.342274 0.802351 -0.051316
v 0.344972 0.801485 -0.051362
v 0.353555 0.799063 -0.030936
v 0.351394 0.797377 -0.011455
v 0.350653 0.806177 -0.050539
v 0.352549 0.785973 -0.007068
v 0.351492 0.788270 0.008315
v 0.335195 0.788405 0.007874
v 0.344947 0.785185 -0.009848
v 0.343815 0.788825 0.010668
v 0.336845 0.785863 -0.008033
v 0.354993 0.783841 -0.013419
v 0.357087 0.783714 -0.029726
v 0.348269 0.783951 -0.031899
v 0.347263 0.783806 -0.010708
v 0.338687 0.784107 -0.013411
v 0.340124 0.784137 -0.029047
v 0.354545 0.791090 -0.051673
v 0.339510 0.789966 -0.050421
v 0.355212 0.787673 -0.036172
v 0.346523 0.790853 -0.053105
v 0.347886 0.786698 -0.033375
v 0.338854 0.786595 -0.034750
v 0.349961 0.796997 -0.055926
v 0.351837 0.800558 -0.067910
v 0.339290 0.801880 -0.068975
v 0.343905 0.796327 -0.053890
v 0.345971 0.801735 -0.069945
v 0.337352 0.797263 -0.055578
v 0.310278 0.830989 0.013089
v 0.332994 0.828147 0.021989
v 0.317788 0.836226 0.027687
v 0.325041 0.823274 0.008323
v 0.332030 0.824002 0.014057
v 0.310732 0.835317 0.021693
v 0.338546 0.734142 -0.002143
v 0.328088 0.736359 -0.004720
v 0.336932 0.734971 0.008272
v 0.326235 0.737446 0.007780
v 0.334293 0.734805 -0.006610
v 0.331757 0.736262 0.011114
v 0.341601 0.725419 -0.027869
v 0.330861 0.728280 -0.028048
v 0.341842 0.724821 -0.015870
v 0.330116 0.727598 -0.015821
v 0.336125 0.725819 -0.012588
v 0.336417 0.726930 -0.030626
v 0.344853 0.735615 -0.056717
v 0.333992 0.736833 -0.056182
v 0.345261 0.733700 -0.044531
v 0.334452 0.735230 -0.043896
v 0.339916 0.736354 -0.059160
v 0.340505 0.733928 -0.041602
v 0.341348 0.758275 -0.073799
v 0.332238 0.759273 -0.073652
v 0.341241 0.756951 -0.065275
v 0.333009 0.757687 -0.063882
v 0.337046 0.759118 -0.076212
v 0.337544 0.756939 -0.062545
v 0.350014 0.767995 0.010341
v 0.335371 0.771771 0.008997
v 0.351898 0.766766 -0.005163
v 0.336943 0.770787 -0.006266
v 0.344474 0.768485 -0.008412
v 0.342606 0.770034 0.012318
v 0.352351 0.755269 -0.013347
v 0.337269 0.759479 -0.013135
v 0.353268 0.755457 -0.029045
v 0.337816 0.759742 -0.029102
v 0.345539 0.757653 -0.031489
v 0.345053 0.757265 -0.010685
v 0.355389 0.768215 -0.038528
v 0.340325 0.770276 -0.037380
v 0.355036 0.770054 -0.054382
v 0.339842 0.772311 -0.052324
v 0.347986 0.768868 -0.035380
v 0.346958 0.771397 -0.055592
v 0.348821 0.783085 -0.058948
v 0.336543 0.785256 -0.058277
v 0.349471 0.785386 -0.071220
v 0.336781 0.787876 -0.071174
v 0.342838 0.783719 -0.056642
v 0.343282 0.786975 -0.073153
v 0.354915 0.762487 -0.012365
v 0.339695 0.765584 -0.013747
v 0.346763 0.764093 -0.010385
v 0.355584 0.762559 -0.029363
v 0.340122 0.765749 -0.028187
v 0.347263 0.764278 -0.031410
v 0.353407 0.763010 -0.054982
v 0.338494 0.765913 -0.053388
v 0.346862 0.762574 -0.036430
v 0.345668 0.764680 -0.056479
v 0.354058 0.761582 -0.039583
v 0.338843 0.764309 -0.037791
v 0.346747 0.775274 -0.072726
v 0.334883 0.777932 -0.072415
v 0.346518 0.773330 -0.061261
v 0.335673 0.775709 -0.060700
v 0.340942 0.776964 -0.074632
v 0.341107 0.774215 -0.059076
v 0.349512 0.760526 -0.004518
v 0.335051 0.765193 -0.006632
v 0.342786 0.762687 -0.007921
v 0.340465 0.763883 0.012103
v 0.347572 0.761639 0.010277
v 0.333026 0.766300 0.009168
v 0.313446 0.812893 0.032606
v 0.305673 0.809038 0.023284
v 0.327249 0.807767 0.030328
v 0.320981 0.800737 0.015843
v 0.328367 0.803282 0.023077
v 0.307560 0.812720 0.030171
v 0.352430 0.791636 -0.007335
v 0.355009 0.790623 -0.013031
v 0.356503 0.797319 -0.012833
v 0.353453 0.798863 -0.007311
v 0.354883 0.805690 -0.010760
v 0.354685 0.793553 -0.035092
v 0.353433 0.797937 -0.050543
v 0.357200 0.790494 -0.029754
v 0.351290 0.801502 -0.054791
v 0.357296 0.800814 -0.034711
v 0.358459 0.797735 -0.029054
v 0.357266 0.807341 -0.030694
v 0.353277 0.806632 -0.053411
v 0.355309 0.804005 -0.049164
v 0.354562 0.812084 -0.050152
v 0.333423 0.802636 -0.031662
v 0.338517 0.800481 -0.055019
v 0.339734 0.796741 -0.049471
v 0.340809 0.790892 -0.029245
v 0.338477 0.791842 -0.034443
v 0.334381 0.807387 -0.051398
v 0.339447 0.790305 -0.013821
v 0.333756 0.801781 -0.012198
v 0.337400 0.791021 -0.008865
v 0.338631 0.796869 -0.015256
v 0.337200 0.796672 -0.008466
v 0.338247 0.798103 -0.035059
v 0.339232 0.797556 -0.028063
v 0.338149 0.802267 -0.048001
v 0.338845 0.805353 -0.054517
v 0.333145 0.717077 -0.022722
v 0.331242 0.720672 -0.022407
v 0.336017 0.760174 -0.021170
v 0.339778 0.771727 -0.021057
v 0.351793 0.748285 -0.021187
v 0.350095 0.741374 -0.021344
v 0.334417 0.746182 -0.021526
v 0.334442 0.753148 -0.021490
v 0.354060 0.755075 -0.021014
v 0.338762 0.777946 -0.021218
v 0.358184 0.776962 -0.020836
v 0.357594 0.769890 -0.020719
v 0.359238 0.783813 -0.020701
v 0.338116 0.784409 -0.021375
v 0.329232 0.734248 -0.021907
v 0.331551 0.740233 -0.021643
v 0.347665 0.734932 -0.021780
v 0.343561 0.730085 -0.021695
v 0.343293 0.724642 -0.021779
v 0.338382 0.714007 -0.023275
v 0.329018 0.728519 -0.022123
v 0.356883 0.762144 -0.020751
v 0.339787 0.765758 -0.020926
v 0.330152 0.726084 0.002820
v 0.327724 0.730308 0.002063
v 0.335169 0.771558 0.001147
v 0.336655 0.776007 0.001149
v 0.347761 0.754744 0.003322
v 0.346112 0.748615 0.003413
v 0.330895 0.753768 0.001319
v 0.330682 0.760196 0.001024
v 0.352583 0.766990 0.003066
v 0.335003 0.781383 0.000176
v 0.353535 0.781285 0.001182
v 0.354271 0.774232 0.002247
v 0.334741 0.787228 -0.000555
v 0.339398 0.734153 0.003362
v 0.336197 0.724985 0.003887
v 0.343323 0.743115 0.003303
v 0.325669 0.737372 0.001275
v 0.325604 0.742742 0.001010
v 0.327642 0.748545 0.001104
v 0.354048 0.787273 0.000645
v 0.339701 0.738825 0.003038
v 0.332548 0.766227 0.001005
v 0.349873 0.760649 0.003220
v 0.335498 0.729223 -0.051127
v 0.332575 0.736465 -0.049917
v 0.332205 0.741705 -0.049037
v 0.333770 0.747432 -0.048212
v 0.338089 0.725533 -0.051967
v 0.339178 0.771550 -0.044820
v 0.340796 0.776851 -0.044200
v 0.353642 0.755522 -0.048052
v 0.352352 0.749069 -0.048808
v 0.336948 0.752675 -0.047475
v 0.336249 0.758950 -0.046458
v 0.357192 0.769061 -0.046329
v 0.338755 0.782472 -0.043626
v 0.357803 0.783041 -0.044841
v 0.358145 0.776295 -0.045556
v 0.358192 0.789525 -0.044178
v 0.337351 0.788426 -0.042612
v 0.350179 0.743292 -0.049439
v 0.346650 0.739044 -0.050050
v 0.346956 0.734357 -0.050508
v 0.344965 0.723220 -0.052788
v 0.337175 0.765514 -0.045655
v 0.355220 0.762066 -0.047305
v 0.330647 0.762953 -0.067880
v 0.331351 0.767809 -0.067288
v 0.336096 0.750984 -0.070107
v 0.334194 0.753161 -0.069541
v 0.335583 0.786775 -0.064643
v 0.337382 0.791102 -0.063970
v 0.348864 0.779087 -0.065891
v 0.346264 0.769266 -0.067751
v 0.333349 0.772373 -0.066787
v 0.334815 0.781880 -0.065419
v 0.350283 0.784068 -0.064950
v 0.337034 0.795586 -0.063233
v 0.351610 0.794175 -0.062776
v 0.351577 0.789203 -0.063925
v 0.337100 0.800075 -0.062482
v 0.344647 0.764838 -0.068403
v 0.343181 0.760925 -0.068979
v 0.331250 0.758681 -0.068509
v 0.342933 0.757314 -0.069454
v 0.340852 0.749116 -0.070166
v 0.352566 0.798721 -0.061485
v 0.334595 0.776981 -0.066227
v 0.347731 0.774075 -0.066883
v 0.313425 0.789674 0.040061
v 0.313096 0.788501 0.036022
v 0.309971 0.796906 0.020270
v 0.312427 0.809832 0.014935
v 0.311867 0.789130 0.031637
v 0.313361 0.815117 0.011469
v 0.323570 0.821345 0.029531
v 0.322163 0.816333 0.031800
v 0.310107 0.792490 0.026036
v 0.318633 0.805368 0.033798
v 0.325121 0.826936 0.028051
v 0.315082 0.820972 0.009495
v 0.327066 0.833085 0.027238
v 0.317569 0.800648 0.036738
v 0.316995 0.796437 0.039495
v 0.315643 0.793010 0.042829
v 0.316188 0.825965 0.007442
v 0.319859 0.811208 0.032578
v 0.310906 0.803649 0.016988
v 0.351576 0.794266 0.008238
v 0.338077 0.830187 0.011637
v 0.351569 0.800480 0.007815
v 0.348615 0.830833 0.009006
v 0.349616 0.822602 0.008184
v 0.350614 0.814873 0.007933
v 0.351368 0.807398 0.007577
v 0.333335 0.828163 0.012704
v 0.329743 0.828349 0.005895
v 0.317563 0.830480 0.005939
v 0.334876 0.831413 0.012152
v 0.340144 0.720620 -0.027878
v 0.331196 0.723886 -0.026782
v 0.335165 0.722477 -0.029339
v 0.334719 0.720777 -0.013550
v 0.330438 0.723032 -0.017368
v 0.340400 0.719854 -0.016881
v 0.329959 0.724066 -0.022262
v 0.341493 0.719476 -0.022446
v 0.337691 0.730082 -0.001926
v 0.328375 0.732589 -0.003089
v 0.333125 0.730840 -0.005260
v 0.330709 0.732393 0.010370
v 0.326591 0.733602 0.006859
v 0.335875 0.731229 0.008354
v 0.326563 0.733558 0.001641
v 0.338238 0.730003 0.003571
v 0.334885 0.731305 -0.045804
v 0.344838 0.729425 -0.045502
v 0.344434 0.731357 -0.056862
v 0.334832 0.732673 -0.055419
v 0.339257 0.732086 -0.058515
v 0.339617 0.729711 -0.043126
v 0.346585 0.729916 -0.051285
v 0.333891 0.732450 -0.050569
v 0.341595 0.754844 -0.074760
v 0.333139 0.755932 -0.073050
v 0.340684 0.753773 -0.065797
v 0.333792 0.754671 -0.065457
v 0.336640 0.755591 -0.075867
v 0.336930 0.754045 -0.064090
v 0.332616 0.755450 -0.069016
v 0.342790 0.753822 -0.069801
v 0.335008 0.752750 -0.067134
v 0.043188 0.006254 -0.061981
v 0.051631 0.012669 0.005700
v 0.061678 0.005364 0.044927
v 0.065150 0.003739 0.056284
v 0.038188 0.013897 -0.036514
v 0.048664 0.013271 -0.003883
v 0.045656 0.013880 -0.014346
v 0.041884 0.013770 -0.025465
v 0.057164 0.010726 0.024449
v 0.094646 0.042429 0.061933
v 0.058992 0.032947 0.074589
v 0.052548 0.024230 0.075549
v 0.050605 0.012117 0.074866
v 0.124746 0.028502 0.040274
v 0.127594 0.021939 0.037411
v 0.128905 0.014057 0.035700
v 0.113126 0.001629 0.043364
v 0.109257 0.040046 0.052849
v 0.100170 0.001793 0.051683
v 0.085914 0.002272 0.060321
v 0.069412 0.002346 0.068070
v 0.077095 0.042098 0.070010
v 0.126383 0.006019 0.036278
v 0.067441 0.038981 0.072764
v 0.120860 0.033825 0.043972
v 0.059499 0.003675 0.071536
v 0.082260 0.058208 0.024020
v 0.053017 0.042117 0.029070
v 0.048405 0.033538 0.029269
v 0.047167 0.024075 0.028435
v 0.109295 0.040380 0.006383
v 0.111634 0.032245 0.003725
v 0.112412 0.023541 0.002247
v 0.101378 0.003231 0.005850
v 0.095206 0.055235 0.017888
v 0.072260 0.007920 0.019170
v 0.067299 0.053682 0.027149
v 0.050019 0.015358 0.026680
v 0.105603 0.047032 0.010124
v 0.111715 0.014894 0.001784
v 0.059903 0.048707 0.028083
v 0.098530 0.039318 0.071795
v 0.091135 0.046643 0.052281
v 0.087949 0.051032 0.042840
v 0.077841 0.066886 0.006561
v 0.050946 0.004763 -0.065306
v 0.059381 0.004036 -0.067613
v 0.067785 0.004660 -0.068885
v 0.074900 0.007382 -0.070056
v 0.085445 0.050043 -0.057011
v 0.085342 0.039816 -0.058574
v 0.085836 0.030291 -0.060536
v 0.031872 0.021237 -0.044224
v 0.034205 0.048474 -0.039783
v 0.031895 0.038867 -0.040746
v 0.030993 0.029657 -0.042343
v 0.086564 0.021235 -0.062581
v 0.037201 0.058067 -0.039652
v 0.038645 0.048357 -0.021110
v 0.036835 0.038790 -0.020772
v 0.036357 0.029582 -0.021483
v 0.091249 0.049524 -0.042364
v 0.092283 0.039293 -0.042786
v 0.092761 0.029580 -0.043223
v 0.088032 0.003583 -0.042388
v 0.055804 0.009023 -0.031813
v 0.037584 0.020887 -0.023004
v 0.093473 0.020359 -0.043803
v 0.041250 0.057974 -0.022750
v 0.041455 0.048448 -0.011787
v 0.039232 0.038737 -0.010684
v 0.038881 0.029313 -0.010892
v 0.094252 0.049678 -0.034154
v 0.096004 0.039315 -0.034161
v 0.096571 0.029390 -0.034204
v 0.091040 0.003786 -0.032163
v 0.059967 0.009991 -0.020448
v 0.040670 0.020594 -0.012081
v 0.097184 0.020085 -0.034425
v 0.044745 0.057996 -0.014483
v 0.034235 0.048282 -0.048743
v 0.036098 0.048379 -0.030508
v 0.044521 0.048490 -0.002315
v 0.031397 0.038658 -0.050219
v 0.034343 0.038816 -0.030907
v 0.041672 0.038476 -0.000834
v 0.029995 0.029463 -0.051824
v 0.033733 0.029683 -0.032190
v 0.041338 0.028797 -0.000809
v 0.097908 0.050258 -0.025449
v 0.089528 0.049691 -0.050361
v 0.099968 0.039223 -0.025059
v 0.089410 0.039444 -0.051190
v 0.100611 0.028932 -0.025042
v 0.089639 0.029831 -0.052196
v 0.093702 0.003947 -0.022185
v 0.084926 0.003362 -0.052918
v 0.063540 0.010038 -0.009682
v 0.051389 0.007516 -0.042826
v 0.043304 0.019959 -0.001806
v 0.034904 0.021241 -0.034119
v 0.030447 0.021311 -0.053144
v 0.090331 0.020679 -0.053366
v 0.101078 0.019481 -0.025147
v 0.037625 0.057884 -0.047841
v 0.038697 0.057998 -0.031210
v 0.049210 0.057985 -0.006091
v 0.132120 0.012243 0.043884
v 0.131403 0.020115 0.045067
v 0.128715 0.026427 0.047927
v 0.124789 0.016253 0.027323
v 0.123247 0.024047 0.029314
v 0.120411 0.030802 0.032216
v 0.120719 0.018660 0.019013
v 0.119490 0.026615 0.020910
v 0.116803 0.033745 0.023767
v 0.047583 0.018331 0.050036
v 0.050553 0.028689 0.051217
v 0.056235 0.037063 0.051110
v 0.048320 0.015226 0.062117
v 0.051557 0.026374 0.063015
v 0.057981 0.034468 0.062432
v 0.055265 0.009052 0.086441
v 0.055014 0.021484 0.087435
v 0.060172 0.031785 0.086652
v 0.043483 0.027797 0.008907
v 0.044195 0.037604 0.008985
v 0.048175 0.047564 0.007618
v 0.104469 0.027863 -0.015701
v 0.103801 0.038291 -0.015266
v 0.100792 0.050964 -0.014153
v 0.135295 0.010896 0.056812
v 0.134763 0.017648 0.058435
v 0.132333 0.022253 0.061682
v 0.066279 0.027070 0.104101
v 0.062429 0.017269 0.103090
v 0.063613 0.007987 0.100889
v 0.116481 0.001481 0.052864
v 0.109924 0.001983 0.033659
v 0.106923 0.002615 0.024276
v 0.112951 0.036073 0.061607
v 0.105662 0.044187 0.044144
v 0.102199 0.048149 0.035371
v 0.104506 0.001231 0.061729
v 0.090607 0.001410 0.070987
v 0.081686 0.003399 0.049385
v 0.078095 0.004495 0.038888
v 0.074069 0.001007 0.079238
v 0.080226 0.039619 0.081000
v 0.074245 0.045411 0.059155
v 0.071421 0.048733 0.048551
v 0.119934 0.010139 0.018369
v 0.123475 0.007805 0.027063
v 0.128771 0.004856 0.045175
v 0.063353 0.043809 0.050155
v 0.065556 0.040993 0.061169
v 0.069720 0.037526 0.084291
v 0.124634 0.030922 0.052039
v 0.116724 0.036613 0.035752
v 0.113086 0.039901 0.027300
v 0.064218 0.001476 0.082868
v 0.055493 0.006008 0.059299
v 0.052595 0.008803 0.047554
v 0.096131 0.004151 -0.012559
v 0.117586 0.026798 0.080981
v 0.088865 0.064617 0.001902
v 0.122864 0.004948 0.067394
v 0.105153 0.029887 0.091316
v 0.112996 0.005253 0.078048
v 0.066581 0.009479 0.000149
v 0.099945 0.005602 0.087632
v 0.064203 0.062947 0.006439
v 0.087808 0.031286 0.101236
v 0.082861 0.006180 0.094964
v 0.097463 0.057666 -0.006749
v 0.104343 0.018483 -0.015787
v 0.055485 0.057877 0.003932
v 0.045629 0.018846 0.007828
v 0.128323 0.022543 0.069809
v 0.132033 0.005072 0.057992
v 0.075715 0.033116 0.102818
v 0.070857 0.003844 0.097003
v 0.079256 0.013633 -0.070961
v 0.080507 0.022031 -0.069841
v 0.080975 0.006233 -0.006093
v 0.078031 0.006501 -0.015915
v 0.092811 0.003599 0.031718
v 0.074792 0.006189 -0.026294
v 0.096241 0.002625 0.041506
v 0.071218 0.005420 -0.037090
v 0.086699 0.005044 0.012749
v 0.067332 0.004179 -0.047847
v 0.080213 0.030895 -0.067236
v 0.091730 0.003248 0.113342
v 0.093666 0.021775 0.116492
v 0.096670 0.019424 0.123749
v 0.087147 0.003962 0.105272
v 0.094192 0.002562 0.121065
v 0.093787 0.004509 0.126616
v 0.074883 0.021168 0.123669
v 0.079287 0.019345 0.130998
v 0.083849 0.017506 0.136592
v 0.097640 0.016820 0.130254
v 0.071769 0.003553 0.121591
v 0.081684 0.004910 0.131115
v 0.076625 0.002940 0.127774
v 0.067687 0.005170 0.114157
v 0.091109 0.024316 0.110120
v 0.072532 0.023277 0.116823
v 0.097696 0.009647 0.129093
v 0.081906 0.010041 0.135612
v 0.074367 0.010879 0.131370
v 0.100537 0.010867 0.121358
v 0.092781 0.012928 0.105621
v 0.066222 0.014458 0.116873
v 0.097851 0.012635 0.112850
v 0.068852 0.012675 0.124628
v 0.070108 0.024905 0.110435
v 0.065810 0.007680 0.106834
v 0.088137 0.026871 0.105540
v 0.082504 0.006138 0.099503
v 0.087010 0.014777 0.101828
v 0.064783 0.016240 0.109547
v 0.090222 0.009575 0.133304
v 0.087644 0.004079 0.128802
v 0.076678 0.002836 0.109367
v 0.084606 0.000954 0.123426
v 0.081144 0.001322 0.116934
v 0.082090 0.026569 0.114676
v 0.084624 0.022708 0.120243
v 0.088465 0.020819 0.127465
v 0.091745 0.018119 0.135115
v 0.079539 0.029859 0.109272
v 0.073346 0.005104 0.102479
v 0.106777 0.003259 0.105662
v 0.108755 0.019996 0.109260
v 0.110252 0.017896 0.114454
v 0.104176 0.005181 0.099427
v 0.108263 0.003530 0.112603
v 0.107990 0.005512 0.117662
v 0.093063 0.018563 0.114405
v 0.095980 0.017836 0.120488
v 0.099233 0.016856 0.125410
v 0.110465 0.015837 0.119543
v 0.090908 0.004345 0.112077
v 0.098594 0.006097 0.121942
v 0.094826 0.004149 0.118294
v 0.088608 0.006754 0.105716
v 0.107138 0.022566 0.104113
v 0.090891 0.020970 0.108803
v 0.110668 0.010054 0.119077
v 0.097979 0.010851 0.125609
v 0.091894 0.011045 0.121627
v 0.113189 0.010281 0.112474
v 0.109263 0.013466 0.100154
v 0.086703 0.014149 0.108316
v 0.112051 0.011566 0.105941
v 0.087962 0.011993 0.115184
v 0.090245 0.024144 0.102642
v 0.087865 0.008235 0.099426
v 0.105348 0.025730 0.098045
v 0.101285 0.006864 0.093329
v 0.106587 0.015232 0.095269
v 0.088051 0.015946 0.102100
v 0.105089 0.010420 0.123722
v 0.103546 0.004840 0.120325
v 0.095784 0.002890 0.102014
v 0.101209 0.001154 0.114863
v 0.098233 0.000128 0.108164
v 0.099150 0.024957 0.107665
v 0.100989 0.022114 0.112501
v 0.103278 0.020194 0.117667
v 0.105760 0.017487 0.123916
v 0.097606 0.027817 0.101280
v 0.093692 0.005939 0.096038
v 0.082524 0.001573 0.075192
v 0.090211 0.004102 0.089940
v 0.077959 0.002530 0.064369
v 0.118868 0.002478 0.096127
v 0.120930 0.016879 0.100151
v 0.121695 0.015166 0.104646
v 0.117546 0.004379 0.090701
v 0.119179 0.003137 0.101543
v 0.118638 0.004845 0.105429
v 0.108732 0.016027 0.102693
v 0.110199 0.014375 0.107541
v 0.112066 0.012977 0.111316
v 0.121247 0.012858 0.108208
v 0.105457 0.004370 0.099900
v 0.110905 0.004891 0.108586
v 0.107978 0.003769 0.105220
v 0.103957 0.006438 0.094636
v 0.119950 0.019080 0.094718
v 0.107716 0.018910 0.097788
v 0.120972 0.008487 0.107151
v 0.110700 0.008743 0.111170
v 0.106746 0.009643 0.107124
v 0.123480 0.009063 0.102449
v 0.122830 0.011430 0.091483
v 0.103630 0.013037 0.096613
v 0.123831 0.009904 0.097230
v 0.104689 0.010916 0.101839
v 0.107099 0.023657 0.093189
v 0.103484 0.008051 0.089956
v 0.118337 0.022965 0.088147
v 0.115337 0.006509 0.084784
v 0.120607 0.013608 0.086510
v 0.104068 0.015205 0.092650
v 0.116466 0.008091 0.110668
v 0.114931 0.003784 0.107437
v 0.109728 0.003036 0.092234
v 0.113070 0.000611 0.102836
v 0.111077 0.000000 0.097294
v 0.113732 0.021735 0.097670
v 0.114642 0.018562 0.102644
v 0.115905 0.016226 0.106922
v 0.117189 0.013430 0.111249
v 0.112637 0.025900 0.091347
v 0.108296 0.005926 0.086980
v 0.127786 0.002067 0.082501
v 0.130243 0.013991 0.085625
v 0.131124 0.012742 0.090043
v 0.126342 0.003790 0.077748
v 0.127996 0.002687 0.087380
v 0.127508 0.004289 0.090536
v 0.119505 0.015357 0.089423
v 0.120756 0.013786 0.093341
v 0.122530 0.012017 0.096194
v 0.130684 0.010968 0.093453
v 0.117094 0.005107 0.086517
v 0.121204 0.005267 0.093011
v 0.118924 0.004646 0.090544
v 0.115743 0.006312 0.082342
v 0.128482 0.015764 0.081242
v 0.118257 0.018203 0.085726
v 0.129927 0.007071 0.092159
v 0.121337 0.008366 0.095266
v 0.118103 0.009414 0.092426
v 0.132360 0.007180 0.087976
v 0.130128 0.009676 0.078408
v 0.114737 0.012780 0.084467
v 0.132538 0.007968 0.082878
v 0.116378 0.010688 0.088416
v 0.118061 0.021573 0.081545
v 0.115399 0.006869 0.078845
v 0.127232 0.019393 0.076205
v 0.124341 0.005497 0.073017
v 0.127440 0.011795 0.075054
v 0.115105 0.014929 0.080443
v 0.125919 0.007433 0.094698
v 0.124282 0.004083 0.092048
v 0.120195 0.002984 0.079741
v 0.122701 0.001932 0.088636
v 0.121306 0.001550 0.084255
v 0.124072 0.019044 0.084542
v 0.125051 0.016256 0.088495
v 0.126077 0.014560 0.092363
v 0.127103 0.012006 0.096050
v 0.123261 0.022764 0.079474
v 0.119071 0.004518 0.075292
v 0.135649 0.002698 0.072294
v 0.137210 0.014036 0.074858
v 0.137417 0.012303 0.078457
v 0.134876 0.004342 0.067904
v 0.135624 0.002824 0.076799
v 0.135089 0.004055 0.079800
v 0.128019 0.014737 0.077751
v 0.129173 0.013073 0.080687
v 0.130577 0.011398 0.083054
v 0.136952 0.010524 0.081332
v 0.125538 0.004609 0.075452
v 0.129598 0.005147 0.081242
v 0.127522 0.004348 0.078988
v 0.124337 0.005734 0.071824
v 0.136558 0.015670 0.070775
v 0.127118 0.017283 0.074878
v 0.136809 0.006906 0.081047
v 0.129518 0.008241 0.082884
v 0.126615 0.009270 0.080483
v 0.138540 0.007478 0.077352
v 0.138364 0.009974 0.068352
v 0.123650 0.012551 0.074156
v 0.139084 0.008625 0.073000
v 0.124789 0.010589 0.077403
v 0.128175 0.020002 0.071372
v 0.125050 0.005513 0.068590
v 0.135570 0.016988 0.065439
v 0.133457 0.005709 0.063487
v 0.136666 0.010942 0.063198
v 0.125242 0.013747 0.071049
v 0.133419 0.007148 0.083026
v 0.132341 0.003795 0.080849
v 0.129092 0.002701 0.069369
v 0.131092 0.001359 0.077495
v 0.129833 0.000845 0.073256
v 0.132081 0.017972 0.073262
v 0.132666 0.015665 0.076601
v 0.133429 0.013808 0.079700
v 0.134096 0.011299 0.083047
v 0.131980 0.020440 0.068439
v 0.128520 0.004136 0.065697
v 0.086339 0.042803 0.066234
v 0.089910 0.040175 0.076640
v 0.095877 0.032924 0.094004
v 0.106019 0.037878 0.066572
v 0.111075 0.030822 0.083643
v 0.102209 0.041520 0.057399
v 0.115604 0.037679 0.048272
v 0.119200 0.034069 0.056548
v 0.122874 0.026345 0.072378
v 0.122471 0.001843 0.048673
v 0.119837 0.002109 0.039451
v 0.127010 0.003653 0.061238
v 0.106686 0.001687 0.047419
v 0.110544 0.001337 0.057078
v 0.116958 0.003262 0.070353
v 0.093274 0.001962 0.056001
v 0.097807 0.001161 0.066270
v 0.105373 0.003893 0.080908
v 0.086652 0.016948 0.100338
v 0.084960 0.009622 0.098195
v 0.088782 0.025436 0.103863
v 0.105963 0.024784 0.094558
v 0.104087 0.016483 0.093233
v 0.102130 0.009101 0.090862
v 0.117902 0.022411 0.084256
v 0.116760 0.015179 0.084007
v 0.115259 0.008275 0.081487
v 0.127709 0.018750 0.072892
v 0.126462 0.012630 0.072749
v 0.125442 0.006277 0.070483
v 0.074852 0.056835 0.025904
v 0.079937 0.050704 0.045971
v 0.071273 0.065844 0.007232
v 0.083045 0.046707 0.055977
v 0.089149 0.057579 0.021284
v 0.095400 0.050208 0.039287
v 0.098670 0.045862 0.048319
v 0.083707 0.066360 0.004700
v 0.067696 0.042301 -0.073565
v 0.060217 0.043645 -0.075765
v 0.073928 0.041116 -0.069207
v 0.100699 0.051801 0.014128
v 0.079992 0.040359 -0.064506
v 0.111804 0.041175 0.039836
v 0.108175 0.044749 0.031277
v 0.093375 0.061743 -0.001833
v 0.064845 0.009180 0.022008
v 0.059290 0.010776 0.003025
v 0.070206 0.004828 0.042113
v 0.048709 0.010491 -0.028702
v 0.052827 0.011283 -0.017381
v 0.056275 0.011196 -0.006696
v 0.044246 0.009317 -0.039618
v 0.073741 0.003657 0.053034
v 0.067270 0.008276 -0.023421
v 0.070766 0.008514 -0.012802
v 0.058973 0.005812 -0.045507
v 0.085593 0.004088 0.035376
v 0.063265 0.007290 -0.034548
v 0.079524 0.006503 0.016040
v 0.089148 0.003002 0.045482
v 0.073782 0.007963 -0.002927
v 0.088261 0.004599 -0.009275
v 0.085456 0.004556 -0.018975
v 0.099856 0.003042 0.028006
v 0.082503 0.004299 -0.029119
v 0.103092 0.002280 0.037547
v 0.079308 0.003871 -0.039599
v 0.093880 0.003666 0.009364
v 0.075905 0.003049 -0.050141
v 0.108956 0.006419 0.002479
v 0.090229 0.011321 -0.054226
v 0.100248 0.010150 -0.024739
v 0.096853 0.010836 -0.034314
v 0.093460 0.011064 -0.044118
v 0.117199 0.002473 0.029802
v 0.114637 0.003216 0.020387
v 0.102962 0.009423 -0.015273
v 0.035409 0.037547 -0.067242
v 0.039041 0.047296 -0.064741
v 0.080588 0.004372 -0.062917
v 0.085854 0.012041 -0.063911
v 0.071943 0.002777 -0.060282
v 0.063173 0.003194 -0.058182
v 0.054693 0.004425 -0.055846
v 0.047006 0.005977 -0.052940
v 0.073612 0.031633 -0.072296
v 0.058447 0.033723 -0.078625
v 0.066629 0.032611 -0.076591
v 0.034510 0.013771 -0.046392
v 0.039792 0.008222 -0.049476
v 0.036590 0.009212 -0.058063
v 0.032646 0.014624 -0.054752
v 0.049831 0.034847 -0.077233
v 0.052141 0.044966 -0.074737
v 0.080307 0.050512 -0.062307
v 0.062003 0.053510 -0.072198
v 0.068779 0.052276 -0.070466
v 0.074603 0.051194 -0.066578
v 0.041946 0.036105 -0.073168
v 0.044849 0.046168 -0.070707
v 0.032311 0.038261 -0.059050
v 0.036037 0.047779 -0.056987
v 0.073348 0.022822 -0.074824
v 0.042991 0.056908 -0.062343
v 0.054849 0.054786 -0.071274
v 0.048248 0.055964 -0.067814
v 0.039828 0.057382 -0.055350
v 0.065674 0.023395 -0.078393
v 0.030221 0.028960 -0.060508
v 0.033161 0.027862 -0.068548
v 0.072497 0.014914 -0.075708
v 0.065021 0.015041 -0.078410
v 0.030657 0.020896 -0.060722
v 0.032987 0.019091 -0.067753
v 0.070745 0.010076 -0.073907
v 0.065144 0.008685 -0.075024
v 0.032545 0.015964 -0.060104
v 0.034607 0.012733 -0.064320
v 0.057025 0.024097 -0.079642
v 0.048159 0.024969 -0.078112
v 0.039914 0.026208 -0.074288
v 0.056380 0.015315 -0.078764
v 0.047335 0.015742 -0.077351
v 0.038972 0.016904 -0.073611
v 0.057034 0.008471 -0.074619
v 0.048510 0.008965 -0.072494
v 0.040528 0.010012 -0.068995
v 0.076503 0.093651 -0.019696
v 0.072711 0.093948 -0.019235
v 0.080083 0.093219 -0.020942
v 0.083385 0.092656 -0.023012
v 0.086378 0.092003 -0.025959
v 0.088975 0.091330 -0.029824
v 0.090968 0.090722 -0.034583
v 0.092293 0.090251 -0.040037
v 0.092794 0.089930 -0.045935
v 0.092025 0.089769 -0.051974
v 0.089461 0.089762 -0.057567
v 0.085255 0.089916 -0.061992
v 0.080096 0.090241 -0.065003
v 0.074574 0.090696 -0.066877
v 0.068872 0.091266 -0.066978
v 0.063415 0.091865 -0.065653
v 0.058275 0.092460 -0.063405
v 0.053714 0.093033 -0.060014
v 0.049652 0.093606 -0.055877
v 0.045520 0.094256 -0.051429
v 0.042561 0.094989 -0.045664
v 0.042512 0.095483 -0.038872
v 0.045401 0.095464 -0.032828
v 0.049892 0.095091 -0.028379
v 0.054833 0.094668 -0.025154
v 0.059667 0.094383 -0.022601
v 0.064276 0.094241 -0.020685
v 0.068631 0.094161 -0.019465
v 0.074858 0.078847 -0.008431
v 0.079521 0.078618 -0.009249
v 0.083836 0.077812 -0.011098
v 0.087361 0.076260 -0.014174
v 0.090010 0.074331 -0.018345
v 0.091016 0.072283 -0.023713
v 0.090767 0.070989 -0.029969
v 0.090868 0.070438 -0.036775
v 0.092661 0.070107 -0.043825
v 0.093242 0.069904 -0.051359
v 0.089438 0.070157 -0.057861
v 0.083443 0.070769 -0.061664
v 0.077509 0.071446 -0.064492
v 0.071785 0.072215 -0.067080
v 0.065718 0.073093 -0.067840
v 0.059737 0.073949 -0.066687
v 0.054193 0.074747 -0.064003
v 0.049572 0.075365 -0.059732
v 0.046222 0.075764 -0.054265
v 0.043396 0.076169 -0.048373
v 0.041050 0.076548 -0.041881
v 0.041191 0.076798 -0.034546
v 0.044991 0.076677 -0.028201
v 0.049781 0.076255 -0.022936
v 0.054559 0.076120 -0.017892
v 0.059407 0.076644 -0.013350
v 0.064605 0.077640 -0.010271
v 0.069846 0.078525 -0.008671
v 0.076258 0.072682 -0.001167
v 0.081602 0.072270 -0.002539
v 0.086346 0.070983 -0.004927
v 0.090382 0.068801 -0.008418
v 0.093559 0.065833 -0.013170
v 0.094946 0.062535 -0.019548
v 0.093688 0.060766 -0.027220
v 0.091170 0.060016 -0.034875
v 0.090192 0.059982 -0.042739
v 0.090833 0.059931 -0.050517
v 0.087068 0.060218 -0.056809
v 0.081518 0.060689 -0.061214
v 0.075825 0.061318 -0.064945
v 0.070145 0.062262 -0.068243
v 0.063853 0.063379 -0.069435
v 0.057431 0.064506 -0.068463
v 0.051435 0.065533 -0.065511
v 0.046579 0.066289 -0.060664
v 0.043325 0.066723 -0.054486
v 0.041098 0.067082 -0.047741
v 0.040085 0.067320 -0.040458
v 0.041069 0.067374 -0.032853
v 0.043760 0.067336 -0.025442
v 0.047813 0.067179 -0.018589
v 0.052538 0.067228 -0.011985
v 0.057888 0.068153 -0.005910
v 0.064124 0.070338 -0.002402
v 0.070355 0.072096 -0.000981
v 0.077636 0.085290 -0.015620
v 0.081329 0.084765 -0.017028
v 0.084603 0.083936 -0.019402
v 0.087274 0.082877 -0.022829
v 0.089209 0.081815 -0.027285
v 0.090659 0.081019 -0.032602
v 0.092177 0.080503 -0.038516
v 0.093740 0.080188 -0.044961
v 0.093155 0.080064 -0.051815
v 0.089830 0.080151 -0.057877
v 0.084647 0.080481 -0.062058
v 0.078905 0.081003 -0.064680
v 0.073215 0.081607 -0.066699
v 0.067355 0.082295 -0.066984
v 0.061713 0.082980 -0.065705
v 0.056453 0.083645 -0.063253
v 0.051932 0.084216 -0.059457
v 0.048230 0.084711 -0.054700
v 0.044210 0.085279 -0.049842
v 0.040552 0.085885 -0.043848
v 0.040445 0.086360 -0.036270
v 0.044652 0.086240 -0.030115
v 0.050202 0.085647 -0.026133
v 0.055452 0.085129 -0.022690
v 0.060310 0.084993 -0.019483
v 0.064959 0.085200 -0.017012
v 0.069422 0.085490 -0.015491
v 0.073688 0.085464 -0.015191
v 0.075877 0.102703 -0.021816
v 0.090875 0.100207 -0.036141
v 0.092160 0.099770 -0.041218
v 0.092314 0.099438 -0.046659
v 0.085817 0.099205 -0.061870
v 0.081285 0.099390 -0.065312
v 0.064924 0.100730 -0.066534
v 0.059726 0.101282 -0.064533
v 0.044781 0.103780 -0.047587
v 0.044611 0.104247 -0.041474
v 0.046661 0.104356 -0.035781
v 0.050107 0.104210 -0.031069
v 0.058801 0.103717 -0.024648
v 0.059125 0.007888 0.034294
v 0.054533 0.039647 0.039998
v 0.049573 0.031145 0.039974
v 0.084958 0.054677 0.033333
v 0.115789 0.029384 0.012363
v 0.116636 0.021104 0.010674
v 0.113328 0.036984 0.015129
v 0.115821 0.012623 0.010096
v 0.061477 0.046230 0.039112
v 0.047667 0.021398 0.038839
v 0.098700 0.051686 0.026539
v 0.104079 0.003043 0.015050
v 0.075042 0.006273 0.028872
v 0.069142 0.051126 0.037796
v 0.051041 0.012194 0.036675
v 0.109566 0.043418 0.018704
v 0.089692 0.004546 0.022171
v 0.077186 0.053769 0.035855
v 0.092209 0.053960 0.030190
v 0.104520 0.048232 0.022646
v 0.067344 0.006953 0.031806
v 0.082463 0.005470 0.025612
v 0.096818 0.003530 0.018645
v 0.111812 0.004810 0.011378
v 0.054611 0.012108 0.014980
v 0.105148 0.044566 -0.002884
v 0.107599 0.035395 -0.005420
v 0.048042 0.017421 0.017185
v 0.101506 0.051420 0.001556
v 0.065613 0.057351 0.016612
v 0.108408 0.025913 -0.006548
v 0.098685 0.003822 -0.003296
v 0.069438 0.008791 0.009631
v 0.079872 0.062116 0.015038
v 0.051036 0.044889 0.018290
v 0.045543 0.026211 0.018567
v 0.046578 0.035799 0.018997
v 0.091849 0.059344 0.009599
v 0.058046 0.052216 0.016882
v 0.107691 0.016944 -0.006731
v 0.083798 0.005539 0.003377
v 0.072876 0.060691 0.016281
v 0.086277 0.061522 0.012722
v 0.096881 0.056039 0.005886
v 0.062154 0.010278 0.012447
v 0.076627 0.007154 0.006575
v 0.091037 0.004108 0.000101
v 0.105723 0.008269 -0.006217
v 0.102313 0.035467 0.081776
v 0.062872 0.029543 0.096148
v 0.131239 0.024307 0.054798
v 0.059162 0.018866 0.095907
v 0.130349 0.004656 0.051740
v 0.072649 0.035435 0.094113
v 0.119778 0.002470 0.060827
v 0.116086 0.031302 0.071159
v 0.108814 0.002039 0.070345
v 0.068305 0.001606 0.090850
v 0.095229 0.002204 0.079927
v 0.078406 0.001834 0.088066
v 0.084077 0.036536 0.091881
v 0.127472 0.027305 0.060700
v 0.133622 0.018719 0.051527
v 0.133908 0.011298 0.050289
v 0.060326 0.007801 0.094374
v 0.086371 0.002244 0.083060
v 0.093268 0.037226 0.085841
v 0.109100 0.034079 0.075193
v 0.121816 0.030114 0.064527
v 0.124609 0.002428 0.055394
v 0.113908 0.002002 0.064408
v 0.101744 0.001772 0.074101
v 0.089642 0.031707 0.097558
v 0.084108 0.033330 0.100993
v 0.106719 0.030972 0.087678
v 0.102161 0.031475 0.091122
v 0.115585 0.028687 0.080857
v 0.118958 0.026889 0.076676
v 0.126416 0.024169 0.069604
v 0.129738 0.023448 0.065915
v 0.078303 0.004889 0.094344
v 0.084927 0.004143 0.093441
v 0.096513 0.004490 0.087607
v 0.101101 0.004327 0.084670
v 0.110461 0.004669 0.078376
v 0.113752 0.003585 0.074449
v 0.120889 0.004080 0.067726
v 0.123841 0.004052 0.064687
v -0.051080 1.278319 -0.004599
v -0.035513 1.316241 -0.012990
v -0.044986 1.285856 -0.010053
v -0.041224 1.294480 -0.011640
v -0.038451 1.302191 -0.012553
v -0.036507 1.309370 -0.012996
v -0.035306 1.322873 -0.012767
v -0.035742 1.329360 -0.012451
v -0.036772 1.335801 -0.012095
v -0.038390 1.342332 -0.011535
v -0.040785 1.348974 -0.010570
v -0.045958 1.291320 -0.081593
v -0.043837 1.355281 -0.008458
v -0.047105 1.359863 -0.003544
v -0.013943 1.269871 0.015938
v -0.066154 1.297071 -0.036127
v -0.065378 1.290191 -0.027025
v -0.043298 1.276650 0.003020
v -0.027995 1.288438 -0.083241
v -0.019563 1.337995 0.011958
v -0.017832 1.320864 0.005705
v -0.023044 1.345388 0.027241
v -0.020743 1.342732 0.017654
v -0.018854 1.332472 0.008560
v -0.018283 1.326724 0.006512
v -0.017521 1.314691 0.005195
v -0.040752 1.332757 -0.038610
v -0.038399 1.340789 -0.044404
v -0.038248 1.347413 -0.044213
v -0.038798 1.354381 -0.044431
v -0.039894 1.361773 -0.044897
v -0.041467 1.369659 -0.045700
v -0.043492 1.378156 -0.046980
v -0.018252 1.380631 -0.068796
v -0.017474 1.372716 -0.065725
v -0.016948 1.365019 -0.063579
v -0.016595 1.357546 -0.062166
v -0.016388 1.350274 -0.061150
v -0.016426 1.343072 -0.060936
v -0.026421 1.380017 -0.065753
v -0.025339 1.372070 -0.063032
v -0.024586 1.364426 -0.061088
v -0.024055 1.357061 -0.059813
v -0.023708 1.349949 -0.058886
v -0.023732 1.342971 -0.058647
v -0.039196 1.378968 -0.054568
v -0.037656 1.370651 -0.052777
v -0.036426 1.362883 -0.051502
v -0.035565 1.355573 -0.050644
v -0.035154 1.348647 -0.050188
v -0.035305 1.341993 -0.050342
v -0.036115 1.335572 -0.051092
v -0.030960 1.336043 -0.056093
v -0.030288 1.342673 -0.055279
v -0.039939 1.339116 -0.038079
v -0.030240 1.349439 -0.055349
v -0.030643 1.356412 -0.056050
v -0.031363 1.363703 -0.057155
v -0.032351 1.371356 -0.058826
v -0.033643 1.379441 -0.061080
v -0.039391 1.328160 -0.025454
v -0.037730 1.325542 -0.019073
v -0.048850 1.374479 -0.029603
v -0.050228 1.370647 -0.020445
v -0.049809 1.365087 -0.011553
v -0.042853 1.355296 0.003933
v -0.037349 1.351381 0.011261
v -0.030811 1.348110 0.018636
v -0.045526 1.366091 -0.030332
v -0.046059 1.363111 -0.023154
v -0.045687 1.359447 -0.015544
v -0.040312 1.351025 -0.001477
v -0.034963 1.347239 0.005396
v -0.028064 1.344565 0.012006
v -0.043092 1.358257 -0.030837
v -0.043268 1.355559 -0.024545
v -0.042606 1.352536 -0.017350
v -0.037533 1.345248 -0.003997
v -0.032656 1.341879 0.002274
v -0.026369 1.339450 0.007749
v -0.041426 1.350800 -0.031190
v -0.041276 1.348284 -0.024932
v -0.040342 1.345490 -0.018090
v -0.035207 1.339094 -0.005267
v -0.030688 1.336159 0.000456
v -0.025048 1.333936 0.005174
v -0.040442 1.343776 -0.031296
v -0.039994 1.341397 -0.024853
v -0.038836 1.338702 -0.018420
v -0.033588 1.332898 -0.006051
v -0.029269 1.330274 -0.000706
v -0.024043 1.328205 0.003568
v -0.040133 1.337076 -0.031503
v -0.039356 1.334712 -0.025048
v -0.037971 1.332092 -0.018717
v -0.032531 1.326660 -0.006535
v -0.028319 1.324233 -0.001387
v -0.023324 1.322284 0.002727
v -0.039954 1.345779 -0.037849
v -0.040723 1.352794 -0.037849
v -0.042122 1.360245 -0.037893
v -0.044175 1.368155 -0.038123
v -0.046872 1.376700 -0.038627
v -0.009503 1.380998 -0.071115
v -0.009109 1.373027 -0.067833
v -0.008841 1.365224 -0.065576
v -0.008665 1.357620 -0.064089
v -0.008571 1.350164 -0.063222
v -0.008603 1.342779 -0.063092
v -0.008791 1.335392 -0.063840
v -0.012986 1.336931 0.015155
v -0.012129 1.319958 0.007774
v -0.014317 1.343011 0.029839
v -0.013629 1.341030 0.021329
v -0.012642 1.331628 0.011310
v -0.012376 1.325899 0.009043
v -0.017545 1.328695 -0.063347
v -0.025333 1.329193 -0.061066
v -0.032216 1.329530 -0.057425
v -0.041017 1.328419 -0.046071
v -0.039313 1.334448 -0.045098
v -0.016805 1.335887 -0.061732
v -0.024277 1.336058 -0.059474
v -0.040587 1.330601 -0.031968
v -0.031984 1.320290 -0.006861
v -0.027791 1.317976 -0.001774
v -0.022887 1.316094 0.002278
v -0.022742 1.309600 0.002163
v -0.027671 1.311446 -0.001885
v -0.038253 1.318939 -0.019442
v -0.009152 1.327941 -0.065371
v -0.011935 1.313747 0.007081
v -0.017490 1.301354 0.005268
v -0.017395 1.308192 0.005039
v -0.017829 1.294179 0.005915
v -0.018493 1.286669 0.007322
v -0.019551 1.278931 0.009992
v -0.037552 1.329330 -0.052263
v -0.042468 1.326715 -0.039361
v -0.031984 1.313699 -0.006989
v -0.040383 1.321684 -0.025954
v -0.042010 1.324353 -0.032574
v -0.011867 1.300334 0.006926
v -0.011836 1.307220 0.006825
v -0.012060 1.293106 0.007548
v -0.013122 1.277647 0.011423
v -0.012462 1.285516 0.008892
v -0.022922 1.302771 0.002412
v -0.023463 1.295600 0.003070
v -0.024479 1.288105 0.004544
v -0.026077 1.280464 0.007407
v -0.032589 1.282084 0.003288
v -0.030358 1.289825 0.000486
v -0.028866 1.297375 -0.000976
v -0.028005 1.304587 -0.001654
v -0.038853 1.283736 -0.002582
v -0.033884 1.299543 -0.006228
v -0.035953 1.291866 -0.004957
v -0.032583 1.306807 -0.006836
v -0.045257 1.321080 -0.040307
v -0.044670 1.318446 -0.033169
v -0.043581 1.322690 -0.047418
v -0.034131 1.323056 -0.059352
v -0.042568 1.315329 -0.026323
v -0.039744 1.323256 -0.053877
v -0.009701 1.320339 -0.067637
v -0.018678 1.321420 -0.065762
v -0.026958 1.322328 -0.063345
v -0.046964 1.317208 -0.049073
v -0.045866 1.309092 -0.026454
v -0.042759 1.317275 -0.055964
v -0.020269 1.313944 -0.069027
v -0.029253 1.315300 -0.066373
v -0.048873 1.315744 -0.041396
v -0.048246 1.312782 -0.033732
v -0.036847 1.316547 -0.061867
v -0.010466 1.312473 -0.070742
v -0.051099 1.311837 -0.050950
v -0.049887 1.302596 -0.026685
v -0.046791 1.311430 -0.058427
v -0.022362 1.306054 -0.073041
v -0.032389 1.307888 -0.070047
v -0.053032 1.310417 -0.042685
v -0.052451 1.307091 -0.034451
v -0.040619 1.309976 -0.064987
v -0.011445 1.304221 -0.074583
v -0.056507 1.306945 -0.052963
v -0.055236 1.295799 -0.027026
v -0.052330 1.306048 -0.061246
v -0.024960 1.297436 -0.077618
v -0.036842 1.299910 -0.074684
v -0.058303 1.305493 -0.044055
v -0.057748 1.301602 -0.035320
v -0.045981 1.303494 -0.068717
v -0.039794 1.312230 -0.019637
v -0.042489 1.305399 -0.019446
v -0.046021 1.298052 -0.019109
v -0.050929 1.289618 -0.018585
v -0.035740 1.275032 0.008754
v -0.012559 1.295364 -0.078889
v -0.036645 1.390555 0.082768
v -0.052661 1.392092 0.074400
v -0.008646 1.352442 0.084680
v -0.028948 1.361180 0.072711
v -0.019844 1.395443 0.096725
v -0.007544 1.397789 0.103248
v -0.022459 1.357366 0.076999
v -0.025264 1.394033 0.092863
v -0.036216 1.378870 0.078002
v -0.020215 1.369056 0.083555
v -0.026227 1.371927 0.081037
v -0.007562 1.363683 0.088798
v -0.038086 1.384074 0.078922
v -0.007935 1.381421 0.101225
v -0.019652 1.381647 0.094209
v -0.029250 1.382041 0.083680
v -0.024186 1.381441 0.089892
v -0.028838 1.381046 0.082390
v -0.020202 1.380415 0.092816
v -0.023931 1.380749 0.088293
v -0.008955 1.380021 0.101829
v -0.029948 1.382373 0.082164
v -0.009582 1.375178 0.101895
v -0.021165 1.378213 0.092776
v -0.025063 1.382916 0.091559
v -0.030208 1.382458 0.084267
v -0.030539 1.382500 0.082204
v -0.029328 1.380871 0.081866
v -0.024872 1.379461 0.088298
v -0.008383 1.384046 0.104333
v -0.020384 1.383577 0.096157
v -0.031883 1.429075 0.084511
v -0.051384 1.382969 0.070990
v -0.047344 1.372603 0.067464
v -0.042249 1.419960 0.083819
v -0.024045 1.435503 0.085431
v -0.036423 1.425086 0.084300
v -0.009027 1.365058 0.095014
v -0.008764 1.394678 0.106924
v -0.026134 1.389309 0.093421
v -0.021358 1.391129 0.098215
v -0.021385 1.371933 0.088380
v -0.032782 1.380231 0.079990
v -0.034156 1.383403 0.080760
v -0.033532 1.385871 0.084335
v -0.026063 1.375036 0.085058
v -0.031664 1.383378 0.084790
v -0.030440 1.380730 0.081111
v -0.026070 1.377328 0.087838
v -0.021012 1.386736 0.098043
v -0.009925 1.369570 0.100132
v -0.021936 1.374915 0.091830
v -0.025872 1.385401 0.093262
v -0.031858 1.382774 0.081885
v -0.008590 1.388801 0.106703
v -0.020064 1.411579 0.101101
v -0.025017 1.418189 0.100644
v -0.024108 1.422270 0.098180
v -0.011860 1.412040 0.109966
v -0.013857 1.420497 0.113832
v -0.012756 1.425292 0.111056
v -0.014686 1.443782 0.087542
v -0.017938 1.420198 0.109070
v -0.015580 1.412630 0.107261
v -0.016566 1.424145 0.106325
v -0.008101 1.420535 0.118963
v -0.006757 1.410984 0.112496
v -0.007701 1.426625 0.116273
v -0.013970 1.396802 0.100138
v -0.015918 1.354636 0.081032
v -0.014074 1.366248 0.086171
v -0.015343 1.380127 0.097469
v -0.014263 1.381550 0.098196
v -0.014940 1.383983 0.100592
v -0.016209 1.376655 0.097313
v -0.015956 1.368327 0.091695
v -0.015713 1.393188 0.102808
v -0.016674 1.372212 0.095784
v -0.015381 1.388026 0.102607
v -0.014232 1.410351 0.105151
v -0.011269 1.409677 0.106694
v -0.017234 1.409660 0.100883
v -0.005723 1.406597 0.104237
v -0.007116 1.407759 0.107843
v -0.031886 1.374954 0.079085
v -0.026884 1.381154 0.084843
v -0.027738 1.380379 0.084747
v -0.036998 1.366091 0.069725
v -0.030024 1.377531 0.082137
v -0.028857 1.379173 0.084181
v -0.017230 1.415572 0.109029
v -0.007381 1.414604 0.116542
v -0.030537 1.392641 0.088546
v -0.027425 1.381466 0.086222
v -0.028445 1.382404 0.087457
v -0.030450 1.387696 0.088942
v -0.029686 1.384149 0.088832
v -0.023279 1.413820 0.101554
v -0.013029 1.415300 0.112757
v -0.083893 1.466353 0.055692
v -0.078966 1.463424 0.060295
v -0.047319 1.478684 0.075140
v -0.046972 1.485520 0.075937
v -0.034264 1.473670 0.074415
v -0.030512 1.478501 0.075906
v -0.068071 1.474284 0.069704
v -0.071153 1.480615 0.068893
v -0.028587 1.464967 0.071454
v -0.024548 1.467175 0.073617
v -0.037868 1.475957 0.075204
v -0.034897 1.481725 0.076194
v -0.063370 1.476204 0.071955
v -0.065668 1.482991 0.071927
v -0.075356 1.468552 0.064269
v -0.079878 1.473707 0.061574
v -0.082882 1.454953 0.056178
v -0.078137 1.459761 0.060846
v -0.025495 1.450616 0.069372
v -0.028668 1.453160 0.068195
v -0.052955 1.448350 0.072851
v -0.053140 1.439192 0.071089
v -0.039246 1.449429 0.071716
v -0.037403 1.442070 0.070932
v -0.070494 1.452862 0.066675
v -0.073866 1.444941 0.063540
v -0.033230 1.451180 0.069630
v -0.030426 1.445866 0.069933
v -0.043166 1.448675 0.072412
v -0.042062 1.440604 0.071477
v -0.066670 1.451207 0.068995
v -0.069151 1.442444 0.066084
v -0.076318 1.457529 0.062428
v -0.080914 1.451357 0.058246
v -0.027543 1.454576 0.068121
v -0.024320 1.453248 0.069584
v -0.079274 1.462285 0.059855
v -0.084397 1.462672 0.054540
v -0.092110 1.471471 0.045487
v -0.052882 1.493745 0.090254
v -0.030354 1.486087 0.092532
v -0.081863 1.490882 0.071986
v -0.018936 1.466571 0.086805
v -0.037188 1.489904 0.092304
v -0.075865 1.492981 0.078555
v -0.089425 1.483244 0.057118
v -0.093349 1.448281 0.044265
v -0.019169 1.446705 0.082691
v -0.053274 1.422932 0.079778
v -0.034138 1.432921 0.081575
v -0.083737 1.428926 0.061415
v -0.026123 1.438934 0.082060
v -0.039125 1.429601 0.081349
v -0.077074 1.425426 0.066973
v -0.092497 1.440165 0.048428
v -0.017885 1.451656 0.083156
v -0.092203 1.464435 0.042384
v -0.094425 1.474048 0.040074
v -0.055582 1.501549 0.092158
v -0.027701 1.494005 0.098897
v -0.085122 1.496719 0.069530
v -0.037893 1.497964 0.097055
v -0.079856 1.499436 0.077431
v -0.091971 1.487647 0.053257
v -0.096780 1.445989 0.036398
v -0.042035 1.477592 0.075334
v -0.050635 1.412759 0.081598
v -0.047862 1.448383 0.072981
v -0.085570 1.420704 0.058313
v -0.040534 1.484139 0.076208
v -0.047431 1.439588 0.071668
v -0.078459 1.417085 0.064944
v -0.096303 1.433129 0.039654
v -0.094755 1.465764 0.036225
v -0.044949 1.492294 0.091697
v -0.045486 1.426104 0.081159
v -0.046850 1.500272 0.094917
v -0.009384 1.445289 0.091723
v -0.009116 1.451043 0.089961
v -0.010660 1.468685 0.092891
v -0.005820 1.469201 0.095613
v -0.004948 1.451820 0.093041
v -0.005141 1.446766 0.095142
v -0.018667 1.478911 0.094151
v -0.022584 1.476341 0.090263
v -0.058424 1.510874 0.090710
v -0.087643 1.502813 0.064863
v -0.039397 1.509224 0.097079
v -0.082800 1.506501 0.073274
v -0.094224 1.492240 0.047994
v -0.049041 1.510368 0.094200
v -0.029398 1.508070 0.099283
v -0.016543 1.473443 0.092062
v -0.020452 1.471522 0.088545
v -0.015071 1.467906 0.090190
v -0.013602 1.450904 0.086845
v -0.027941 1.432411 0.084880
v -0.026728 1.416388 0.096360
v -0.021019 1.409767 0.098376
v -0.026072 1.420349 0.094379
v -0.016982 1.408674 0.098855
v -0.024895 1.412112 0.097838
v -0.029985 1.468126 0.072458
v -0.025828 1.471343 0.074588
v -0.036021 1.450354 0.070759
v -0.033588 1.443883 0.070454
v -0.029956 1.435971 0.081816
v -0.018263 1.412507 0.104200
v -0.019837 1.438944 0.086297
v -0.021679 1.419503 0.104759
v -0.020479 1.423345 0.102074
v -0.016253 1.410353 0.103075
v -0.020682 1.415064 0.105339
v -0.027749 1.461617 0.070387
v -0.023923 1.463020 0.072376
v -0.030714 1.452006 0.068699
v -0.027668 1.448086 0.069489
v -0.022381 1.442302 0.082332
v -0.031394 1.520937 0.097280
v -0.033624 1.533713 0.093604
v -0.052329 1.401546 0.077729
v -0.058228 1.477638 0.073528
v -0.012769 1.399770 0.098605
v -0.011768 1.402385 0.097572
v -0.023873 1.398708 0.092447
v -0.022015 1.402865 0.091851
v -0.018385 1.399224 0.095697
v -0.016905 1.402457 0.094788
v -0.006340 1.402535 0.100313
v -0.006845 1.400282 0.101373
v -0.035666 1.398641 0.084228
v -0.032896 1.405681 0.084717
v -0.029364 1.398390 0.088603
v -0.027067 1.403800 0.088390
v -0.044245 1.383321 0.076216
v -0.027329 1.367150 0.076751
v -0.020648 1.363814 0.079452
v -0.007604 1.358796 0.085346
v -0.032248 1.421098 0.085580
v -0.022069 1.432116 0.087816
v -0.044770 1.391218 0.078941
v -0.028863 1.425475 0.086004
v -0.040976 1.376283 0.074704
v -0.014151 1.361117 0.082270
v -0.036151 1.415340 0.084821
v -0.014044 1.438088 0.092277
v -0.034464 1.371161 0.075003
v -0.009771 1.440221 0.095541
v -0.005508 1.442201 0.098850
v -0.025533 1.428975 0.086602
v -0.018325 1.435200 0.089751
v -0.040760 1.408183 0.083335
v -0.043630 1.399743 0.081283
v -0.059717 1.484668 0.073962
v -0.062416 1.449848 0.070810
v -0.064038 1.440646 0.068188
v -0.068582 1.494184 0.083661
v -0.069670 1.423109 0.071759
v -0.072699 1.501135 0.083945
v -0.070540 1.414520 0.070693
v -0.076150 1.509132 0.080804
v -0.072127 1.471563 0.067001
v -0.076070 1.477327 0.065447
v -0.073746 1.454968 0.064367
v -0.077903 1.448006 0.060813
v -0.086335 1.487666 0.064547
v -0.089174 1.433754 0.054931
v -0.089083 1.492804 0.061295
v -0.091591 1.425684 0.050239
v -0.091437 1.498087 0.056346
v -0.079931 1.387867 0.040812
v -0.073741 1.383634 0.046914
v -0.087075 1.395817 0.030752
v -0.066280 1.379634 0.053079
v -0.084452 1.392307 0.034987
v -0.091170 1.415853 0.046044
v -0.088925 1.406572 0.042431
v -0.086388 1.398649 0.039008
v -0.089284 1.401320 0.031881
v -0.092148 1.409639 0.033610
v -0.094918 1.419925 0.036033
v -0.070725 1.405313 0.067919
v -0.070013 1.396178 0.063843
v -0.068341 1.387558 0.058815
v -0.075810 1.391095 0.052594
v -0.077793 1.399250 0.057618
v -0.078790 1.408099 0.061801
v -0.085668 1.411642 0.054576
v -0.084121 1.402851 0.050437
v -0.081898 1.394904 0.045957
v -0.099114 1.436826 0.005484
v -0.086670 1.388710 0.006225
v -0.090761 1.400437 0.003565
v -0.094645 1.412371 0.002655
v -0.097925 1.424640 0.003862
v -0.008886 1.335730 0.069745
v -0.030985 1.344639 0.057654
v -0.023762 1.341041 0.062732
v -0.045417 1.353506 0.045640
v -0.016532 1.338225 0.066770
v -0.038044 1.349121 0.051849
v -0.074664 1.371226 0.017668
v -0.068027 1.365644 0.024978
v -0.060863 1.361131 0.032185
v -0.080843 1.378604 0.010931
v -0.090770 1.401904 0.023807
v -0.091234 1.401390 0.014267
v -0.094890 1.411915 0.013599
v -0.094092 1.411247 0.023941
v -0.097036 1.422003 0.025076
v -0.097875 1.423258 0.014266
v -0.099211 1.435146 0.015475
v -0.098577 1.433955 0.026434
v -0.087447 1.393994 0.025159
v -0.087595 1.391415 0.016519
v -0.064486 1.372548 0.046627
v -0.062805 1.366373 0.039626
v -0.070266 1.370738 0.033067
v -0.072021 1.376799 0.040437
v -0.017655 1.347525 0.079205
v -0.017733 1.341285 0.074058
v -0.024603 1.344666 0.069351
v -0.024286 1.350608 0.074275
v -0.009801 1.344895 0.083478
v -0.009818 1.338175 0.077764
v -0.030590 1.354633 0.068876
v -0.031339 1.348753 0.063908
v -0.038182 1.353832 0.057972
v -0.037922 1.359717 0.063825
v -0.046003 1.358646 0.052030
v -0.046823 1.364574 0.058984
v -0.077065 1.375883 0.026551
v -0.078514 1.381589 0.034401
v -0.082932 1.382595 0.020663
v -0.083624 1.387301 0.028938
v -0.098539 1.445880 0.026527
v -0.096749 1.467717 0.028961
v -0.096426 1.477046 0.033619
v -0.061715 1.520752 0.087242
v -0.090204 1.508754 0.058601
v -0.041802 1.521120 0.094866
v -0.085576 1.513407 0.067265
v -0.096079 1.496693 0.041294
v -0.051873 1.521158 0.091370
v -0.079457 1.517125 0.075497
v -0.093714 1.503217 0.049876
v -0.099317 1.446880 0.016498
v -0.098249 1.470028 0.020747
v -0.097892 1.480136 0.026119
v -0.065482 1.530991 0.082248
v -0.092460 1.514403 0.050884
v -0.044526 1.533158 0.090644
v -0.088135 1.520006 0.059708
v -0.097232 1.500862 0.033337
v -0.055176 1.532351 0.086913
v -0.082445 1.524829 0.068312
v -0.095413 1.508049 0.042013
v -0.099591 1.448357 0.006768
v -0.099469 1.472512 0.011371
v -0.098848 1.483223 0.017511
v -0.006367 1.475071 0.097526
v -0.011828 1.474389 0.094951
v -0.036291 1.485102 0.086714
v -0.050354 1.488767 0.085906
v -0.040684 1.433872 0.077915
v -0.035705 1.436598 0.078104
v -0.089126 1.450801 0.049554
v -0.087843 1.444845 0.053054
v -0.077947 1.486054 0.072193
v -0.086272 1.479309 0.059599
v -0.089361 1.469345 0.049850
v -0.089475 1.463554 0.047506
v -0.028087 1.442224 0.078190
v -0.022503 1.448816 0.078357
v -0.053526 1.429623 0.076100
v -0.071688 1.488224 0.077144
v -0.080317 1.435657 0.062745
v -0.021091 1.452473 0.078740
v -0.030829 1.481778 0.086587
v -0.074499 1.432490 0.067228
v -0.046665 1.431380 0.077378
v -0.043087 1.487440 0.086595
v -0.031579 1.439364 0.078156
v -0.025032 1.445332 0.078241
v -0.021299 1.465388 0.082101
v -0.022542 1.469863 0.083553
v -0.024444 1.474149 0.084951
v -0.067828 1.430274 0.070752
v -0.064748 1.489413 0.081040
v -0.084890 1.439801 0.057715
v -0.082846 1.483148 0.066006
v -0.008824 1.497929 0.101275
v -0.017695 1.496408 0.100487
v -0.010449 1.521909 0.099308
v -0.020888 1.521080 0.098534
v -0.009652 1.509382 0.100979
v -0.019392 1.508334 0.100455
v -0.022504 1.534094 0.095405
v -0.011284 1.534925 0.096381
v -0.007044 1.481311 0.099272
v -0.013375 1.480232 0.097177
v -0.052864 1.478530 0.074566
v -0.053471 1.485622 0.075251
v -0.057858 1.448916 0.072155
v -0.060790 1.494415 0.087564
v -0.064298 1.501846 0.088672
v -0.067663 1.510553 0.086517
v -0.058707 1.439556 0.069874
v -0.061669 1.422061 0.076113
v -0.061705 1.412929 0.076091
v -0.061700 1.403184 0.073089
v -0.061242 1.393726 0.069183
v -0.059838 1.384598 0.064796
v -0.057638 1.375921 0.059503
v -0.053241 1.357230 0.039126
v -0.055949 1.368555 0.052810
v -0.054589 1.362503 0.045988
v -0.071251 1.519577 0.082275
v -0.074849 1.528571 0.076063
v -0.057580 1.489470 0.084065
v -0.060724 1.429209 0.073683
v -0.081947 1.465499 0.057644
v -0.047293 1.481367 0.076760
v -0.032878 1.475403 0.075587
v -0.069947 1.478014 0.069585
v -0.027313 1.465538 0.073009
v -0.036714 1.478093 0.076483
v -0.064736 1.480049 0.072474
v -0.078082 1.471726 0.062759
v -0.080691 1.456731 0.058216
v -0.027746 1.452153 0.069208
v -0.053202 1.443060 0.071879
v -0.038309 1.445398 0.071827
v -0.072030 1.448343 0.064757
v -0.032047 1.448691 0.070541
v -0.042639 1.444118 0.072301
v -0.067856 1.446201 0.067274
v -0.078665 1.453850 0.060028
v -0.026617 1.453982 0.069145
v -0.082458 1.462621 0.056608
v -0.047742 1.443278 0.072415
v -0.041506 1.480027 0.076963
v -0.034844 1.446983 0.071248
v -0.028555 1.469183 0.073986
v -0.029673 1.450413 0.069774
v -0.026619 1.461760 0.071881
v -0.063270 1.444602 0.069286
v -0.059134 1.481243 0.074584
v -0.075731 1.450957 0.062262
v -0.074534 1.475055 0.066263
v -0.058417 1.443541 0.070836
v -0.053298 1.481741 0.075960
v -0.035143 1.482919 0.081323
v -0.041391 1.437264 0.074179
v -0.085620 1.453001 0.053353
v -0.074109 1.482802 0.070726
v -0.086395 1.467635 0.053172
v -0.029428 1.444566 0.074043
v -0.053242 1.434648 0.072702
v -0.071318 1.437790 0.065843
v -0.048290 1.486490 0.080989
v -0.036521 1.439404 0.074238
v -0.083824 1.448397 0.055909
v -0.082695 1.476172 0.060772
v -0.086819 1.462964 0.051594
v -0.024673 1.450199 0.073750
v -0.068190 1.485207 0.074500
v -0.076526 1.440695 0.062654
v -0.023451 1.452986 0.074060
v -0.030421 1.479638 0.081064
v -0.047067 1.435597 0.073773
v -0.041416 1.485230 0.081388
v -0.032584 1.441891 0.074193
v -0.026789 1.447353 0.073821
v -0.023064 1.464041 0.077225
v -0.023817 1.468275 0.078466
v -0.025271 1.472413 0.079602
v -0.065565 1.435749 0.068584
v -0.061776 1.486602 0.077501
v -0.080828 1.444317 0.059174
v -0.079086 1.479753 0.065965
v -0.059490 1.434680 0.070907
v -0.055101 1.486956 0.079728
v -0.077567 1.465612 0.062026
v -0.082455 1.470007 0.058155
v -0.091401 1.477752 0.050606
v -0.093790 1.481344 0.045998
v -0.095884 1.485220 0.040221
v -0.097383 1.489025 0.033208
v -0.098213 1.492637 0.025083
v -0.088455 1.474610 0.054062
v -0.080479 1.468480 0.059766
v -0.085105 1.472052 0.056355
v -0.027304 1.456227 0.068505
v -0.023864 1.455897 0.070018
v -0.017628 1.455751 0.083787
v -0.009232 1.455943 0.089943
v -0.004981 1.456447 0.092676
v -0.013593 1.455742 0.087256
v -0.020568 1.455848 0.079369
v -0.026321 1.455911 0.069637
v -0.022918 1.455771 0.074677
v -0.007504 1.382082 0.098308
v -0.018773 1.382012 0.092208
v -0.028689 1.382120 0.082768
v -0.022994 1.381744 0.088129
v -0.029098 1.381538 0.082423
v -0.019281 1.382248 0.091789
v -0.023638 1.381960 0.087908
v -0.007765 1.382653 0.098073
v -0.029711 1.382098 0.081909
v -0.013957 1.382505 0.095407
v -0.013546 1.382134 0.095758
v -0.027002 1.381758 0.084731
v -0.026288 1.381698 0.084792
v -0.035941 1.546572 0.087943
v -0.098533 1.439587 -0.003377
v -0.083809 1.386471 -0.005386
v -0.088466 1.399720 -0.008281
v -0.092113 1.413865 -0.009202
v -0.097143 1.427482 -0.005984
v -0.007878 1.336801 0.061255
v -0.029379 1.343281 0.050314
v -0.022350 1.340427 0.054851
v -0.043334 1.350198 0.038545
v -0.015139 1.338509 0.058539
v -0.036194 1.346841 0.044822
v -0.070730 1.367963 0.008467
v -0.064552 1.361866 0.016549
v -0.057817 1.357225 0.024374
v -0.076761 1.376025 0.000774
v -0.068991 1.541003 0.074890
v -0.094197 1.519717 0.042052
v -0.047434 1.545321 0.084609
v -0.090503 1.526266 0.050967
v -0.097894 1.504934 0.024589
v -0.058596 1.543618 0.080441
v -0.085168 1.532165 0.059694
v -0.096509 1.512626 0.033202
v -0.099398 1.450392 -0.002278
v -0.099833 1.475626 -0.000413
v -0.099572 1.486985 0.008291
v -0.024178 1.547411 0.090268
v -0.012146 1.548386 0.091425
v -0.050704 1.353425 0.031751
v -0.078032 1.537188 0.067879
v -0.098745 1.496442 0.016299
v -0.079267 1.461608 0.059789
v -0.084053 1.458844 0.054799
v -0.092704 1.456623 0.042074
v -0.095731 1.456448 0.035184
v -0.097565 1.457240 0.026890
v -0.098787 1.458750 0.017866
v -0.099647 1.460588 0.008312
v -0.089436 1.457244 0.047529
v -0.082013 1.459727 0.056904
v -0.086559 1.458007 0.051769
v -0.099414 1.462138 -0.001523
v -0.038244 1.559345 0.080046
v -0.072199 1.550553 0.065608
v -0.095299 1.524682 0.032445
v -0.050333 1.557349 0.076471
v -0.092317 1.532089 0.041205
v -0.098346 1.508988 0.015546
v -0.061818 1.554530 0.071750
v -0.087697 1.539101 0.049943
v -0.097145 1.516995 0.023861
v -0.099390 1.484493 -0.007477
v -0.099933 1.492062 -0.000039
v -0.025794 1.560704 0.082589
v -0.012985 1.562003 0.083974
v -0.080998 1.545385 0.058252
v -0.099148 1.500592 0.007564
v -0.042255 1.582024 0.056668
v -0.077302 1.566924 0.041969
v -0.096420 1.533471 0.012172
v -0.055073 1.578161 0.052809
v -0.094031 1.542106 0.019783
v -0.098820 1.516124 -0.002517
v -0.066965 1.573238 0.047935
v -0.090472 1.550737 0.027433
v -0.097998 1.524820 0.004692
v -0.098789 1.492530 -0.020813
v -0.099650 1.499465 -0.015473
v -0.028604 1.584619 0.059283
v -0.014457 1.587098 0.061051
v -0.085091 1.559179 0.034954
v -0.099279 1.507531 -0.009280
v -0.046127 1.598270 0.024491
v -0.080097 1.577342 0.013790
v -0.097063 1.540877 -0.008143
v -0.059360 1.592680 0.021425
v -0.094742 1.550098 -0.001943
v -0.098919 1.521463 -0.020348
v -0.070967 1.585788 0.017912
v -0.091203 1.559079 0.003841
v -0.098297 1.531315 -0.014399
v -0.098602 1.492971 -0.034308
v -0.099013 1.501806 -0.030444
v -0.031461 1.602305 0.026628
v -0.015880 1.605028 0.027557
v -0.086576 1.568184 0.009081
v -0.099189 1.511493 -0.025742
v -0.097596 1.521085 0.014304
v -0.098678 1.512784 0.006481
v -0.099315 1.504426 -0.000953
v -0.099868 1.496444 -0.007870
v -0.099059 1.489624 -0.014147
v -0.075025 1.559351 0.054588
v -0.083541 1.552894 0.047253
v -0.095923 1.529269 0.022392
v -0.040347 1.571367 0.069564
v -0.052878 1.568485 0.065792
v -0.064518 1.564461 0.060734
v -0.013765 1.575174 0.073857
v -0.093435 1.537383 0.030690
v -0.027256 1.573319 0.072189
v -0.089521 1.545358 0.039079
v -0.085949 1.564228 0.022020
v -0.090872 1.555257 0.015536
v -0.094403 1.546306 0.008814
v -0.015128 1.597108 0.045587
v -0.030029 1.594504 0.044187
v -0.098212 1.528188 -0.004896
v -0.098874 1.518978 -0.011442
v -0.099241 1.509851 -0.017499
v -0.099345 1.501201 -0.022948
v -0.098650 1.493587 -0.027523
v -0.078906 1.572902 0.028115
v -0.096874 1.537318 0.001944
v -0.044248 1.591259 0.041714
v -0.057313 1.586430 0.037994
v -0.069256 1.580570 0.033555
v -0.091255 1.485204 -0.068791
v -0.094247 1.502422 -0.067279
v -0.094558 1.519426 -0.063850
v -0.050057 1.606644 -0.013195
v -0.082329 1.581196 -0.014275
v -0.096458 1.548135 -0.027130
v -0.063208 1.599003 -0.013714
v -0.094356 1.556878 -0.021413
v -0.074262 1.590523 -0.013960
v -0.091425 1.564449 -0.017059
v -0.034746 1.612120 -0.012561
v -0.017741 1.615679 -0.012545
v -0.087709 1.572285 -0.015060
v -0.051624 1.605068 -0.032651
v -0.083583 1.579430 -0.027373
v -0.020862 1.605157 -0.077679
v -0.064904 1.597225 -0.031360
v -0.092313 1.558768 -0.043449
v -0.075763 1.588492 -0.029510
v -0.093919 1.547974 -0.051677
v -0.036158 1.611158 -0.033319
v -0.018633 1.615409 -0.033952
v -0.088467 1.571232 -0.025346
v -0.096751 1.499693 -0.056075
v -0.096822 1.515791 -0.052943
v -0.093953 1.480937 -0.056864
v -0.020778 1.524985 -0.133662
v -0.020539 1.500285 -0.135463
v -0.020764 1.549495 -0.126168
v -0.040807 1.546443 -0.120955
v -0.040987 1.522959 -0.128687
v -0.040599 1.498986 -0.130904
v -0.074909 1.536708 -0.101850
v -0.074753 1.516058 -0.107803
v -0.072884 1.495302 -0.109636
v -0.060021 1.520237 -0.120458
v -0.058889 1.497548 -0.122388
v -0.059656 1.542350 -0.113032
v -0.084109 1.511313 -0.093357
v -0.081847 1.492471 -0.095219
v -0.084796 1.530329 -0.088671
v -0.096996 1.529957 -0.048323
v -0.094618 1.534725 -0.058654
v -0.021064 1.572618 -0.114558
v -0.041174 1.568505 -0.109740
v -0.059391 1.562926 -0.102381
v -0.074438 1.555962 -0.092744
v -0.084285 1.547987 -0.081076
v -0.096443 1.542323 -0.042356
v -0.097724 1.537958 -0.033093
v -0.075435 1.438480 -0.061462
v -0.079557 1.440185 -0.051418
v -0.016062 1.431514 -0.114783
v -0.031224 1.432132 -0.109395
v -0.055942 1.434281 -0.093440
v -0.044902 1.432892 -0.102639
v -0.064116 1.435939 -0.082835
v -0.064299 1.419118 -0.050347
v -0.068524 1.421376 -0.038408
v -0.013282 1.412440 -0.097478
v -0.025794 1.412902 -0.093347
v -0.046879 1.414341 -0.080609
v -0.037212 1.413384 -0.088035
v -0.054290 1.415842 -0.071458
v -0.053923 1.396963 -0.042134
v -0.057876 1.395596 -0.031151
v -0.010851 1.396974 -0.081527
v -0.021008 1.396712 -0.078624
v -0.038399 1.396572 -0.068666
v -0.030377 1.396436 -0.074634
v -0.044640 1.397055 -0.060939
v -0.011935 1.404656 -0.088922
v -0.033509 1.404782 -0.080906
v -0.058684 1.408199 -0.045741
v -0.062437 1.408500 -0.033998
v -0.023178 1.404706 -0.085497
v -0.049179 1.406353 -0.065865
v -0.042317 1.405326 -0.074277
v -0.074348 1.388672 -0.013448
v -0.079010 1.402188 -0.015909
v -0.082815 1.415808 -0.016435
v -0.068645 1.377226 -0.007679
v -0.064156 1.392281 -0.020350
v -0.068770 1.406266 -0.022427
v -0.075706 1.423026 -0.024968
v -0.057902 1.379162 -0.016477
v -0.053289 1.384084 -0.029369
v -0.007357 1.339438 0.051480
v -0.027303 1.344156 0.043188
v -0.021149 1.341995 0.046464
v -0.039532 1.349723 0.031614
v -0.014331 1.340628 0.049269
v -0.033092 1.346883 0.038008
v -0.063561 1.368589 0.000779
v -0.058262 1.362288 0.009297
v -0.052446 1.357280 0.017219
v -0.046160 1.353097 0.024630
v -0.007193 1.341297 0.041216
v -0.025728 1.345174 0.037833
v -0.020945 1.343980 0.037903
v -0.035169 1.349620 0.025160
v -0.014145 1.342640 0.039525
v -0.029237 1.346943 0.032190
v -0.055753 1.369023 -0.005913
v -0.051840 1.362665 0.002754
v -0.046949 1.357610 0.010577
v -0.041321 1.353289 0.017980
v -0.005040 1.407385 0.100241
v -0.005851 1.404263 0.099543
v -0.022334 1.424890 0.095321
v -0.019450 1.428465 0.088693
v -0.011287 1.428694 0.107238
v -0.010053 1.436010 0.099538
v -0.020942 1.408082 0.095900
v -0.020085 1.406218 0.091187
v -0.024998 1.422500 0.085006
v -0.025554 1.421062 0.090535
v -0.027038 1.418335 0.084035
v -0.026728 1.418728 0.091182
v -0.015360 1.408665 0.096208
v -0.015660 1.405077 0.094077
v -0.027318 1.414729 0.092564
v -0.028180 1.412296 0.084056
v -0.013577 1.433789 0.095798
v -0.014554 1.426639 0.102689
v -0.007051 1.431118 0.112093
v -0.005939 1.438375 0.103160
v -0.010890 1.404487 0.096765
v -0.009492 1.407897 0.095552
v -0.023749 1.408295 0.087536
v -0.025371 1.410456 0.094389
v -0.022327 1.425647 0.086442
v -0.024689 1.422933 0.092376
v -0.016733 1.431269 0.092044
v -0.018484 1.425614 0.098668
v -0.024346 1.410073 0.091358
v -0.020266 1.408065 0.093358
v -0.010045 1.406288 0.095951
v -0.005301 1.405765 0.099243
v -0.025657 1.417895 0.088367
v -0.026103 1.413913 0.089262
v -0.015138 1.407438 0.094254
v -0.015736 1.426889 0.094625
v -0.019788 1.425498 0.092017
v -0.024301 1.420995 0.088586
v -0.022623 1.423559 0.089957
v -0.012836 1.429456 0.098806
v -0.006494 1.434917 0.107678
v -0.010333 1.432137 0.103335
v -0.090961 1.524432 -0.075825
v -0.090368 1.506687 -0.079788
v -0.087531 1.489139 -0.081463
v -0.090724 1.540809 -0.069616
v -0.070351 1.437256 -0.072040
v -0.059789 1.417383 -0.061291
v -0.049656 1.397292 -0.052057
v -0.054412 1.407381 -0.056313
v -0.010064 1.389032 -0.075643
v -0.035506 1.387936 -0.064199
v -0.028032 1.388191 -0.069522
v -0.019388 1.388679 -0.073011
v -0.041316 1.387875 -0.057099
v -0.046075 1.387427 -0.048915
v -0.050113 1.386259 -0.039769
v -0.039927 1.599601 -0.074632
v -0.056271 1.592377 -0.070361
v -0.069765 1.583802 -0.064698
v -0.080317 1.574840 -0.058076
v -0.087700 1.566298 -0.050921
v -0.095023 1.552715 -0.035636
v -0.053702 1.600315 -0.051714
v -0.037878 1.607002 -0.054001
v -0.019745 1.612301 -0.055707
v -0.090223 1.566655 -0.034571
v -0.067101 1.592163 -0.048401
v -0.077740 1.583215 -0.044227
v -0.085422 1.574462 -0.039559
v -0.092955 1.560730 -0.028954
v -0.021160 1.591131 -0.097457
v -0.041023 1.586470 -0.093609
v -0.058448 1.580076 -0.087816
v -0.072344 1.571740 -0.079765
v -0.082608 1.562995 -0.070579
v -0.089638 1.554959 -0.061136
v -0.098271 1.513862 -0.043152
v -0.098159 1.500324 -0.046523
v -0.096598 1.487239 -0.048176
v -0.098305 1.526486 -0.038601
v -0.090952 1.565566 -0.023888
v -0.007161 1.341358 0.031633
v -0.006186 1.312801 0.008083
v -0.006109 1.299250 0.007631
v -0.007076 1.267949 0.015869
v -0.006685 1.335620 0.017199
v -0.006931 1.339365 0.023417
v -0.006117 1.306205 0.007623
v -0.006353 1.284107 0.009190
v -0.006678 1.276012 0.011574
v -0.006531 1.330626 0.013039
v -0.006294 1.319049 0.008993
v -0.006412 1.325000 0.010480
v -0.006176 1.291883 0.008044
v -0.138479 1.474040 -0.045836
v -0.135103 1.481145 -0.038600
v -0.129745 1.485484 -0.029861
v -0.122683 1.486771 -0.021052
v -0.113562 1.485069 -0.014393
v -0.102703 1.481007 -0.014686
v -0.134876 1.458157 -0.064925
v -0.123217 1.492877 -0.038219
v -0.099279 1.423868 -0.010526
v -0.104806 1.419360 -0.014537
v -0.109337 1.416538 -0.022557
v -0.122922 1.421148 -0.041880
v -0.131145 1.431296 -0.048952
v -0.134761 1.438155 -0.051827
v -0.137683 1.446385 -0.053007
v -0.139584 1.456036 -0.052538
v -0.129991 1.468130 -0.040656
v -0.127522 1.472976 -0.035974
v -0.123493 1.476028 -0.030080
v -0.118099 1.476789 -0.023876
v -0.111910 1.474718 -0.017206
v -0.101430 1.472404 -0.012318
v -0.129047 1.488410 -0.048159
v -0.133082 1.479933 -0.056806
v -0.101093 1.432407 -0.013151
v -0.106466 1.429458 -0.017420
v -0.107993 1.425971 -0.024675
v -0.119306 1.428151 -0.037518
v -0.125807 1.437314 -0.042742
v -0.128561 1.442841 -0.044658
v -0.130067 1.448965 -0.045578
v -0.130844 1.455911 -0.045279
v -0.116474 1.493982 -0.029036
v -0.109309 1.491444 -0.022249
v -0.102731 1.486017 -0.019639
v -0.132585 1.446608 -0.064726
v -0.128768 1.437289 -0.062010
v -0.124609 1.430049 -0.058155
v -0.116553 1.418924 -0.049996
v -0.101175 1.407037 -0.026624
v -0.095793 1.410917 -0.017677
v -0.093489 1.417578 -0.014320
v -0.122520 1.468241 -0.043930
v -0.120076 1.472474 -0.039942
v -0.115837 1.475413 -0.035173
v -0.109915 1.476577 -0.029846
v -0.105218 1.473503 -0.023572
v -0.100030 1.468537 -0.018823
v -0.100591 1.437047 -0.018389
v -0.105207 1.434987 -0.022033
v -0.105257 1.429864 -0.027510
v -0.115254 1.430671 -0.038418
v -0.120375 1.439524 -0.043248
v -0.122398 1.444812 -0.045217
v -0.123327 1.450282 -0.046701
v -0.123387 1.456459 -0.047785
v -0.096974 1.436479 -0.011930
v -0.098820 1.440307 -0.016462
v -0.098304 1.461962 -0.010770
v -0.097959 1.460965 -0.016281
v -0.091524 1.445150 -0.021576
v -0.097294 1.444364 -0.023943
v -0.096896 1.455864 -0.020971
v -0.100752 1.456633 -0.022934
v -0.102888 1.443276 -0.026632
v -0.106002 1.457454 -0.025596
v -0.107800 1.441600 -0.029519
v -0.111982 1.457568 -0.028302
v -0.100757 1.451942 -0.010338
v -0.100011 1.443337 -0.010667
v -0.103253 1.453161 -0.016626
v -0.103676 1.446009 -0.017695
v -0.099011 1.452370 -0.023779
v -0.097702 1.448375 -0.024141
v -0.095236 1.452766 -0.021939
v -0.093897 1.448907 -0.022465
v -0.104703 1.452453 -0.026642
v -0.103701 1.447615 -0.026818
v -0.109093 1.446733 -0.029774
v -0.110350 1.452143 -0.029629
v -0.121033 1.456465 -0.042653
v -0.117434 1.440343 -0.040744
v -0.120793 1.450992 -0.042495
v -0.119544 1.445655 -0.041815
v -0.097201 1.437498 -0.021824
v -0.095660 1.441187 -0.017321
v -0.101710 1.464229 -0.021124
v -0.097934 1.459648 -0.018539
v -0.101331 1.436119 -0.025614
v -0.106772 1.467342 -0.024003
v -0.103575 1.432951 -0.030111
v -0.110879 1.468856 -0.029101
v -0.099917 1.453193 -0.020622
v -0.098680 1.447294 -0.021250
v -0.118281 1.467027 -0.038502
v -0.113628 1.432088 -0.038422
v -0.120195 1.465477 -0.041410
v -0.115032 1.468501 -0.034152
v -0.118170 1.417244 -0.036251
v -0.114577 1.425030 -0.034253
v -0.111525 1.413705 -0.043708
v -0.111349 1.427864 -0.035816
v -0.118584 1.451311 -0.038167
v -0.117280 1.445690 -0.037643
v -0.115081 1.440117 -0.037054
v -0.118864 1.456869 -0.038355
v -0.111030 1.430885 -0.036263
v -0.113571 1.415817 -0.029987
v -0.109607 1.423867 -0.030978
v -0.106549 1.409230 -0.036198
v -0.106500 1.426732 -0.033030
v -0.115635 1.451602 -0.033229
v -0.114252 1.445847 -0.032986
v -0.112052 1.440282 -0.032986
v -0.116182 1.457379 -0.033304
v -0.107229 1.430903 -0.033723
v -0.116776 1.459540 -0.057700
v -0.109785 1.481535 -0.045121
v -0.112854 1.477412 -0.049810
v -0.115181 1.472017 -0.053814
v -0.106235 1.484299 -0.040464
v -0.102966 1.486073 -0.035843
v -0.099667 1.487399 -0.031008
v -0.116216 1.452293 -0.057827
v -0.114628 1.445650 -0.057337
v -0.112152 1.439846 -0.055645
v -0.105920 1.430806 -0.050558
v -0.091321 1.421229 -0.035552
v -0.088485 1.421807 -0.028907
v -0.086602 1.426090 -0.022961
v -0.101544 1.426105 -0.046316
v -0.096661 1.422803 -0.041304
v -0.120360 1.478047 -0.059961
v -0.121946 1.459523 -0.066209
v -0.115734 1.434155 -0.060751
v -0.108433 1.423411 -0.054009
v -0.103508 1.418009 -0.048450
v -0.097853 1.413780 -0.041925
v -0.108952 1.492702 -0.037211
v -0.113362 1.490738 -0.045125
v -0.120809 1.449542 -0.065846
v -0.091474 1.411649 -0.034034
v -0.118755 1.440964 -0.063958
v -0.117278 1.486088 -0.053452
v -0.088613 1.415422 -0.025230
v -0.105032 1.491708 -0.030333
v -0.089221 1.423443 -0.018722
v -0.101630 1.488435 -0.025328
v -0.113234 1.460415 -0.053117
v -0.108341 1.474934 -0.045246
v -0.111173 1.471658 -0.048202
v -0.112992 1.469244 -0.051194
v -0.105042 1.477732 -0.042326
v -0.101028 1.479454 -0.038625
v -0.096968 1.484843 -0.036450
v -0.112863 1.454799 -0.052986
v -0.112015 1.449346 -0.052472
v -0.110351 1.444121 -0.051333
v -0.105724 1.435725 -0.047355
v -0.095270 1.428329 -0.034349
v -0.090664 1.428118 -0.030385
v -0.086510 1.428984 -0.027650
v -0.102331 1.431669 -0.043868
v -0.099141 1.429363 -0.039143
v -0.095395 1.477743 -0.047429
v -0.093315 1.471039 -0.051107
v -0.091090 1.463386 -0.052408
v -0.082804 1.443709 -0.041685
v -0.088382 1.456202 -0.051035
v -0.069060 1.476470 -0.107646
v -0.038495 1.477494 -0.126909
v -0.055617 1.477169 -0.119065
v -0.019577 1.478093 -0.132014
v -0.077982 1.475340 -0.094405
v -0.086952 1.471074 -0.069225
v -0.089465 1.467638 -0.059244
v -0.083360 1.473642 -0.081279
v -0.018329 1.459594 -0.127110
v -0.073511 1.460410 -0.091809
v -0.083441 1.459229 -0.068385
v -0.086401 1.457757 -0.058717
v -0.064493 1.460342 -0.103770
v -0.035997 1.459653 -0.121789
v -0.051893 1.459993 -0.114332
v -0.079282 1.460146 -0.079659
v -0.081204 1.434303 -0.032993
v -0.059329 1.425543 -0.077265
v -0.014703 1.421213 -0.106287
v -0.069939 1.429095 -0.055823
v -0.051543 1.423764 -0.087179
v -0.028507 1.421909 -0.101430
v -0.041070 1.422556 -0.095398
v -0.074421 1.431525 -0.044625
v -0.065141 1.427234 -0.066689
v -0.093205 1.452937 -0.051556
v -0.097285 1.450672 -0.053728
v -0.097316 1.466507 -0.052693
v -0.100728 1.463635 -0.054484
v -0.095387 1.459737 -0.052830
v -0.099170 1.457305 -0.054534
v -0.089162 1.439237 -0.044397
v -0.093385 1.437425 -0.047587
v -0.088991 1.432500 -0.036822
v -0.093416 1.432106 -0.040571
v -0.099254 1.473483 -0.050314
v -0.102445 1.470408 -0.052806
v -0.102365 1.448395 -0.054637
v -0.104907 1.460733 -0.055741
v -0.103713 1.454684 -0.055673
v -0.098842 1.437418 -0.048838
v -0.106257 1.467008 -0.054371
v -0.097979 1.433777 -0.042982
v -0.106462 1.446673 -0.052460
v -0.108897 1.457570 -0.055067
v -0.107829 1.452034 -0.054230
v -0.102842 1.438476 -0.047339
v -0.109699 1.463291 -0.054225
v -0.101432 1.435610 -0.043656
v -0.077958 1.465529 0.055262
v -0.046426 1.479597 0.071248
v -0.033607 1.473893 0.071056
v -0.067353 1.476770 0.064833
v -0.028668 1.464981 0.067847
v -0.037235 1.476569 0.071770
v -0.062587 1.478660 0.067184
v -0.074060 1.470661 0.059244
v -0.076724 1.459023 0.055636
v -0.028534 1.453762 0.064489
v -0.051789 1.448110 0.067129
v -0.038878 1.449349 0.066614
v -0.068620 1.452578 0.061508
v -0.033164 1.451533 0.065241
v -0.042622 1.448648 0.067052
v -0.064832 1.450930 0.063579
v -0.074655 1.456844 0.057166
v -0.027274 1.455042 0.064488
v -0.078996 1.463443 0.054369
v -0.041228 1.478298 0.071614
v -0.047014 1.448179 0.067309
v -0.029705 1.468179 0.068875
v -0.035811 1.450388 0.065957
v -0.028077 1.461828 0.066734
v -0.030682 1.452609 0.064733
v -0.057339 1.479590 0.068932
v -0.060738 1.449637 0.065222
v -0.071122 1.473795 0.061969
v -0.071975 1.454534 0.059258
v -0.051939 1.479913 0.070287
v -0.056413 1.448671 0.066413
v -0.076106 1.467762 0.056943
v -0.027145 1.456675 0.064858
v -0.078441 1.461322 0.054567
v -0.085221 1.471689 0.047632
v -0.043081 1.488479 0.068407
v -0.026548 1.477388 0.066634
v -0.072191 1.487462 0.058950
v -0.021171 1.466017 0.063294
v -0.030588 1.481664 0.067915
v -0.065415 1.489700 0.062305
v -0.081366 1.479795 0.052127
v -0.084038 1.456804 0.047403
v -0.022592 1.449882 0.059985
v -0.048651 1.438030 0.060982
v -0.034044 1.440543 0.061088
v -0.072455 1.444369 0.054387
v -0.027432 1.444654 0.060293
v -0.038261 1.439096 0.061364
v -0.066456 1.441735 0.056938
v -0.081617 1.451981 0.049156
v -0.021189 1.452694 0.060121
v -0.086148 1.467443 0.046397
v -0.036237 1.485585 0.068657
v -0.043169 1.438214 0.061387
v -0.022330 1.470017 0.064382
v -0.030479 1.442439 0.060679
v -0.020584 1.462193 0.062235
v -0.024778 1.447129 0.060046
v -0.058024 1.490621 0.065118
v -0.060394 1.439844 0.058781
v -0.077762 1.484037 0.055399
v -0.077866 1.447787 0.051500
v -0.050458 1.490141 0.067138
v -0.054444 1.438600 0.060107
v -0.083549 1.475614 0.049553
v -0.020667 1.455251 0.060499
v -0.085818 1.462486 0.046250
v -0.081464 1.475005 0.036069
v -0.038511 1.494497 0.056718
v -0.020680 1.481748 0.056752
v -0.069366 1.493713 0.046306
v -0.015636 1.468234 0.053513
v -0.025204 1.486468 0.057451
v -0.062537 1.496516 0.049499
v -0.077874 1.485022 0.040270
v -0.080271 1.455079 0.035413
v -0.018942 1.447959 0.050046
v -0.045121 1.431363 0.048641
v -0.030299 1.435594 0.050210
v -0.069194 1.438435 0.041967
v -0.023814 1.441082 0.050261
v -0.034570 1.433498 0.049984
v -0.063575 1.434682 0.044414
v -0.078187 1.449310 0.036787
v -0.017266 1.451647 0.050288
v -0.082172 1.469396 0.034815
v -0.031376 1.490772 0.057535
v -0.039544 1.432061 0.049478
v -0.016411 1.472818 0.054570
v -0.026763 1.438193 0.050271
v -0.015447 1.463807 0.052492
v -0.021254 1.444335 0.050078
v -0.054639 1.498065 0.052423
v -0.057433 1.432598 0.046172
v -0.074655 1.489867 0.043112
v -0.074318 1.443565 0.039214
v -0.046337 1.497293 0.054913
v -0.051173 1.431525 0.047524
v -0.079977 1.480073 0.037963
v -0.016434 1.454944 0.050735
v -0.081863 1.462804 0.034533
v -0.057321 1.497021 0.061100
v -0.065542 1.495765 0.057789
v -0.027765 1.438706 0.056605
v -0.024542 1.441529 0.056386
v -0.078747 1.488925 0.050124
v -0.082449 1.483891 0.046738
v -0.041078 1.432851 0.056909
v -0.035928 1.434212 0.057037
v -0.066271 1.435877 0.051750
v -0.059597 1.433848 0.053828
v -0.083372 1.449089 0.042838
v -0.079019 1.443717 0.045621
v -0.072883 1.439178 0.048903
v -0.040525 1.493901 0.064933
v -0.048751 1.496257 0.063491
v -0.085782 1.455257 0.041071
v -0.022584 1.480103 0.063266
v -0.026878 1.485298 0.064570
v -0.053094 1.432685 0.055327
v -0.017881 1.451541 0.056520
v -0.017213 1.454616 0.056921
v -0.072841 1.492973 0.053991
v -0.084706 1.479004 0.044145
v -0.086431 1.474291 0.042081
v -0.087323 1.462714 0.040188
v -0.017197 1.466934 0.059775
v -0.018266 1.471342 0.060906
v -0.016714 1.462739 0.058694
v -0.087422 1.469024 0.040624
v -0.033048 1.490171 0.065284
v -0.046866 1.432331 0.056349
v -0.019429 1.448087 0.056296
v -0.021744 1.444660 0.056262
v -0.031513 1.436233 0.056876
v -0.019133 1.474118 0.049382
v -0.021755 1.481429 0.052393
v -0.022882 1.444606 0.045530
v -0.021240 1.448452 0.045283
v -0.030190 1.438257 0.045227
v -0.026645 1.440157 0.045617
v -0.050820 1.435545 0.042209
v -0.045009 1.435480 0.043324
v -0.018204 1.465122 0.047471
v -0.018410 1.469617 0.048392
v -0.034515 1.436794 0.044847
v -0.024342 1.441884 0.046460
v -0.067720 1.445029 0.036895
v -0.063989 1.439984 0.038780
v -0.052777 1.493151 0.046280
v -0.059930 1.492400 0.043567
v -0.070579 1.488598 0.039373
v -0.071712 1.485042 0.036817
v -0.039507 1.435884 0.044242
v -0.061121 1.436628 0.040717
v -0.056559 1.436006 0.041154
v -0.070827 1.450543 0.035265
v -0.038049 1.490059 0.050736
v -0.045291 1.492284 0.048774
v -0.072618 1.455716 0.034219
v -0.025532 1.484062 0.052027
v -0.019927 1.452342 0.045449
v -0.019198 1.455763 0.045880
v -0.066124 1.490611 0.040855
v -0.073149 1.480293 0.034795
v -0.074186 1.475120 0.033463
v -0.074161 1.463113 0.033130
v -0.074590 1.469507 0.032896
v -0.031354 1.487131 0.051801
v -0.007339 1.415188 0.102747
v -0.012397 1.413394 0.094738
v -0.004559 1.414299 0.100343
v -0.014800 1.413912 0.096091
v -0.005180 1.413190 0.096480
v -0.013192 1.415217 0.101433
v -0.008813 1.413044 0.094759
v -0.010641 1.415347 0.102582
v -0.014904 1.414897 0.099851
v -0.007473 1.418607 0.101226
v -0.011669 1.416288 0.094189
v -0.005183 1.417800 0.098759
v -0.013856 1.416619 0.095103
v -0.005800 1.416715 0.095501
v -0.013300 1.418384 0.100351
v -0.008794 1.416255 0.094254
v -0.010680 1.418686 0.101438
v -0.014841 1.417828 0.098589
v -0.007845 1.421667 0.099349
v -0.011374 1.419102 0.093599
v -0.006147 1.420866 0.097232
v -0.013235 1.419292 0.094192
v -0.006857 1.419884 0.094797
v -0.013138 1.421533 0.098879
v -0.009109 1.419289 0.093737
v -0.010636 1.421847 0.099765
v -0.014493 1.420750 0.097165
v -0.008059 1.424312 0.097673
v -0.011450 1.421590 0.092941
v -0.006544 1.423597 0.095905
v -0.012848 1.421551 0.093553
v -0.007397 1.422755 0.093756
v -0.012586 1.424074 0.096937
v -0.009498 1.422044 0.092893
v -0.010448 1.424505 0.097827
v -0.013750 1.423069 0.095624
v -0.008274 1.425966 0.096317
v -0.012039 1.423676 0.092496
v -0.007363 1.425447 0.095119
v -0.012823 1.422930 0.093135
v -0.008442 1.425493 0.093485
v -0.011911 1.425812 0.094669
v -0.010391 1.424705 0.092571
v -0.009995 1.426432 0.095677
v -0.013169 1.424530 0.093922
v -0.040167 1.402276 0.068054
v -0.029528 1.413623 0.074669
v -0.035972 1.408770 0.071657
v -0.021495 1.417708 0.077086
v -0.042600 1.394559 0.064674
v -0.043052 1.386805 0.061914
v -0.041405 1.379711 0.060066
v -0.038221 1.373123 0.059602
v -0.009132 1.360011 0.059783
v -0.017775 1.361469 0.059655
v -0.025977 1.363330 0.059650
v -0.033089 1.367300 0.059685
v -0.011454 1.420545 0.078680
v -0.039781 1.386413 0.068112
v -0.038454 1.380490 0.066577
v -0.028306 1.408066 0.082394
v -0.011233 1.414437 0.087822
v -0.035762 1.374964 0.066721
v -0.009591 1.359222 0.068960
v -0.033881 1.403821 0.078725
v -0.020977 1.411938 0.085641
v -0.018296 1.361590 0.068619
v -0.026043 1.364596 0.068402
v -0.037418 1.398720 0.074661
v -0.039253 1.392751 0.070852
v -0.031841 1.369505 0.067709
v -0.038692 1.405670 0.039682
v -0.027882 1.418046 0.041929
v -0.034736 1.412996 0.040939
v -0.019387 1.420566 0.042849
v -0.040307 1.397509 0.037844
v -0.040863 1.389367 0.035932
v -0.040540 1.381256 0.034548
v -0.038224 1.373536 0.033709
v -0.008142 1.365289 0.035181
v -0.016177 1.366116 0.034950
v -0.024296 1.366871 0.034427
v -0.032211 1.368547 0.033760
v -0.010197 1.422383 0.043879
v -0.032738 1.401633 0.020564
v -0.023218 1.409844 0.021414
v -0.028906 1.406357 0.020965
v -0.016254 1.412017 0.021995
v -0.035259 1.396096 0.019921
v -0.036536 1.389733 0.019243
v -0.035735 1.383368 0.018889
v -0.032979 1.377882 0.018936
v -0.007200 1.369695 0.021321
v -0.014448 1.370988 0.021010
v -0.021750 1.371911 0.020273
v -0.028142 1.374118 0.019528
v -0.008572 1.413764 0.022350
v -0.018267 1.385383 -0.005482
v -0.015159 1.390329 -0.008169
v -0.017389 1.387782 -0.006815
v -0.011067 1.392320 -0.008986
v -0.018288 1.383133 -0.004229
v -0.017615 1.381012 -0.003047
v -0.016265 1.379101 -0.001985
v -0.014379 1.377262 -0.001046
v -0.004183 1.368670 0.002106
v -0.007577 1.370551 0.001427
v -0.010207 1.372709 0.000611
v -0.012272 1.375159 -0.000191
v -0.005912 1.393592 -0.009581
v -0.014617 1.367230 -0.021188
v -0.012856 1.370739 -0.025526
v -0.014268 1.368823 -0.023198
v -0.009697 1.372603 -0.027584
v -0.014460 1.365852 -0.019366
v -0.013928 1.364543 -0.017540
v -0.012943 1.363275 -0.015695
v -0.011619 1.362013 -0.013877
v -0.003788 1.356913 -0.008187
v -0.006701 1.358107 -0.009114
v -0.008683 1.359345 -0.010489
v -0.010172 1.360696 -0.012122
v -0.005204 1.373681 -0.029005
v -0.009830 1.333812 -0.039381
v -0.011815 1.332939 -0.037597
v -0.007076 1.334422 -0.040794
v -0.013135 1.330653 -0.033299
v -0.003855 1.326372 -0.019845
v -0.008411 1.363522 0.042888
v -0.008711 1.361741 0.051089
v -0.021111 1.420802 0.065792
v -0.020436 1.421781 0.054076
v -0.017144 1.362682 0.050940
v -0.016661 1.364237 0.042685
v -0.025433 1.363767 0.050764
v -0.024933 1.364888 0.042283
v -0.041584 1.404982 0.059182
v -0.041191 1.406363 0.049431
v -0.042966 1.397371 0.046843
v -0.044091 1.396239 0.056148
v -0.033307 1.366284 0.050663
v -0.033068 1.366581 0.041838
v -0.043017 1.388490 0.044315
v -0.044256 1.387528 0.053358
v -0.036795 1.412204 0.061932
v -0.036607 1.413971 0.051450
v -0.039382 1.371813 0.050802
v -0.039458 1.371761 0.041853
v -0.042157 1.379908 0.042628
v -0.042671 1.379421 0.051500
v -0.029301 1.419029 0.052917
v -0.029793 1.417404 0.064116
v -0.010707 1.423553 0.055191
v -0.011182 1.423284 0.067106
v -0.007788 1.367343 0.028009
v -0.017889 1.416504 0.032551
v -0.015527 1.368405 0.027737
v -0.023366 1.369382 0.027119
v -0.035719 1.403887 0.030174
v -0.037839 1.397141 0.028973
v -0.030659 1.371499 0.026422
v -0.038923 1.389966 0.027708
v -0.031905 1.409893 0.030969
v -0.036075 1.376033 0.026182
v -0.038477 1.382738 0.026756
v -0.025642 1.414145 0.031734
v -0.009445 1.418687 0.033130
v -0.004942 1.371821 0.008268
v -0.006222 1.371557 0.014823
v -0.014447 1.406480 0.011495
v -0.012536 1.399637 0.001391
v -0.012558 1.372858 0.014405
v -0.009670 1.373576 0.007832
v -0.018776 1.373594 0.013614
v -0.014143 1.374851 0.007290
v -0.028572 1.397856 0.011238
v -0.023220 1.392228 0.002720
v -0.024432 1.388854 0.003310
v -0.030792 1.393359 0.011114
v -0.024020 1.375564 0.012832
v -0.017895 1.376742 0.006665
v -0.024529 1.385182 0.004057
v -0.031716 1.388082 0.011098
v -0.025283 1.401574 0.011256
v -0.021022 1.395181 0.002167
v -0.028121 1.378589 0.012025
v -0.021053 1.378966 0.005848
v -0.023341 1.381767 0.004949
v -0.030762 1.382887 0.011425
v -0.017521 1.397761 0.001640
v -0.020514 1.404508 0.011293
v -0.006668 1.401001 0.001077
v -0.007612 1.407752 0.011646
v -0.003803 1.363619 -0.003410
v -0.010270 1.383591 -0.019049
v -0.006714 1.365149 -0.004247
v -0.008840 1.366861 -0.005376
v -0.015788 1.377184 -0.013834
v -0.015508 1.375451 -0.012273
v -0.010446 1.368805 -0.006688
v -0.014765 1.373827 -0.010804
v -0.015421 1.379176 -0.015586
v -0.012050 1.370630 -0.008052
v -0.013567 1.372261 -0.009410
v -0.013820 1.381521 -0.017549
v -0.005503 1.384870 -0.020101
v -0.008905 1.350232 -0.015020
v -0.007010 1.349431 -0.013514
v -0.008401 1.359501 -0.032835
v -0.010350 1.351045 -0.016807
v -0.013839 1.355779 -0.027316
v -0.014040 1.354678 -0.025346
v -0.013089 1.356992 -0.029278
v -0.011786 1.351848 -0.018814
v -0.013787 1.353646 -0.023217
v -0.004507 1.360057 -0.033921
v -0.013001 1.352702 -0.020984
v -0.003962 1.348440 -0.012360
v -0.011393 1.358314 -0.031287
v -0.008859 1.339149 -0.019159
v -0.010176 1.339595 -0.021004
v -0.013117 1.343517 -0.032117
v -0.012162 1.344580 -0.034030
v -0.011509 1.340089 -0.023121
v -0.004022 1.337899 -0.016305
v -0.010325 1.345602 -0.035819
v -0.007097 1.338706 -0.017625
v -0.007500 1.346436 -0.037148
v -0.013484 1.342494 -0.030056
v -0.013343 1.341541 -0.027801
v -0.004019 1.346683 -0.038172
v -0.012639 1.340729 -0.025419
v -0.009235 1.410117 0.095464
v -0.010742 1.412247 0.103831
v -0.005649 1.410833 0.101604
v -0.007783 1.411650 0.103753
v -0.005544 1.410089 0.097981
v -0.015872 1.411560 0.097189
v -0.013337 1.412558 0.102868
v -0.013519 1.410814 0.095372
v -0.015180 1.412427 0.101263
v -0.015630 1.414461 0.097982
v -0.015004 1.417170 0.096674
v -0.014405 1.419878 0.095433
v -0.013684 1.422063 0.094460
v -0.013309 1.423275 0.093706
v -0.016251 1.412134 0.099331
v -0.035521 1.381116 0.071064
v -0.026471 1.401940 0.087002
v -0.010563 1.406460 0.093837
v -0.033202 1.376662 0.071878
v -0.031417 1.398775 0.082924
v -0.036054 1.390857 0.074740
v -0.036528 1.385931 0.072077
v -0.009766 1.361584 0.077982
v -0.019592 1.404641 0.090722
v -0.018090 1.364625 0.076811
v -0.024807 1.368212 0.075434
v -0.034522 1.395150 0.078680
v -0.029719 1.372383 0.073611
v -0.012820 1.331818 -0.035501
v -0.012912 1.329581 -0.030958
v -0.012176 1.328682 -0.028594
v -0.011091 1.328015 -0.026383
v -0.006726 1.326979 -0.021088
v -0.008519 1.327234 -0.022601
v -0.009854 1.327569 -0.024359
v -0.003759 1.334388 -0.041873
v -0.011656 1.322230 -0.037202
v -0.008748 1.323942 -0.040510
v -0.010715 1.323464 -0.039078
v -0.006238 1.324172 -0.041510
v -0.011900 1.320939 -0.035046
v -0.011607 1.319906 -0.032778
v -0.010898 1.319199 -0.030540
v -0.009961 1.318855 -0.028507
v -0.003279 1.317924 -0.023576
v -0.005788 1.318313 -0.024272
v -0.007590 1.318453 -0.025364
v -0.008950 1.318715 -0.026715
v -0.003328 1.323908 -0.042302
v -0.013802 1.385907 0.094072
v -0.007377 1.386048 0.096669
v -0.019263 1.385612 0.090450
v -0.023534 1.385192 0.086522
v -0.026866 1.384587 0.083218
v -0.007886 1.379103 0.093839
v -0.014274 1.379715 0.091613
v -0.019657 1.380342 0.088538
v -0.024241 1.380708 0.085245
v -0.027719 1.381179 0.082501
v -0.029595 1.382003 0.080529
v -0.030002 1.383080 0.079992
v -0.029159 1.384003 0.081012
v -0.008689 1.372724 0.089557
v -0.015855 1.374364 0.087386
v -0.021549 1.376087 0.084701
v -0.026061 1.377775 0.081828
v -0.029495 1.379591 0.079472
v -0.031548 1.381783 0.077915
v -0.032269 1.384159 0.078002
v -0.031679 1.386412 0.079674
v -0.015877 1.391115 0.094441
v -0.008384 1.391611 0.097501
v -0.022023 1.390427 0.090452
v -0.026597 1.389536 0.086299
v -0.029775 1.388182 0.082585
v -0.009201 1.367194 0.084180
v -0.016970 1.369495 0.082485
v -0.023175 1.372110 0.080457
v -0.027860 1.375015 0.078095
v -0.031289 1.378093 0.076031
v -0.033422 1.381470 0.074824
v -0.034244 1.385126 0.075313
v -0.033792 1.388734 0.077518
v -0.017759 1.397426 0.093280
v -0.009501 1.398430 0.096655
v -0.024218 1.395911 0.089296
v -0.028922 1.394068 0.085088
v -0.032072 1.391736 0.081033
v -0.010104 1.315866 -0.037839
v -0.007911 1.317043 -0.040042
v -0.009687 1.318020 -0.039119
v -0.005493 1.316704 -0.040564
v -0.009951 1.314346 -0.035703
v -0.009507 1.313534 -0.033491
v -0.008960 1.313241 -0.031376
v -0.008436 1.313494 -0.029358
v -0.002767 1.312656 -0.026668
v -0.004977 1.313059 -0.026851
v -0.006788 1.313398 -0.027339
v -0.008033 1.314407 -0.027774
v -0.002918 1.316243 -0.041062
v -0.007747 1.312916 -0.038150
v -0.007482 1.310862 -0.035810
v -0.007058 1.310227 -0.033435
v -0.006749 1.310295 -0.031213
v -0.006600 1.311142 -0.029024
v -0.005078 1.311997 -0.038497
v -0.004825 1.309761 -0.035338
v -0.004601 1.309130 -0.032764
v -0.004497 1.309325 -0.030581
v -0.004575 1.310342 -0.028951
v -0.002628 1.311402 -0.038861
v -0.002458 1.309102 -0.035715
v -0.002369 1.308617 -0.032359
v -0.002362 1.308660 -0.030878
v -0.002473 1.309797 -0.029064
v -0.020634 1.460815 0.080687
v -0.022800 1.460001 0.075933
v -0.027471 1.458890 0.069428
v -0.023762 1.459497 0.071052
v -0.017989 1.461458 0.085184
v -0.009803 1.462695 0.091123
v -0.005349 1.463171 0.093818
v -0.014094 1.462178 0.088518
v -0.026444 1.458744 0.070820
v -0.027582 1.459332 0.065755
v -0.020456 1.458830 0.061307
v -0.015707 1.459497 0.051557
v -0.016762 1.458800 0.057734
v -0.018473 1.460590 0.046619
v -0.021866 1.484892 0.096432
v -0.025609 1.481106 0.091696
v -0.031738 1.470848 0.073392
v -0.027673 1.474952 0.075348
v -0.027055 1.478042 0.086026
v -0.007879 1.488613 0.100571
v -0.015343 1.487100 0.099149
v -0.030253 1.472310 0.074752
v -0.027347 1.476103 0.080499
v -0.031297 1.470950 0.069854
v -0.024114 1.473684 0.065387
v -0.018086 1.477216 0.055643
v -0.020066 1.475594 0.061973
v -0.020384 1.478287 0.050667
v -0.058363 1.440719 0.038934
v -0.061181 1.445945 0.037481
v -0.063717 1.451371 0.036286
v -0.065348 1.456393 0.035430
v -0.066889 1.463757 0.034505
v -0.067428 1.470184 0.034354
v -0.067231 1.475878 0.034888
v -0.066522 1.481142 0.036020
v -0.065714 1.486057 0.037840
v -0.052438 1.440826 0.040037
v -0.054693 1.446329 0.038853
v -0.056743 1.451846 0.038004
v -0.058196 1.456922 0.037456
v -0.059738 1.464430 0.036945
v -0.060364 1.470994 0.037143
v -0.060329 1.476777 0.037870
v -0.059890 1.482107 0.038947
v -0.059437 1.487224 0.040586
v -0.046404 1.440921 0.041289
v -0.048154 1.446542 0.040371
v -0.049692 1.452099 0.039849
v -0.050815 1.457188 0.039678
v -0.052058 1.464722 0.039731
v -0.052556 1.471268 0.040170
v -0.052653 1.477029 0.040808
v -0.052536 1.482387 0.041713
v -0.052396 1.487618 0.043284
v -0.040529 1.441191 0.042348
v -0.041692 1.446728 0.041706
v -0.042626 1.452170 0.041492
v -0.043231 1.457083 0.041628
v -0.043844 1.464302 0.042087
v -0.044197 1.470647 0.042616
v -0.044561 1.476310 0.043116
v -0.044824 1.481641 0.043940
v -0.044999 1.486836 0.045612
v -0.035076 1.441781 0.043079
v -0.035566 1.447039 0.042677
v -0.035867 1.452184 0.042679
v -0.035990 1.456760 0.042936
v -0.036087 1.463437 0.043476
v -0.036327 1.469402 0.044065
v -0.036849 1.474839 0.044663
v -0.037385 1.480012 0.045616
v -0.037799 1.485011 0.047453
v -0.030278 1.442753 0.043488
v -0.030080 1.447589 0.043236
v -0.029785 1.452307 0.043358
v -0.029541 1.456458 0.043659
v -0.029283 1.462497 0.044222
v -0.029343 1.467969 0.044905
v -0.029828 1.473084 0.045672
v -0.030509 1.477994 0.046726
v -0.031122 1.482650 0.048595
v -0.026193 1.443921 0.043850
v -0.025333 1.448257 0.043622
v -0.024514 1.452507 0.043814
v -0.023984 1.456216 0.044189
v -0.023444 1.461578 0.044829
v -0.023301 1.466514 0.045598
v -0.023638 1.471263 0.046480
v -0.024367 1.475902 0.047530
v -0.025220 1.480222 0.049181
v -0.070447 1.449282 0.058459
v -0.065650 1.447263 0.060735
v -0.045082 1.483239 0.069915
v -0.051373 1.484174 0.068805
v -0.057687 1.484223 0.067159
v -0.080009 1.457975 0.051903
v -0.077869 1.454708 0.053527
v -0.030652 1.475226 0.069046
v -0.034476 1.478569 0.070008
v -0.060663 1.445674 0.062422
v -0.055607 1.444531 0.063646
v -0.024747 1.454120 0.062390
v -0.024424 1.456152 0.062776
v -0.069572 1.481335 0.062228
v -0.074223 1.478273 0.059089
v -0.079593 1.471295 0.053709
v -0.081255 1.468282 0.051907
v -0.081623 1.461752 0.050869
v -0.025471 1.465400 0.065748
v -0.026594 1.468943 0.066807
v -0.024862 1.461979 0.064639
v -0.082118 1.465181 0.050846
v -0.039191 1.481254 0.070221
v -0.050457 1.443913 0.064422
v -0.045366 1.443957 0.064692
v -0.063871 1.483320 0.064976
v -0.026042 1.452119 0.062352
v -0.077491 1.474720 0.056136
v -0.028183 1.450205 0.062534
v -0.036786 1.445536 0.064164
v -0.033496 1.446910 0.063596
v -0.040745 1.444544 0.064527
v -0.030699 1.448495 0.062973
v -0.074728 1.451718 0.055833
v -0.024540 1.459176 0.063659
v -0.028283 1.472063 0.067803
v -0.083340 1.448844 -0.056171
v -0.097983 1.490939 -0.041094
v -0.127254 1.426042 -0.045798
v -0.139911 1.465523 -0.050111
v -0.134918 1.469622 -0.062126
v -0.122791 1.432620 -0.040478
v -0.130695 1.462528 -0.043754
v -0.120818 1.424411 -0.054470
v -0.118022 1.434857 -0.041046
v -0.123113 1.462888 -0.047014
v -0.096599 1.440360 -0.023470
v -0.088378 1.439335 -0.015472
v -0.101950 1.460487 -0.021889
v -0.107402 1.462330 -0.023843
v -0.112434 1.463367 -0.027889
v -0.092478 1.452686 -0.017370
v -0.095480 1.457955 -0.018885
v -0.101196 1.438484 -0.026554
v -0.105504 1.436713 -0.029681
v -0.091136 1.448045 -0.016240
v -0.120572 1.461661 -0.042167
v -0.115190 1.435627 -0.039673
v -0.112748 1.435104 -0.036622
v -0.109586 1.435319 -0.033307
v -0.115802 1.463050 -0.033469
v -0.118529 1.462166 -0.038240
v -0.116290 1.466167 -0.056303
v -0.109350 1.435312 -0.053463
v -0.112390 1.428798 -0.057771
v -0.121751 1.469180 -0.063943
v -0.113117 1.465394 -0.052257
v -0.108335 1.439881 -0.049658
v -0.096415 1.482270 -0.042340
v -0.085765 1.449825 -0.047803
v -0.091021 1.446309 -0.049029
v -0.095242 1.444175 -0.051646
v -0.100549 1.478212 -0.045247
v -0.104013 1.475743 -0.048406
v -0.100737 1.442770 -0.052433
v -0.107376 1.472232 -0.050649
v -0.104848 1.442340 -0.050271
v -0.109983 1.468062 -0.051480
v -0.098966 1.512692 -0.034195
v -0.048165 1.603791 0.006108
v -0.033131 1.608683 0.007691
v -0.094836 1.553563 -0.012181
v -0.091513 1.562212 -0.007242
v -0.087156 1.570986 -0.003436
v -0.072540 1.589182 0.001959
v -0.061350 1.597091 0.004064
v -0.016805 1.611862 0.008171
v -0.096996 1.544368 -0.017903
v -0.081172 1.580219 -0.000453
v -0.098213 1.534448 -0.023793
v -0.017226 1.444191 -0.121728
v -0.068785 1.447447 -0.087797
v -0.079751 1.448533 -0.065788
v -0.098706 1.501439 -0.038169
v -0.098815 1.523832 -0.029342
v -0.060201 1.446367 -0.099051
v -0.033777 1.444521 -0.116421
v -0.048562 1.445216 -0.109151
v -0.074978 1.448161 -0.076507
v -0.124607 0.841036 -0.092935
v -0.145576 0.849857 -0.040234
v -0.147488 0.851650 -0.001748
v -0.133460 0.850249 0.034436
v -0.101138 0.845295 0.051879
v -0.067403 0.833301 0.051968
v -0.037433 0.817750 0.039648
v -0.024318 0.808445 0.029977
v -0.007162 0.789582 -0.051770
v -0.083946 0.840037 0.053856
v -0.051889 0.825764 0.046893
v -0.118062 0.848521 0.045533
v -0.143096 0.851393 0.017307
v -0.147946 0.851096 -0.021146
v -0.134390 0.845131 -0.076660
v -0.141128 0.847943 -0.058831
v -0.014065 0.792126 -0.068466
v -0.005533 0.789406 -0.027592
v -0.007658 0.790890 -0.003587
v -0.014356 0.797647 0.015354
v -0.022350 0.765628 0.031379
v -0.022822 0.781249 0.030197
v -0.023777 0.795351 0.029252
v -0.035114 0.768531 0.044396
v -0.035617 0.785443 0.042687
v -0.036452 0.801600 0.040933
v -0.068013 0.774925 0.062252
v -0.067801 0.794346 0.059168
v -0.067608 0.813746 0.055590
v -0.106932 0.780720 0.061470
v -0.105404 0.802140 0.059390
v -0.103437 0.823838 0.055873
v -0.141821 0.785105 0.041701
v -0.139421 0.807229 0.039598
v -0.136670 0.828870 0.037184
v -0.158772 0.786639 0.005334
v -0.155339 0.808679 0.003213
v -0.151394 0.830290 0.000802
v -0.160638 0.785701 -0.033543
v -0.156601 0.807436 -0.035630
v -0.151332 0.828758 -0.037882
v -0.010765 0.763280 -0.048218
v -0.009619 0.774431 -0.049468
v -0.008436 0.782979 -0.050662
v -0.134186 0.779951 -0.078957
v -0.133217 0.799760 -0.084576
v -0.130292 0.820235 -0.089540
v -0.087371 0.777986 0.064731
v -0.086319 0.798562 0.061958
v -0.085218 0.819294 0.057881
v -0.050441 0.771694 0.054920
v -0.050744 0.789878 0.052485
v -0.051213 0.807739 0.049774
v -0.125521 0.783148 0.053966
v -0.123551 0.805001 0.051874
v -0.121087 0.826808 0.049022
v -0.152288 0.786170 0.024247
v -0.149458 0.808309 0.022156
v -0.146394 0.830023 0.019822
v -0.161585 0.786493 -0.014199
v -0.157606 0.808390 -0.016296
v -0.152828 0.829858 -0.018642
v -0.146148 0.782209 -0.066981
v -0.144275 0.803088 -0.070730
v -0.140444 0.824160 -0.074072
v -0.155514 0.784226 -0.051646
v -0.152281 0.805704 -0.054124
v -0.147285 0.826931 -0.056524
v -0.020430 0.763833 -0.061339
v -0.019669 0.775381 -0.062526
v -0.018112 0.784892 -0.064544
v -0.005587 0.762966 -0.026213
v -0.005413 0.774947 -0.026978
v -0.005499 0.783918 -0.027542
v -0.007157 0.762697 -0.003321
v -0.007131 0.775898 -0.004009
v -0.007865 0.785814 -0.004384
v -0.012874 0.763458 0.015659
v -0.013074 0.777807 0.014797
v -0.014011 0.789483 0.014272
v -0.104915 0.493147 -0.043232
v -0.076836 0.492097 -0.058257
v -0.099808 0.493416 -0.049592
v -0.093291 0.493347 -0.054514
v -0.115659 0.490568 -0.021668
v -0.113356 0.491735 -0.029366
v -0.038964 0.483328 -0.041007
v -0.036464 0.478996 -0.011355
v -0.040649 0.478597 -0.001383
v -0.051864 0.487399 -0.050864
v -0.115025 0.487386 -0.004997
v -0.057565 0.476395 0.028098
v -0.056560 0.190696 -0.074904
v -0.056706 0.179650 -0.072803
v -0.056590 0.168961 -0.070901
v -0.055777 0.148605 -0.067403
v -0.062647 0.190471 -0.078523
v -0.062373 0.179326 -0.076411
v -0.061965 0.168562 -0.074435
v -0.060796 0.148115 -0.070724
v -0.069289 0.190243 -0.080959
v -0.068637 0.179008 -0.078892
v -0.067935 0.168177 -0.076875
v -0.066325 0.147656 -0.072974
v -0.060570 0.192974 -0.028278
v -0.060681 0.181906 -0.028419
v -0.060793 0.171179 -0.028464
v -0.060918 0.150749 -0.028037
v -0.071962 0.192775 -0.023398
v -0.071589 0.181683 -0.023838
v -0.071242 0.170920 -0.024193
v -0.070636 0.150378 -0.024501
v -0.084081 0.192355 -0.024205
v -0.083121 0.181246 -0.024811
v -0.082249 0.170449 -0.025167
v -0.080684 0.149790 -0.025392
v -0.083402 0.189840 -0.081365
v -0.082104 0.178477 -0.079516
v -0.080814 0.167545 -0.077614
v -0.078259 0.146882 -0.073912
v -0.090152 0.189686 -0.079258
v -0.088582 0.178296 -0.077565
v -0.087026 0.167340 -0.075799
v -0.084010 0.146625 -0.072376
v -0.052210 0.192847 -0.037786
v -0.052707 0.181815 -0.037493
v -0.053058 0.171137 -0.037040
v -0.053315 0.150811 -0.035590
v -0.049505 0.192641 -0.043658
v -0.050161 0.181632 -0.043096
v -0.050531 0.170979 -0.042370
v -0.050684 0.150698 -0.040465
v -0.105581 0.190497 -0.051691
v -0.103319 0.179251 -0.051181
v -0.101370 0.168324 -0.050571
v -0.098070 0.147440 -0.049218
v -0.104345 0.190861 -0.045512
v -0.102261 0.179630 -0.045261
v -0.100484 0.168708 -0.044860
v -0.097411 0.147829 -0.043814
v -0.047982 0.192342 -0.050028
v -0.048717 0.181355 -0.049150
v -0.049044 0.170721 -0.048157
v -0.049023 0.150474 -0.045842
v -0.100659 0.189719 -0.070390
v -0.098577 0.178373 -0.069035
v -0.096648 0.167410 -0.067697
v -0.093088 0.146616 -0.065059
v -0.098712 0.191535 -0.034577
v -0.096999 0.180355 -0.034774
v -0.095557 0.169473 -0.034705
v -0.092968 0.148652 -0.034230
v -0.048758 0.191485 -0.063409
v -0.049450 0.180523 -0.061838
v -0.049730 0.169910 -0.060336
v -0.049467 0.149674 -0.057354
v -0.072260 0.147239 -0.074074
v -0.074336 0.167846 -0.077888
v -0.075336 0.178735 -0.079871
v -0.076327 0.190044 -0.081852
v -0.056763 0.150825 -0.031379
v -0.056463 0.171200 -0.032297
v -0.056201 0.181904 -0.032489
v -0.055896 0.192955 -0.032559
v -0.065621 0.150597 -0.025696
v -0.065800 0.171083 -0.025710
v -0.065905 0.181830 -0.025495
v -0.066028 0.192911 -0.025198
v -0.075714 0.150106 -0.024425
v -0.076829 0.170704 -0.024028
v -0.077445 0.181482 -0.023611
v -0.078097 0.192581 -0.023051
v -0.085363 0.149436 -0.027384
v -0.087299 0.170154 -0.027386
v -0.088389 0.180977 -0.027152
v -0.089647 0.192100 -0.026602
v -0.089006 0.146570 -0.069196
v -0.092383 0.167316 -0.072295
v -0.094152 0.178282 -0.073864
v -0.095976 0.189664 -0.075395
v -0.097537 0.147071 -0.054659
v -0.101042 0.167969 -0.056439
v -0.103078 0.178902 -0.057301
v -0.105425 0.190169 -0.058113
v -0.095636 0.148241 -0.038764
v -0.098454 0.169104 -0.039530
v -0.100051 0.180012 -0.039764
v -0.101947 0.191223 -0.039786
v -0.048560 0.150128 -0.051583
v -0.048714 0.170360 -0.054222
v -0.048412 0.180979 -0.055463
v -0.047671 0.191949 -0.056678
v -0.095909 0.146782 -0.060109
v -0.099516 0.167645 -0.062277
v -0.101550 0.178593 -0.063366
v -0.103844 0.189891 -0.064481
v -0.089524 0.149051 -0.030351
v -0.091812 0.169823 -0.030583
v -0.093087 0.180675 -0.030496
v -0.094600 0.191822 -0.030093
v -0.051907 0.149147 -0.062802
v -0.052434 0.169428 -0.066039
v -0.052299 0.180063 -0.067780
v -0.051784 0.191045 -0.069691
v -0.080067 0.239490 -0.090267
v -0.081726 0.267029 -0.095147
v -0.083239 0.296975 -0.099467
v -0.083792 0.313033 -0.100948
v -0.084090 0.329872 -0.101583
v -0.053709 0.240548 -0.031045
v -0.052106 0.266284 -0.029066
v -0.050332 0.293299 -0.026160
v -0.049288 0.307277 -0.024192
v -0.048325 0.321611 -0.021998
v -0.066072 0.240413 -0.021807
v -0.065779 0.265962 -0.018761
v -0.065452 0.292689 -0.015113
v -0.065213 0.306477 -0.012902
v -0.064873 0.320542 -0.010347
v -0.080937 0.240071 -0.018494
v -0.082312 0.265632 -0.015236
v -0.083583 0.292280 -0.010915
v -0.084131 0.306045 -0.008413
v -0.084581 0.320156 -0.005958
v -0.095782 0.239656 -0.021867
v -0.098952 0.265347 -0.018560
v -0.102166 0.292216 -0.014348
v -0.103721 0.306122 -0.011812
v -0.104979 0.320442 -0.009311
v -0.104116 0.239386 -0.081758
v -0.108519 0.267098 -0.084728
v -0.113198 0.296937 -0.086875
v -0.115188 0.312757 -0.087473
v -0.116697 0.329259 -0.087677
v -0.117172 0.238886 -0.060815
v -0.123911 0.265842 -0.061671
v -0.130584 0.294767 -0.061701
v -0.133328 0.310061 -0.061308
v -0.135667 0.325980 -0.060704
v -0.112704 0.239075 -0.037469
v -0.118709 0.265201 -0.035412
v -0.124856 0.292882 -0.032785
v -0.127553 0.307399 -0.031244
v -0.129809 0.322438 -0.029501
v -0.042715 0.239790 -0.060908
v -0.039752 0.266259 -0.062195
v -0.036850 0.294565 -0.062420
v -0.034934 0.309473 -0.062021
v -0.033519 0.325058 -0.061094
v -0.114558 0.239052 -0.068680
v -0.120585 0.266349 -0.070351
v -0.126564 0.295673 -0.071029
v -0.129143 0.311164 -0.070964
v -0.131310 0.327296 -0.070696
v -0.102411 0.239441 -0.025801
v -0.106541 0.265250 -0.022711
v -0.110761 0.292345 -0.018900
v -0.112804 0.306403 -0.016579
v -0.114511 0.320896 -0.014158
v -0.048059 0.239149 -0.077520
v -0.045809 0.266111 -0.080762
v -0.043636 0.295208 -0.082719
v -0.042048 0.310688 -0.083384
v -0.040746 0.326990 -0.083269
v -0.049201 0.327933 -0.092068
v -0.050215 0.311358 -0.091833
v -0.051413 0.295640 -0.090712
v -0.053078 0.266221 -0.087870
v -0.054631 0.239087 -0.083761
v -0.059907 0.328779 -0.098074
v -0.060534 0.312036 -0.097569
v -0.061237 0.296141 -0.096087
v -0.062178 0.266512 -0.092231
v -0.062751 0.239245 -0.087553
v -0.071767 0.329452 -0.101330
v -0.071938 0.312615 -0.100703
v -0.072016 0.296602 -0.099103
v -0.071834 0.266790 -0.094714
v -0.071300 0.239380 -0.089793
v -0.056056 0.320997 -0.015341
v -0.056723 0.306831 -0.017730
v -0.057356 0.292972 -0.019837
v -0.058411 0.266132 -0.023149
v -0.059440 0.240513 -0.025761
v -0.074512 0.320277 -0.007278
v -0.074443 0.306218 -0.009793
v -0.074303 0.292457 -0.012130
v -0.073879 0.265796 -0.016141
v -0.073338 0.240262 -0.019351
v -0.094843 0.320209 -0.006616
v -0.094009 0.306016 -0.009108
v -0.092978 0.292202 -0.011689
v -0.090771 0.265479 -0.016051
v -0.088532 0.239868 -0.019383
v -0.096079 0.329991 -0.099150
v -0.095346 0.313212 -0.098627
v -0.094231 0.297178 -0.097403
v -0.091440 0.267165 -0.093671
v -0.088715 0.239510 -0.089187
v -0.107123 0.329784 -0.094418
v -0.105992 0.313123 -0.094043
v -0.104417 0.297165 -0.093151
v -0.100575 0.267181 -0.090202
v -0.096918 0.239455 -0.086417
v -0.041626 0.322313 -0.029925
v -0.042979 0.307758 -0.031965
v -0.044373 0.293611 -0.033676
v -0.046735 0.266351 -0.035988
v -0.049054 0.240496 -0.037413
v -0.036446 0.323135 -0.039251
v -0.038121 0.308281 -0.041000
v -0.039859 0.293926 -0.042380
v -0.042447 0.266337 -0.043871
v -0.045469 0.240341 -0.044595
v -0.137159 0.324613 -0.049931
v -0.134792 0.308945 -0.050901
v -0.131886 0.293892 -0.051628
v -0.124722 0.265434 -0.052458
v -0.117739 0.238809 -0.052625
v -0.135048 0.323402 -0.039174
v -0.132664 0.308045 -0.040524
v -0.129746 0.293266 -0.041660
v -0.122773 0.265244 -0.043492
v -0.116068 0.238903 -0.044696
v -0.033801 0.324089 -0.049877
v -0.035359 0.308868 -0.051181
v -0.037324 0.294258 -0.052104
v -0.040062 0.266312 -0.052767
v -0.043272 0.240102 -0.052503
v -0.124747 0.328423 -0.079636
v -0.122891 0.312102 -0.079646
v -0.120587 0.296435 -0.079398
v -0.115256 0.266812 -0.078053
v -0.110104 0.239240 -0.075770
v -0.122862 0.321591 -0.021066
v -0.120812 0.306851 -0.023201
v -0.118407 0.292578 -0.025143
v -0.113212 0.265203 -0.028404
v -0.108105 0.239252 -0.031097
v -0.035603 0.326023 -0.072479
v -0.036955 0.310065 -0.073036
v -0.038797 0.294865 -0.072891
v -0.041503 0.266170 -0.071735
v -0.044104 0.239434 -0.069489
v -0.046727 0.351196 -0.016949
v -0.046414 0.366362 -0.014420
v -0.046671 0.381645 -0.012065
v -0.046904 0.396867 -0.009372
v -0.047098 0.411895 -0.006318
v -0.047779 0.426442 -0.003374
v -0.094503 0.458933 -0.058275
v -0.096272 0.446070 -0.062648
v -0.098792 0.431998 -0.068875
v -0.101653 0.416730 -0.076167
v -0.104303 0.400283 -0.083188
v -0.106134 0.382805 -0.088628
v -0.107270 0.364909 -0.092163
v -0.117226 0.364110 -0.085671
v -0.115876 0.381966 -0.082510
v -0.113589 0.399510 -0.077599
v -0.110302 0.416141 -0.071181
v -0.106583 0.431549 -0.064213
v -0.103365 0.445801 -0.058116
v -0.101099 0.458841 -0.053664
v -0.044012 0.442007 -0.008742
v -0.043526 0.428418 -0.011936
v -0.042757 0.413874 -0.015213
v -0.042211 0.398751 -0.018393
v -0.041526 0.383381 -0.021141
v -0.040906 0.367937 -0.023541
v -0.040846 0.352550 -0.025863
v -0.137509 0.359823 -0.058259
v -0.136264 0.377434 -0.055950
v -0.133284 0.395004 -0.052644
v -0.129077 0.412054 -0.048459
v -0.123925 0.428037 -0.043592
v -0.119510 0.442941 -0.038894
v -0.116610 0.456626 -0.035087
v -0.119802 0.455014 -0.027466
v -0.122616 0.441100 -0.030814
v -0.127099 0.426051 -0.034755
v -0.132211 0.409913 -0.038664
v -0.136454 0.392845 -0.042076
v -0.139171 0.375334 -0.044851
v -0.139806 0.357896 -0.047007
v -0.120701 0.452813 -0.019041
v -0.123765 0.438799 -0.021984
v -0.128128 0.423618 -0.025147
v -0.132789 0.407363 -0.028128
v -0.136578 0.390331 -0.030758
v -0.138516 0.373000 -0.033173
v -0.138372 0.355911 -0.035464
v -0.133085 0.354122 -0.024996
v -0.133570 0.370710 -0.022430
v -0.132607 0.387623 -0.019985
v -0.129806 0.404462 -0.017771
v -0.126022 0.420725 -0.015442
v -0.122144 0.436005 -0.012917
v -0.118819 0.450114 -0.010500
v -0.039706 0.445866 -0.027152
v -0.039500 0.432533 -0.030425
v -0.039002 0.418052 -0.034087
v -0.038297 0.402843 -0.037714
v -0.037284 0.387250 -0.041020
v -0.036119 0.371482 -0.043907
v -0.035089 0.355642 -0.046356
v -0.106483 0.458274 -0.047766
v -0.109425 0.445155 -0.052387
v -0.113338 0.430714 -0.058298
v -0.117753 0.415112 -0.064733
v -0.121542 0.398336 -0.070483
v -0.124119 0.380742 -0.074775
v -0.125615 0.362965 -0.077623
v -0.132544 0.361531 -0.068522
v -0.131047 0.379238 -0.065959
v -0.128144 0.396823 -0.062123
v -0.124076 0.413764 -0.057155
v -0.119181 0.429565 -0.051429
v -0.114911 0.444259 -0.046031
v -0.111761 0.457599 -0.041652
v -0.114022 0.447108 -0.002841
v -0.117482 0.432937 -0.004592
v -0.120589 0.417649 -0.006829
v -0.123567 0.401568 -0.008776
v -0.125657 0.385089 -0.010765
v -0.126296 0.368643 -0.013185
v -0.125815 0.352507 -0.015899
v -0.116956 0.351129 -0.008501
v -0.117497 0.366835 -0.005527
v -0.117009 0.382875 -0.003142
v -0.115338 0.398981 -0.001415
v -0.112953 0.414792 0.000221
v -0.110526 0.429947 0.002370
v -0.107379 0.444160 0.003718
v -0.078074 0.457850 -0.061890
v -0.079084 0.445234 -0.066508
v -0.080292 0.431346 -0.072854
v -0.081492 0.416267 -0.080257
v -0.082541 0.400051 -0.087602
v -0.083313 0.382881 -0.093813
v -0.083803 0.365175 -0.098265
v -0.095927 0.365269 -0.096430
v -0.095088 0.383123 -0.092501
v -0.093762 0.400474 -0.086602
v -0.091914 0.416787 -0.079270
v -0.089911 0.431908 -0.071818
v -0.088075 0.445871 -0.065522
v -0.086683 0.458579 -0.061072
v -0.102471 0.427285 0.008398
v -0.104158 0.412335 0.006016
v -0.105791 0.396820 0.004191
v -0.106856 0.381101 0.002194
v -0.107174 0.365457 -0.000335
v -0.106733 0.350136 -0.003535
v -0.095966 0.349475 -0.000746
v -0.096164 0.364519 0.002519
v -0.095928 0.379828 0.005242
v -0.095317 0.395167 0.007841
v -0.094299 0.410388 0.010086
v -0.093176 0.425107 0.012721
v -0.091816 0.439179 0.014979
v -0.048522 0.451752 -0.048816
v -0.047819 0.438864 -0.053355
v -0.047121 0.424662 -0.058511
v -0.046264 0.409508 -0.063905
v -0.045011 0.393699 -0.069259
v -0.043429 0.377419 -0.074227
v -0.041844 0.360775 -0.078456
v -0.062410 0.423480 0.010187
v -0.062531 0.409027 0.007352
v -0.063004 0.394254 0.004034
v -0.063537 0.379381 0.000726
v -0.063790 0.364389 -0.001946
v -0.064146 0.349533 -0.004810
v -0.054734 0.350175 -0.009856
v -0.054289 0.365141 -0.007087
v -0.054164 0.380241 -0.004547
v -0.053840 0.395260 -0.001544
v -0.053607 0.410147 0.001612
v -0.053915 0.424649 0.004398
v -0.053791 0.438255 0.007653
v -0.054248 0.453526 -0.053500
v -0.053814 0.440797 -0.058506
v -0.053402 0.426763 -0.064308
v -0.052891 0.411649 -0.070476
v -0.051970 0.395788 -0.076706
v -0.050796 0.379307 -0.082453
v -0.049670 0.362358 -0.087227
v -0.082862 0.423741 0.014204
v -0.083608 0.409179 0.011468
v -0.084270 0.394191 0.008830
v -0.084743 0.379128 0.005869
v -0.084988 0.364023 0.003168
v -0.085040 0.349161 -0.000108
v -0.074350 0.349206 -0.001600
v -0.074116 0.364031 0.001411
v -0.073873 0.379039 0.004050
v -0.073384 0.393940 0.007273
v -0.072856 0.408748 0.010415
v -0.072425 0.423229 0.013223
v -0.071924 0.436993 0.016535
v -0.061196 0.455205 -0.057457
v -0.061218 0.442604 -0.062618
v -0.061318 0.428660 -0.068821
v -0.061286 0.413592 -0.075611
v -0.060933 0.397639 -0.082478
v -0.060381 0.380929 -0.088730
v -0.059885 0.363666 -0.093660
v -0.040814 0.447916 -0.036072
v -0.040418 0.434689 -0.039421
v -0.039790 0.420257 -0.043285
v -0.038940 0.405033 -0.047251
v -0.037756 0.389340 -0.051000
v -0.036281 0.373402 -0.054374
v -0.034859 0.357309 -0.057224
v -0.036972 0.359043 -0.068136
v -0.038632 0.375403 -0.064647
v -0.040291 0.391511 -0.060547
v -0.041619 0.407272 -0.056079
v -0.042557 0.422476 -0.051488
v -0.043320 0.436803 -0.047043
v -0.043982 0.449874 -0.043146
v -0.037050 0.354058 -0.035823
v -0.037595 0.369666 -0.033544
v -0.038506 0.385267 -0.030960
v -0.039386 0.400751 -0.027960
v -0.040049 0.415925 -0.024542
v -0.040662 0.430434 -0.020970
v -0.040994 0.443882 -0.017636
v -0.069316 0.456737 -0.060664
v -0.069871 0.444154 -0.065553
v -0.070497 0.430252 -0.071871
v -0.071026 0.415187 -0.079031
v -0.071334 0.399135 -0.086311
v -0.071482 0.382159 -0.092641
v -0.071543 0.364633 -0.097407
v -0.153986 0.717213 0.026883
v -0.152332 0.694141 0.026289
v -0.149940 0.671294 0.025160
v -0.146616 0.648869 0.023457
v -0.142538 0.626996 0.021314
v -0.137988 0.605712 0.018900
v -0.133176 0.585068 0.016377
v -0.128220 0.565270 0.013912
v -0.123297 0.546682 0.011590
v -0.116025 0.513530 0.007649
v -0.113807 0.498903 0.005790
v -0.108779 0.497122 0.014787
v -0.111100 0.511841 0.017266
v -0.117572 0.545036 0.022497
v -0.121626 0.563691 0.025656
v -0.125714 0.583550 0.029020
v -0.129628 0.604279 0.032355
v -0.133216 0.625685 0.035447
v -0.136428 0.647656 0.038210
v -0.139176 0.670110 0.040549
v -0.141360 0.692945 0.042350
v -0.142975 0.716023 0.043559
v -0.068804 0.715460 -0.082216
v -0.068821 0.694749 -0.080665
v -0.068639 0.673677 -0.078981
v -0.068341 0.652660 -0.077032
v -0.067966 0.631826 -0.074720
v -0.067589 0.611272 -0.071998
v -0.067279 0.591136 -0.069012
v -0.067084 0.571596 -0.066012
v -0.067013 0.552839 -0.063383
v -0.067286 0.518654 -0.059770
v -0.067609 0.503813 -0.058337
v -0.088684 0.712781 0.065913
v -0.088539 0.690301 0.064394
v -0.088133 0.667862 0.062062
v -0.087503 0.645567 0.059420
v -0.086693 0.623509 0.056502
v -0.085781 0.601768 0.053505
v -0.084894 0.580526 0.050366
v -0.084058 0.560262 0.046531
v -0.083263 0.541438 0.042364
v -0.082217 0.507783 0.037082
v -0.082105 0.492062 0.036636
v -0.010676 0.709362 -0.022283
v -0.013648 0.688278 -0.021003
v -0.015859 0.667620 -0.020383
v -0.017222 0.646883 -0.020165
v -0.017827 0.625827 -0.020178
v -0.018513 0.604588 -0.020245
v -0.019722 0.583495 -0.020348
v -0.021168 0.562881 -0.020551
v -0.022742 0.543068 -0.020878
v -0.027207 0.507386 -0.021662
v -0.030240 0.492370 -0.022024
v -0.126656 0.714921 0.055317
v -0.125528 0.691983 0.053871
v -0.123915 0.669245 0.051732
v -0.121941 0.646815 0.049135
v -0.119617 0.624803 0.046092
v -0.117071 0.603285 0.042783
v -0.114347 0.582392 0.039252
v -0.111396 0.562415 0.035449
v -0.108372 0.543703 0.031688
v -0.094254 0.493233 0.032650
v -0.094459 0.508765 0.033869
v -0.096808 0.542444 0.038832
v -0.098716 0.561210 0.042910
v -0.100522 0.581348 0.046765
v -0.102194 0.602428 0.050130
v -0.103807 0.624067 0.053322
v -0.105294 0.646118 0.056326
v -0.106542 0.668503 0.058926
v -0.107531 0.691113 0.061107
v -0.108132 0.713838 0.062545
v -0.106310 0.505840 -0.043813
v -0.108414 0.520268 -0.045148
v -0.112585 0.554016 -0.047937
v -0.115213 0.572715 -0.049895
v -0.118655 0.592182 -0.052697
v -0.122483 0.612298 -0.055953
v -0.126208 0.632997 -0.059258
v -0.129648 0.654136 -0.062493
v -0.132785 0.675546 -0.065804
v -0.135078 0.697115 -0.068750
v -0.136118 0.718614 -0.070993
v -0.076801 0.505056 -0.059171
v -0.076833 0.519817 -0.060307
v -0.077312 0.553783 -0.063719
v -0.077859 0.572434 -0.066412
v -0.078595 0.591864 -0.069661
v -0.079436 0.611909 -0.073051
v -0.080271 0.632416 -0.076295
v -0.080994 0.653261 -0.079120
v -0.081528 0.674312 -0.081555
v -0.081826 0.695397 -0.083630
v -0.081844 0.716144 -0.085215
v -0.100627 0.506175 -0.050100
v -0.101961 0.520708 -0.051280
v -0.105116 0.554483 -0.054286
v -0.107256 0.573116 -0.056569
v -0.110031 0.592512 -0.059722
v -0.113114 0.612538 -0.063366
v -0.116095 0.633127 -0.067071
v -0.118756 0.654166 -0.070624
v -0.121027 0.675487 -0.074050
v -0.122613 0.696923 -0.077041
v -0.123167 0.718211 -0.079138
v -0.095504 0.716886 -0.086270
v -0.095420 0.695995 -0.084514
v -0.094870 0.674824 -0.081994
v -0.093937 0.653701 -0.079029
v -0.092696 0.632826 -0.075631
v -0.091249 0.612334 -0.072012
v -0.089741 0.592345 -0.068327
v -0.088378 0.572973 -0.064966
v -0.087315 0.554376 -0.062314
v -0.086047 0.520536 -0.059111
v -0.085705 0.505833 -0.058134
v -0.093780 0.506176 -0.055059
v -0.094504 0.520820 -0.056050
v -0.096647 0.554617 -0.059124
v -0.098255 0.573206 -0.061639
v -0.100318 0.592564 -0.064979
v -0.102587 0.612551 -0.068737
v -0.104792 0.633061 -0.072589
v -0.106708 0.654004 -0.076222
v -0.108244 0.675222 -0.079575
v -0.109226 0.696522 -0.082397
v -0.109487 0.717609 -0.084363
v -0.118124 0.503244 -0.021196
v -0.120750 0.517553 -0.021075
v -0.126756 0.551100 -0.021318
v -0.131123 0.569815 -0.021834
v -0.135887 0.589607 -0.022556
v -0.140659 0.610225 -0.023347
v -0.145566 0.631361 -0.024197
v -0.151015 0.652761 -0.025266
v -0.155860 0.674585 -0.026342
v -0.159249 0.696809 -0.027344
v -0.161225 0.719137 -0.028406
v -0.147485 0.718857 -0.059653
v -0.145925 0.697120 -0.057540
v -0.142978 0.675388 -0.054966
v -0.138976 0.653889 -0.052074
v -0.134693 0.632677 -0.049309
v -0.130339 0.611851 -0.046632
v -0.125937 0.591603 -0.044010
v -0.121962 0.572031 -0.041761
v -0.118877 0.553276 -0.040213
v -0.113967 0.519563 -0.038025
v -0.111388 0.505230 -0.036926
v -0.115610 0.504328 -0.029458
v -0.118311 0.518617 -0.029994
v -0.123712 0.552285 -0.031271
v -0.127332 0.571061 -0.032347
v -0.131715 0.590757 -0.033888
v -0.136437 0.611185 -0.035669
v -0.141218 0.632158 -0.037518
v -0.146297 0.653436 -0.039593
v -0.150918 0.675068 -0.041692
v -0.154229 0.697031 -0.043540
v -0.156187 0.719041 -0.045231
v -0.017132 0.711578 -0.041503
v -0.019272 0.689823 -0.039093
v -0.020802 0.668759 -0.037565
v -0.021460 0.647987 -0.036725
v -0.021474 0.627051 -0.036282
v -0.021943 0.605985 -0.035740
v -0.023131 0.585101 -0.035086
v -0.024575 0.564693 -0.034471
v -0.025852 0.545016 -0.034129
v -0.028800 0.509206 -0.033962
v -0.031213 0.493984 -0.033720
v -0.035853 0.496051 -0.042464
v -0.033885 0.511303 -0.043214
v -0.031552 0.546879 -0.044286
v -0.030408 0.566369 -0.045218
v -0.029114 0.586573 -0.046469
v -0.028102 0.607265 -0.047667
v -0.027732 0.628173 -0.048560
v -0.027775 0.649052 -0.049235
v -0.027485 0.669936 -0.050153
v -0.026716 0.691278 -0.051667
v -0.025558 0.713041 -0.053954
v -0.033423 0.491683 -0.009995
v -0.030124 0.506378 -0.008789
v -0.023930 0.541468 -0.006435
v -0.021684 0.561265 -0.005347
v -0.020143 0.582033 -0.004408
v -0.019151 0.603330 -0.003623
v -0.018611 0.624768 -0.002962
v -0.017781 0.646035 -0.002287
v -0.016166 0.666982 -0.001601
v -0.013976 0.687636 -0.001099
v -0.011331 0.708177 -0.001058
v -0.038387 0.491621 0.000433
v -0.035481 0.506207 0.002298
v -0.028930 0.540616 0.006368
v -0.026055 0.560196 0.008432
v -0.024159 0.580953 0.010175
v -0.023258 0.602392 0.011486
v -0.023067 0.624041 0.012423
v -0.022604 0.645581 0.013356
v -0.021297 0.666868 0.014449
v -0.019353 0.687825 0.015529
v -0.017033 0.708350 0.016353
v -0.034630 0.713800 -0.063651
v -0.035264 0.692401 -0.061605
v -0.035601 0.671038 -0.060155
v -0.035713 0.650070 -0.059089
v -0.035715 0.629212 -0.058108
v -0.036000 0.608422 -0.056857
v -0.036754 0.587892 -0.055220
v -0.037786 0.567872 -0.053433
v -0.038777 0.548580 -0.051932
v -0.040817 0.513357 -0.049865
v -0.042462 0.498206 -0.048594
v -0.050170 0.500281 -0.052860
v -0.048941 0.515327 -0.054506
v -0.047309 0.550162 -0.057522
v -0.046587 0.569256 -0.059541
v -0.045899 0.589100 -0.061814
v -0.045454 0.609487 -0.063886
v -0.045296 0.630187 -0.065595
v -0.045333 0.651038 -0.066959
v -0.045374 0.672038 -0.068209
v -0.045315 0.693298 -0.069625
v -0.045037 0.714343 -0.071429
v -0.162994 0.718882 -0.010236
v -0.160977 0.696242 -0.009777
v -0.157701 0.673762 -0.009606
v -0.153097 0.651701 -0.009606
v -0.147841 0.630125 -0.009707
v -0.142931 0.608888 -0.009925
v -0.138137 0.588159 -0.010170
v -0.132947 0.568345 -0.010389
v -0.127835 0.549733 -0.010666
v -0.120995 0.516391 -0.011637
v -0.118613 0.501993 -0.012381
v -0.117073 0.500552 -0.003329
v -0.119300 0.515061 -0.002028
v -0.126653 0.548262 0.000403
v -0.131992 0.566822 0.001705
v -0.137386 0.586607 0.003049
v -0.142387 0.607299 0.004407
v -0.147353 0.628540 0.005749
v -0.152119 0.650282 0.006970
v -0.156094 0.672571 0.007929
v -0.158910 0.695290 0.008481
v -0.160682 0.718213 0.008565
v -0.036582 0.710231 0.045344
v -0.038161 0.688802 0.043762
v -0.039546 0.667093 0.041887
v -0.040276 0.645231 0.040162
v -0.040356 0.623281 0.038642
v -0.040162 0.601345 0.037172
v -0.040739 0.579782 0.034871
v -0.042585 0.559290 0.031365
v -0.044983 0.540272 0.027571
v -0.047365 0.506247 0.023277
v -0.047598 0.490988 0.021888
v -0.036016 0.540304 0.017561
v -0.033097 0.559591 0.020589
v -0.031038 0.580233 0.023233
v -0.030237 0.601755 0.025053
v -0.030344 0.623582 0.026180
v -0.030195 0.645369 0.027289
v -0.029278 0.666990 0.028589
v -0.027640 0.688357 0.029997
v -0.025627 0.709294 0.031277
v -0.056530 0.714872 -0.077508
v -0.056605 0.694064 -0.075920
v -0.056505 0.672919 -0.074461
v -0.056334 0.651912 -0.072947
v -0.056173 0.631070 -0.071147
v -0.056115 0.610447 -0.068948
v -0.056224 0.590192 -0.066403
v -0.056498 0.570509 -0.063722
v -0.056858 0.551601 -0.061302
v -0.057864 0.517133 -0.057712
v -0.058639 0.502216 -0.055964
v -0.069182 0.711843 0.064026
v -0.069534 0.689656 0.062432
v -0.069774 0.667431 0.060036
v -0.069716 0.645249 0.057584
v -0.069439 0.623197 0.054955
v -0.069003 0.601342 0.052385
v -0.068725 0.579956 0.049407
v -0.068817 0.559617 0.045441
v -0.069166 0.540823 0.041012
v -0.069454 0.507121 0.035608
v -0.069314 0.491498 0.034637
v -0.057212 0.491061 0.030270
v -0.057288 0.506577 0.031327
v -0.056122 0.540466 0.035730
v -0.054618 0.559305 0.040059
v -0.053544 0.579699 0.044019
v -0.053333 0.601205 0.046711
v -0.053554 0.623138 0.048719
v -0.053543 0.645162 0.050807
v -0.053102 0.667196 0.053000
v -0.052213 0.689178 0.055258
v -0.051199 0.711013 0.057037
v -0.055847 0.214033 -0.079279
v -0.062919 0.214010 -0.082887
v -0.070447 0.213974 -0.085153
v -0.078257 0.213937 -0.085789
v -0.060140 0.216106 -0.027424
v -0.054957 0.216087 -0.032156
v -0.072692 0.215908 -0.021851
v -0.066135 0.216040 -0.023921
v -0.086216 0.215503 -0.022272
v -0.079494 0.215721 -0.021265
v -0.086018 0.213843 -0.085008
v -0.092553 0.215260 -0.024697
v -0.093413 0.213725 -0.082645
v -0.099907 0.213658 -0.078524
v -0.050774 0.215975 -0.037899
v -0.110835 0.213774 -0.059567
v -0.047634 0.215759 -0.044389
v -0.111023 0.213973 -0.052382
v -0.109544 0.214246 -0.045475
v -0.106762 0.214530 -0.039095
v -0.045818 0.215451 -0.051494
v -0.045371 0.215053 -0.058974
v -0.105237 0.213609 -0.073124
v -0.108945 0.213643 -0.066643
v -0.102989 0.214775 -0.033339
v -0.098236 0.215010 -0.028431
v -0.046642 0.214610 -0.066577
v -0.050152 0.214233 -0.073664
v -0.040979 0.337305 -0.027936
v -0.036270 0.338510 -0.037605
v -0.033902 0.339810 -0.048302
v -0.035634 0.342516 -0.070854
v -0.040695 0.343881 -0.081620
v -0.048980 0.345123 -0.090570
v -0.071593 0.346936 -0.100387
v -0.137139 0.342601 -0.059741
v -0.117471 0.346430 -0.087242
v -0.107630 0.347113 -0.093995
v -0.096306 0.347432 -0.098627
v -0.132554 0.344128 -0.069986
v -0.136986 0.339364 -0.037500
v -0.124571 0.336809 -0.018614
v -0.105951 0.335137 -0.006650
v -0.064544 0.334914 -0.007704
v -0.084900 0.334562 -0.003352
v -0.059658 0.346154 -0.096827
v -0.033566 0.341144 -0.059499
v -0.047466 0.336270 -0.019571
v -0.055398 0.335458 -0.012720
v -0.074508 0.334632 -0.004648
v -0.095476 0.334726 -0.003969
v -0.115900 0.335810 -0.011479
v -0.131695 0.338016 -0.027416
v -0.138896 0.340947 -0.048659
v -0.125811 0.345423 -0.079143
v -0.084073 0.347371 -0.100810
v -0.042345 0.466462 -0.003327
v -0.038905 0.467407 -0.012782
v -0.037054 0.468616 -0.023245
v -0.041954 0.472123 -0.040098
v -0.047209 0.474001 -0.045327
v -0.053405 0.475799 -0.049425
v -0.068414 0.479069 -0.056682
v -0.112737 0.480075 -0.030192
v -0.099862 0.481746 -0.050130
v -0.093406 0.481644 -0.054994
v -0.085583 0.481165 -0.057762
v -0.108999 0.480938 -0.037012
v -0.114587 0.477084 -0.015099
v -0.109875 0.472876 0.000731
v -0.057686 0.462028 0.025770
v -0.082193 0.462384 0.031409
v -0.060508 0.477506 -0.053036
v -0.038132 0.470261 -0.033046
v -0.045899 0.465208 0.006194
v -0.049343 0.463350 0.016807
v -0.069486 0.461871 0.030312
v -0.092591 0.464942 0.025207
v -0.105312 0.470466 0.008795
v -0.112963 0.475106 -0.007267
v -0.114535 0.478762 -0.022778
v -0.104562 0.481474 -0.043623
v -0.077004 0.480299 -0.058369
v -0.014903 0.728232 0.016614
v -0.013456 0.746824 0.016349
v -0.008965 0.728321 -0.001668
v -0.007643 0.746774 -0.002512
v -0.007757 0.729911 -0.023960
v -0.006142 0.747992 -0.025289
v -0.023973 0.733085 -0.056674
v -0.022000 0.749894 -0.059361
v -0.033700 0.733468 -0.065962
v -0.032415 0.750360 -0.068219
v -0.044571 0.733832 -0.073244
v -0.043860 0.751045 -0.074702
v -0.068576 0.735055 -0.083276
v -0.068100 0.753106 -0.083483
v -0.095041 0.737001 -0.086944
v -0.093983 0.755991 -0.086993
v -0.157046 0.740888 -0.047027
v -0.157146 0.762605 -0.049266
v -0.108872 0.738023 -0.085176
v -0.107525 0.757456 -0.085832
v -0.122574 0.738932 -0.080306
v -0.121232 0.758829 -0.081702
v -0.147738 0.740304 -0.061520
v -0.147227 0.761386 -0.063818
v -0.164076 0.741522 -0.011090
v -0.163836 0.764122 -0.012412
v -0.154875 0.740385 0.026883
v -0.154339 0.763487 0.025995
v -0.127219 0.737915 0.056059
v -0.126833 0.760758 0.055576
v -0.050604 0.732362 0.057426
v -0.050313 0.752663 0.056728
v -0.088545 0.735056 0.066356
v -0.088115 0.756850 0.066006
v -0.056273 0.734354 -0.078890
v -0.055818 0.751957 -0.079593
v -0.014600 0.732028 -0.044324
v -0.012375 0.749254 -0.046625
v -0.023797 0.729453 0.032079
v -0.022602 0.748360 0.032148
v -0.035507 0.730980 0.045975
v -0.034983 0.750483 0.045659
v -0.068828 0.733681 0.064387
v -0.068406 0.754781 0.063871
v -0.108282 0.736494 0.063144
v -0.107889 0.758854 0.062763
v -0.143942 0.739236 0.044127
v -0.143477 0.762388 0.043413
v -0.161561 0.741188 0.008144
v -0.161005 0.764082 0.007064
v -0.162322 0.741379 -0.029766
v -0.162495 0.763580 -0.031529
v -0.135815 0.739675 -0.072576
v -0.134769 0.760120 -0.074549
v -0.081545 0.735974 -0.085974
v -0.080850 0.754510 -0.085875
v -0.046940 0.522674 0.024584
v -0.082568 0.524146 0.038616
v -0.069454 0.523478 0.037343
v -0.105778 0.526357 0.028558
v -0.100182 0.441491 0.010011
v -0.082108 0.437615 0.017229
v -0.062088 0.437128 0.013505
v -0.048032 0.440078 -0.000230
v -0.047099 0.452772 0.003223
v -0.103851 0.510240 0.026163
v -0.101984 0.495287 0.023452
v -0.100572 0.481223 0.020457
v -0.043292 0.491496 0.010606
v -0.041308 0.506269 0.012620
v -0.039011 0.522541 0.014752
v -0.099305 0.467933 0.016733
v -0.098777 0.454948 0.012732
v -0.044889 0.477993 0.008509
v -0.119184 0.529419 0.009548
v -0.114126 0.527727 0.019810
v -0.067072 0.535102 -0.061355
v -0.024683 0.524427 -0.021269
v -0.095122 0.525131 0.035314
v -0.110517 0.536392 -0.046547
v -0.076976 0.536153 -0.061747
v -0.103477 0.536889 -0.052695
v -0.086571 0.536793 -0.060468
v -0.095465 0.537044 -0.057398
v -0.123422 0.533590 -0.021107
v -0.116446 0.535642 -0.039132
v -0.120910 0.534684 -0.030586
v -0.027116 0.526388 -0.034021
v -0.032544 0.528386 -0.043743
v -0.026839 0.523061 -0.007599
v -0.032274 0.522566 0.004248
v -0.039695 0.530295 -0.050841
v -0.048058 0.532090 -0.055919
v -0.123841 0.532364 -0.011087
v -0.122343 0.530987 -0.000826
v -0.057293 0.533716 -0.059368
v -0.057197 0.522992 0.032545
v -0.100119 0.470650 -0.051256
v -0.114632 0.468884 -0.032329
v -0.114674 0.462787 -0.009129
v -0.110046 0.469728 -0.038836
v -0.104806 0.457578 0.005396
v -0.085892 0.470140 -0.058682
v -0.091618 0.452196 0.019628
v -0.051671 0.450673 0.012482
v -0.070666 0.448912 0.023923
v -0.043951 0.461496 -0.040507
v -0.040557 0.456098 -0.014881
v -0.093662 0.470596 -0.055969
v -0.043607 0.454547 -0.005806
v -0.117241 0.467397 -0.024840
v -0.117279 0.465304 -0.016860
v -0.039164 0.457802 -0.024705
v -0.105064 0.470278 -0.045046
v -0.110101 0.460164 -0.001912
v -0.077385 0.469312 -0.059294
v -0.048688 0.463254 -0.045739
v -0.059921 0.449191 0.019934
v -0.054388 0.464947 -0.050071
v -0.082010 0.449774 0.024262
v -0.061121 0.466572 -0.053951
v -0.040433 0.459672 -0.033791
v -0.068876 0.468111 -0.057651
v -0.111996 0.485443 0.003639
v -0.068042 0.490847 -0.057034
v -0.082083 0.476932 0.034766
v -0.033973 0.479825 -0.022465
v -0.085461 0.492922 -0.057447
v -0.109495 0.492599 -0.036466
v -0.034861 0.481359 -0.033060
v -0.044880 0.485392 -0.046705
v -0.116248 0.489112 -0.013492
v -0.048749 0.476915 0.019406
v -0.059651 0.489262 -0.054180
v -0.069335 0.476515 0.032797
v -0.107009 0.483403 0.012106
v -0.093517 0.478633 0.029567
v -0.070033 0.797515 -0.109827
v -0.063640 0.812351 -0.116131
v -0.101657 0.809451 -0.109558
v -0.095698 0.828306 -0.115172
v -0.116987 0.815278 -0.101595
v -0.111496 0.835433 -0.106327
v -0.085328 0.803450 -0.111569
v -0.078990 0.820415 -0.117302
v -0.044963 0.789903 -0.095794
v -0.038478 0.799408 -0.103518
v -0.056407 0.792823 -0.104174
v -0.050015 0.805101 -0.111301
v -0.035376 0.788340 -0.085968
v -0.028892 0.795583 -0.093581
v -0.026905 0.787086 -0.075363
v -0.020921 0.793574 -0.081944
v -0.106488 0.775220 -0.092150
v -0.120682 0.777578 -0.087381
v -0.092263 0.773187 -0.092585
v -0.078964 0.771469 -0.089728
v -0.066692 0.769766 -0.085282
v -0.054903 0.767957 -0.080375
v -0.043086 0.766190 -0.075504
v -0.031338 0.764759 -0.069730
v -0.105110 0.791673 -0.101672
v -0.119856 0.795925 -0.094981
v -0.089571 0.787825 -0.102780
v -0.075081 0.784603 -0.099930
v -0.062318 0.782489 -0.094045
v -0.051371 0.781309 -0.086193
v -0.041120 0.779633 -0.078204
v -0.030491 0.777280 -0.070825
v -0.022369 1.264240 0.021911
v -0.024174 1.243830 0.031790
v -0.023312 1.254299 0.026394
v -0.020949 1.271628 0.015147
v -0.014613 1.262610 0.022875
v -0.015944 1.242942 0.033549
v -0.015339 1.253268 0.028231
v -0.145870 1.207296 -0.101782
v -0.161874 1.216623 -0.092572
v -0.173059 1.222646 -0.074437
v -0.176632 1.223030 -0.052002
v -0.171587 1.218112 -0.030717
v -0.154632 1.208493 -0.019592
v -0.121450 1.198326 -0.021483
v -0.110228 1.202049 -0.022202
v -0.109440 1.192421 -0.040923
v -0.110188 1.189941 -0.060554
v -0.108191 1.190562 -0.079746
v -0.128310 1.196165 -0.098287
v -0.092974 1.253541 -0.107415
v -0.104921 1.270810 -0.097903
v -0.115799 1.280403 -0.079526
v -0.119890 1.283390 -0.057370
v -0.119520 1.278736 -0.034464
v -0.111424 1.265611 -0.016551
v -0.096562 1.242506 -0.003202
v -0.093440 1.238290 -0.001170
v -0.081129 1.235275 -0.109495
v -0.054652 1.239177 -0.108743
v -0.058208 1.262246 -0.104592
v -0.064108 1.281500 -0.093121
v -0.073645 1.294488 -0.075536
v -0.080874 1.298485 -0.056412
v -0.081821 1.293721 -0.036324
v -0.079164 1.278962 -0.017334
v -0.078209 1.250791 0.002267
v -0.079558 1.242184 0.006551
v -0.100770 1.192247 -0.002661
v -0.105777 1.181077 -0.029181
v -0.106401 1.175787 -0.053649
v -0.099714 1.172638 -0.075577
v -0.114034 1.208084 -0.105371
v -0.130427 1.223979 -0.106723
v -0.144928 1.238548 -0.097620
v -0.160389 1.250731 -0.055056
v -0.157784 1.245126 -0.031248
v -0.114587 1.216959 -0.009139
v -0.104694 1.215713 -0.007206
v -0.155240 1.248276 -0.078885
v -0.143993 1.231340 -0.016887
v -0.096421 1.196680 -0.096392
v -0.090904 1.212596 0.008271
v -0.082231 1.180086 -0.093107
v -0.073368 1.221089 -0.107607
v -0.056239 1.215770 -0.107173
v -0.175611 1.221803 -0.040938
v -0.119705 1.282758 -0.045885
v -0.082854 1.297290 -0.046342
v -0.160875 1.249223 -0.042555
v -0.175548 1.223918 -0.063454
v -0.118404 1.282709 -0.068623
v -0.078785 1.297410 -0.066098
v -0.158368 1.250424 -0.067244
v -0.164052 1.213087 -0.023526
v -0.116361 1.272910 -0.024479
v -0.080883 1.287280 -0.026681
v -0.152149 1.237999 -0.022532
v -0.144398 1.204731 -0.017988
v -0.106244 1.257345 -0.010682
v -0.078705 1.269257 -0.009338
v -0.134976 1.225337 -0.013055
v -0.168204 1.220408 -0.084538
v -0.110186 1.277063 -0.089591
v -0.068505 1.289193 -0.084562
v -0.151263 1.244071 -0.089189
v -0.154143 1.212361 -0.098418
v -0.099338 1.262524 -0.103822
v -0.060898 1.272424 -0.099966
v -0.138123 1.231730 -0.103320
v -0.068620 1.239852 -0.109359
v -0.075710 1.260666 -0.105904
v -0.084390 1.278686 -0.095315
v -0.100289 1.288622 -0.035677
v -0.095416 1.274664 -0.017348
v -0.099677 1.292436 -0.057324
v -0.094050 1.288937 -0.077533
v -0.087766 1.248456 -0.001693
v -0.087492 1.240814 0.001391
v -0.102363 1.199331 -0.015538
v -0.104699 1.190917 -0.036330
v -0.105570 1.186579 -0.057042
v -0.101648 1.182410 -0.077218
v -0.096150 1.214908 -0.002560
v -0.088947 1.189113 -0.095298
v -0.066666 1.219738 -0.107562
v -0.100955 1.291636 -0.046562
v -0.097927 1.291339 -0.067628
v -0.098864 1.282505 -0.025652
v -0.092763 1.265417 -0.010867
v -0.089320 1.284746 -0.086847
v -0.080265 1.270497 -0.101835
v -0.102931 1.234860 -0.003953
v -0.133581 1.268491 -0.033219
v -0.130746 1.269949 -0.080309
v -0.106804 1.243125 -0.108531
v -0.092566 1.226176 -0.109343
v -0.079014 1.213908 -0.106296
v -0.060623 1.203237 -0.104755
v -0.096115 1.231852 -0.001621
v -0.124142 1.254700 -0.015612
v -0.135502 1.273474 -0.056948
v -0.120608 1.259761 -0.099371
v -0.082251 1.233027 0.009133
v -0.135473 1.272209 -0.044789
v -0.133840 1.272603 -0.068867
v -0.129777 1.262274 -0.023223
v -0.117138 1.247043 -0.010285
v -0.126442 1.265831 -0.090769
v -0.113879 1.251906 -0.105237
v -0.070841 1.209540 -0.105636
v -0.089204 1.232967 0.002311
v -0.074444 1.231258 0.017280
v -0.065346 1.228394 0.025541
v -0.119580 1.233339 -0.108437
v -0.133631 1.249217 -0.099249
v -0.146745 1.257391 -0.032068
v -0.100302 1.224352 -0.003488
v -0.143480 1.259212 -0.079950
v -0.135209 1.243350 -0.015553
v -0.085949 1.222925 0.009645
v -0.092376 1.224180 0.000786
v -0.103793 1.216288 -0.107791
v -0.148589 1.262894 -0.056249
v -0.109158 1.226756 -0.005605
v -0.086845 1.204164 -0.102873
v -0.069043 1.190232 -0.099860
v -0.149007 1.261285 -0.043756
v -0.147059 1.261971 -0.068404
v -0.142197 1.250799 -0.022338
v -0.127005 1.236557 -0.010987
v -0.139614 1.254997 -0.090384
v -0.126949 1.241764 -0.105336
v -0.078395 1.198391 -0.101788
v -0.139442 1.215632 -0.104117
v -0.154844 1.227754 -0.095286
v -0.166097 1.231555 -0.030719
v -0.108107 1.207689 -0.013444
v -0.165997 1.236052 -0.076974
v -0.150376 1.219618 -0.018286
v -0.092588 1.174383 -0.085271
v -0.095609 1.201986 0.004685
v -0.122169 1.201780 -0.101939
v -0.170127 1.236870 -0.053366
v -0.118694 1.208516 -0.014960
v -0.103479 1.192261 -0.088105
v -0.169708 1.235575 -0.041562
v -0.168359 1.237813 -0.065503
v -0.159282 1.225414 -0.022841
v -0.140542 1.214839 -0.015621
v -0.161209 1.232652 -0.087288
v -0.147395 1.222065 -0.100918
v -0.099733 1.205851 -0.007511
v -0.096266 1.183261 -0.086963
v -0.133284 1.201635 -0.018379
v -0.100644 1.250046 -0.006407
v -0.078281 1.259607 -0.003119
v -0.125064 1.220694 -0.010618
v -0.089860 1.256553 -0.005813
v -0.109845 1.240765 -0.006610
v -0.118129 1.230872 -0.007899
v -0.129821 1.211135 -0.014545
v -0.137202 1.201852 -0.102053
v -0.086760 1.244209 -0.109191
v -0.055980 1.251054 -0.107432
v -0.122678 1.216482 -0.107452
v -0.072038 1.250412 -0.108357
v -0.099810 1.234437 -0.109784
v -0.112062 1.225065 -0.109126
v -0.131108 1.209177 -0.104601
v -0.118976 1.189806 -0.088435
v -0.105144 1.201757 -0.100181
v -0.076330 1.227203 -0.108663
v -0.054607 1.227757 -0.108515
v -0.066378 1.229858 -0.108748
v -0.085705 1.219249 -0.107713
v -0.095140 1.209242 -0.104907
v -0.112973 1.195081 -0.094935
v -0.041561 1.246343 0.025366
v -0.043553 1.235524 0.032234
v -0.038284 1.266706 0.014423
v -0.039834 1.256662 0.019320
v -0.032730 1.244970 0.029104
v -0.034234 1.234077 0.035929
v -0.030278 1.265480 0.018850
v -0.031455 1.255416 0.023349
v -0.046689 1.268167 0.008954
v -0.048518 1.258024 0.014229
v -0.050604 1.247916 0.020412
v -0.052936 1.237268 0.026982
v -0.067460 1.260124 0.002036
v -0.071207 1.241278 0.013298
v -0.066195 1.270448 -0.004570
v -0.068965 1.250658 0.008108
v -0.065372 1.302716 -0.054891
v -0.062265 1.301632 -0.064011
v -0.025191 1.232948 0.038346
v -0.016563 1.232126 0.039794
v -0.109184 1.195345 -0.031334
v -0.104076 1.185451 -0.015633
v -0.103347 1.193622 -0.025609
v -0.109488 1.190062 -0.050656
v -0.106693 1.178009 -0.041852
v -0.105013 1.188067 -0.046797
v -0.109844 1.189578 -0.070147
v -0.103994 1.173578 -0.064772
v -0.104543 1.184157 -0.066970
v -0.045114 1.280990 -0.091196
v -0.028670 1.278847 -0.089851
v -0.014053 1.276776 -0.088186
v -0.014389 1.203897 -0.099455
v -0.028759 1.206524 -0.104122
v -0.043230 1.210709 -0.106321
v -0.013739 1.217743 -0.100973
v -0.027332 1.220371 -0.105589
v -0.041221 1.224422 -0.107846
v -0.013345 1.230703 -0.101258
v -0.026674 1.233611 -0.105563
v -0.040488 1.236536 -0.107770
v -0.013361 1.243659 -0.100216
v -0.026773 1.246300 -0.103996
v -0.040951 1.249018 -0.106127
v -0.013573 1.255577 -0.097607
v -0.027590 1.258384 -0.100692
v -0.042336 1.260849 -0.103014
v -0.028179 1.268839 -0.095879
v -0.043622 1.271216 -0.098163
v -0.030931 1.191429 -0.100863
v -0.047182 1.195562 -0.103163
v -0.015460 1.188803 -0.096081
v -0.062254 1.239322 0.020467
v -0.112552 1.185380 -0.040929
v -0.112836 1.182947 -0.063948
v -0.114930 1.189499 -0.030574
v -0.111443 1.182630 -0.052260
v -0.114881 1.184058 -0.075947
v -0.055750 1.269638 0.002420
v -0.105201 1.169556 -0.022062
v -0.105663 1.164034 -0.049962
v -0.096355 1.161420 -0.072681
v -0.072716 1.168096 -0.089458
v -0.053858 1.177173 -0.096710
v -0.086505 1.163194 -0.082114
v -0.103751 1.173480 -0.004889
v -0.106475 1.166508 -0.036848
v -0.101391 1.162194 -0.061841
v -0.036096 1.222657 0.043296
v -0.045894 1.224011 0.039247
v -0.026474 1.221581 0.045576
v -0.017281 1.220793 0.046587
v -0.055680 1.225815 0.033132
v -0.018251 1.209032 0.053887
v -0.027269 1.027010 -0.060617
v -0.014115 1.026492 -0.059708
v -0.014290 1.091213 -0.060149
v -0.027751 1.090474 -0.062968
v -0.083132 1.028925 -0.016343
v -0.093071 1.091494 -0.020442
v -0.069340 1.023685 0.043419
v -0.071511 1.092009 0.046723
v -0.038114 1.020122 0.067728
v -0.037108 1.095414 0.069012
v -0.032797 1.175116 -0.095165
v -0.016186 1.173536 -0.090868
v -0.089612 1.090371 -0.033158
v -0.080544 1.029148 -0.026999
v -0.075925 1.029143 -0.036549
v -0.083296 1.089546 -0.043831
v -0.069185 1.028931 -0.044577
v -0.074849 1.089138 -0.052086
v -0.060698 1.028555 -0.051008
v -0.064692 1.089164 -0.057877
v -0.050827 1.028087 -0.056055
v -0.053249 1.089494 -0.061424
v -0.039625 1.027571 -0.059453
v -0.040854 1.089940 -0.063183
v -0.091507 1.093023 0.007726
v -0.083818 1.027642 0.007126
v -0.084153 1.028436 -0.004941
v -0.093611 1.092479 -0.006551
v -0.015198 1.124336 -0.070104
v -0.015616 1.141104 -0.076962
v -0.016077 1.157581 -0.084178
v -0.104753 1.155814 -0.016588
v -0.102756 1.140900 -0.012609
v -0.099619 1.125400 -0.009746
v -0.099792 1.124307 -0.025415
v -0.103050 1.139442 -0.028873
v -0.105527 1.153494 -0.032614
v -0.104382 1.157680 0.001726
v -0.102126 1.141492 0.005233
v -0.097643 1.125768 0.006652
v -0.090675 1.148867 -0.069602
v -0.085876 1.135855 -0.066027
v -0.082005 1.121469 -0.061162
v -0.070949 1.121291 -0.067476
v -0.074700 1.136260 -0.073115
v -0.079972 1.149957 -0.077946
v -0.098276 1.149452 -0.058967
v -0.094589 1.136441 -0.055929
v -0.090796 1.122185 -0.051827
v -0.103231 1.151206 -0.046740
v -0.100195 1.137812 -0.043466
v -0.096722 1.123155 -0.039726
v -0.058194 1.121809 -0.071349
v -0.061285 1.137671 -0.077695
v -0.065915 1.152923 -0.083926
v -0.044288 1.122619 -0.073289
v -0.046565 1.139241 -0.080187
v -0.049507 1.156494 -0.087723
v -0.032530 1.157288 -0.087616
v -0.031085 1.140150 -0.080156
v -0.029748 1.123398 -0.073128
v -0.028672 1.106796 -0.067238
v -0.014727 1.107701 -0.064282
v -0.095992 1.108114 -0.022634
v -0.092716 1.106881 -0.036149
v -0.086524 1.105911 -0.047459
v -0.077945 1.105345 -0.056218
v -0.042330 1.106178 -0.067581
v -0.055324 1.105650 -0.065892
v -0.067356 1.105278 -0.062279
v -0.095874 1.109221 -0.007861
v -0.093125 1.109694 0.007103
v -0.027075 1.074538 -0.060345
v -0.026735 1.058860 -0.059159
v -0.026778 1.043136 -0.059239
v -0.013833 1.042960 -0.057870
v -0.013788 1.059016 -0.057233
v -0.013964 1.075012 -0.057787
v -0.090085 1.075441 -0.018820
v -0.086956 1.060003 -0.017620
v -0.084729 1.044587 -0.016857
v -0.071022 1.075699 0.046352
v -0.070130 1.058843 0.045060
v -0.069509 1.041528 0.044025
v -0.037332 1.077478 0.068045
v -0.037740 1.058578 0.067855
v -0.037894 1.039421 0.067602
v -0.086423 1.074663 -0.030662
v -0.083438 1.059544 -0.028798
v -0.081499 1.044465 -0.027649
v -0.080432 1.074023 -0.040789
v -0.077849 1.059120 -0.038467
v -0.076259 1.044269 -0.037101
v -0.072394 1.073696 -0.048797
v -0.070337 1.058836 -0.046344
v -0.069145 1.044044 -0.044947
v -0.062675 1.073694 -0.054545
v -0.061164 1.058727 -0.052264
v -0.060393 1.043818 -0.051056
v -0.051708 1.073900 -0.058277
v -0.050694 1.058725 -0.056386
v -0.050322 1.043585 -0.055599
v -0.039775 1.074190 -0.060293
v -0.039147 1.058771 -0.058775
v -0.039048 1.043354 -0.058438
v -0.090051 1.076506 0.007961
v -0.087575 1.060392 0.007639
v -0.085376 1.044219 0.007313
v -0.091367 1.076113 -0.005750
v -0.088341 1.060333 -0.005346
v -0.085973 1.044549 -0.005107
v -0.088556 1.109433 0.021750
v -0.086994 1.093004 0.021713
v -0.081604 1.026531 0.019675
v -0.082651 1.043550 0.020117
v -0.084305 1.060120 0.020876
v -0.086052 1.076518 0.021678
v -0.079972 1.092536 0.034748
v -0.077048 1.042617 0.032524
v -0.078053 1.059568 0.033461
v -0.079258 1.076180 0.034537
v -0.076533 1.025169 0.031953
v -0.061289 1.092226 0.056779
v -0.060285 1.022263 0.053458
v -0.060189 1.040558 0.053881
v -0.060505 1.058371 0.054852
v -0.061003 1.075650 0.056141
v -0.049447 1.093524 0.064103
v -0.049556 1.039849 0.061835
v -0.049587 1.058314 0.062518
v -0.049477 1.076313 0.063232
v -0.049845 1.021059 0.061802
v -0.024673 1.097359 0.071626
v -0.025717 1.019480 0.071273
v -0.025632 1.039235 0.071179
v -0.025445 1.059020 0.071080
v -0.025024 1.078791 0.070918
v -0.072143 1.108127 0.046878
v -0.036286 1.111873 0.067079
v -0.081525 1.108707 0.035223
v -0.061065 1.108495 0.056126
v -0.048774 1.110028 0.062570
v -0.024060 1.113655 0.070014
v -0.024217 1.127203 0.073940
v -0.023957 1.140309 0.078379
v -0.023597 1.154942 0.078146
v -0.022585 1.169616 0.074652
v -0.019566 1.196642 0.061363
v -0.021098 1.183538 0.068712
v -0.045363 0.906827 -0.107220
v -0.020809 0.908334 -0.098786
v -0.123334 0.931787 -0.011910
v -0.075152 0.911308 0.041845
v -0.038941 0.898445 0.057217
v -0.124402 0.933091 -0.029767
v -0.121694 0.933422 -0.048044
v -0.114868 0.932559 -0.065635
v -0.103767 0.930097 -0.081259
v -0.088952 0.925934 -0.094512
v -0.069845 0.919038 -0.104288
v -0.109998 0.925671 0.018090
v -0.118367 0.929332 0.004424
v -0.099293 0.921098 0.028509
v -0.087296 0.916060 0.035831
v -0.063132 0.906821 0.047411
v -0.051184 0.902444 0.052738
v -0.026360 0.895262 0.060651
v -0.081918 1.013201 -0.027127
v -0.089304 0.998354 -0.028940
v -0.097536 0.983472 -0.030283
v -0.105805 0.967693 -0.030871
v -0.115473 0.951336 -0.030705
v -0.112428 0.951971 -0.047689
v -0.102321 0.968340 -0.045985
v -0.093291 0.983881 -0.043582
v -0.084545 0.998490 -0.040252
v -0.077658 1.013412 -0.037072
v -0.050549 1.001962 0.062079
v -0.051142 0.982570 0.061697
v -0.051293 0.962809 0.060141
v -0.051273 0.942790 0.057996
v -0.051184 0.922598 0.055512
v -0.062416 0.926151 0.048758
v -0.062252 0.945738 0.050515
v -0.062306 0.965283 0.052279
v -0.061955 0.984615 0.053334
v -0.061042 1.003581 0.053494
v -0.081625 1.009089 0.019500
v -0.084449 0.991770 0.020323
v -0.086756 0.974082 0.020922
v -0.089419 0.956117 0.021760
v -0.093890 0.938424 0.024372
v -0.102991 0.942737 0.013817
v -0.096716 0.959721 0.010596
v -0.092452 0.977021 0.009142
v -0.089033 0.994101 0.008274
v -0.084663 1.010658 0.007266
v -0.025822 0.999717 0.071153
v -0.026616 0.917189 0.064953
v -0.039278 0.919510 0.061259
v -0.039205 0.940383 0.063830
v -0.039042 0.960856 0.065790
v -0.038825 0.980933 0.067324
v -0.038500 1.000642 0.067951
v -0.052808 1.011971 -0.058767
v -0.056961 0.995703 -0.064787
v -0.062714 0.979104 -0.071995
v -0.070002 0.962370 -0.079943
v -0.078747 0.944915 -0.087896
v -0.060841 0.939534 -0.094507
v -0.054067 0.958536 -0.084934
v -0.048634 0.976843 -0.076885
v -0.044381 0.994498 -0.069533
v -0.041278 1.011215 -0.062928
v -0.014660 1.009591 -0.064493
v -0.015575 0.992147 -0.071524
v -0.016928 0.973248 -0.078327
v -0.018756 0.952530 -0.083870
v -0.020606 0.930643 -0.090587
v -0.069874 1.005405 0.043201
v -0.070963 0.986911 0.043156
v -0.071714 0.968099 0.042666
v -0.072114 0.949052 0.041667
v -0.073162 0.929982 0.041186
v -0.083691 0.934063 0.033145
v -0.081104 0.952529 0.032007
v -0.079751 0.971061 0.032063
v -0.078207 0.989307 0.031881
v -0.076637 1.007285 0.031601
v -0.085610 1.011873 -0.004791
v -0.091341 0.996032 -0.004221
v -0.096314 0.979655 -0.003436
v -0.102194 0.963003 -0.002005
v -0.110027 0.946476 0.000857
v -0.114475 0.949446 -0.014160
v -0.105376 0.965728 -0.015937
v -0.098208 0.981892 -0.016636
v -0.091464 0.997483 -0.016741
v -0.084506 1.012684 -0.016317
v -0.028415 1.010370 -0.064758
v -0.030408 0.993237 -0.071713
v -0.033188 0.974728 -0.078822
v -0.036779 0.954618 -0.085333
v -0.040864 0.933354 -0.094808
v -0.071223 1.013202 -0.045745
v -0.077204 0.997868 -0.050016
v -0.085414 0.982936 -0.055172
v -0.094522 0.967356 -0.059646
v -0.104722 0.950932 -0.063431
v -0.093348 0.948556 -0.076984
v -0.083577 0.965292 -0.071111
v -0.075071 0.981244 -0.064703
v -0.067945 0.996880 -0.058222
v -0.062832 1.012667 -0.052962
v -0.002428 0.791530 -0.025971
v -0.017299 0.887222 -0.104410
v -0.033966 0.882137 -0.110816
v -0.026079 0.979781 0.070530
v -0.026362 0.959429 0.069311
v -0.026484 0.938611 0.067217
v -0.028253 1.273368 0.012777
v -0.013931 1.266554 -0.093286
v -0.013629 1.286569 -0.083080
v -0.057624 1.259326 0.008254
v -0.067351 1.301258 -0.045424
v -0.061568 1.281086 -0.015149
v -0.056244 1.298146 -0.072636
v -0.059786 1.249488 0.014472
v -0.078565 1.220265 0.019733
v -0.069431 1.216700 0.029953
v -0.059476 1.213943 0.039466
v -0.049082 1.212138 0.046656
v -0.038590 1.210891 0.051140
v -0.028186 1.209867 0.053289
v -0.084005 1.208586 0.021105
v -0.075119 1.204419 0.034206
v -0.064896 1.201534 0.045980
v -0.053475 1.199703 0.054363
v -0.042016 1.198562 0.059437
v -0.030489 1.197540 0.061430
v -0.090482 1.195771 0.020676
v -0.082602 1.190944 0.037706
v -0.071921 1.187744 0.051728
v -0.059211 1.185911 0.061369
v -0.046236 1.185017 0.067238
v -0.033269 1.184269 0.069299
v -0.098663 1.179512 0.015966
v -0.090158 1.174783 0.039640
v -0.079022 1.171723 0.055892
v -0.065452 1.170302 0.067075
v -0.050852 1.169965 0.073901
v -0.036060 1.169816 0.075977
v -0.101455 1.158504 0.022066
v -0.095168 1.156004 0.042343
v -0.084469 1.153857 0.058691
v -0.070608 1.153061 0.070803
v -0.054459 1.153441 0.078243
v -0.038097 1.154215 0.080298
v -0.100577 1.140248 0.024091
v -0.095668 1.137706 0.042499
v -0.085649 1.135868 0.058262
v -0.072290 1.135219 0.071129
v -0.055456 1.136339 0.078583
v -0.038602 1.138288 0.080507
v -0.095167 1.124477 0.023442
v -0.090104 1.122129 0.039699
v -0.080668 1.120460 0.053842
v -0.068543 1.119642 0.065925
v -0.053251 1.121213 0.073227
v -0.037834 1.124158 0.075470
v -0.010331 0.853167 -0.106763
v -0.019731 0.848827 -0.110287
v -0.005713 0.828136 -0.100832
v -0.010887 0.825513 -0.102943
v -0.004679 0.811183 -0.082433
v -0.008532 0.809027 -0.087217
v -0.004841 0.804659 -0.068462
v -0.008904 0.799722 -0.073722
v -0.262834 1.079766 -0.068705
v -0.262561 1.081597 -0.050516
v -0.253305 1.077291 -0.037200
v -0.240736 1.069703 -0.033436
v -0.221170 1.056204 -0.038085
v -0.209400 1.047643 -0.048956
v -0.206943 1.044828 -0.068468
v -0.245389 1.100126 -0.070235
v -0.245627 1.101017 -0.053469
v -0.238576 1.096683 -0.039596
v -0.227234 1.088912 -0.032467
v -0.206612 1.073459 -0.033401
v -0.196221 1.066277 -0.047370
v -0.195000 1.065518 -0.066749
v -0.225663 1.013583 -0.064923
v -0.225906 1.017808 -0.045499
v -0.236844 1.026312 -0.032720
v -0.257691 1.038172 -0.025234
v -0.272133 1.044145 -0.029706
v -0.283181 1.046812 -0.042836
v -0.266247 1.028865 -0.090711
v -0.285688 1.044329 -0.061650
v -0.258775 1.079945 -0.042758
v -0.242834 1.099400 -0.045806
v -0.278424 1.046037 -0.035286
v -0.263970 1.081505 -0.059639
v -0.246531 1.101260 -0.061889
v -0.285740 1.046300 -0.051767
v -0.247141 1.073720 -0.034434
v -0.233264 1.093130 -0.035253
v -0.265055 1.041466 -0.026278
v -0.234174 1.065219 -0.033835
v -0.220794 1.084255 -0.031064
v -0.250389 1.034405 -0.026377
v -0.259919 1.077105 -0.077192
v -0.242624 1.097996 -0.078065
v -0.283249 1.041293 -0.070838
v -0.233677 1.092026 -0.091267
v -0.213853 1.078993 -0.031105
v -0.227549 1.061275 -0.035658
v -0.243610 1.030616 -0.028927
v -0.204643 1.071752 -0.084326
v -0.214627 1.052268 -0.042851
v -0.200328 1.068986 -0.039251
v -0.230642 1.021896 -0.038101
v -0.205657 1.045493 -0.058321
v -0.194072 1.064907 -0.056686
v -0.223780 1.014704 -0.054713
v -0.212739 1.047784 -0.077491
v -0.198819 1.067936 -0.076275
v -0.230970 1.014485 -0.074364
v -0.186756 1.145578 -0.098078
v -0.201467 1.154194 -0.088575
v -0.210286 1.158470 -0.071729
v -0.210450 1.157609 -0.053242
v -0.203933 1.153547 -0.036655
v -0.191581 1.146505 -0.023682
v -0.164283 1.129078 -0.023422
v -0.152504 1.120893 -0.041951
v -0.152561 1.120945 -0.066078
v -0.169655 1.133869 -0.096486
v -0.207904 1.155907 -0.044667
v -0.211406 1.158576 -0.062326
v -0.198527 1.150469 -0.029443
v -0.183130 1.141443 -0.020413
v -0.206875 1.156986 -0.080788
v -0.194598 1.150336 -0.094463
v -0.173792 1.135515 -0.020228
v -0.178341 1.140030 -0.099018
v -0.161978 1.128157 -0.088879
v -0.156712 1.123850 -0.031274
v -0.151247 1.119971 -0.053790
v -0.156219 1.123753 -0.078123
v -0.177734 1.158126 -0.098795
v -0.169104 1.169853 -0.099242
v -0.161634 1.180147 -0.099407
v -0.155774 1.189506 -0.099706
v -0.171216 1.197256 -0.089671
v -0.176910 1.188257 -0.089147
v -0.184344 1.178198 -0.089030
v -0.192799 1.166713 -0.088931
v -0.181450 1.201020 -0.071878
v -0.187132 1.191950 -0.071509
v -0.194239 1.182081 -0.071466
v -0.202204 1.170762 -0.071594
v -0.184329 1.200780 -0.051604
v -0.189367 1.191155 -0.051788
v -0.195639 1.180900 -0.052195
v -0.202836 1.169621 -0.052670
v -0.178759 1.196938 -0.032934
v -0.183359 1.187259 -0.034024
v -0.189399 1.176888 -0.034900
v -0.196464 1.165576 -0.035723
v -0.163417 1.189946 -0.020605
v -0.169106 1.180494 -0.021197
v -0.175893 1.170048 -0.021942
v -0.183469 1.158585 -0.022748
v -0.133414 1.177084 -0.022489
v -0.139763 1.165768 -0.022180
v -0.147492 1.153989 -0.022546
v -0.155735 1.141731 -0.022873
v -0.122222 1.168477 -0.041578
v -0.128763 1.157782 -0.041674
v -0.136401 1.146339 -0.041817
v -0.144338 1.133763 -0.041806
v -0.121459 1.166049 -0.066375
v -0.128132 1.155934 -0.066268
v -0.135791 1.145226 -0.066037
v -0.143956 1.133368 -0.065997
v -0.138473 1.178614 -0.098256
v -0.144333 1.168454 -0.098290
v -0.151689 1.157829 -0.098051
v -0.160396 1.146246 -0.097417
v -0.182775 1.199548 -0.041911
v -0.187419 1.189566 -0.042558
v -0.193463 1.179211 -0.043239
v -0.200467 1.167919 -0.043904
v -0.183852 1.201435 -0.061814
v -0.189291 1.192019 -0.061608
v -0.195974 1.181959 -0.061682
v -0.203550 1.170675 -0.061952
v -0.172154 1.193801 -0.025632
v -0.177175 1.184239 -0.026687
v -0.183492 1.173873 -0.027591
v -0.190783 1.162504 -0.028460
v -0.153502 1.185976 -0.017913
v -0.159568 1.176086 -0.018049
v -0.166851 1.165288 -0.018678
v -0.174723 1.153655 -0.019499
v -0.177174 1.199750 -0.081442
v -0.182885 1.190678 -0.080987
v -0.190233 1.180807 -0.080922
v -0.198502 1.169430 -0.080933
v -0.163894 1.193782 -0.095849
v -0.169719 1.184718 -0.095462
v -0.177155 1.174525 -0.095287
v -0.185718 1.162882 -0.095003
v -0.143187 1.181734 -0.018526
v -0.149479 1.171108 -0.018327
v -0.157076 1.159801 -0.018848
v -0.165211 1.147913 -0.019431
v -0.147196 1.184397 -0.100965
v -0.153060 1.174690 -0.100761
v -0.160540 1.164248 -0.100513
v -0.169196 1.152545 -0.099904
v -0.131067 1.172859 -0.090272
v -0.137005 1.162710 -0.089959
v -0.144211 1.151927 -0.089812
v -0.152722 1.140344 -0.089528
v -0.126562 1.172285 -0.030828
v -0.132827 1.161181 -0.030827
v -0.140407 1.149282 -0.030992
v -0.148375 1.136694 -0.030984
v -0.120972 1.166210 -0.053554
v -0.127278 1.155896 -0.053656
v -0.134791 1.144793 -0.053629
v -0.142950 1.132634 -0.053647
v -0.124979 1.168288 -0.079163
v -0.131480 1.158292 -0.078803
v -0.138981 1.147644 -0.078420
v -0.147257 1.135986 -0.078302
v -0.209687 1.141474 -0.087951
v -0.217249 1.129080 -0.087084
v -0.224481 1.117273 -0.086255
v -0.231596 1.106066 -0.085654
v -0.217927 1.145880 -0.071766
v -0.224858 1.133449 -0.071579
v -0.231506 1.121621 -0.071258
v -0.238280 1.110556 -0.070840
v -0.217741 1.145199 -0.053847
v -0.224413 1.132891 -0.054380
v -0.231135 1.121409 -0.054594
v -0.238319 1.110973 -0.054230
v -0.211155 1.141137 -0.037838
v -0.217913 1.128910 -0.039146
v -0.224626 1.117396 -0.040019
v -0.231570 1.106749 -0.040080
v -0.199526 1.134185 -0.025153
v -0.206837 1.121999 -0.027322
v -0.213716 1.110314 -0.029487
v -0.220480 1.099294 -0.031200
v -0.173246 1.116564 -0.024550
v -0.181969 1.104585 -0.026169
v -0.190407 1.093322 -0.028138
v -0.198569 1.082867 -0.030451
v -0.161549 1.108427 -0.042556
v -0.170618 1.096602 -0.043492
v -0.179737 1.085918 -0.044803
v -0.188502 1.076073 -0.046228
v -0.161679 1.108881 -0.066073
v -0.170920 1.097276 -0.066034
v -0.179881 1.086461 -0.066092
v -0.188353 1.076273 -0.066259
v -0.178707 1.121354 -0.095494
v -0.187477 1.109221 -0.094243
v -0.195919 1.097864 -0.092583
v -0.203880 1.087007 -0.091378
v -0.215074 1.143488 -0.045553
v -0.221755 1.131242 -0.046448
v -0.228515 1.119808 -0.046898
v -0.235641 1.109352 -0.046584
v -0.218882 1.146120 -0.062675
v -0.225634 1.133742 -0.062860
v -0.232251 1.122084 -0.062845
v -0.239228 1.111369 -0.062536
v -0.206016 1.138092 -0.030857
v -0.212932 1.125859 -0.032663
v -0.219646 1.114236 -0.034169
v -0.226435 1.103375 -0.034977
v -0.191544 1.129137 -0.021749
v -0.199459 1.117074 -0.023892
v -0.206837 1.105501 -0.026323
v -0.213893 1.094564 -0.028800
v -0.214764 1.144299 -0.080454
v -0.221974 1.131860 -0.079893
v -0.228866 1.119994 -0.079285
v -0.235682 1.108746 -0.078694
v -0.203154 1.137604 -0.093659
v -0.211079 1.125275 -0.092557
v -0.218634 1.113559 -0.091509
v -0.226090 1.102499 -0.090972
v -0.182546 1.123128 -0.021477
v -0.190958 1.111146 -0.023427
v -0.198931 1.099707 -0.025605
v -0.206526 1.088962 -0.028187
v -0.187311 1.127345 -0.098078
v -0.195863 1.115117 -0.096805
v -0.203959 1.103565 -0.095170
v -0.211703 1.092583 -0.094091
v -0.171182 1.115983 -0.087959
v -0.180182 1.104076 -0.086920
v -0.188971 1.092991 -0.085600
v -0.197061 1.082259 -0.084794
v -0.165745 1.111274 -0.032162
v -0.174587 1.099262 -0.033396
v -0.183471 1.088336 -0.035188
v -0.192059 1.078280 -0.037183
v -0.160272 1.107684 -0.054110
v -0.169490 1.096026 -0.054612
v -0.178545 1.085321 -0.055300
v -0.187209 1.075380 -0.056066
v -0.165415 1.111748 -0.077655
v -0.174563 1.100034 -0.077102
v -0.183488 1.089104 -0.076468
v -0.191728 1.078606 -0.076120
v -0.219303 1.097931 -0.093899
v -0.211663 1.108923 -0.094589
v -0.203846 1.120567 -0.095941
v -0.195576 1.132839 -0.097186
v -0.252728 1.089809 -0.069254
v -0.253269 1.091287 -0.052303
v -0.245582 1.086778 -0.038937
v -0.233958 1.078975 -0.033543
v -0.214314 1.064461 -0.036032
v -0.203178 1.056361 -0.048002
v -0.201180 1.054764 -0.067184
v -0.219352 1.066302 -0.089758
v -0.250250 1.089693 -0.044623
v -0.254159 1.091357 -0.060876
v -0.240028 1.083138 -0.035393
v -0.227579 1.074396 -0.033003
v -0.249602 1.087274 -0.077030
v -0.242001 1.082183 -0.093127
v -0.221010 1.069540 -0.033684
v -0.226514 1.071439 -0.095703
v -0.208121 1.059876 -0.040944
v -0.200233 1.054319 -0.057015
v -0.205842 1.057515 -0.076277
v -0.213452 1.039160 -0.048637
v -0.225513 1.047774 -0.036581
v -0.246332 1.060043 -0.030788
v -0.260061 1.066729 -0.034896
v -0.270413 1.070281 -0.048185
v -0.271854 1.068168 -0.066820
v -0.212291 1.035429 -0.069050
v -0.265984 1.068972 -0.040431
v -0.272596 1.069719 -0.057196
v -0.253293 1.063637 -0.031736
v -0.239249 1.056060 -0.031520
v -0.269679 1.065109 -0.075682
v -0.232297 1.052105 -0.033452
v -0.218804 1.043406 -0.041522
v -0.210443 1.036179 -0.058277
v -0.218478 1.037525 -0.078233
v -0.218654 1.024934 -0.067298
v -0.272280 1.057509 -0.037763
v -0.279524 1.057989 -0.054411
v -0.259003 1.052733 -0.028960
v -0.244300 1.045668 -0.028718
v -0.277014 1.053092 -0.073299
v -0.237387 1.041796 -0.031124
v -0.223927 1.033152 -0.039852
v -0.216629 1.025920 -0.056841
v -0.224474 1.026191 -0.076559
v -0.218900 1.029029 -0.047321
v -0.230410 1.037596 -0.034566
v -0.251684 1.049454 -0.027796
v -0.266043 1.055540 -0.032170
v -0.277136 1.058467 -0.045307
v -0.279444 1.056091 -0.064175
v -0.232982 1.002301 -0.062389
v -0.240510 0.991082 -0.059733
v -0.248291 0.980012 -0.056917
v -0.256549 0.969389 -0.053885
v -0.264814 0.959007 -0.050829
v -0.272796 0.948743 -0.047886
v -0.280335 0.938610 -0.045142
v -0.287391 0.928756 -0.042607
v -0.293875 0.919326 -0.040263
v -0.299698 0.910505 -0.038114
v -0.272179 1.016903 -0.087893
v -0.278090 1.004988 -0.084755
v -0.284051 0.993123 -0.081511
v -0.290008 0.981369 -0.077938
v -0.295891 0.969766 -0.073949
v -0.301809 0.958290 -0.069955
v -0.307651 0.946994 -0.065948
v -0.313295 0.935991 -0.062062
v -0.318544 0.925484 -0.058395
v -0.323364 0.915653 -0.055523
v -0.285191 1.025765 -0.076511
v -0.290986 1.013790 -0.073804
v -0.296416 1.001721 -0.070715
v -0.301653 0.989656 -0.067332
v -0.306889 0.977654 -0.063790
v -0.312418 0.965767 -0.060354
v -0.317835 0.953977 -0.056794
v -0.322928 0.942429 -0.053194
v -0.327717 0.931395 -0.049894
v -0.332243 0.921160 -0.047253
v -0.298842 0.912375 -0.025597
v -0.293417 0.921650 -0.027212
v -0.287448 0.931653 -0.029107
v -0.280628 0.941968 -0.031079
v -0.273173 0.952486 -0.033145
v -0.265290 0.963112 -0.035276
v -0.257104 0.973777 -0.037368
v -0.248765 0.984485 -0.039359
v -0.240720 0.995405 -0.041384
v -0.233158 1.006557 -0.043483
v -0.304263 0.915869 -0.016031
v -0.299075 0.925562 -0.017712
v -0.293242 0.936015 -0.019529
v -0.286625 0.946875 -0.021091
v -0.279587 0.958027 -0.022648
v -0.272443 0.969378 -0.024387
v -0.265173 0.980782 -0.026097
v -0.257823 0.992177 -0.027660
v -0.250609 1.003558 -0.029260
v -0.243646 1.014938 -0.031017
v -0.318176 0.922114 -0.012152
v -0.313209 0.932321 -0.013258
v -0.307619 0.943386 -0.014249
v -0.301596 0.954992 -0.015156
v -0.295339 0.966897 -0.016038
v -0.288983 0.978926 -0.016994
v -0.282606 0.990970 -0.018102
v -0.276251 1.003004 -0.019176
v -0.269982 1.014878 -0.020954
v -0.263802 1.026574 -0.023127
v -0.327082 0.925504 -0.016176
v -0.322814 0.936138 -0.017357
v -0.318009 0.947648 -0.018504
v -0.312806 0.959687 -0.019596
v -0.307324 0.971943 -0.020691
v -0.301668 0.984238 -0.021809
v -0.295926 0.996509 -0.022933
v -0.290195 1.008759 -0.024001
v -0.284262 1.020782 -0.025485
v -0.278189 1.032536 -0.027461
v -0.333403 0.926859 -0.024350
v -0.329490 0.937586 -0.025947
v -0.325039 0.949133 -0.027716
v -0.320274 0.961225 -0.029528
v -0.315477 0.973642 -0.031259
v -0.310502 0.986110 -0.032971
v -0.305299 0.998504 -0.034716
v -0.299931 1.010799 -0.036509
v -0.294514 1.022992 -0.038379
v -0.288947 1.034990 -0.040479
v -0.311709 0.911601 -0.053692
v -0.306531 0.920892 -0.056932
v -0.300734 0.930757 -0.060655
v -0.294432 0.941005 -0.064663
v -0.287756 0.951509 -0.068815
v -0.280886 0.962303 -0.072881
v -0.273971 0.973427 -0.076633
v -0.267124 0.984877 -0.079889
v -0.260418 0.996564 -0.082677
v -0.253866 1.008402 -0.085072
v -0.335376 0.925269 -0.035428
v -0.331285 0.935805 -0.037634
v -0.326853 0.947185 -0.040207
v -0.322300 0.959161 -0.043005
v -0.317485 0.971380 -0.045858
v -0.312407 0.983618 -0.048633
v -0.307315 0.995872 -0.051321
v -0.302196 1.008119 -0.053932
v -0.296821 1.020285 -0.056466
v -0.291383 1.032369 -0.059045
v -0.284399 1.034366 -0.032987
v -0.290212 1.022475 -0.031067
v -0.295822 1.010327 -0.029523
v -0.301282 0.998006 -0.028173
v -0.306687 0.985632 -0.026821
v -0.311965 0.973221 -0.025470
v -0.317086 0.960864 -0.024093
v -0.322048 0.948780 -0.022634
v -0.326652 0.937231 -0.021160
v -0.330705 0.926525 -0.019780
v -0.291443 1.034399 -0.049194
v -0.296854 1.022325 -0.046798
v -0.302214 1.010142 -0.044531
v -0.307498 0.997871 -0.042314
v -0.312550 0.985498 -0.040112
v -0.317419 0.973080 -0.037898
v -0.322105 0.960705 -0.035678
v -0.326697 0.948625 -0.033488
v -0.331081 0.937122 -0.031419
v -0.335009 0.926450 -0.029584
v -0.271161 1.029904 -0.023992
v -0.277342 1.018210 -0.021878
v -0.283500 1.006273 -0.020295
v -0.289540 0.994110 -0.019369
v -0.295614 0.981946 -0.018349
v -0.301638 0.969778 -0.017349
v -0.307520 0.957680 -0.016410
v -0.313116 0.945812 -0.015545
v -0.318284 0.934471 -0.014615
v -0.322871 0.924003 -0.013581
v -0.256725 1.022898 -0.024469
v -0.263084 1.011301 -0.022433
v -0.269522 0.999547 -0.020627
v -0.276096 0.987655 -0.019224
v -0.282692 0.975732 -0.017846
v -0.289328 0.963860 -0.016706
v -0.295899 0.952157 -0.015727
v -0.302193 0.940777 -0.014633
v -0.308025 0.929943 -0.013387
v -0.313248 0.919975 -0.012059
v -0.289106 1.029379 -0.068252
v -0.294759 1.017380 -0.065604
v -0.300153 1.005267 -0.062807
v -0.305187 0.993067 -0.059757
v -0.310344 0.980928 -0.056648
v -0.315706 0.968877 -0.053521
v -0.320754 0.956846 -0.050201
v -0.325544 0.945063 -0.046920
v -0.330155 0.933842 -0.043949
v -0.334415 0.923439 -0.041465
v -0.279816 1.021657 -0.083535
v -0.285566 1.009661 -0.080582
v -0.291159 0.997666 -0.077286
v -0.296677 0.985739 -0.073681
v -0.302128 0.973912 -0.069792
v -0.307806 0.962200 -0.066060
v -0.313456 0.950634 -0.062303
v -0.318870 0.939348 -0.058555
v -0.323891 0.928558 -0.055035
v -0.328651 0.918521 -0.052345
v -0.250129 1.019206 -0.027062
v -0.256731 1.007665 -0.025233
v -0.263486 0.996035 -0.023579
v -0.270382 0.984338 -0.022069
v -0.277270 0.972632 -0.020485
v -0.284153 0.960990 -0.019015
v -0.290978 0.949538 -0.017770
v -0.297456 0.938399 -0.016453
v -0.303349 0.927762 -0.014898
v -0.308585 0.917929 -0.013329
v -0.263128 1.012459 -0.087736
v -0.269419 1.000611 -0.084999
v -0.275768 0.988836 -0.082050
v -0.282185 0.977146 -0.078954
v -0.288584 0.965708 -0.075255
v -0.294916 0.954544 -0.071154
v -0.301097 0.943645 -0.066909
v -0.307003 0.933019 -0.062804
v -0.312490 0.922840 -0.058962
v -0.317428 0.913284 -0.055716
v -0.244987 1.004932 -0.079952
v -0.251845 0.993262 -0.077375
v -0.258931 0.981768 -0.074461
v -0.266359 0.970696 -0.070972
v -0.273876 0.959968 -0.067202
v -0.281263 0.949488 -0.063402
v -0.288379 0.939256 -0.059660
v -0.295056 0.929283 -0.056065
v -0.301151 0.919666 -0.052714
v -0.306590 0.910608 -0.049708
v -0.237684 1.010607 -0.036272
v -0.245043 0.999387 -0.034461
v -0.252736 0.988267 -0.032763
v -0.260662 0.977240 -0.031141
v -0.268439 0.966211 -0.029347
v -0.275942 0.955204 -0.027442
v -0.283193 0.944368 -0.025633
v -0.289889 0.933772 -0.023838
v -0.295680 0.923497 -0.021919
v -0.300919 0.913979 -0.020287
v -0.231154 1.003483 -0.052404
v -0.238807 0.992356 -0.049986
v -0.246855 0.981446 -0.047496
v -0.255280 0.970869 -0.044958
v -0.263613 0.960422 -0.042387
v -0.271719 0.950100 -0.039881
v -0.279330 0.939864 -0.037512
v -0.286343 0.929842 -0.035336
v -0.292671 0.920192 -0.033360
v -0.298383 0.911204 -0.031631
v -0.237923 1.002943 -0.071859
v -0.245157 0.991525 -0.069160
v -0.252579 0.980223 -0.066269
v -0.260452 0.969393 -0.062959
v -0.268428 0.958909 -0.059492
v -0.276168 0.948586 -0.056116
v -0.283557 0.938459 -0.052890
v -0.290489 0.928616 -0.049820
v -0.296836 0.919166 -0.046940
v -0.302529 0.910297 -0.044300
v -0.273252 1.049492 -0.081666
v -0.279434 1.037699 -0.079243
v -0.274246 1.033658 -0.086645
v -0.256904 1.024376 -0.090057
v -0.247505 1.020331 -0.087092
v -0.238453 1.016784 -0.082137
v -0.232452 1.028857 -0.083666
v -0.212537 1.061752 -0.083272
v -0.234957 1.077555 -0.097411
v -0.226891 1.040802 -0.084348
v -0.268336 1.045572 -0.089285
v -0.261191 1.058522 -0.092337
v -0.251493 1.071098 -0.093372
v -0.253094 1.053618 -0.095731
v -0.244225 1.066218 -0.098144
v -0.250737 1.036187 -0.092343
v -0.243731 1.048429 -0.094900
v -0.234936 1.060167 -0.096851
v -0.234964 1.044363 -0.089908
v -0.227447 1.055590 -0.090548
v -0.245734 1.084445 -0.084618
v -0.255306 1.073765 -0.084757
v -0.219322 1.082075 -0.093627
v -0.226984 1.087537 -0.094272
v -0.211734 1.076660 -0.090160
v -0.238738 1.095292 -0.085309
v -0.220617 1.051909 -0.083518
v -0.265583 1.061780 -0.083887
v -0.260157 1.040823 -0.092843
v -0.241369 1.032251 -0.088825
v -0.344638 0.898395 -0.021856
v -0.321453 0.893868 -0.005404
v -0.322516 0.902994 -0.007147
v -0.324275 0.897763 -0.051282
v -0.335712 0.901414 -0.048917
v -0.309643 0.898024 -0.016823
v -0.338242 0.907736 -0.017099
v -0.342515 0.907451 -0.026861
v -0.311328 0.895883 -0.039242
v -0.342206 0.905192 -0.038537
v -0.314549 0.895644 -0.044825
v -0.307906 0.896432 -0.027834
v -0.331195 0.905840 -0.010651
v -0.341056 0.907681 -0.021678
v -0.335382 0.906622 -0.013462
v -0.343047 0.906583 -0.032569
v -0.339748 0.903375 -0.044053
v -0.308136 0.897203 -0.021986
v -0.319091 0.896194 -0.049167
v -0.309112 0.896077 -0.033608
v -0.327448 0.904504 -0.008260
v -0.317498 0.901081 -0.008648
v -0.313246 0.899448 -0.011877
v -0.329573 0.899783 -0.051518
v -0.303914 0.904237 -0.023879
v -0.308893 0.907163 -0.013929
v -0.322964 0.912836 -0.010673
v -0.331175 0.915749 -0.014866
v -0.337318 0.916928 -0.022782
v -0.315997 0.903319 -0.051004
v -0.339363 0.915586 -0.033569
v -0.304879 0.902708 -0.035845
v -0.327512 0.906780 -0.053478
v -0.336414 0.911873 -0.045232
v -0.334717 0.916620 -0.018332
v -0.338866 0.916593 -0.027915
v -0.327322 0.914385 -0.012323
v -0.318091 0.911030 -0.010132
v -0.338547 0.913963 -0.039495
v -0.332811 0.909458 -0.050286
v -0.313510 0.909084 -0.011022
v -0.321507 0.904842 -0.053158
v -0.311187 0.902509 -0.047005
v -0.305775 0.905560 -0.018396
v -0.303668 0.903421 -0.029580
v -0.307499 0.902638 -0.041502
v -0.117387 1.177820 -0.041144
v -0.117177 1.175385 -0.065496
v -0.180466 1.211500 -0.051712
v -0.121044 1.181986 -0.030508
v -0.116084 1.175415 -0.053026
v -0.120478 1.177606 -0.078034
v -0.151021 1.198603 -0.100717
v -0.142399 1.193515 -0.101378
v -0.138078 1.191852 -0.018774
v -0.159145 1.202956 -0.097059
v -0.172662 1.209514 -0.082655
v -0.148839 1.195542 -0.018411
v -0.168010 1.203246 -0.024689
v -0.179660 1.211918 -0.062416
v -0.179318 1.210192 -0.041294
v -0.177010 1.211234 -0.072867
v -0.166648 1.206715 -0.090989
v -0.133770 1.188028 -0.097694
v -0.158799 1.199183 -0.020454
v -0.175378 1.207272 -0.031671
v -0.128133 1.187678 -0.022124
v -0.126303 1.182498 -0.089265
v -0.336218 0.894348 -0.049040
v -0.340355 0.897605 -0.012552
v -0.336845 0.896874 -0.008950
v -0.341102 0.895319 -0.044968
v -0.333053 0.896082 -0.005857
v -0.313088 0.890168 -0.037667
v -0.318513 0.891464 -0.048580
v -0.323857 0.892570 -0.050938
v -0.345370 0.897044 -0.033532
v -0.310618 0.890881 -0.025712
v -0.013065 0.958576 0.069987
v -0.008988 1.208227 0.053249
v -0.012395 1.098834 0.072453
v -0.012981 1.039157 0.072130
v -0.012878 1.059403 0.071950
v -0.012649 1.079844 0.071686
v -0.013003 1.019094 0.072331
v -0.012074 1.115079 0.071809
v -0.012007 1.129050 0.071942
v -0.011786 1.142081 0.073542
v -0.010762 1.169386 0.071110
v -0.009520 1.195804 0.060122
v -0.013006 0.999168 0.072014
v -0.013040 0.979062 0.071287
v -0.013189 0.937575 0.068617
v -0.013414 0.915828 0.066354
v -0.011930 0.801898 0.019804
v -0.007924 1.242136 0.034229
v -0.007362 1.260542 0.021681
v -0.007603 1.251946 0.028193
v -0.008255 1.231506 0.040313
v -0.008579 1.220184 0.046646
v -0.013441 0.893333 0.062823
v -0.011280 1.155586 0.073663
v -0.010163 1.182826 0.066450
v -0.006907 0.802851 0.022070
v -0.010225 0.823305 0.037197
v -0.021544 0.823053 0.036047
v -0.004150 0.791330 -0.026938
v -0.004143 0.799224 -0.050231
v -0.006047 0.795108 -0.052067
v -0.004288 0.790224 0.000856
v -0.006249 0.790634 -0.000770
v -0.012104 0.846703 0.048784
v -0.024510 0.849202 0.048121
v -0.013075 0.870196 0.057303
v -0.025804 0.872717 0.055522
v -0.143433 0.872754 -0.004429
v -0.129475 0.870857 0.031361
v -0.098444 0.865808 0.048294
v -0.066982 0.852970 0.048909
v -0.037467 0.835334 0.040877
v -0.082335 0.860522 0.050540
v -0.052310 0.844378 0.044855
v -0.114553 0.868879 0.042064
v -0.139260 0.872374 0.014650
v -0.118261 0.862264 -0.096255
v -0.140064 0.870964 -0.042737
v -0.143207 0.872198 -0.023804
v -0.128340 0.866432 -0.079432
v -0.135246 0.869152 -0.061332
v -0.056087 0.827751 -0.118724
v -0.087196 0.847575 -0.117116
v -0.104000 0.856008 -0.109510
v -0.070776 0.837795 -0.119167
v -0.043368 0.818498 -0.114508
v -0.032589 0.810592 -0.108004
v -0.023615 0.804689 -0.099154
v -0.016057 0.801215 -0.088223
v -0.038038 0.855857 0.048214
v -0.051911 0.863802 0.047899
v -0.038617 0.877225 0.053197
v -0.051486 0.882962 0.050188
v -0.013525 0.868795 -0.106499
v -0.026026 0.863852 -0.111233
v -0.007613 0.839662 -0.105400
v -0.014662 0.836097 -0.107728
v -0.004635 0.818635 -0.093271
v -0.008886 0.817057 -0.095975
v -0.065970 0.871407 0.047538
v -0.080293 0.878053 0.046778
v -0.095142 0.883267 0.044136
v -0.110188 0.887011 0.038135
v -0.124256 0.890272 0.027734
v -0.133816 0.892530 0.011615
v -0.138001 0.893245 -0.007071
v -0.137890 0.892998 -0.026267
v -0.134867 0.892127 -0.045235
v -0.129866 0.890682 -0.063929
v -0.122258 0.888262 -0.082197
v -0.110658 0.884049 -0.098960
v -0.094518 0.876955 -0.111361
v -0.076689 0.866735 -0.117566
v -0.060771 0.854452 -0.118899
v -0.047384 0.842180 -0.118135
v -0.036282 0.830964 -0.114799
v -0.027087 0.821341 -0.109633
v -0.091307 0.899187 0.039763
v -0.104968 0.904010 0.033496
v -0.117501 0.908511 0.023119
v -0.126588 0.911472 0.008149
v -0.130990 0.912854 -0.009595
v -0.131408 0.913269 -0.028256
v -0.128931 0.913076 -0.047084
v -0.123431 0.912113 -0.065670
v -0.114110 0.909895 -0.083232
v -0.100459 0.905643 -0.098711
v -0.082701 0.898279 -0.110595
v -0.063362 0.886170 -0.115731
v -0.048581 0.869891 -0.116316
v -0.037407 0.854572 -0.115327
v -0.028507 0.841315 -0.112930
v -0.021262 0.830055 -0.109290
v -0.077805 0.894258 0.044042
v -0.064587 0.888825 0.047430
v -0.019709 0.814011 -0.102580
v -0.013712 0.809700 -0.094607
v -0.015913 0.821322 -0.103706
v -0.012793 0.816097 -0.098265
v -0.075093 0.130650 -0.024157
v -0.079574 0.130281 -0.025273
v -0.083750 0.129873 -0.027269
v -0.087457 0.129435 -0.030147
v -0.090559 0.128983 -0.033819
v -0.093002 0.128534 -0.038098
v -0.094584 0.128109 -0.042903
v -0.095082 0.127740 -0.048075
v -0.094364 0.127455 -0.053304
v -0.092517 0.127251 -0.058321
v -0.089544 0.127148 -0.062851
v -0.085574 0.127158 -0.066628
v -0.080790 0.127279 -0.069446
v -0.075319 0.127581 -0.070704
v -0.069660 0.127971 -0.070710
v -0.064133 0.128449 -0.069359
v -0.058896 0.128951 -0.067073
v -0.054201 0.129497 -0.063730
v -0.050586 0.130091 -0.059222
v -0.048397 0.130659 -0.053906
v -0.047775 0.131118 -0.048270
v -0.048582 0.131429 -0.042756
v -0.050508 0.131598 -0.037648
v -0.053376 0.131644 -0.033133
v -0.057008 0.131590 -0.029376
v -0.061217 0.131454 -0.026517
v -0.065801 0.131247 -0.024679
v -0.070448 0.130975 -0.023929
v -0.071254 0.112259 -0.022498
v -0.075448 0.111920 -0.022942
v -0.079415 0.111518 -0.024224
v -0.083061 0.111062 -0.026327
v -0.086273 0.110570 -0.029248
v -0.088974 0.110073 -0.032910
v -0.091110 0.109618 -0.037170
v -0.092471 0.109196 -0.042022
v -0.092682 0.108856 -0.047212
v -0.091780 0.108623 -0.052429
v -0.089751 0.108493 -0.057412
v -0.086646 0.108466 -0.061878
v -0.082512 0.108560 -0.065493
v -0.077524 0.108785 -0.067940
v -0.071982 0.109181 -0.068529
v -0.066458 0.109653 -0.067863
v -0.061141 0.110174 -0.066127
v -0.056225 0.110731 -0.063378
v -0.051923 0.111331 -0.059670
v -0.048496 0.111970 -0.055084
v -0.046440 0.112583 -0.049692
v -0.046146 0.113037 -0.043930
v -0.047601 0.113247 -0.038420
v -0.050289 0.113263 -0.033549
v -0.053921 0.113142 -0.029564
v -0.058049 0.112969 -0.026449
v -0.062442 0.112768 -0.024242
v -0.066895 0.112537 -0.022930
v -0.077302 0.201779 -0.083820
v -0.055485 0.204350 -0.032457
v -0.066115 0.204316 -0.024694
v -0.078783 0.203996 -0.022285
v -0.091042 0.203527 -0.025781
v -0.097880 0.201459 -0.076924
v -0.108035 0.201785 -0.058872
v -0.104181 0.202731 -0.039567
v -0.046587 0.203298 -0.057858
v -0.096326 0.203265 -0.029398
v -0.106344 0.201563 -0.065585
v -0.050987 0.202418 -0.071710
v -0.056226 0.202143 -0.077124
v -0.072336 0.204185 -0.022757
v -0.051554 0.204233 -0.037922
v -0.048632 0.204015 -0.044085
v -0.100713 0.203009 -0.034099
v -0.047741 0.202834 -0.065019
v -0.060405 0.204375 -0.027971
v -0.062809 0.202023 -0.080727
v -0.102889 0.201459 -0.071755
v -0.046972 0.203704 -0.050809
v -0.108153 0.202068 -0.052093
v -0.091748 0.201502 -0.080912
v -0.084704 0.201633 -0.083171
v -0.085115 0.203775 -0.023365
v -0.069889 0.201894 -0.083069
v -0.106766 0.202401 -0.045588
v -0.055369 0.226348 -0.081425
v -0.073024 0.227934 -0.020688
v -0.046584 0.227871 -0.044565
v -0.114234 0.226208 -0.052557
v -0.112679 0.226399 -0.045171
v -0.044576 0.227584 -0.052065
v -0.045466 0.226807 -0.068064
v -0.059822 0.228155 -0.026693
v -0.087350 0.226465 -0.086972
v -0.095144 0.226365 -0.084486
v -0.105492 0.226844 -0.032315
v -0.087365 0.227531 -0.020928
v -0.107660 0.226193 -0.074474
v -0.079179 0.226507 -0.087871
v -0.094151 0.227298 -0.023371
v -0.109640 0.226632 -0.038382
v -0.080217 0.227744 -0.019973
v -0.066127 0.228077 -0.022969
v -0.049243 0.226477 -0.075560
v -0.100293 0.227060 -0.027208
v -0.054361 0.228157 -0.031686
v -0.049949 0.228067 -0.037738
v -0.113874 0.226134 -0.060210
v -0.102014 0.226286 -0.080164
v -0.111666 0.226137 -0.067665
v -0.044083 0.227214 -0.060000
v -0.062934 0.226419 -0.085082
v -0.070933 0.226470 -0.087315
v -0.065943 0.253040 -0.020379
v -0.120510 0.252118 -0.061331
v -0.046828 0.252348 -0.079338
v -0.058946 0.253168 -0.024554
v -0.090083 0.253054 -0.091490
v -0.121194 0.251891 -0.052607
v -0.119392 0.251860 -0.044148
v -0.110673 0.252041 -0.029794
v -0.089668 0.252523 -0.017773
v -0.112592 0.252780 -0.076991
v -0.052944 0.253254 -0.030170
v -0.097384 0.252342 -0.020263
v -0.071593 0.252793 -0.092368
v -0.062465 0.252582 -0.090065
v -0.104492 0.252174 -0.024304
v -0.117524 0.252450 -0.069620
v -0.073624 0.252885 -0.017836
v -0.098712 0.253048 -0.088355
v -0.080917 0.252972 -0.092781
v -0.041252 0.252797 -0.061658
v -0.115705 0.251937 -0.036486
v -0.106236 0.252989 -0.083294
v -0.041738 0.253000 -0.052747
v -0.042731 0.252548 -0.070749
v -0.081639 0.252707 -0.016944
v -0.047948 0.253251 -0.036823
v -0.044031 0.253151 -0.044356
v -0.053791 0.252356 -0.086039
v -0.082505 0.281675 -0.097425
v -0.082966 0.278823 -0.013249
v -0.121839 0.278832 -0.034171
v -0.038375 0.280185 -0.062461
v -0.061796 0.281012 -0.094223
v -0.091874 0.278710 -0.014075
v -0.128422 0.279408 -0.052138
v -0.126353 0.279019 -0.042649
v -0.117993 0.281354 -0.078872
v -0.074105 0.278986 -0.014242
v -0.102544 0.281871 -0.091834
v -0.038753 0.280082 -0.052593
v -0.040269 0.280269 -0.072445
v -0.065619 0.279180 -0.017022
v -0.052337 0.280636 -0.089387
v -0.044831 0.280389 -0.081852
v -0.057914 0.279407 -0.021628
v -0.092866 0.281855 -0.095683
v -0.045602 0.279813 -0.034988
v -0.051288 0.279641 -0.027787
v -0.100519 0.278648 -0.016657
v -0.127378 0.280041 -0.061816
v -0.110915 0.281734 -0.085950
v -0.115813 0.278712 -0.026878
v -0.123676 0.280747 -0.070838
v -0.041183 0.279946 -0.043276
v -0.108605 0.278648 -0.020973
v -0.071984 0.281369 -0.096983
v -0.075149 0.121223 -0.023674
v -0.079387 0.120835 -0.024895
v -0.083304 0.120402 -0.026950
v -0.086753 0.119937 -0.029855
v -0.089631 0.119464 -0.033519
v -0.091883 0.119018 -0.037764
v -0.093344 0.118594 -0.042530
v -0.093708 0.118237 -0.047650
v -0.092927 0.117976 -0.052827
v -0.090950 0.117819 -0.057755
v -0.087889 0.117761 -0.062157
v -0.083913 0.117804 -0.065827
v -0.079101 0.117970 -0.068456
v -0.073658 0.118303 -0.069463
v -0.068087 0.118724 -0.069214
v -0.062686 0.119224 -0.067682
v -0.057615 0.119753 -0.065203
v -0.053107 0.120325 -0.061723
v -0.049613 0.120940 -0.057194
v -0.047551 0.121527 -0.051859
v -0.047131 0.121982 -0.046213
v -0.048172 0.122258 -0.040738
v -0.050419 0.122366 -0.035761
v -0.053580 0.122346 -0.031471
v -0.057418 0.122239 -0.028003
v -0.061710 0.122068 -0.025461
v -0.066231 0.121845 -0.023872
v -0.070745 0.121563 -0.023294
v -0.075285 0.140257 -0.024390
v -0.080022 0.139913 -0.025411
v -0.084455 0.139531 -0.027380
v -0.088402 0.139121 -0.030280
v -0.091697 0.138697 -0.034020
v -0.094278 0.138267 -0.038400
v -0.095972 0.137847 -0.043310
v -0.096567 0.137466 -0.048586
v -0.095929 0.137140 -0.053916
v -0.094211 0.136891 -0.059112
v -0.091341 0.136744 -0.063858
v -0.087317 0.136722 -0.067801
v -0.082464 0.136801 -0.070825
v -0.076863 0.137085 -0.072217
v -0.071063 0.137458 -0.072331
v -0.065364 0.137906 -0.071149
v -0.059971 0.138389 -0.068907
v -0.055091 0.138907 -0.065632
v -0.051326 0.139477 -0.061107
v -0.049051 0.140027 -0.055730
v -0.048229 0.140487 -0.050051
v -0.048835 0.140820 -0.044439
v -0.050586 0.141025 -0.039194
v -0.053293 0.141112 -0.034494
v -0.056814 0.141096 -0.030509
v -0.060980 0.140990 -0.027392
v -0.065621 0.140808 -0.025302
v -0.070443 0.140558 -0.024330
v -0.056296 0.158621 -0.069098
v -0.061453 0.158167 -0.072536
v -0.067182 0.157735 -0.074896
v -0.060889 0.160799 -0.028382
v -0.070921 0.160489 -0.024447
v -0.081446 0.159963 -0.025322
v -0.079542 0.157022 -0.075728
v -0.073326 0.157355 -0.075944
v -0.049684 0.159630 -0.058870
v -0.049088 0.160432 -0.047059
v -0.097028 0.158510 -0.039163
v -0.048711 0.160080 -0.052943
v -0.099231 0.157366 -0.055517
v -0.090674 0.156752 -0.070722
v -0.086322 0.159637 -0.027396
v -0.076248 0.160248 -0.024303
v -0.065710 0.160676 -0.025822
v -0.094829 0.156828 -0.066373
v -0.085512 0.156792 -0.074045
v -0.094262 0.158901 -0.034474
v -0.097657 0.157047 -0.061208
v -0.090673 0.159277 -0.030470
v -0.052291 0.159127 -0.064398
v -0.099654 0.157719 -0.049892
v -0.050689 0.160672 -0.041499
v -0.056665 0.160846 -0.031957
v -0.098905 0.158104 -0.044356
v -0.053262 0.160806 -0.036423
v -0.071925 0.103031 -0.021351
v -0.079591 0.102288 -0.023092
v -0.083035 0.101802 -0.025143
v -0.086132 0.101263 -0.028018
v -0.088787 0.100713 -0.031710
v -0.091393 0.099232 -0.052138
v -0.089269 0.099154 -0.057361
v -0.076012 0.099712 -0.067445
v -0.070380 0.100192 -0.067635
v -0.054987 0.101853 -0.061505
v -0.050774 0.102453 -0.057664
v -0.047135 0.103109 -0.053109
v -0.054321 0.103956 -0.027419
v -0.063325 0.103505 -0.022741
v -0.067722 0.103291 -0.021649
v -0.345593 0.897734 -0.027676
v -0.327351 0.895384 -0.004020
v -0.343976 0.896100 -0.039671
v -0.311237 0.891057 -0.031228
v -0.343103 0.898019 -0.017000
v -0.316331 0.892636 -0.009157
v -0.312709 0.892061 -0.013603
v -0.314921 0.890612 -0.043399
v -0.330182 0.893288 -0.050723
v -0.310628 0.891663 -0.019184
v -0.345679 0.735419 -0.014895
v -0.311985 0.884305 -0.030976
v -0.343236 0.765787 -0.073131
v -0.308488 0.819651 0.017770
v -0.331930 0.805071 -0.041680
v -0.351975 0.756357 -0.055575
v -0.356499 0.836916 -0.029675
v -0.355047 0.846411 -0.029519
v -0.355445 0.846164 -0.020739
v -0.357126 0.836434 -0.020452
v -0.349812 0.873347 -0.022720
v -0.348347 0.881456 -0.023414
v -0.347357 0.881819 -0.017138
v -0.348680 0.873671 -0.015804
v -0.338731 0.739152 0.008828
v -0.336136 0.752790 -0.029116
v -0.330480 0.753892 0.008306
v -0.347470 0.754681 -0.004211
v -0.350777 0.855839 -0.044815
v -0.352533 0.855757 -0.037358
v -0.349211 0.864538 -0.043858
v -0.347707 0.872827 -0.042897
v -0.349391 0.872918 -0.036437
v -0.350897 0.864535 -0.036882
v -0.336004 0.726449 -0.001043
v -0.314312 0.884456 -0.044041
v -0.339549 0.780908 -0.036014
v -0.354009 0.822271 -0.055952
v -0.354981 0.815002 -0.057316
v -0.323184 0.835544 -0.010195
v -0.326598 0.832498 -0.001463
v -0.352576 0.755064 -0.040453
v -0.334591 0.740246 -0.042078
v -0.333083 0.768185 -0.073179
v -0.332223 0.763563 -0.073702
v -0.325997 0.863571 -0.064909
v -0.327838 0.853866 -0.067006
v -0.354938 0.799616 0.000153
v -0.343020 0.727293 -0.056755
v -0.319191 0.788858 0.025608
v -0.341727 0.761831 -0.073235
v -0.330182 0.747503 -0.005902
v -0.328722 0.741625 -0.005720
v -0.334539 0.727447 0.008277
v -0.315465 0.860901 -0.060168
v -0.314332 0.871028 -0.057873
v -0.329538 0.813704 -0.041139
v -0.329978 0.812351 -0.031311
v -0.323195 0.812670 0.011014
v -0.350196 0.748510 -0.013756
v -0.338663 0.807906 -0.060942
v -0.332586 0.811018 0.006308
v -0.330657 0.817702 0.006714
v -0.330195 0.844258 -0.068336
v -0.332771 0.835224 -0.069067
v -0.332049 0.753068 -0.005602
v -0.318708 0.850695 -0.060502
v -0.315580 0.849011 -0.049935
v -0.311320 0.858752 -0.049560
v -0.340518 0.771456 -0.028449
v -0.338009 0.820302 -0.069411
v -0.340354 0.814922 -0.068415
v -0.331403 0.720303 -0.019080
v -0.324700 0.797123 0.035353
v -0.323346 0.793331 0.038906
v -0.337617 0.794292 -0.042066
v -0.334870 0.746099 -0.028538
v -0.343801 0.764292 -0.063364
v -0.345737 0.748581 -0.004215
v -0.343592 0.725039 -0.046904
v -0.337016 0.793336 -0.056581
v -0.341611 0.882686 -0.005716
v -0.340048 0.890012 -0.007837
v -0.333042 0.759062 -0.006641
v -0.333018 0.739929 -0.028628
v -0.331495 0.733860 -0.028633
v -0.324520 0.872779 -0.062274
v -0.312439 0.842677 -0.009362
v -0.318094 0.834450 0.000630
v -0.335599 0.833982 0.020126
v -0.329936 0.823792 0.006582
v -0.349527 0.792716 -0.057060
v -0.343300 0.865625 -0.059587
v -0.341088 0.873812 -0.057227
v -0.344913 0.872952 -0.049353
v -0.346585 0.864733 -0.050834
v -0.358900 0.802267 -0.042239
v -0.331925 0.721219 -0.025427
v -0.338590 0.797244 -0.069691
v -0.329412 0.818378 -0.003071
v -0.330527 0.810762 -0.003092
v -0.330647 0.733359 -0.014712
v -0.343316 0.730324 -0.028293
v -0.340838 0.777881 -0.051092
v -0.352246 0.780111 -0.006687
v -0.340104 0.751288 -0.074450
v -0.347773 0.778162 -0.060036
v -0.355530 0.777094 -0.012647
v -0.320487 0.793798 0.019779
v -0.318303 0.787057 0.031485
v -0.317405 0.787198 0.035031
v -0.354350 0.845516 -0.011465
v -0.351828 0.830696 -0.064178
v -0.353163 0.823410 -0.064984
v -0.331389 0.822941 0.023987
v -0.337450 0.797122 -0.021702
v -0.339284 0.795942 -0.011591
v -0.355489 0.835533 -0.010912
v -0.354856 0.815972 -0.001085
v -0.360442 0.797814 -0.020406
v -0.346155 0.739794 -0.056753
v -0.328806 0.812957 0.028176
v -0.332788 0.817653 -0.060541
v -0.335869 0.811682 -0.060740
v -0.331312 0.815633 -0.050758
v -0.327047 0.829118 0.006623
v -0.347950 0.847730 -0.062542
v -0.335908 0.728917 -0.047768
v -0.339970 0.796773 -0.031765
v -0.337202 0.799984 -0.041578
v -0.349680 0.787975 -0.057831
v -0.332291 0.739671 -0.014235
v -0.352457 0.855491 -0.012728
v -0.350319 0.855037 -0.003761
v -0.340387 0.738333 -0.002824
v -0.352926 0.773455 -0.005936
v -0.326590 0.742634 0.008536
v -0.311216 0.802487 0.036770
v -0.311501 0.798176 0.039713
v -0.328058 0.822631 -0.040640
v -0.328156 0.821509 -0.031002
v -0.310929 0.868918 -0.047866
v -0.339381 0.751168 -0.066553
v -0.320046 0.852287 0.023211
v -0.321139 0.860759 0.018715
v -0.340158 0.777626 -0.028947
v -0.335494 0.792689 -0.001252
v -0.342634 0.760250 -0.064170
v -0.327992 0.748515 0.008874
v -0.337672 0.757760 -0.038696
v -0.347737 0.780313 -0.072130
v -0.321483 0.807217 0.013917
v -0.311639 0.795237 0.042044
v -0.349895 0.847083 -0.053397
v -0.337263 0.759370 -0.054017
v -0.307724 0.814278 0.020716
v -0.310782 0.876670 -0.023527
v -0.310636 0.867379 -0.022398
v -0.309678 0.868483 -0.013762
v -0.310714 0.877617 -0.015897
v -0.333066 0.766544 -0.061167
v -0.311176 0.884613 -0.024664
v -0.345764 0.856848 -0.061385
v -0.352025 0.844092 -0.001489
v -0.352930 0.833924 -0.001101
v -0.349946 0.838843 -0.063329
v -0.331339 0.759992 0.008958
v -0.354809 0.808380 -0.058528
v -0.338052 0.715388 -0.018125
v -0.345202 0.882174 -0.011151
v -0.346308 0.874014 -0.009137
v -0.329035 0.819371 -0.012103
v -0.330637 0.810937 -0.012268
v -0.353341 0.855702 -0.029482
v -0.329783 0.817938 0.026059
v -0.321119 0.840554 -0.049800
v -0.325460 0.832146 -0.049928
v -0.324864 0.831225 -0.040294
v -0.320723 0.839797 -0.039994
v -0.353650 0.810599 -0.066129
v -0.320681 0.790649 0.041891
v -0.339536 0.771534 -0.013446
v -0.323540 0.886926 -0.054132
v -0.337541 0.789534 -0.058049
v -0.355821 0.816485 -0.010927
v -0.355933 0.825889 -0.010834
v -0.354173 0.793132 0.000355
v -0.342785 0.743173 -0.003388
v -0.325597 0.830423 -0.030630
v -0.322754 0.884222 0.003005
v -0.323012 0.889054 -0.002017
v -0.332681 0.761694 -0.062312
v -0.335579 0.794230 0.007020
v -0.336287 0.799291 0.005916
v -0.356274 0.769915 -0.029169
v -0.353715 0.803172 -0.060005
v -0.323118 0.841570 -0.059944
v -0.345064 0.770267 -0.073118
v -0.350913 0.790714 -0.070349
v -0.305069 0.797839 0.030326
v -0.351611 0.775379 0.009802
v -0.352610 0.829843 -0.055122
v -0.347023 0.840526 0.010339
v -0.360274 0.807280 -0.020405
v -0.358956 0.817422 -0.020475
v -0.336999 0.780324 -0.007141
v -0.310861 0.885233 -0.017949
v -0.353917 0.816806 -0.065572
v -0.348284 0.741686 -0.013886
v -0.327290 0.833143 -0.059673
v -0.310738 0.867784 -0.038812
v -0.311177 0.857756 -0.039370
v -0.314132 0.857867 -0.030262
v -0.312047 0.867392 -0.030554
v -0.358160 0.826801 -0.020412
v -0.347840 0.744433 -0.055894
v -0.309001 0.791741 0.037256
v -0.306274 0.793720 0.034493
v -0.331988 0.802637 -0.021847
v -0.352647 0.805249 -0.066863
v -0.337510 0.887997 -0.051682
v -0.345751 0.735733 -0.028483
v -0.356528 0.776949 -0.029501
v -0.334088 0.742063 -0.056214
v -0.335879 0.782841 -0.071701
v -0.358486 0.819633 -0.039857
v -0.359815 0.810202 -0.041007
v -0.355881 0.807264 -0.000652
v -0.313413 0.886384 -0.010949
v -0.309837 0.850877 0.002436
v -0.311682 0.842438 0.007182
v -0.329886 0.840175 0.026478
v -0.332323 0.849040 0.023552
v -0.355451 0.770208 -0.012500
v -0.357236 0.828482 -0.039051
v -0.332599 0.869590 0.013684
v -0.329942 0.889847 -0.001460
v -0.355095 0.784403 -0.052815
v -0.342414 0.888113 -0.046402
v -0.345271 0.888481 -0.040534
v -0.338567 0.790699 -0.021585
v -0.337423 0.751519 -0.066536
v -0.324224 0.818378 0.009470
v -0.350844 0.748653 -0.028845
v -0.311814 0.871029 -0.005304
v -0.312980 0.879371 -0.008235
v -0.346637 0.888863 -0.034894
v -0.347145 0.889209 -0.029198
v -0.343719 0.729687 -0.015085
v -0.322718 0.839731 -0.030267
v -0.355754 0.777398 -0.053849
v -0.351606 0.864611 -0.029539
v -0.311737 0.876425 -0.030747
v -0.315106 0.879430 -0.054137
v -0.309539 0.825279 0.015442
v -0.337513 0.804215 -0.061702
v -0.321402 0.869814 0.014340
v -0.315486 0.848312 -0.039720
v -0.349219 0.794597 -0.011640
v -0.339084 0.803610 -0.051336
v -0.335325 0.827103 -0.069589
v -0.337811 0.775407 -0.005758
v -0.327219 0.829565 -0.020971
v -0.348967 0.742846 -0.042586
v -0.353432 0.855678 -0.021286
v -0.334503 0.804563 0.006095
v -0.335446 0.752546 -0.013752
v -0.316858 0.829523 0.028527
v -0.348729 0.741871 -0.028937
v -0.343459 0.749523 0.010179
v -0.335952 0.729987 -0.054384
v -0.351071 0.795854 -0.068929
v -0.328943 0.730215 -0.001394
v -0.340862 0.744057 0.009273
v -0.323665 0.880692 -0.058468
v -0.330205 0.811521 -0.021652
v -0.328547 0.820462 -0.021435
v -0.330348 0.825037 -0.060010
v -0.339145 0.881251 -0.054462
v -0.343591 0.880748 -0.047755
v -0.338078 0.792538 -0.070203
v -0.314955 0.818087 0.031065
v -0.337498 0.751731 -0.040511
v -0.353682 0.837851 -0.046544
v -0.350026 0.873088 -0.029637
v -0.348529 0.881146 -0.029723
v -0.338306 0.841710 0.015715
v -0.351350 0.782154 0.008837
v -0.339842 0.783668 -0.050870
v -0.348315 0.856046 -0.052206
v -0.336401 0.753302 -0.054662
v -0.340692 0.810670 -0.068551
v -0.335706 0.780395 -0.059151
v -0.346309 0.880709 -0.041889
v -0.344523 0.865534 0.000773
v -0.342790 0.874554 -0.002949
v -0.311591 0.836517 0.010640
v -0.312418 0.877550 -0.045684
v -0.311990 0.876655 -0.037996
v -0.343633 0.889939 -0.012465
v -0.304639 0.803082 0.026403
v -0.346865 0.889738 -0.023226
v -0.353578 0.824660 -0.001273
v -0.310201 0.861318 -0.001765
v -0.334304 0.753914 -0.072201
v -0.319111 0.843690 0.026569
v -0.355868 0.837472 -0.038443
v -0.345138 0.768714 -0.062426
v -0.347928 0.880899 -0.035950
v -0.351190 0.748605 -0.041281
v -0.327486 0.730913 0.005750
v -0.337502 0.717321 -0.027011
v -0.338878 0.777673 -0.013208
v -0.334632 0.771252 -0.061153
v -0.318194 0.848620 -0.030055
v -0.350371 0.864915 -0.014310
v -0.347964 0.865025 -0.006670
v -0.355974 0.775219 -0.037583
v -0.351463 0.838221 -0.054365
v -0.332165 0.803295 -0.002772
v -0.331734 0.877614 0.007763
v -0.325408 0.840236 -0.019863
v -0.325936 0.802123 0.032271
v -0.345714 0.890059 -0.017533
v -0.311700 0.856919 -0.021238
v -0.347023 0.737876 -0.043499
v -0.329346 0.825711 -0.002831
v -0.342734 0.794719 -0.011134
v -0.354239 0.846673 -0.037885
v -0.308478 0.857248 -0.011503
v -0.321676 0.878330 0.009414
v -0.352260 0.846853 -0.045725
v -0.345357 0.755583 0.010191
v -0.350376 0.749978 -0.056109
v -0.329026 0.823909 -0.050187
v -0.355500 0.781675 -0.036963
v -0.328272 0.827840 -0.011568
v -0.351468 0.864758 -0.021994
v -0.316830 0.885916 -0.050606
v -0.346857 0.854802 0.005439
v -0.340037 0.806427 -0.068691
v -0.359936 0.790297 -0.020428
v -0.316117 0.823373 0.029490
v -0.334983 0.747740 -0.055646
v -0.316265 0.846559 -0.020079
v -0.313026 0.884078 -0.037441
v -0.340775 0.775613 -0.037173
v -0.330933 0.884028 0.002343
v -0.333120 0.859536 0.019163
v -0.358642 0.795679 -0.043254
v -0.333942 0.773004 -0.072821
v -0.334587 0.745832 -0.014610
v -0.335521 0.746080 -0.040837
v -0.335510 0.797879 -0.001985
v -0.312023 0.807484 0.034719
v -0.336358 0.776730 0.008540
v -0.335362 0.782128 0.008300
v -0.347425 0.777483 -0.010732
v -0.348121 0.777338 -0.031796
v -0.333909 0.719052 -0.026817
v -0.333319 0.717090 -0.017538
v -0.347381 0.770918 -0.010634
v -0.348003 0.770781 -0.031465
v -0.341169 0.743814 -0.011795
v -0.341607 0.744149 -0.031232
v -0.343621 0.750807 -0.031263
v -0.342999 0.750476 -0.011274
v -0.345845 0.794198 -0.011615
v -0.346679 0.789150 -0.010883
v -0.348221 0.789745 -0.031784
v -0.347521 0.791632 -0.033343
v -0.311988 0.857309 0.012278
v -0.315905 0.882035 -0.001325
v -0.337820 0.732141 -0.030893
v -0.337550 0.731359 -0.012405
v -0.347707 0.811372 -0.069203
v -0.337625 0.855782 -0.065544
v -0.342651 0.837757 -0.068512
v -0.344804 0.829683 -0.069244
v -0.332056 0.880874 -0.057330
v -0.346403 0.822642 -0.069688
v -0.347630 0.816667 -0.069524
v -0.340179 0.846624 -0.067339
v -0.343397 0.800445 0.009722
v -0.339261 0.825754 0.011722
v -0.340111 0.819542 0.011149
v -0.341326 0.812786 0.009894
v -0.343531 0.794725 0.010371
v -0.342591 0.806240 0.009503
v -0.318942 0.787418 0.038404
v -0.308798 0.793533 0.040618
v -0.330140 0.814158 0.017982
v -0.310090 0.822899 0.025087
v -0.309314 0.817577 0.027289
v -0.329273 0.808822 0.020173
v -0.306831 0.797884 0.038766
v -0.323893 0.787657 0.035546
v -0.327583 0.797474 0.026774
v -0.306724 0.807381 0.032936
v -0.327021 0.791849 0.031232
v -0.306367 0.802299 0.035843
v -0.326001 0.826883 0.007362
v -0.311194 0.842018 0.019347
v -0.311705 0.849254 0.016308
v -0.310496 0.828893 0.023405
v -0.331114 0.819368 0.016026
v -0.314419 0.874746 0.002867
v -0.333595 0.873305 -0.060610
v -0.330811 0.887409 -0.053863
v -0.339332 0.737387 -0.012166
v -0.339615 0.737894 -0.030789
v -0.348047 0.780973 -0.034105
v -0.347002 0.784443 -0.053946
v -0.338526 0.728074 -0.056405
v -0.338447 0.725937 -0.046448
v -0.348325 0.775048 -0.034771
v -0.347406 0.778008 -0.054699
v -0.344273 0.749954 -0.038365
v -0.343098 0.751898 -0.058048
v -0.344368 0.758084 -0.057283
v -0.345543 0.756193 -0.037352
v -0.345778 0.796528 -0.052115
v -0.340727 0.741048 -0.058846
v -0.341495 0.738713 -0.040605
v -0.342784 0.744105 -0.039457
v -0.341829 0.746181 -0.058051
v -0.343885 0.782699 0.011047
v -0.344652 0.779868 -0.009250
v -0.331631 0.727438 -0.002377
v -0.329640 0.728229 0.008202
v -0.343784 0.776416 0.011906
v -0.345012 0.774264 -0.008878
v -0.336702 0.751875 0.011485
v -0.339029 0.750806 -0.007548
v -0.340886 0.756720 -0.007699
v -0.338517 0.757799 0.011845
v -0.335586 0.739674 -0.007106
v -0.333111 0.740925 0.011230
v -0.334857 0.746238 0.011264
v -0.337169 0.745147 -0.007006
v -0.343595 0.792496 -0.055086
v -0.345149 0.797021 -0.070916
v -0.336222 0.752373 -0.073925
v -0.343346 0.788315 -0.056088
v -0.344318 0.792145 -0.072355
v -0.340164 0.769641 -0.059953
v -0.339676 0.771825 -0.074986
v -0.341886 0.781947 -0.073749
v -0.342003 0.778864 -0.057571
v -0.346937 0.806433 -0.069454
v -0.337646 0.762995 -0.075813
v -0.338257 0.760624 -0.061343
v -0.339205 0.764944 -0.060151
v -0.338552 0.767192 -0.074904
v -0.345262 0.789666 -0.010078
v -0.344316 0.799420 -0.053554
v -0.317232 0.887636 -0.005599
v -0.312914 0.866275 0.007457
v -0.335366 0.864795 -0.063265
v -0.339992 0.867162 0.007854
v -0.341339 0.856232 0.013256
v -0.338070 0.875640 0.002628
v -0.337004 0.883144 -0.001261
v -0.335836 0.889760 -0.004195
v -0.350737 0.795984 -0.031027
v -0.358465 0.818150 -0.030289
v -0.357599 0.827493 -0.029926
v -0.343788 0.795001 -0.031811
v -0.347563 0.795019 -0.031544
v -0.354948 0.829179 -0.047302
v -0.356071 0.820977 -0.048543
v -0.347943 0.803322 -0.051299
v -0.342274 0.802351 -0.051316
v -0.344972 0.801485 -0.051362
v -0.353555 0.799063 -0.030936
v -0.351394 0.797377 -0.011455
v -0.350653 0.806177 -0.050539
v -0.352549 0.785973 -0.007068
v -0.351492 0.788270 0.008315
v -0.335195 0.788405 0.007874
v -0.344947 0.785185 -0.009848
v -0.343815 0.788825 0.010668
v -0.336845 0.785863 -0.008033
v -0.354993 0.783841 -0.013419
v -0.357087 0.783714 -0.029726
v -0.348269 0.783951 -0.031899
v -0.347263 0.783806 -0.010708
v -0.338687 0.784107 -0.013411
v -0.340124 0.784137 -0.029047
v -0.354545 0.791090 -0.051673
v -0.339510 0.789966 -0.050421
v -0.355212 0.787673 -0.036172
v -0.346523 0.790853 -0.053105
v -0.347886 0.786698 -0.033375
v -0.338854 0.786595 -0.034750
v -0.349961 0.796997 -0.055926
v -0.351837 0.800558 -0.067910
v -0.339290 0.801880 -0.068975
v -0.343905 0.796327 -0.053890
v -0.345971 0.801735 -0.069945
v -0.337352 0.797263 -0.055578
v -0.310278 0.830989 0.013089
v -0.332994 0.828147 0.021989
v -0.317788 0.836226 0.027687
v -0.325041 0.823274 0.008323
v -0.332030 0.824002 0.014057
v -0.310732 0.835317 0.021693
v -0.338546 0.734142 -0.002143
v -0.328088 0.736359 -0.004720
v -0.336932 0.734971 0.008272
v -0.326235 0.737446 0.007780
v -0.334293 0.734805 -0.006610
v -0.331757 0.736262 0.011114
v -0.341601 0.725419 -0.027869
v -0.330861 0.728280 -0.028048
v -0.341842 0.724821 -0.015870
v -0.330116 0.727598 -0.015821
v -0.336125 0.725819 -0.012588
v -0.336417 0.726930 -0.030626
v -0.344853 0.735615 -0.056717
v -0.333992 0.736833 -0.056182
v -0.345261 0.733700 -0.044531
v -0.334452 0.735230 -0.043896
v -0.339916 0.736354 -0.059160
v -0.340505 0.733928 -0.041602
v -0.341348 0.758275 -0.073799
v -0.332238 0.759273 -0.073652
v -0.341240 0.756951 -0.065275
v -0.333009 0.757687 -0.063882
v -0.337046 0.759118 -0.076212
v -0.337544 0.756939 -0.062545
v -0.350014 0.767995 0.010341
v -0.335371 0.771771 0.008997
v -0.351898 0.766766 -0.005163
v -0.336943 0.770787 -0.006266
v -0.344474 0.768485 -0.008412
v -0.342606 0.770034 0.012318
v -0.352351 0.755269 -0.013347
v -0.337269 0.759479 -0.013135
v -0.353268 0.755457 -0.029045
v -0.337816 0.759742 -0.029102
v -0.345539 0.757653 -0.031489
v -0.345053 0.757265 -0.010685
v -0.355389 0.768215 -0.038528
v -0.340325 0.770276 -0.037380
v -0.355036 0.770054 -0.054382
v -0.339842 0.772311 -0.052324
v -0.347986 0.768868 -0.035380
v -0.346958 0.771397 -0.055592
v -0.348821 0.783085 -0.058948
v -0.336543 0.785256 -0.058277
v -0.349471 0.785386 -0.071220
v -0.336781 0.787876 -0.071174
v -0.342838 0.783719 -0.056642
v -0.343282 0.786975 -0.073153
v -0.354915 0.762487 -0.012365
v -0.339695 0.765584 -0.013747
v -0.346763 0.764093 -0.010385
v -0.355584 0.762559 -0.029363
v -0.340122 0.765749 -0.028187
v -0.347263 0.764278 -0.031410
v -0.353407 0.763010 -0.054982
v -0.338494 0.765913 -0.053388
v -0.346862 0.762574 -0.036430
v -0.345668 0.764680 -0.056479
v -0.354058 0.761582 -0.039583
v -0.338843 0.764309 -0.037791
v -0.346747 0.775274 -0.072726
v -0.334883 0.777932 -0.072415
v -0.346518 0.773330 -0.061261
v -0.335673 0.775709 -0.060700
v -0.340942 0.776964 -0.074632
v -0.341107 0.774215 -0.059076
v -0.349512 0.760526 -0.004518
v -0.335051 0.765193 -0.006632
v -0.342786 0.762687 -0.007921
v -0.340465 0.763883 0.012103
v -0.347572 0.761639 0.010277
v -0.333026 0.766300 0.009168
v -0.313446 0.812893 0.032606
v -0.305673 0.809038 0.023284
v -0.327249 0.807767 0.030328
v -0.320981 0.800737 0.015843
v -0.328366 0.803282 0.023077
v -0.307560 0.812720 0.030171
v -0.352430 0.791636 -0.007335
v -0.355009 0.790623 -0.013031
v -0.356503 0.797319 -0.012833
v -0.353453 0.798863 -0.007311
v -0.354883 0.805690 -0.010760
v -0.354685 0.793553 -0.035092
v -0.353433 0.797937 -0.050543
v -0.357200 0.790494 -0.029754
v -0.351290 0.801502 -0.054791
v -0.357296 0.800814 -0.034711
v -0.358459 0.797735 -0.029054
v -0.357266 0.807341 -0.030694
v -0.353277 0.806632 -0.053411
v -0.355309 0.804005 -0.049164
v -0.354562 0.812084 -0.050152
v -0.333423 0.802636 -0.031662
v -0.338517 0.800481 -0.055019
v -0.339734 0.796741 -0.049471
v -0.340809 0.790892 -0.029245
v -0.338477 0.791842 -0.034443
v -0.334381 0.807387 -0.051398
v -0.339447 0.790305 -0.013821
v -0.333756 0.801781 -0.012198
v -0.337400 0.791021 -0.008865
v -0.338631 0.796869 -0.015256
v -0.337200 0.796672 -0.008466
v -0.338247 0.798103 -0.035059
v -0.339232 0.797556 -0.028063
v -0.338149 0.802267 -0.048001
v -0.338845 0.805353 -0.054517
v -0.333145 0.717077 -0.022722
v -0.331242 0.720672 -0.022407
v -0.336017 0.760174 -0.021170
v -0.339778 0.771727 -0.021057
v -0.351793 0.748285 -0.021187
v -0.350095 0.741374 -0.021344
v -0.334417 0.746182 -0.021526
v -0.334442 0.753148 -0.021490
v -0.354060 0.755075 -0.021014
v -0.338762 0.777946 -0.021218
v -0.358184 0.776962 -0.020836
v -0.357594 0.769890 -0.020719
v -0.359238 0.783813 -0.020701
v -0.338116 0.784409 -0.021375
v -0.329232 0.734248 -0.021907
v -0.331551 0.740233 -0.021643
v -0.347665 0.734932 -0.021780
v -0.343561 0.730085 -0.021695
v -0.343293 0.724642 -0.021779
v -0.338382 0.714007 -0.023275
v -0.329018 0.728519 -0.022123
v -0.356883 0.762144 -0.020751
v -0.339787 0.765758 -0.020926
v -0.330152 0.726084 0.002820
v -0.327723 0.730308 0.002063
v -0.335169 0.771558 0.001147
v -0.336655 0.776007 0.001149
v -0.347761 0.754744 0.003322
v -0.346112 0.748615 0.003413
v -0.330895 0.753768 0.001319
v -0.330682 0.760196 0.001024
v -0.352583 0.766990 0.003066
v -0.335003 0.781383 0.000176
v -0.353535 0.781285 0.001182
v -0.354271 0.774232 0.002247
v -0.334741 0.787228 -0.000555
v -0.339398 0.734153 0.003362
v -0.336197 0.724985 0.003887
v -0.343323 0.743115 0.003303
v -0.325669 0.737372 0.001275
v -0.325604 0.742742 0.001010
v -0.327642 0.748545 0.001104
v -0.354048 0.787273 0.000645
v -0.339701 0.738825 0.003038
v -0.332548 0.766227 0.001005
v -0.349873 0.760649 0.003220
v -0.335498 0.729223 -0.051127
v -0.332575 0.736465 -0.049917
v -0.332205 0.741705 -0.049037
v -0.333770 0.747432 -0.048212
v -0.338088 0.725533 -0.051967
v -0.339178 0.771550 -0.044820
v -0.340796 0.776851 -0.044200
v -0.353642 0.755522 -0.048052
v -0.352352 0.749069 -0.048808
v -0.336948 0.752675 -0.047475
v -0.336249 0.758950 -0.046458
v -0.357192 0.769061 -0.046329
v -0.338755 0.782472 -0.043626
v -0.357803 0.783041 -0.044841
v -0.358145 0.776295 -0.045556
v -0.358192 0.789525 -0.044178
v -0.337351 0.788426 -0.042612
v -0.350179 0.743292 -0.049439
v -0.346650 0.739044 -0.050050
v -0.346956 0.734357 -0.050508
v -0.344965 0.723220 -0.052788
v -0.337175 0.765514 -0.045655
v -0.355220 0.762066 -0.047305
v -0.330647 0.762953 -0.067880
v -0.331351 0.767809 -0.067288
v -0.336096 0.750984 -0.070107
v -0.334194 0.753161 -0.069541
v -0.335583 0.786775 -0.064643
v -0.337382 0.791102 -0.063970
v -0.348864 0.779087 -0.065891
v -0.346264 0.769266 -0.067751
v -0.333349 0.772373 -0.066787
v -0.334815 0.781880 -0.065419
v -0.350283 0.784068 -0.064950
v -0.337034 0.795586 -0.063233
v -0.351610 0.794175 -0.062776
v -0.351577 0.789203 -0.063925
v -0.337100 0.800075 -0.062482
v -0.344647 0.764838 -0.068403
v -0.343181 0.760925 -0.068979
v -0.331250 0.758681 -0.068509
v -0.342933 0.757314 -0.069454
v -0.340852 0.749116 -0.070166
v -0.352566 0.798721 -0.061485
v -0.334595 0.776981 -0.066227
v -0.347731 0.774075 -0.066883
v -0.313425 0.789674 0.040061
v -0.313096 0.788501 0.036022
v -0.309971 0.796906 0.020270
v -0.312427 0.809832 0.014935
v -0.311867 0.789130 0.031637
v -0.313361 0.815117 0.011469
v -0.323570 0.821345 0.029531
v -0.322163 0.816333 0.031800
v -0.310107 0.792490 0.026036
v -0.318633 0.805368 0.033798
v -0.325121 0.826936 0.028051
v -0.315082 0.820972 0.009495
v -0.327066 0.833085 0.027238
v -0.317569 0.800648 0.036738
v -0.316995 0.796437 0.039495
v -0.315643 0.793010 0.042829
v -0.316188 0.825965 0.007442
v -0.319859 0.811208 0.032578
v -0.310906 0.803649 0.016988
v -0.351576 0.794266 0.008238
v -0.338077 0.830187 0.011637
v -0.351569 0.800480 0.007815
v -0.348615 0.830833 0.009006
v -0.349616 0.822602 0.008184
v -0.350614 0.814873 0.007933
v -0.351368 0.807398 0.007577
v -0.333335 0.828163 0.012704
v -0.329743 0.828349 0.005895
v -0.317563 0.830480 0.005939
v -0.334876 0.831413 0.012152
v -0.340144 0.720620 -0.027878
v -0.331196 0.723886 -0.026782
v -0.335165 0.722477 -0.029339
v -0.334719 0.720777 -0.013550
v -0.330438 0.723032 -0.017368
v -0.340400 0.719854 -0.016881
v -0.329959 0.724066 -0.022262
v -0.341493 0.719476 -0.022446
v -0.337691 0.730082 -0.001926
v -0.328375 0.732589 -0.003089
v -0.333125 0.730840 -0.005260
v -0.330709 0.732393 0.010370
v -0.326591 0.733602 0.006859
v -0.335875 0.731229 0.008354
v -0.326563 0.733558 0.001641
v -0.338238 0.730003 0.003571
v -0.334885 0.731305 -0.045804
v -0.344838 0.729425 -0.045502
v -0.344434 0.731357 -0.056862
v -0.334832 0.732673 -0.055419
v -0.339256 0.732086 -0.058515
v -0.339617 0.729711 -0.043126
v -0.346585 0.729916 -0.051285
v -0.333891 0.732450 -0.050569
v -0.341595 0.754844 -0.074760
v -0.333139 0.755932 -0.073050
v -0.340684 0.753773 -0.065797
v -0.333792 0.754671 -0.065457
v -0.336640 0.755591 -0.075867
v -0.336930 0.754045 -0.064090
v -0.332616 0.755450 -0.069016
v -0.342790 0.753822 -0.069801
v -0.335008 0.752750 -0.067134
v -0.043188 0.006254 -0.061981
v -0.051631 0.012669 0.005700
v -0.061678 0.005364 0.044927
v -0.065150 0.003739 0.056284
v -0.038188 0.013897 -0.036514
v -0.048664 0.013271 -0.003883
v -0.045656 0.013880 -0.014346
v -0.041884 0.013770 -0.025465
v -0.057164 0.010726 0.024449
v -0.094646 0.042429 0.061933
v -0.058992 0.032947 0.074589
v -0.052548 0.024230 0.075549
v -0.050605 0.012117 0.074866
v -0.124746 0.028502 0.040274
v -0.127594 0.021939 0.037411
v -0.128905 0.014057 0.035700
v -0.113126 0.001629 0.043364
v -0.109257 0.040046 0.052849
v -0.100170 0.001793 0.051683
v -0.085914 0.002272 0.060321
v -0.069412 0.002346 0.068070
v -0.077095 0.042098 0.070010
v -0.126383 0.006019 0.036278
v -0.067441 0.038981 0.072764
v -0.120860 0.033825 0.043972
v -0.059499 0.003675 0.071536
v -0.082260 0.058208 0.024020
v -0.053017 0.042117 0.029070
v -0.048405 0.033538 0.029269
v -0.047167 0.024075 0.028435
v -0.109295 0.040380 0.006383
v -0.111634 0.032245 0.003725
v -0.112412 0.023541 0.002247
v -0.101378 0.003231 0.005850
v -0.095206 0.055235 0.017888
v -0.072260 0.007920 0.019170
v -0.067299 0.053682 0.027149
v -0.050019 0.015358 0.026680
v -0.105603 0.047032 0.010124
v -0.111715 0.014894 0.001784
v -0.059903 0.048707 0.028083
v -0.098530 0.039318 0.071795
v -0.091135 0.046643 0.052281
v -0.087949 0.051032 0.042840
v -0.077841 0.066886 0.006561
v -0.050946 0.004763 -0.065306
v -0.059381 0.004036 -0.067613
v -0.067785 0.004660 -0.068885
v -0.074900 0.007382 -0.070056
v -0.085445 0.050043 -0.057011
v -0.085342 0.039816 -0.058574
v -0.085836 0.030291 -0.060536
v -0.031872 0.021237 -0.044224
v -0.034205 0.048474 -0.039783
v -0.031895 0.038867 -0.040746
v -0.030993 0.029657 -0.042343
v -0.086564 0.021235 -0.062581
v -0.037201 0.058067 -0.039652
v -0.038645 0.048357 -0.021110
v -0.036835 0.038790 -0.020772
v -0.036357 0.029582 -0.021483
v -0.091249 0.049524 -0.042364
v -0.092283 0.039293 -0.042786
v -0.092761 0.029580 -0.043223
v -0.088032 0.003583 -0.042388
v -0.055804 0.009023 -0.031813
v -0.037584 0.020887 -0.023004
v -0.093473 0.020359 -0.043803
v -0.041250 0.057974 -0.022750
v -0.041455 0.048448 -0.011787
v -0.039232 0.038737 -0.010684
v -0.038881 0.029313 -0.010892
v -0.094252 0.049678 -0.034154
v -0.096004 0.039315 -0.034161
v -0.096571 0.029390 -0.034204
v -0.091040 0.003786 -0.032163
v -0.059967 0.009991 -0.020448
v -0.040670 0.020594 -0.012081
v -0.097184 0.020085 -0.034425
v -0.044745 0.057996 -0.014483
v -0.034235 0.048282 -0.048743
v -0.036098 0.048379 -0.030508
v -0.044521 0.048490 -0.002315
v -0.031397 0.038658 -0.050219
v -0.034343 0.038816 -0.030907
v -0.041672 0.038476 -0.000834
v -0.029995 0.029463 -0.051824
v -0.033733 0.029683 -0.032190
v -0.041338 0.028797 -0.000809
v -0.097908 0.050258 -0.025449
v -0.089528 0.049691 -0.050361
v -0.099968 0.039223 -0.025059
v -0.089410 0.039444 -0.051190
v -0.100611 0.028932 -0.025042
v -0.089639 0.029831 -0.052196
v -0.093702 0.003947 -0.022185
v -0.084926 0.003362 -0.052918
v -0.063540 0.010038 -0.009682
v -0.051389 0.007516 -0.042826
v -0.043304 0.019959 -0.001806
v -0.034904 0.021241 -0.034119
v -0.030447 0.021311 -0.053144
v -0.090331 0.020679 -0.053366
v -0.101078 0.019481 -0.025147
v -0.037625 0.057884 -0.047841
v -0.038697 0.057998 -0.031210
v -0.049210 0.057985 -0.006091
v -0.132120 0.012243 0.043884
v -0.131403 0.020115 0.045067
v -0.128715 0.026427 0.047927
v -0.124789 0.016253 0.027323
v -0.123247 0.024047 0.029314
v -0.120411 0.030802 0.032216
v -0.120719 0.018660 0.019013
v -0.119490 0.026615 0.020910
v -0.116803 0.033745 0.023767
v -0.047583 0.018331 0.050036
v -0.050553 0.028689 0.051217
v -0.056235 0.037063 0.051110
v -0.048320 0.015226 0.062117
v -0.051557 0.026374 0.063015
v -0.057981 0.034468 0.062432
v -0.055265 0.009052 0.086441
v -0.055014 0.021484 0.087435
v -0.060172 0.031785 0.086652
v -0.043483 0.027797 0.008907
v -0.044195 0.037604 0.008985
v -0.048175 0.047564 0.007618
v -0.104469 0.027863 -0.015701
v -0.103801 0.038291 -0.015266
v -0.100792 0.050964 -0.014153
v -0.135295 0.010896 0.056812
v -0.134763 0.017648 0.058435
v -0.132333 0.022253 0.061682
v -0.066279 0.027070 0.104101
v -0.062429 0.017269 0.103090
v -0.063613 0.007987 0.100889
v -0.116481 0.001481 0.052864
v -0.109924 0.001983 0.033659
v -0.106923 0.002615 0.024276
v -0.112951 0.036073 0.061607
v -0.105662 0.044187 0.044144
v -0.102199 0.048149 0.035371
v -0.104506 0.001231 0.061729
v -0.090607 0.001410 0.070987
v -0.081686 0.003399 0.049385
v -0.078095 0.004495 0.038888
v -0.074069 0.001007 0.079238
v -0.080226 0.039619 0.081000
v -0.074245 0.045411 0.059155
v -0.071421 0.048733 0.048551
v -0.119934 0.010139 0.018369
v -0.123475 0.007805 0.027063
v -0.128771 0.004856 0.045175
v -0.063353 0.043809 0.050155
v -0.065556 0.040993 0.061169
v -0.069720 0.037526 0.084291
v -0.124634 0.030922 0.052039
v -0.116724 0.036613 0.035752
v -0.113086 0.039901 0.027300
v -0.064218 0.001476 0.082868
v -0.055493 0.006008 0.059299
v -0.052595 0.008803 0.047554
v -0.096131 0.004151 -0.012559
v -0.117586 0.026798 0.080981
v -0.088865 0.064617 0.001902
v -0.122864 0.004948 0.067394
v -0.105153 0.029887 0.091316
v -0.112996 0.005253 0.078048
v -0.066581 0.009479 0.000149
v -0.099945 0.005602 0.087632
v -0.064203 0.062947 0.006439
v -0.087808 0.031286 0.101236
v -0.082861 0.006180 0.094964
v -0.097463 0.057666 -0.006749
v -0.104343 0.018483 -0.015787
v -0.055485 0.057877 0.003932
v -0.045629 0.018846 0.007828
v -0.128323 0.022543 0.069809
v -0.132033 0.005072 0.057992
v -0.075715 0.033116 0.102818
v -0.070857 0.003844 0.097003
v -0.079256 0.013633 -0.070961
v -0.080507 0.022031 -0.069841
v -0.080975 0.006233 -0.006093
v -0.078031 0.006501 -0.015915
v -0.092811 0.003599 0.031718
v -0.074792 0.006189 -0.026294
v -0.096241 0.002625 0.041506
v -0.071218 0.005420 -0.037090
v -0.086699 0.005044 0.012749
v -0.067332 0.004179 -0.047847
v -0.080213 0.030895 -0.067236
v -0.091730 0.003248 0.113342
v -0.093666 0.021775 0.116492
v -0.096670 0.019424 0.123749
v -0.087147 0.003962 0.105272
v -0.094192 0.002562 0.121065
v -0.093787 0.004509 0.126616
v -0.074883 0.021168 0.123669
v -0.079287 0.019345 0.130998
v -0.083849 0.017506 0.136592
v -0.097640 0.016820 0.130254
v -0.071769 0.003553 0.121591
v -0.081684 0.004910 0.131115
v -0.076625 0.002940 0.127774
v -0.067687 0.005170 0.114157
v -0.091109 0.024316 0.110120
v -0.072532 0.023277 0.116823
v -0.097696 0.009647 0.129093
v -0.081906 0.010041 0.135612
v -0.074367 0.010879 0.131370
v -0.100537 0.010867 0.121358
v -0.092781 0.012928 0.105621
v -0.066222 0.014458 0.116873
v -0.097851 0.012635 0.112850
v -0.068852 0.012675 0.124628
v -0.070108 0.024905 0.110435
v -0.065810 0.007680 0.106834
v -0.088137 0.026871 0.105540
v -0.082504 0.006138 0.099503
v -0.087010 0.014777 0.101828
v -0.064783 0.016240 0.109547
v -0.090222 0.009575 0.133304
v -0.087644 0.004079 0.128802
v -0.076678 0.002836 0.109367
v -0.084606 0.000954 0.123426
v -0.081144 0.001322 0.116934
v -0.082090 0.026569 0.114676
v -0.084624 0.022708 0.120243
v -0.088465 0.020819 0.127465
v -0.091745 0.018119 0.135115
v -0.079539 0.029859 0.109272
v -0.073346 0.005104 0.102479
v -0.106777 0.003259 0.105662
v -0.108755 0.019996 0.109260
v -0.110252 0.017896 0.114454
v -0.104176 0.005181 0.099427
v -0.108263 0.003530 0.112603
v -0.107990 0.005512 0.117662
v -0.093063 0.018563 0.114405
v -0.095980 0.017836 0.120488
v -0.099233 0.016856 0.125410
v -0.110465 0.015837 0.119543
v -0.090908 0.004345 0.112077
v -0.098594 0.006097 0.121942
v -0.094826 0.004149 0.118294
v -0.088608 0.006754 0.105716
v -0.107138 0.022566 0.104113
v -0.090891 0.020970 0.108803
v -0.110668 0.010054 0.119077
v -0.097979 0.010851 0.125609
v -0.091894 0.011045 0.121627
v -0.113189 0.010281 0.112474
v -0.109263 0.013466 0.100154
v -0.086703 0.014149 0.108316
v -0.112051 0.011566 0.105941
v -0.087962 0.011993 0.115184
v -0.090245 0.024144 0.102642
v -0.087865 0.008235 0.099426
v -0.105348 0.025730 0.098045
v -0.101285 0.006864 0.093329
v -0.106587 0.015232 0.095269
v -0.088051 0.015946 0.102100
v -0.105089 0.010420 0.123722
v -0.103546 0.004840 0.120325
v -0.095784 0.002890 0.102014
v -0.101209 0.001154 0.114863
v -0.098233 0.000128 0.108164
v -0.099150 0.024957 0.107665
v -0.100989 0.022114 0.112501
v -0.103278 0.020194 0.117667
v -0.105760 0.017487 0.123916
v -0.097606 0.027817 0.101280
v -0.093692 0.005939 0.096038
v -0.082524 0.001573 0.075192
v -0.090211 0.004102 0.089940
v -0.077959 0.002530 0.064369
v -0.118868 0.002478 0.096127
v -0.120930 0.016879 0.100151
v -0.121695 0.015166 0.104646
v -0.117546 0.004379 0.090701
v -0.119179 0.003137 0.101543
v -0.118638 0.004845 0.105429
v -0.108732 0.016027 0.102693
v -0.110199 0.014375 0.107541
v -0.112066 0.012977 0.111316
v -0.121247 0.012858 0.108208
v -0.105457 0.004370 0.099900
v -0.110905 0.004891 0.108586
v -0.107978 0.003769 0.105220
v -0.103957 0.006438 0.094636
v -0.119950 0.019080 0.094718
v -0.107716 0.018910 0.097788
v -0.120972 0.008487 0.107151
v -0.110700 0.008743 0.111170
v -0.106746 0.009643 0.107124
v -0.123480 0.009063 0.102449
v -0.122830 0.011430 0.091483
v -0.103630 0.013037 0.096613
v -0.123831 0.009904 0.097230
v -0.104689 0.010916 0.101839
v -0.107099 0.023657 0.093189
v -0.103484 0.008051 0.089956
v -0.118337 0.022965 0.088147
v -0.115337 0.006509 0.084784
v -0.120607 0.013608 0.086510
v -0.104068 0.015205 0.092650
v -0.116466 0.008091 0.110668
v -0.114931 0.003784 0.107437
v -0.109728 0.003036 0.092234
v -0.113070 0.000611 0.102836
v -0.111077 0.000000 0.097294
v -0.113732 0.021735 0.097670
v -0.114642 0.018562 0.102644
v -0.115905 0.016226 0.106922
v -0.117189 0.013430 0.111249
v -0.112637 0.025900 0.091347
v -0.108296 0.005926 0.086980
v -0.127786 0.002067 0.082501
v -0.130243 0.013991 0.085625
v -0.131124 0.012742 0.090043
v -0.126342 0.003790 0.077748
v -0.127996 0.002687 0.087380
v -0.127508 0.004289 0.090536
v -0.119505 0.015357 0.089423
v -0.120756 0.013786 0.093341
v -0.122530 0.012017 0.096194
v -0.130684 0.010968 0.093453
v -0.117094 0.005107 0.086517
v -0.121204 0.005267 0.093011
v -0.118924 0.004646 0.090544
v -0.115743 0.006312 0.082342
v -0.128482 0.015764 0.081242
v -0.118257 0.018203 0.085726
v -0.129927 0.007071 0.092159
v -0.121337 0.008366 0.095266
v -0.118103 0.009414 0.092426
v -0.132360 0.007180 0.087976
v -0.130128 0.009676 0.078408
v -0.114737 0.012780 0.084467
v -0.132538 0.007968 0.082878
v -0.116378 0.010688 0.088416
v -0.118061 0.021573 0.081545
v -0.115399 0.006869 0.078845
v -0.127232 0.019393 0.076205
v -0.124341 0.005497 0.073017
v -0.127440 0.011795 0.075054
v -0.115105 0.014929 0.080443
v -0.125919 0.007433 0.094698
v -0.124282 0.004083 0.092048
v -0.120195 0.002984 0.079741
v -0.122701 0.001932 0.088636
v -0.121306 0.001550 0.084255
v -0.124072 0.019044 0.084542
v -0.125051 0.016256 0.088495
v -0.126077 0.014560 0.092363
v -0.127103 0.012006 0.096050
v -0.123261 0.022764 0.079474
v -0.119071 0.004518 0.075292
v -0.135649 0.002698 0.072294
v -0.137210 0.014036 0.074858
v -0.137417 0.012303 0.078457
v -0.134876 0.004342 0.067904
v -0.135624 0.002824 0.076799
v -0.135089 0.004055 0.079800
v -0.128019 0.014737 0.077751
v -0.129173 0.013073 0.080687
v -0.130577 0.011398 0.083054
v -0.136952 0.010524 0.081332
v -0.125538 0.004609 0.075452
v -0.129598 0.005147 0.081242
v -0.127522 0.004348 0.078988
v -0.124337 0.005734 0.071824
v -0.136558 0.015670 0.070775
v -0.127118 0.017283 0.074878
v -0.136809 0.006906 0.081047
v -0.129518 0.008241 0.082884
v -0.126615 0.009270 0.080483
v -0.138540 0.007478 0.077352
v -0.138364 0.009974 0.068352
v -0.123650 0.012551 0.074156
v -0.139084 0.008625 0.073000
v -0.124789 0.010589 0.077403
v -0.128175 0.020002 0.071372
v -0.125050 0.005513 0.068590
v -0.135570 0.016988 0.065439
v -0.133457 0.005709 0.063487
v -0.136666 0.010942 0.063198
v -0.125242 0.013747 0.071049
v -0.133419 0.007148 0.083026
v -0.132341 0.003795 0.080849
v -0.129092 0.002701 0.069369
v -0.131092 0.001359 0.077495
v -0.129833 0.000845 0.073256
v -0.132081 0.017972 0.073262
v -0.132666 0.015665 0.076601
v -0.133429 0.013808 0.079700
v -0.134096 0.011299 0.083047
v -0.131980 0.020440 0.068439
v -0.128520 0.004136 0.065697
v -0.086339 0.042803 0.066234
v -0.089910 0.040175 0.076640
v -0.095877 0.032924 0.094004
v -0.106019 0.037878 0.066572
v -0.111075 0.030822 0.083643
v -0.102209 0.041520 0.057399
v -0.115604 0.037679 0.048272
v -0.119200 0.034069 0.056548
v -0.122874 0.026345 0.072378
v -0.122471 0.001843 0.048673
v -0.119837 0.002109 0.039451
v -0.127010 0.003653 0.061238
v -0.106686 0.001687 0.047419
v -0.110544 0.001337 0.057078
v -0.116958 0.003262 0.070353
v -0.093274 0.001962 0.056001
v -0.097807 0.001161 0.066270
v -0.105373 0.003893 0.080908
v -0.086652 0.016948 0.100338
v -0.084960 0.009622 0.098195
v -0.088782 0.025436 0.103863
v -0.105963 0.024784 0.094558
v -0.104087 0.016483 0.093233
v -0.102130 0.009101 0.090862
v -0.117902 0.022411 0.084256
v -0.116760 0.015179 0.084007
v -0.115259 0.008275 0.081487
v -0.127709 0.018750 0.072892
v -0.126462 0.012630 0.072749
v -0.125442 0.006277 0.070483
v -0.074852 0.056835 0.025904
v -0.079937 0.050704 0.045971
v -0.071273 0.065844 0.007232
v -0.083045 0.046707 0.055977
v -0.089149 0.057579 0.021284
v -0.095400 0.050208 0.039287
v -0.098670 0.045862 0.048319
v -0.083707 0.066360 0.004700
v -0.067696 0.042301 -0.073565
v -0.060217 0.043645 -0.075765
v -0.073928 0.041116 -0.069207
v -0.100699 0.051801 0.014128
v -0.079992 0.040359 -0.064506
v -0.111804 0.041175 0.039836
v -0.108175 0.044749 0.031277
v -0.093375 0.061743 -0.001833
v -0.064845 0.009180 0.022008
v -0.059290 0.010776 0.003025
v -0.070206 0.004828 0.042113
v -0.048709 0.010491 -0.028702
v -0.052827 0.011283 -0.017381
v -0.056275 0.011196 -0.006696
v -0.044246 0.009317 -0.039618
v -0.073741 0.003657 0.053034
v -0.067270 0.008276 -0.023421
v -0.070766 0.008514 -0.012802
v -0.058973 0.005812 -0.045507
v -0.085593 0.004088 0.035376
v -0.063265 0.007290 -0.034548
v -0.079524 0.006503 0.016040
v -0.089148 0.003002 0.045482
v -0.073782 0.007963 -0.002927
v -0.088261 0.004599 -0.009275
v -0.085456 0.004556 -0.018975
v -0.099856 0.003042 0.028006
v -0.082503 0.004299 -0.029119
v -0.103092 0.002280 0.037547
v -0.079308 0.003871 -0.039599
v -0.093880 0.003666 0.009364
v -0.075905 0.003049 -0.050141
v -0.108956 0.006419 0.002479
v -0.090229 0.011321 -0.054226
v -0.100248 0.010150 -0.024739
v -0.096853 0.010836 -0.034314
v -0.093460 0.011064 -0.044118
v -0.117199 0.002473 0.029802
v -0.114637 0.003216 0.020387
v -0.102962 0.009423 -0.015273
v -0.035409 0.037547 -0.067242
v -0.039041 0.047296 -0.064741
v -0.080588 0.004372 -0.062917
v -0.085854 0.012041 -0.063911
v -0.071943 0.002777 -0.060282
v -0.063173 0.003194 -0.058182
v -0.054693 0.004425 -0.055846
v -0.047006 0.005977 -0.052940
v -0.073612 0.031633 -0.072296
v -0.058447 0.033723 -0.078625
v -0.066629 0.032611 -0.076591
v -0.034510 0.013771 -0.046392
v -0.039792 0.008222 -0.049476
v -0.036590 0.009212 -0.058063
v -0.032646 0.014624 -0.054752
v -0.049831 0.034847 -0.077233
v -0.052141 0.044966 -0.074737
v -0.080307 0.050512 -0.062307
v -0.062003 0.053510 -0.072198
v -0.068779 0.052276 -0.070466
v -0.074603 0.051194 -0.066578
v -0.041946 0.036105 -0.073168
v -0.044849 0.046168 -0.070707
v -0.032311 0.038261 -0.059050
v -0.036037 0.047779 -0.056987
v -0.073348 0.022822 -0.074824
v -0.042991 0.056908 -0.062343
v -0.054849 0.054786 -0.071274
v -0.048248 0.055964 -0.067814
v -0.039828 0.057382 -0.055350
v -0.065674 0.023395 -0.078393
v -0.030221 0.028960 -0.060508
v -0.033161 0.027862 -0.068548
v -0.072497 0.014914 -0.075708
v -0.065021 0.015041 -0.078410
v -0.030657 0.020896 -0.060722
v -0.032987 0.019091 -0.067753
v -0.070745 0.010076 -0.073907
v -0.065144 0.008685 -0.075024
v -0.032545 0.015964 -0.060104
v -0.034607 0.012733 -0.064320
v -0.057025 0.024097 -0.079642
v -0.048159 0.024969 -0.078112
v -0.039914 0.026208 -0.074288
v -0.056380 0.015315 -0.078764
v -0.047335 0.015742 -0.077351
v -0.038972 0.016904 -0.073611
v -0.057034 0.008471 -0.074619
v -0.048510 0.008965 -0.072494
v -0.040528 0.010012 -0.068995
v -0.076503 0.093651 -0.019696
v -0.072711 0.093948 -0.019235
v -0.080083 0.093219 -0.020942
v -0.083385 0.092656 -0.023012
v -0.086378 0.092003 -0.025959
v -0.088975 0.091330 -0.029824
v -0.090968 0.090722 -0.034583
v -0.092293 0.090251 -0.040037
v -0.092794 0.089930 -0.045935
v -0.092025 0.089769 -0.051974
v -0.089461 0.089762 -0.057567
v -0.085255 0.089916 -0.061992
v -0.080096 0.090241 -0.065003
v -0.074574 0.090696 -0.066877
v -0.068872 0.091266 -0.066978
v -0.063415 0.091865 -0.065653
v -0.058275 0.092460 -0.063405
v -0.053714 0.093033 -0.060014
v -0.049652 0.093606 -0.055877
v -0.045520 0.094256 -0.051429
v -0.042561 0.094989 -0.045664
v -0.042512 0.095483 -0.038872
v -0.045401 0.095464 -0.032828
v -0.049892 0.095091 -0.028379
v -0.054833 0.094668 -0.025154
v -0.059667 0.094383 -0.022601
v -0.064276 0.094241 -0.020685
v -0.068631 0.094161 -0.019465
v -0.074858 0.078847 -0.008431
v -0.079521 0.078618 -0.009249
v -0.083836 0.077812 -0.011098
v -0.087361 0.076260 -0.014174
v -0.090010 0.074331 -0.018345
v -0.091016 0.072283 -0.023713
v -0.090767 0.070989 -0.029969
v -0.090868 0.070438 -0.036775
v -0.092661 0.070107 -0.043825
v -0.093242 0.069904 -0.051359
v -0.089438 0.070157 -0.057861
v -0.083443 0.070769 -0.061664
v -0.077509 0.071446 -0.064492
v -0.071785 0.072215 -0.067080
v -0.065718 0.073093 -0.067840
v -0.059737 0.073949 -0.066687
v -0.054193 0.074747 -0.064003
v -0.049572 0.075365 -0.059732
v -0.046222 0.075764 -0.054265
v -0.043396 0.076169 -0.048373
v -0.041050 0.076548 -0.041881
v -0.041191 0.076798 -0.034546
v -0.044991 0.076677 -0.028201
v -0.049781 0.076255 -0.022936
v -0.054559 0.076120 -0.017892
v -0.059407 0.076644 -0.013350
v -0.064605 0.077640 -0.010271
v -0.069846 0.078525 -0.008671
v -0.076258 0.072682 -0.001167
v -0.081602 0.072270 -0.002539
v -0.086346 0.070983 -0.004927
v -0.090382 0.068801 -0.008418
v -0.093559 0.065833 -0.013170
v -0.094946 0.062535 -0.019548
v -0.093688 0.060766 -0.027220
v -0.091170 0.060016 -0.034875
v -0.090192 0.059982 -0.042739
v -0.090833 0.059931 -0.050517
v -0.087068 0.060218 -0.056809
v -0.081518 0.060689 -0.061214
v -0.075825 0.061318 -0.064945
v -0.070145 0.062262 -0.068243
v -0.063853 0.063379 -0.069435
v -0.057431 0.064506 -0.068463
v -0.051435 0.065533 -0.065511
v -0.046579 0.066289 -0.060664
v -0.043325 0.066723 -0.054486
v -0.041098 0.067082 -0.047741
v -0.040085 0.067320 -0.040458
v -0.041069 0.067374 -0.032853
v -0.043760 0.067336 -0.025442
v -0.047813 0.067179 -0.018589
v -0.052538 0.067228 -0.011985
v -0.057888 0.068153 -0.005910
v -0.064124 0.070338 -0.002402
v -0.070355 0.072096 -0.000981
v -0.077636 0.085290 -0.015620
v -0.081329 0.084765 -0.017028
v -0.084603 0.083936 -0.019402
v -0.087274 0.082877 -0.022829
v -0.089209 0.081815 -0.027285
v -0.090659 0.081019 -0.032602
v -0.092177 0.080503 -0.038516
v -0.093740 0.080188 -0.044961
v -0.093155 0.080064 -0.051815
v -0.089830 0.080151 -0.057877
v -0.084647 0.080481 -0.062058
v -0.078905 0.081003 -0.064680
v -0.073215 0.081607 -0.066699
v -0.067355 0.082295 -0.066984
v -0.061713 0.082980 -0.065705
v -0.056453 0.083645 -0.063253
v -0.051932 0.084216 -0.059457
v -0.048230 0.084711 -0.054700
v -0.044210 0.085279 -0.049842
v -0.040552 0.085885 -0.043848
v -0.040445 0.086360 -0.036270
v -0.044652 0.086240 -0.030115
v -0.050202 0.085647 -0.026133
v -0.055452 0.085129 -0.022690
v -0.060310 0.084993 -0.019483
v -0.064959 0.085200 -0.017012
v -0.069422 0.085490 -0.015491
v -0.073688 0.085464 -0.015191
v -0.075877 0.102703 -0.021816
v -0.090875 0.100207 -0.036141
v -0.092160 0.099770 -0.041218
v -0.092314 0.099438 -0.046659
v -0.085817 0.099205 -0.061870
v -0.081285 0.099390 -0.065312
v -0.064924 0.100730 -0.066534
v -0.059726 0.101282 -0.064533
v -0.044781 0.103780 -0.047587
v -0.044611 0.104247 -0.041474
v -0.046661 0.104356 -0.035781
v -0.050107 0.104210 -0.031069
v -0.058801 0.103717 -0.024648
v -0.059125 0.007888 0.034294
v -0.054533 0.039647 0.039998
v -0.049573 0.031145 0.039974
v -0.084958 0.054677 0.033333
v -0.115789 0.029384 0.012363
v -0.116636 0.021104 0.010674
v -0.113328 0.036984 0.015129
v -0.115821 0.012623 0.010096
v -0.061477 0.046230 0.039112
v -0.047667 0.021398 0.038839
v -0.098700 0.051686 0.026539
v -0.104079 0.003043 0.015050
v -0.075042 0.006273 0.028872
v -0.069142 0.051126 0.037796
v -0.051041 0.012194 0.036675
v -0.109566 0.043418 0.018704
v -0.089692 0.004546 0.022171
v -0.077186 0.053769 0.035855
v -0.092209 0.053960 0.030190
v -0.104520 0.048232 0.022646
v -0.067344 0.006953 0.031806
v -0.082463 0.005470 0.025612
v -0.096818 0.003530 0.018645
v -0.111812 0.004810 0.011378
v -0.054611 0.012108 0.014980
v -0.105148 0.044566 -0.002884
v -0.107599 0.035395 -0.005420
v -0.048042 0.017421 0.017185
v -0.101506 0.051420 0.001556
v -0.065613 0.057351 0.016612
v -0.108408 0.025913 -0.006548
v -0.098685 0.003822 -0.003296
v -0.069438 0.008791 0.009631
v -0.079872 0.062116 0.015038
v -0.051036 0.044889 0.018290
v -0.045543 0.026211 0.018567
v -0.046578 0.035799 0.018997
v -0.091849 0.059344 0.009599
v -0.058046 0.052216 0.016882
v -0.107691 0.016944 -0.006731
v -0.083798 0.005539 0.003377
v -0.072876 0.060691 0.016281
v -0.086277 0.061522 0.012722
v -0.096881 0.056039 0.005886
v -0.062154 0.010278 0.012447
v -0.076627 0.007154 0.006575
v -0.091037 0.004108 0.000101
v -0.105723 0.008269 -0.006217
v -0.102313 0.035467 0.081776
v -0.062872 0.029543 0.096148
v -0.131239 0.024307 0.054798
v -0.059162 0.018866 0.095907
v -0.130349 0.004656 0.051740
v -0.072649 0.035435 0.094113
v -0.119778 0.002470 0.060827
v -0.116086 0.031302 0.071159
v -0.108814 0.002039 0.070345
v -0.068305 0.001606 0.090850
v -0.095229 0.002204 0.079927
v -0.078406 0.001834 0.088066
v -0.084077 0.036536 0.091881
v -0.127472 0.027305 0.060700
v -0.133622 0.018719 0.051527
v -0.133908 0.011298 0.050289
v -0.060326 0.007801 0.094374
v -0.086371 0.002244 0.083060
v -0.093268 0.037226 0.085841
v -0.109100 0.034079 0.075193
v -0.121816 0.030114 0.064527
v -0.124609 0.002428 0.055394
v -0.113908 0.002002 0.064408
v -0.101744 0.001772 0.074101
v -0.089642 0.031707 0.097558
v -0.084108 0.033330 0.100993
v -0.106719 0.030972 0.087678
v -0.102161 0.031475 0.091122
v -0.115585 0.028687 0.080857
v -0.118958 0.026889 0.076676
v -0.126416 0.024169 0.069604
v -0.129738 0.023448 0.065915
v -0.078303 0.004889 0.094344
v -0.084927 0.004143 0.093441
v -0.096513 0.004490 0.087607
v -0.101101 0.004327 0.084670
v -0.110461 0.004669 0.078376
v -0.113752 0.003585 0.074449
v -0.120889 0.004080 0.067726
v -0.123841 0.004052 0.064687
s 0
f 66 72 13 14
f 72 78 11 13
f 78 84 10 11
f 196 195 6 5
f 84 90 9 10
f 195 130 2 6
f 90 96 8 9
f 96 125 7 8
f 125 140 2 7
f 198 3 1 3774
f 1118 206 205 1117
f 1124 223 212 1123
f 1113 202 206 1118
f 1117 205 211 1122
f 1122 211 223 1124
f 1123 212 201 1114
f 50 51 54 56
f 46 47 59 60
f 48 49 57 58
f 51 52 53 54
f 47 48 58 59
f 49 50 56 57
f 123 122 39 45
f 41 35 34 40
f 42 36 35 41
f 44 38 37 43
f 43 37 36 42
f 45 39 38 44
f 122 110 109 39
f 35 105 104 34
f 36 106 105 35
f 38 108 107 37
f 108 109 225 220
f 104 105 216 210
f 37 107 106 36
f 106 107 226 218
f 39 109 108 38
f 109 110 224 225
f 105 106 218 216
f 107 108 220 226
f 28 51 50 29
f 32 47 46 33
f 30 49 48 31
f 121 52 51 28
f 32 31 48 47
f 30 29 50 49
f 54 45 44 56
f 59 41 40 60
f 57 43 42 58
f 55 27 121 28
f 53 123 45 54
f 59 58 42 41
f 57 56 44 43
f 64 70 69 63
f 70 76 75 69
f 76 82 81 75
f 82 88 87 81
f 88 94 93 87
f 94 61 124 93
f 65 71 70 64
f 71 77 76 70
f 77 83 82 76
f 83 89 88 82
f 89 95 94 88
f 95 62 61 94
f 14 13 71 65
f 13 11 77 71
f 11 10 83 77
f 10 9 89 83
f 9 8 95 89
f 8 7 62 95
f 67 73 72 66
f 73 79 78 72
f 79 85 84 78
f 85 91 90 84
f 91 97 96 90
f 97 126 125 96
f 68 74 73 67
f 74 80 79 73
f 80 86 85 79
f 86 92 91 85
f 92 98 97 91
f 98 127 126 97
f 22 23 74 68
f 23 20 80 74
f 20 24 86 80
f 24 25 92 86
f 25 21 98 92
f 21 26 127 98
f 99 55 28 29
f 100 99 29 30
f 101 100 30 31
f 102 101 31 32
f 103 102 32 33
f 102 103 63 69
f 101 102 69 75
f 100 101 75 81
f 99 100 81 87
f 55 99 87 93
f 27 55 93 124
f 21 112 132 26
f 24 115 116 25
f 20 111 115 24
f 22 113 114 23
f 25 116 112 21
f 23 114 111 20
f 1114 201 208 1119
f 123 118 117 122
f 122 117 131 110
f 53 119 118 123
f 121 120 138 52
f 27 139 120 121
f 110 131 214 224
f 52 138 119 53
f 124 142 139 27
f 26 134 128 127
f 127 128 129 126
f 126 129 140 125
f 7 2 130 62
f 62 130 141 61
f 61 141 142 124
f 26 132 144 134
f 1119 208 203 1115
f 1115 203 222 1125
f 1125 222 207 1120
f 1120 207 209 1121
f 1121 209 204 1116
f 131 117 167 166
f 117 118 168 167
f 137 146 15 3201
f 136 147 146 137
f 135 145 147 136
f 133 143 145 135
f 134 144 143 133
f 133 135 149 148
f 135 136 150 149
f 136 137 151 150
f 149 150 153 154
f 148 149 154 155
f 150 151 152 153
f 154 153 158 157
f 155 154 157 159
f 153 152 156 158
f 128 134 133 148
f 129 128 148 155
f 140 129 155 159
f 167 168 173 172
f 214 131 166 217
f 142 141 164 161
f 120 139 160 162
f 138 120 162 165
f 119 138 165 163
f 139 142 161 160
f 141 130 195 164
f 118 119 163 168
f 166 167 172 177
f 172 173 182 181
f 217 166 177 221
f 161 164 170 175
f 162 160 174 169
f 165 162 169 171
f 163 165 171 176
f 160 161 175 174
f 164 195 196 170
f 168 163 176 173
f 177 172 181 186
f 181 182 191 190
f 221 177 186 219
f 175 170 179 184
f 169 174 183 178
f 171 169 178 180
f 176 171 180 185
f 174 175 184 183
f 170 196 197 179
f 173 176 185 182
f 186 181 190 200
f 191 12 19 190
f 219 186 200 213
f 184 179 188 193
f 178 183 192 187
f 180 178 187 189
f 185 180 189 194
f 183 184 193 192
f 179 197 198 188
f 182 185 194 191
f 200 190 19 3722
f 6 2 140 159
f 5 6 159 157
f 4 5 157 158
f 3 4 158 156
f 16 3773 192 193
f 17 16 193 188
f 3774 17 188 198
f 189 187 3401 3402
f 187 192 3773 3401
f 3 156 18 1
f 156 152 199 18
f 152 151 3720 199
f 3720 151 137 3201
f 191 194 3775 12
f 3775 194 189 3402
f 213 200 3722 215
f 197 196 5 4
f 198 197 4 3
f 460 468 260 259
f 472 461 230 314
f 461 462 233 230
f 463 800 775 229
f 472 314 260 468
f 454 449 1041 1022
f 1035 423 427 1044
f 469 463 229 296
f 1027 424 426 1033
f 466 460 259 228
f 271 322 323 273
f 264 302 304 277
f 267 276 279 266
f 265 281 305 303
f 782 784 281 265
f 457 477 470 1036
f 270 280 274 269
f 264 277 783 781
f 779 249 247 778
f 301 250 245 298
f 321 251 243 320
f 254 253 248 244
f 252 321 320 242
f 300 256 240 299
f 251 257 241 243
f 250 255 246 245
f 253 252 242 248
f 256 780 777 240
f 786 785 292 294
f 281 784 780 256
f 280 273 252 253
f 278 275 255 250
f 279 276 257 251
f 305 281 256 300
f 274 280 253 254
f 323 279 251 321
f 304 278 250 301
f 464 263 258 467
f 478 466 228 446
f 471 288 403 473
f 475 422 262 465
f 470 261 263 464
f 236 237 272 268
f 776 238 264 781
f 232 774 782 265
f 234 231 267 266
f 297 236 268 302
f 235 239 270 269
f 319 234 266 322
f 239 227 271 270
f 313 254 244 312
f 318 292 785 789
f 423 425 284 283
f 427 423 283 324
f 289 291 287 286
f 227 456 458 319
f 474 801 1049 1040
f 317 289 286 325
f 476 434 288 471
f 435 436 291 289
f 293 318 789 790
f 1026 473 474 1040
f 1039 1050 786 294
f 1023 1048 436 284
f 1919 406 791 1917
f 1037 471 473 1026
f 438 435 289 317
f 286 292 318 325
f 268 278 304 302
f 315 316 275 272
f 295 232 265 303
f 231 295 303 267
f 783 277 249 779
f 277 304 301 249
f 257 300 299 241
f 249 301 298 247
f 462 469 296 233
f 1052 1021 309 787
f 290 285 307 306
f 798 454 1022 1051
f 1024 465 476 1047
f 473 403 408 474
f 433 290 306 437
f 424 282 308 426
f 788 787 309 310
f 266 279 323 322
f 267 303 305 276
f 238 297 302 264
f 276 305 300 257
f 315 269 274 316
f 459 457 1036 1043
f 1031 464 467 1029
f 272 275 278 268
f 255 313 312 246
f 524 526 753 751
f 424 427 324 282
f 290 317 325 285
f 433 438 317 290
f 237 311 315 272
f 275 316 313 255
f 788 310 293 790
f 285 325 318 293
f 723 807 793 407
f 607 589 365 400
f 590 591 375 378
f 592 593 380 372
f 616 595 371 491
f 596 597 382 364
f 609 599 373 443
f 606 590 378 401
f 614 601 370 482
f 601 594 367 370
f 818 592 372 813
f 615 602 376 492
f 721 381 603 725
f 646 600 374 634
f 602 605 379 376
f 604 588 369 366
f 716 596 364 711
f 474 408 792 801
f 377 443 434 262
f 608 598 377 432
f 479 628 677 673
f 370 367 386 388
f 376 379 397 394
f 711 364 383 712
f 372 380 398 390
f 443 373 288 434
f 634 374 392 635
f 482 370 388 484
f 378 375 258 263
f 491 371 389 493
f 364 382 399 383
f 492 376 394 494
f 813 372 390 814
f 432 377 262 422
f 401 378 263 261
f 310 307 285 293
f 1918 405 406 1919
f 599 603 381 373
f 374 401 261 392
f 600 606 401 374
f 588 607 400 369
f 403 404 407 408
f 624 623 769 770
f 721 724 421 381
f 726 720 361 664
f 1928 1927 409 410
f 447 673 677 627
f 388 386 412 414
f 402 384 411 416
f 484 388 414 486
f 387 402 416 413
f 493 389 415 495
f 387 385 366 369
f 402 387 369 400
f 384 402 400 365
f 387 413 417 385
f 410 409 418 419
f 1934 806 625 1932
f 420 368 419 418
f 1916 368 420 1920
f 722 404 421 724
f 288 373 381 421
f 375 432 422 258
f 591 608 432 375
f 453 451 1028 1034
f 283 435 438 324
f 451 459 1043 1028
f 449 453 1034 1041
f 1029 467 475 1045
f 467 258 422 475
f 598 609 443 377
f 282 324 438 433
f 282 433 437 308
f 1045 475 465 1024
f 283 284 436 435
f 465 262 434 476
f 701 700 440 335
f 702 701 335 429
f 1936 702 429 1930
f 385 417 622 618
f 417 444 620 622
f 617 621 796 797
f 621 619 795 796
f 234 319 458 450
f 450 458 459 451
f 458 456 457 459
f 472 468 235 311
f 232 295 448 455
f 455 448 449 454
f 470 477 392 261
f 477 478 446 392
f 231 234 450 452
f 452 450 451 453
f 295 231 452 448
f 448 452 453 449
f 774 232 455 799
f 799 455 454 798
f 1047 476 471 1037
f 1046 1023 284 425
f 1036 470 464 1031
f 553 526 524 555
f 297 469 462 236
f 722 723 407 404
f 1048 1038 291 436
f 586 805 791 406
f 1035 1032 425 423
f 1025 1039 294 287
f 1038 1025 287 291
f 227 466 478 456
f 1030 1046 425 1032
f 239 460 466 227
f 238 463 469 297
f 776 800 463 238
f 236 462 461 237
f 237 461 472 311
f 235 468 460 239
f 631 484 486 632
f 630 482 484 631
f 379 483 485 397
f 605 613 483 379
f 645 614 482 630
f 386 493 495 412
f 380 492 494 398
f 367 491 493 386
f 593 615 492 380
f 594 616 491 367
f 504 503 500 498
f 510 509 499 497
f 503 515 496 500
f 515 510 497 496
f 394 397 512 513
f 513 512 511 514
f 514 511 510 515
f 494 394 513 501
f 501 513 514 502
f 502 514 515 503
f 397 485 507 512
f 512 507 508 511
f 511 508 509 510
f 398 494 501 506
f 506 501 502 505
f 505 502 503 504
f 636 635 392 446
f 637 636 446 228
f 638 637 228 259
f 639 638 259 260
f 533 532 518 519
f 537 536 520 516
f 536 533 519 520
f 532 540 517 518
f 543 542 529 528
f 547 546 525 523
f 546 550 521 525
f 553 552 522 526
f 552 547 523 522
f 260 314 554 556
f 642 555 524 640
f 550 804 802 521
f 557 543 528 527
f 559 557 527 530
f 539 498 500 560
f 517 540 559 530
f 540 539 560 559
f 556 554 553 555
f 227 319 322 271
f 500 496 558 560
f 560 558 557 559
f 496 497 544 558
f 558 544 543 557
f 229 775 803 549
f 549 803 804 550
f 639 260 556 641
f 641 556 555 642
f 230 233 548 551
f 551 548 547 552
f 314 230 551 554
f 554 551 552 553
f 296 229 549 545
f 545 549 550 546
f 233 296 545 548
f 548 545 546 547
f 497 499 541 544
f 544 541 542 543
f 504 498 539 531
f 531 539 540 532
f 506 505 534 535
f 535 534 533 536
f 398 506 535 538
f 538 535 536 537
f 505 504 531 534
f 534 531 532 533
f 390 398 538 561
f 814 390 561 815
f 383 399 562 563
f 713 712 383 563
f 413 416 569 566
f 563 562 573 574
f 486 414 567 570
f 495 415 568 571
f 414 412 565 567
f 632 486 570 643
f 713 563 574 714
f 416 411 564 569
f 815 561 572 816
f 412 495 571 565
f 816 572 583 817
f 569 564 575 580
f 565 571 582 576
f 574 573 584 585
f 570 567 578 581
f 566 569 580 577
f 714 574 585 715
f 571 568 579 582
f 567 565 576 578
f 643 570 581 644
f 444 417 413 566
f 445 444 566 577
f 572 561 538 537
f 583 572 537 516
f 444 445 623 620
f 619 624 794 795
f 1027 1044 427 424
f 418 587 405 420
f 327 647 717 709
f 487 675 650 332
f 350 659 674 489
f 627 677 648 328
f 726 664 360 719
f 345 656 670 441
f 428 669 651 334
f 352 660 668 430
f 391 667 652 336
f 354 661 666 393
f 647 665 363 326
f 404 403 288 421
f 592 818 820 680
f 819 655 342 812
f 489 674 663 358
f 480 672 662 356
f 348 658 661 354
f 441 670 660 352
f 356 662 659 350
f 430 668 658 348
f 393 666 657 346
f 358 663 655 343
f 340 654 675 487
f 338 653 673 447
f 336 652 649 330
f 334 651 671 439
f 650 653 338 332
f 1929 1935 669 428
f 328 648 667 391
f 705 615 593 688
f 686 708 645 589
f 600 646 707 684
f 1936 695 604 1931
f 1928 410 612 1931
f 701 702 612 611
f 410 419 611 612
f 700 701 611 610
f 419 368 610 611
f 1912 725 727 1913
f 698 608 591 687
f 697 607 588 678
f 696 606 600 684
f 598 608 698 683
f 689 718 716 595
f 727 725 603 694
f 605 602 693 685
f 703 707 646 613
f 596 716 718 682
f 690 820 818 597
f 694 603 599 691
f 692 601 614 704
f 590 606 696 679
f 691 599 609 699
f 690 597 596 682
f 689 595 616 706
f 688 593 592 680
f 687 591 590 679
f 686 589 607 697
f 704 614 645 708
f 1927 385 618 1933
f 587 418 409 626
f 587 586 406 405
f 620 623 624 619
f 622 620 619 621
f 1933 1932 625 626
f 618 622 621 617
f 626 625 586 587
f 625 806 805 586
f 650 333 339 653
f 1935 1930 429 669
f 648 329 395 667
f 717 710 341 654
f 709 717 654 340
f 347 633 676 657
f 346 657 676 629
f 693 602 615 705
f 703 613 605 685
f 564 643 644 575
f 411 632 643 564
f 541 641 642 542
f 499 639 641 541
f 542 642 640 529
f 499 509 638 639
f 509 508 637 638
f 508 507 636 637
f 507 485 635 636
f 589 645 630 365
f 365 630 631 384
f 384 631 632 411
f 483 634 635 485
f 613 646 634 483
f 651 335 440 671
f 652 337 331 649
f 653 339 479 673
f 654 341 488 675
f 663 359 342 655
f 666 396 347 657
f 668 431 349 658
f 662 357 351 659
f 670 442 353 660
f 658 349 355 661
f 672 481 357 662
f 674 490 359 663
f 629 676 672 480
f 656 345 360 664
f 819 811 343 655
f 647 327 362 665
f 661 355 396 666
f 667 395 337 652
f 660 353 431 668
f 669 429 335 651
f 656 344 442 670
f 676 633 481 672
f 677 628 329 648
f 659 351 490 674
f 675 488 333 650
f 361 720 727 694
f 242 320 740 730
f 329 628 708 686
f 481 633 707 703
f 395 329 686 697
f 355 349 687 679
f 342 359 688 680
f 488 341 689 706
f 326 363 690 682
f 442 344 691 699
f 396 355 679 696
f 479 339 692 704
f 339 333 681 692
f 812 342 680 820
f 490 351 693 705
f 633 347 684 707
f 351 357 685 693
f 331 337 678 695
f 710 326 682 718
f 431 353 683 698
f 347 396 696 684
f 337 395 697 678
f 349 431 698 687
f 353 442 699 683
f 357 481 703 685
f 628 479 704 708
f 359 490 705 688
f 333 488 706 681
f 341 710 718 689
f 647 326 710 717
f 1914 1921 726 719
f 588 604 695 678
f 568 714 715 579
f 415 713 714 568
f 415 389 712 713
f 371 711 712 389
f 595 716 711 371
f 699 609 598 683
f 363 665 819 812
f 1915 720 726 1921
f 1916 721 725 1912
f 1913 727 720 1915
f 1918 722 724 1920
f 312 244 732 739
f 247 298 737 735
f 241 299 738 729
f 246 312 739 734
f 320 243 731 740
f 245 246 734 733
f 273 323 321 252
f 778 247 735 809
f 244 248 736 732
f 298 245 733 737
f 243 241 729 731
f 299 240 728 738
f 240 777 808 728
f 248 242 730 736
f 575 644 772 758
f 623 445 741 769
f 576 582 765 759
f 577 580 763 760
f 525 521 747 752
f 578 576 759 761
f 522 523 749 748
f 580 575 758 763
f 521 802 750 747
f 640 524 751 771
f 581 578 761 764
f 794 624 770 810
f 526 522 748 753
f 582 579 762 765
f 408 407 793 792
f 523 525 752 749
f 817 583 766 821
f 516 520 746 742
f 715 585 768 773
f 585 584 767 768
f 518 517 743 744
f 445 577 760 741
f 644 581 764 772
f 579 715 773 762
f 519 518 744 745
f 528 529 756 755
f 520 519 745 746
f 583 516 742 766
f 527 528 755 754
f 530 527 754 757
f 517 530 757 743
f 529 640 771 756
f 316 274 254 313
f 286 287 294 292
f 273 280 270 271
f 344 361 694 691
f 235 269 315 311
f 584 817 821 767
f 363 812 820 690
f 344 656 664 361
f 362 811 819 665
f 594 601 692 681
f 573 816 817 584
f 562 815 816 573
f 399 814 815 562
f 382 813 814 399
f 597 818 813 382
f 456 478 477 457
f 706 616 594 681
f 772 764 829 835
f 768 767 831 832
f 759 765 830 824
f 770 769 833 834
f 762 773 836 827
f 760 763 828 825
f 773 768 832 836
f 741 760 825 822
f 761 759 824 826
f 763 758 823 828
f 810 770 834 837
f 764 761 826 829
f 769 741 822 833
f 765 762 827 830
f 758 772 835 823
f 870 871 843 846
f 872 873 848 852
f 873 874 847 848
f 875 876 851 839
f 871 872 852 843
f 877 870 846 840
f 878 879 841 838
f 879 880 844 841
f 881 882 850 853
f 883 877 840 842
f 884 878 838 849
f 880 875 839 844
f 876 885 845 851
f 885 883 842 845
f 882 884 849 850
f 886 887 861 867
f 887 888 858 861
f 889 890 865 866
f 891 892 859 862
f 893 894 864 868
f 894 895 863 864
f 896 886 867 855
f 892 893 868 859
f 897 891 862 856
f 898 899 857 854
f 899 900 860 857
f 901 889 866 869
f 888 897 856 858
f 890 898 854 865
f 900 896 855 860
f 834 833 884 882
f 829 826 883 885
f 835 829 885 876
f 828 823 875 880
f 833 822 878 884
f 826 824 877 883
f 837 834 882 881
f 825 828 880 879
f 822 825 879 878
f 824 830 870 877
f 827 836 872 871
f 823 835 876 875
f 832 831 874 873
f 836 832 873 872
f 830 827 871 870
f 844 839 896 900
f 849 838 898 890
f 842 840 897 888
f 853 850 889 901
f 841 844 900 899
f 838 841 899 898
f 840 846 891 897
f 843 852 893 892
f 839 851 886 896
f 848 847 895 894
f 852 848 894 893
f 846 843 892 891
f 850 849 890 889
f 845 842 888 887
f 851 845 887 886
f 931 930 903 904
f 930 932 902 903
f 939 954 955 947
f 945 940 939 947
f 936 952 953 944
f 942 937 936 944
f 935 933 906 907
f 933 934 905 906
f 2085 2084 908 915
f 2087 2086 912 914
f 2088 2087 914 917
f 2090 2089 913 911
f 2084 2090 911 908
f 2091 2085 915 916
f 2086 2092 910 912
f 2093 2091 916 918
f 2094 2088 917 909
f 2089 2094 909 913
f 911 913 924 922
f 954 953 1104 1105
f 908 911 922 919
f 916 915 926 927
f 918 916 927 929
f 913 909 920 924
f 909 917 928 920
f 915 908 919 926
f 1109 1110 932 930
f 1108 1109 930 931
f 949 948 931 904
f 1070 945 947 1069
f 1069 947 955 1072
f 2105 1073 965 2097
f 937 933 935 936
f 935 951 952 936
f 940 942 944 939
f 944 953 954 939
f 2102 963 964 2104
f 2104 964 962 2103
f 1299 1304 1308 1295
f 935 907 950 951
f 953 952 1103 1104
f 1077 1078 975 977
f 2095 2092 856 862
f 931 948 1111 1108
f 2083 2100 859 868
f 2101 2096 961 959
f 1074 1076 988 973
f 984 980 978 987
f 989 979 980 984
f 2098 2041 960 958
f 1082 1079 979 981
f 1079 1080 980 979
f 1081 1077 977 978
f 1080 1081 978 980
f 1316 1315 969 967
f 1317 1321 968 966
f 969 970 987 982
f 983 982 977 975
f 972 971 989 984
f 985 986 976 974
f 970 972 984 987
f 1311 1310 1297 1298
f 2102 2097 965 963
f 1319 1320 972 970
f 1320 1318 971 972
f 1315 1319 970 969
f 1318 1314 973 971
f 1322 1317 966 1074
f 989 988 981 979
f 2096 2103 962 961
f 1312 1305 1300 1303
f 1076 985 974 1075
f 966 968 986 985
f 967 969 982 983
f 1310 1304 1299 1297
f 987 978 977 982
f 973 988 989 971
f 1309 1311 1298 1296
f 743 757 993 990
f 745 744 991 992
f 744 743 990 991
f 990 993 997 994
f 992 991 995 996
f 991 990 994 995
f 986 968 996 995
f 976 986 995 994
f 998 976 994 997
f 755 756 1008 1007
f 753 748 1000 1005
f 752 747 999 1004
f 754 755 1007 1006
f 749 752 1004 1001
f 748 749 1001 1000
f 771 751 1003 1009
f 751 753 1005 1003
f 747 750 1002 999
f 756 771 1009 1008
f 1003 1005 1016 1014
f 999 1002 1013 1010
f 1009 1003 1014 1020
f 1007 1008 1019 1018
f 1005 1000 1011 1016
f 1004 999 1010 1015
f 1006 1007 1018 1017
f 1001 1004 1015 1012
f 1000 1001 1012 1011
f 1008 1009 1020 1019
f 993 757 754 1006
f 997 993 1006 1017
f 64 63 998 997
f 1054 1055 1028 1043
f 1056 1057 1022 1041
f 1058 1059 1036 1031
f 1055 1060 1034 1028
f 1061 1062 1024 1047
f 1063 1058 1031 1029
f 1064 1063 1029 1045
f 1057 1053 1051 1022
f 1060 1056 1041 1034
f 1059 1054 1043 1036
f 1062 1064 1045 1024
f 1065 1061 1047 1037
f 1066 1067 1040 1049
f 1067 1068 1026 1040
f 1068 1065 1037 1026
f 1025 1038 1065 1068
f 1039 1025 1068 1067
f 1050 1039 1067 1066
f 1038 1048 1061 1065
f 1023 1046 1064 1062
f 1035 1044 1054 1059
f 1033 1042 1056 1060
f 1021 1052 1053 1057
f 1046 1030 1063 1064
f 1030 1032 1058 1063
f 1048 1023 1062 1061
f 1027 1033 1060 1055
f 1032 1035 1059 1058
f 1042 1021 1057 1056
f 1044 1027 1055 1054
f 1096 1099 920 928
f 938 934 933 937
f 943 938 937 942
f 941 943 942 940
f 946 941 940 945
f 1071 946 945 1070
f 902 1071 1070 903
f 988 1076 1075 981
f 1314 1322 1074 973
f 1301 1306 1312 1303
f 966 985 1076 1074
f 2098 958 1073 2105
f 904 1069 1072 949
f 903 1070 1069 904
f 1083 1082 981 1075
f 1084 1083 1075 974
f 103 33 1083 1084
f 33 46 1082 1083
f 40 34 1081 1080
f 34 104 1077 1081
f 60 40 1080 1079
f 46 60 1079 1082
f 104 210 1078 1077
f 1084 974 976 998
f 103 1084 998 63
f 1095 1093 929 927
f 1094 1095 927 926
f 1092 1094 926 919
f 1097 1092 919 922
f 1098 1097 922 924
f 1099 1098 924 920
f 952 951 1101 1103
f 951 950 1102 1101
f 1107 1106 1089 1090
f 1106 1105 1088 1089
f 1105 1104 1087 1088
f 1104 1103 1086 1087
f 1103 1101 921 1086
f 1101 1102 1085 921
f 925 1107 1090 923
f 1091 923 1096 1100
f 1090 1089 1098 1099
f 1089 1088 1097 1098
f 1088 1087 1092 1097
f 1087 1086 1094 1092
f 1086 921 1095 1094
f 921 1085 1093 1095
f 923 1090 1099 1096
f 910 957 956 1091
f 912 910 1091 1100
f 949 1072 1107 925
f 955 954 1105 1106
f 1072 955 1106 1107
f 2083 2099 1109 1108
f 2099 2042 1110 1109
f 2095 862 859 2100
f 956 957 1111 948
f 956 948 949 925
f 1091 956 925 923
f 1112 1100 1096 928
f 1112 928 917 914
f 1100 1112 914 912
f 65 64 997 1017
f 14 65 1017 1018
f 66 14 1018 1019
f 67 66 1019 1020
f 68 67 1020 1014
f 22 68 1014 1016
f 146 1121 1116 15
f 147 1120 1121 146
f 145 1125 1120 147
f 143 1115 1125 145
f 144 1119 1115 143
f 132 1114 1119 144
f 112 1123 1114 132
f 115 1122 1124 116
f 111 1117 1122 115
f 113 1113 1118 114
f 116 1124 1123 112
f 114 1118 1117 111
f 1010 1013 202 1113
f 1015 1010 1113 113
f 1012 1015 113 22
f 1011 1012 22 1016
f 1126 1149 1148 1127
f 1140 1156 1155 1139
f 1127 1148 1133 1128
f 1127 1143 1142 1126
f 1141 1157 1156 1140
f 1128 1144 1143 1127
f 1135 1151 1150 1134
f 2044 2047 1157 1141
f 1129 1145 1144 1128
f 1136 1152 1151 1135
f 1130 1146 1145 1129
f 1233 1234 1152 1136
f 1131 1147 1146 1130
f 2044 2045 1149 1126
f 1158 1129 1128 1133
f 2043 2046 1153 1137
f 1159 1130 1129 1158
f 1160 1131 1130 1159
f 1140 1161 1132 1141
f 1139 1162 1161 1140
f 1138 1163 1162 1139
f 2043 2048 1163 1138
f 1224 1226 1164 1137
f 1135 1166 1165 1136
f 1134 1167 1166 1135
f 2046 2049 1177 1153
f 1147 1173 1172 1146
f 1155 1179 1178 1154
f 1156 1180 1179 1155
f 1157 1181 1180 1156
f 1143 1169 1168 1142
f 1151 1175 1174 1150
f 1144 1170 1169 1143
f 2047 2050 1181 1157
f 1152 1176 1175 1151
f 1145 1171 1170 1144
f 1234 1236 1176 1152
f 1146 1172 1171 1145
f 1174 1183 1182 1150
f 2052 1186 1201 2060
f 1183 1197 1195 1182
f 1147 1184 1185 1173
f 1203 1199 1187 1190
f 2052 2051 1187 1186
f 1191 1189 1198 1202
f 1204 1203 1190 1192
f 2057 1188 1189 2053
f 1213 1185 1196 1218
f 2058 1190 1187 2051
f 1201 1186 1187 1199
f 1188 1200 1198 1189
f 1215 1172 1173 1212
f 2059 1192 1190 2058
f 1193 1191 1202 1205
f 1181 1206 1208 1180
f 1217 1171 1172 1215
f 1194 1195 1197 1196
f 2056 2060 1201 1200
f 1199 1198 1200 1201
f 1198 1199 1203 1202
f 1202 1203 1204 1205
f 1196 1185 1184 1194
f 1229 1209 1208 1228
f 1230 1207 1209 1229
f 1227 1177 1221 1232
f 1209 1179 1180 1208
f 1207 1178 1179 1209
f 1240 1193 1205 1237
f 1220 1222 1168 1169
f 1196 1197 1219 1218
f 2055 1217 1215 2054
f 1176 1216 1214 1175
f 2054 1215 1212 2053
f 1175 1214 1210 1174
f 2057 1213 1218 2056
f 1185 1213 1212 1173
f 1183 1174 1210 1211
f 1183 1211 1219 1197
f 2061 1206 1181 2050
f 2049 1178 1207 2062
f 2064 2059 1216 1241
f 1223 1220 1169 1170
f 1223 1170 1171 1217
f 2062 2063 1232 1221
f 1206 1231 1228 1208
f 1236 1227 1232 1241
f 1239 1230 1229 1238
f 1238 1229 1228 1237
f 1153 1177 1227 1225
f 1233 1235 1226 1224
f 1138 1139 1155 1154
f 1136 1165 1235 1233
f 1204 1238 1237 1205
f 1192 1239 1238 1204
f 1176 1236 1241 1216
f 2063 2064 1241 1232
f 1231 1240 1237 1228
f 1225 1227 1236 1234
f 1137 1153 1225 1224
f 2065 2055 1193 1240
f 2066 2065 1240 1231
f 2061 2066 1231 1206
f 2070 1259 1242 2067
f 2069 1261 1252 2068
f 1262 1263 1257 1256
f 1264 1265 1243 1246
f 1259 1266 1249 1242
f 1263 1267 1253 1257
f 1266 1268 1250 1249
f 1265 1269 1244 1243
f 1267 1270 1254 1253
f 1269 1258 1245 1244
f 1271 1264 1246 1247
f 1268 1260 1251 1250
f 1261 1262 1256 1252
f 1270 1272 1255 1254
f 1273 1271 1247 1248
f 1160 1159 1271 1273
f 1166 1167 1272 1270
f 1164 1226 1262 1261
f 1162 1163 1260 1268
f 1159 1158 1264 1271
f 1148 1149 1258 1269
f 1165 1166 1270 1267
f 1133 1148 1269 1265
f 1161 1162 1268 1266
f 1235 1165 1267 1263
f 1132 1161 1266 1259
f 1158 1133 1265 1264
f 1226 1235 1263 1262
f 2048 1164 1261 2069
f 2045 1132 1259 2070
f 1300 1305 1309 1296
f 1307 1302 1292 1294
f 1224 1225 1234 1233
f 1247 1246 1278 1279
f 1254 1255 1287 1286
f 1248 1247 1279 1280
f 1252 1256 1288 1284
f 1242 1249 1281 1274
f 1256 1257 1289 1288
f 1249 1250 1282 1281
f 2067 1242 1274 2071
f 1250 1251 1283 1282
f 1246 1243 1275 1278
f 2068 1252 1284 2072
f 1243 1244 1276 1275
f 1257 1253 1285 1289
f 1244 1245 1277 1276
f 1253 1254 1286 1285
f 1194 1184 821 766
f 1195 1194 766 742
f 767 821 1184 1147
f 831 767 1147 1131
f 874 831 1131 1160
f 847 874 1160 1273
f 895 847 1273 1248
f 863 895 1248 1280
f 2042 863 1280 2073
f 1182 1195 742 746
f 1134 1150 1182 746
f 1167 1134 746 745
f 1272 1167 745 992
f 1255 1272 992 996
f 1287 1255 996 1313
f 1313 996 968 1321
f 946 1071 1303 1300
f 905 934 1299 1295
f 902 932 1302 1301
f 943 941 1296 1298
f 938 943 1298 1297
f 1071 902 1301 1303
f 938 1297 1299 934
f 946 1300 1296 941
f 932 1110 1290 1291
f 1302 932 1291 1292
f 1327 1328 1324 1323
f 2041 1307 1294 2074
f 958 1317 1322 1073
f 1073 1322 1314 965
f 964 1320 1319 962
f 963 1318 1320 964
f 959 961 1315 1316
f 958 960 1321 1317
f 962 1319 1315 961
f 965 1314 1318 963
f 1321 960 1293 1313
f 1331 1332 1285 1286
f 1294 1292 1327 1323
f 1333 1334 1326 1325
f 1325 1326 1328 1327
f 2075 2076 1330 1329
f 1329 1330 1332 1331
f 2077 2078 1334 1333
f 2073 1280 1279 2077
f 1291 1290 1333 1325
f 1292 1291 1325 1327
f 1324 1328 1337 1335
f 2074 1294 1323 2075
f 1313 1293 1329 1331
f 1313 1331 1286 1287
f 2076 1324 1335 2079
f 1328 1326 1336 1337
f 1335 1337 1343 1341
f 1339 1336 1326 1334
f 2080 2078 1278 1275
f 1332 1330 1338 1340
f 1289 1285 1332 1340
f 2072 1284 1344 2081
f 1337 1336 1342 1343
f 2079 1335 1341 2081
f 1345 1342 1336 1339
f 2082 2080 1275 1276
f 1340 1338 1344 1346
f 1288 1289 1340 1346
f 1284 1288 1346 1344
f 1302 1307 1306 1301
f 1282 1283 1341 1343
f 1281 1282 1343 1342
f 1274 1281 1342 1345
f 2071 1274 1345 2082
f 487 332 1350 1374
f 393 346 1357 1367
f 811 362 1365 1380
f 348 354 1361 1358
f 343 811 1380 1355
f 428 334 1351 1368
f 447 627 1376 1372
f 334 439 1370 1351
f 350 489 1375 1359
f 362 327 1347 1365
f 391 336 1352 1366
f 629 480 1373 1377
f 441 352 1360 1371
f 1914 719 1379 1922
f 352 430 1369 1360
f 340 487 1374 1354
f 332 338 1353 1350
f 354 393 1367 1361
f 489 358 1363 1375
f 338 447 1372 1353
f 480 356 1362 1373
f 360 345 1356 1364
f 1929 428 1368 1937
f 709 340 1354 1378
f 328 391 1366 1348
f 356 350 1359 1362
f 627 328 1348 1376
f 430 348 1358 1369
f 345 441 1371 1356
f 358 343 1355 1363
f 336 330 1349 1352
f 346 629 1377 1357
f 327 709 1378 1347
f 719 360 1364 1379
f 2006 2005 1393 1396
f 2008 2007 1382 1410
f 2009 2008 1410 1406
f 2011 2010 1389 1397
f 2013 2012 1383 1386
f 2015 2014 1407 1411
f 2017 2016 1398 1413
f 2019 2018 1384 1408
f 2021 2020 1412 1381
f 2010 2022 1414 1389
f 2024 2023 1385 1402
f 2039 2017 1413 1923
f 2026 2021 1381 1399
f 2027 2013 1386 1400
f 2022 2026 1399 1414
f 2029 2028 1391 1401
f 2018 2030 1387 1384
f 2016 2031 1390 1398
f 2007 2027 1400 1382
f 2020 2032 1388 1412
f 2040 2024 1402 1938
f 2031 2033 1405 1390
f 2035 2034 1392 1403
f 2028 2015 1411 1391
f 2023 2025 1404 1385
f 2034 2036 1395 1392
f 2033 2037 1394 1405
f 2005 2038 1409 1393
f 2030 2009 1406 1387
f 2037 2035 1403 1394
f 2032 2019 1408 1388
f 2036 2029 1401 1395
f 2014 2006 1396 1407
f 2038 2011 1397 1409
f 1450 1449 1440 1421
f 1452 1451 1437 1428
f 1454 1453 1442 1422
f 1456 1455 1435 1429
f 1458 1457 1430 1441
f 1460 1459 1431 1443
f 1457 1461 1427 1430
f 1463 1462 1416 1444
f 1449 1463 1444 1440
f 1459 1464 1423 1431
f 1466 1465 1417 1420
f 1467 1458 1441 1445
f 1469 1468 1432 1447
f 1453 1470 1418 1442
f 1472 1471 1446 1415
f 1464 1473 1448 1423
f 1475 1474 1419 1436
f 1925 1469 1447 1924
f 1477 1472 1415 1433
f 1478 1466 1420 1434
f 1473 1477 1433 1448
f 1455 1479 1425 1435
f 1470 1450 1421 1418
f 1468 1480 1424 1432
f 1462 1478 1434 1416
f 1471 1454 1422 1446
f 1940 1475 1436 1939
f 1480 1481 1439 1424
f 1451 1482 1426 1437
f 1479 1467 1445 1425
f 1474 1476 1438 1419
f 1482 1456 1429 1426
f 1481 1452 1428 1439
f 1461 1460 1443 1427
f 1393 1409 1460 1461
f 1405 1394 1452 1481
f 1392 1395 1456 1482
f 1385 1404 1476 1474
f 1391 1411 1467 1479
f 1403 1392 1482 1451
f 1390 1405 1481 1480
f 1938 1402 1475 1940
f 1412 1388 1454 1471
f 1382 1400 1478 1462
f 1398 1390 1480 1468
f 1384 1387 1450 1470
f 1401 1391 1479 1455
f 1414 1399 1477 1473
f 1400 1386 1466 1478
f 1399 1381 1472 1477
f 1923 1413 1469 1925
f 1402 1385 1474 1475
f 1389 1414 1473 1464
f 1381 1412 1471 1472
f 1408 1384 1470 1453
f 1413 1398 1468 1469
f 1411 1407 1458 1467
f 1386 1383 1465 1466
f 1397 1389 1464 1459
f 1406 1410 1463 1449
f 1410 1382 1462 1463
f 1396 1393 1461 1457
f 1409 1397 1459 1460
f 1407 1396 1457 1458
f 1395 1401 1455 1456
f 1388 1408 1453 1454
f 1394 1403 1451 1452
f 1387 1406 1449 1450
f 1446 1422 1500 1512
f 1416 1434 1516 1505
f 1432 1424 1486 1509
f 1418 1421 1498 1511
f 1435 1425 1490 1501
f 1448 1433 1515 1514
f 1434 1420 1508 1516
f 1433 1415 1513 1515
f 1924 1447 1510 1926
f 1436 1419 1492 1483
f 1423 1448 1514 1507
f 1415 1446 1512 1513
f 1442 1418 1511 1499
f 1447 1432 1509 1510
f 1445 1441 1503 1489
f 1420 1417 1484 1508
f 1431 1423 1507 1504
f 1440 1444 1506 1497
f 1444 1416 1505 1506
f 1430 1427 1496 1502
f 1443 1431 1504 1495
f 1441 1430 1502 1503
f 1429 1435 1501 1493
f 1422 1442 1499 1500
f 1428 1437 1488 1494
f 1421 1440 1497 1498
f 1427 1443 1495 1496
f 1439 1428 1494 1485
f 1426 1429 1493 1487
f 1419 1438 1491 1492
f 1425 1445 1489 1490
f 1437 1426 1487 1488
f 1424 1439 1485 1486
f 1939 1436 1483 1941
f 1518 1523 1749 1756
f 1517 1524 1750 1752
f 307 310 1752 1750
f 1522 1525 1757 1755
f 1524 1522 1755 1750
f 1758 1520 1754 1763
f 1521 1519 1751 1753
f 1525 1522 1531 1534
f 1523 1518 1527 1532
f 1558 1560 1557 1559
f 1519 1517 1752 1751
f 1520 1518 1756 1754
f 1758 1525 1534 1759
f 1524 1517 1526 1533
f 1519 1521 1530 1528
f 1521 1523 1532 1530
f 1534 1531 1540 1543
f 1532 1527 1536 1541
f 1522 1524 1533 1531
f 1517 1519 1528 1526
f 1518 1520 1529 1527
f 1533 1526 1535 1542
f 1528 1530 1539 1537
f 1759 1534 1543 1760
f 1530 1532 1541 1539
f 1537 1539 1548 1546
f 1760 1543 1552 1761
f 1531 1533 1542 1540
f 1543 1540 1549 1552
f 1541 1536 1545 1550
f 1540 1542 1551 1549
f 1526 1528 1537 1535
f 1527 1529 1538 1536
f 1542 1535 1544 1551
f 1535 1537 1546 1544
f 1536 1538 1547 1545
f 1551 1544 1553 1560
f 1546 1548 1557 1555
f 1761 1552 1561 1762
f 1539 1541 1550 1548
f 1552 1549 1558 1561
f 1550 1545 1554 1559
f 1549 1551 1560 1558
f 1576 1575 1567 1568
f 1765 1772 1582 1577
f 1579 1576 1568 1569
f 1669 1600 1591 1648
f 1570 1646 1824 1826
f 1581 1577 1563 1564
f 1771 1773 1583 1580
f 1583 1584 1572 1571
f 1586 1585 1562 1566
f 1584 1587 1573 1572
f 1575 1586 1566 1567
f 1585 1581 1564 1562
f 1587 1579 1569 1573
f 1776 1767 1579 1587
f 1775 1768 1581 1585
f 1770 1769 1586 1575
f 1774 1776 1587 1584
f 1769 1775 1585 1586
f 1773 1774 1584 1583
f 1642 1784 1797 1788
f 1650 1597 1596 1645
f 1563 1565 1647 1668
f 1768 1765 1577 1581
f 1793 1813 1829 1644
f 1767 1764 1576 1579
f 1766 1809 1810 1578
f 1764 1770 1575 1576
f 1673 1610 1609 1671
f 1668 1647 1648 1667
f 1683 1613 1604 1672
f 1650 1652 1598 1597
f 1655 1654 1588 1592
f 1652 1658 1599 1598
f 1659 1655 1592 1593
f 1654 1662 1590 1588
f 1658 1664 1595 1599
f 1665 1659 1593 1594
f 1669 1828 1804 1600
f 1664 1665 1594 1595
f 1646 1645 1823 1824
f 1662 1667 1589 1590
f 1689 1623 1622 1684
f 1706 1687 1617 1615
f 1708 1626 1617 1687
f 1673 1674 1611 1610
f 1676 1675 1601 1605
f 1674 1677 1612 1611
f 1678 1676 1605 1606
f 1675 1679 1603 1601
f 1677 1680 1608 1612
f 1681 1678 1606 1607
f 1683 1814 1802 1613
f 1680 1681 1607 1608
f 1622 1819 1812 1684
f 1679 1682 1602 1603
f 1712 1636 1635 1710
f 1707 1686 1687 1706
f 1722 1639 1630 1711
f 1689 1691 1624 1623
f 1694 1693 1614 1618
f 1691 1697 1625 1624
f 1698 1694 1618 1619
f 1693 1701 1616 1614
f 1697 1703 1621 1625
f 1704 1698 1619 1620
f 1708 1803 1807 1626
f 1703 1704 1620 1621
f 1815 1685 1684 1812
f 1710 1817 1819 1622
f 1701 1706 1615 1616
f 1743 1781 1644 1741
f 1628 1630 1725 1735
f 1747 1784 1642 1744
f 1712 1713 1637 1636
f 1715 1714 1627 1631
f 1713 1716 1638 1637
f 1717 1715 1631 1632
f 1741 1820 1801 1734
f 1714 1718 1629 1627
f 1716 1719 1634 1638
f 1720 1717 1632 1633
f 1722 1808 1799 1639
f 1719 1720 1633 1634
f 1718 1721 1628 1629
f 1743 1736 1782 1781
f 1565 1574 1670 1647
f 1736 1737 1783 1782
f 1745 1738 1777 1643
f 1738 1739 1641 1777
f 1737 1740 1780 1783
f 1746 1745 1643 1778
f 1747 1806 1816 1784
f 1748 1746 1778 1779
f 1771 1580 1827 1798
f 1740 1748 1779 1780
f 1570 1571 1649 1646
f 1739 1742 1640 1641
f 1667 1648 1591 1589
f 1564 1563 1668 1661
f 1661 1668 1667 1662
f 1596 1671 1800 1811
f 1800 1671 1609 1822
f 1647 1670 1669 1648
f 1591 1600 1683 1672
f 1569 1568 1666 1663
f 1663 1666 1665 1664
f 1589 1591 1672 1682
f 1682 1672 1604 1602
f 1568 1567 1660 1666
f 1666 1660 1659 1665
f 1573 1569 1663 1657
f 1657 1663 1664 1658
f 1562 1564 1661 1653
f 1653 1661 1662 1654
f 1567 1566 1656 1660
f 1660 1656 1655 1659
f 1572 1573 1657 1651
f 1651 1657 1658 1652
f 1566 1562 1653 1656
f 1656 1653 1654 1655
f 1571 1572 1651 1649
f 1649 1651 1652 1650
f 1646 1649 1650 1645
f 1596 1597 1673 1671
f 1590 1589 1682 1679
f 1609 1685 1815 1822
f 1604 1613 1709 1686
f 1595 1594 1681 1680
f 1600 1804 1814 1683
f 1602 1604 1686 1707
f 1594 1593 1678 1681
f 1599 1595 1680 1677
f 1588 1590 1679 1675
f 1593 1592 1676 1678
f 1598 1599 1677 1674
f 1592 1588 1675 1676
f 1597 1598 1674 1673
f 1609 1610 1688 1685
f 1603 1602 1707 1700
f 1700 1707 1706 1701
f 1635 1831 1817 1710
f 1686 1709 1708 1687
f 1617 1626 1722 1711
f 1608 1607 1705 1702
f 1702 1705 1704 1703
f 1613 1802 1830 1709
f 1709 1830 1803 1708
f 1615 1617 1711 1721
f 1721 1711 1630 1628
f 1607 1606 1699 1705
f 1705 1699 1698 1704
f 1612 1608 1702 1696
f 1696 1702 1703 1697
f 1601 1603 1700 1692
f 1692 1700 1701 1693
f 1606 1605 1695 1699
f 1699 1695 1694 1698
f 1611 1612 1696 1690
f 1690 1696 1697 1691
f 1605 1601 1692 1695
f 1695 1692 1693 1694
f 1610 1611 1690 1688
f 1688 1690 1691 1689
f 1685 1688 1689 1684
f 1622 1623 1712 1710
f 1616 1615 1721 1718
f 1630 1639 1732 1725
f 1621 1620 1720 1719
f 1626 1807 1808 1722
f 1744 1642 1640 1742
f 1620 1619 1717 1720
f 1625 1621 1719 1716
f 1614 1616 1718 1714
f 1734 1801 1831 1635
f 1619 1618 1715 1717
f 1624 1625 1716 1713
f 1618 1614 1714 1715
f 1623 1624 1713 1712
f 1635 1636 1724 1734
f 1735 1725 1744 1742
f 1734 1724 1743 1741
f 1725 1732 1747 1744
f 1629 1628 1735 1729
f 1634 1633 1733 1730
f 1823 1645 1596 1811
f 1633 1632 1731 1733
f 1639 1799 1805 1732
f 1632 1631 1728 1731
f 1638 1634 1730 1726
f 1627 1629 1729 1727
f 1631 1627 1727 1728
f 1637 1638 1726 1723
f 1636 1637 1723 1724
f 1640 1642 1788 1786
f 1644 1781 1794 1793
f 1766 1578 1582 1772
f 1729 1735 1742 1739
f 1730 1733 1748 1740
f 1644 1829 1820 1741
f 1733 1731 1746 1748
f 1732 1805 1806 1747
f 1731 1728 1745 1746
f 1726 1730 1740 1737
f 1727 1729 1739 1738
f 1728 1727 1738 1745
f 1723 1726 1737 1736
f 1724 1723 1736 1743
f 1548 1550 1559 1557
f 1544 1546 1555 1553
f 1547 1761 1762 1556
f 1538 1760 1761 1547
f 1529 1759 1760 1538
f 1525 1758 1763 1757
f 1545 1547 1556 1554
f 1561 1558 1559 1554
f 1554 1556 1762 1561
f 1553 1555 1557 1560
f 1520 1758 1759 1529
f 1783 1780 1792 1796
f 1778 1643 1789 1790
f 1582 1565 1563 1577
f 1784 1816 1818 1797
f 1779 1778 1790 1791
f 1872 1873 1766 1772
f 1583 1571 1570 1580
f 1780 1779 1791 1792
f 1777 1641 1787 1785
f 1641 1640 1786 1787
f 1781 1782 1795 1794
f 1782 1783 1796 1795
f 1643 1777 1785 1789
f 1810 1821 1574 1578
f 1821 1825 1670 1574
f 1825 1828 1669 1670
f 1523 1521 1753 1749
f 306 307 1750 1755
f 437 306 1755 1757
f 308 437 1757 1763
f 426 308 1763 1754
f 1033 426 1754 1756
f 1042 1033 1756 1749
f 1021 1042 1749 1753
f 309 1021 1753 1751
f 310 309 1751 1752
f 1873 1862 1809 1766
f 1582 1578 1574 1565
f 1874 1872 1772 1765
f 1875 1874 1765 1768
f 1876 1875 1768 1775
f 1827 1580 1570 1826
f 1838 1839 809 735
f 1840 1838 735 737
f 1841 1840 737 733
f 1842 1841 733 734
f 1843 1842 734 739
f 1844 1843 739 732
f 1845 1844 732 736
f 1846 1845 736 730
f 1837 1846 730 740
f 1861 1856 1846 1837
f 1856 1855 1845 1846
f 1855 1854 1844 1845
f 1854 1853 1843 1844
f 1853 1852 1842 1843
f 1852 1851 1841 1842
f 1851 1850 1840 1841
f 1850 1848 1838 1840
f 1848 1849 1839 1838
f 740 731 1836 1837
f 731 729 1835 1836
f 729 738 1832 1835
f 728 808 1833 1834
f 738 728 1834 1832
f 1863 1864 1849 1848
f 1865 1863 1848 1850
f 1866 1865 1850 1851
f 1867 1866 1851 1852
f 1868 1867 1852 1853
f 1869 1868 1853 1854
f 1870 1869 1854 1855
f 1871 1870 1855 1856
f 1876 1871 1856 1861
f 1837 1836 1860 1861
f 1836 1835 1859 1860
f 1835 1832 1857 1859
f 1834 1833 1847 1858
f 1832 1834 1858 1857
f 1775 1769 1871 1876
f 1769 1770 1870 1871
f 1770 1764 1869 1870
f 1764 1767 1868 1869
f 1767 1776 1867 1868
f 1776 1774 1866 1867
f 1774 1773 1865 1866
f 1773 1771 1863 1865
f 1771 1798 1864 1863
f 1861 1860 1875 1876
f 1860 1859 1874 1875
f 1859 1857 1872 1874
f 1858 1847 1862 1873
f 1857 1858 1873 1872
f 1785 1787 1879 1877
f 1787 1786 1878 1879
f 1786 1788 1880 1878
f 1788 1797 1889 1880
f 1789 1785 1877 1881
f 1790 1789 1881 1882
f 1791 1790 1882 1883
f 1813 1793 1885 1890
f 1792 1791 1883 1884
f 1793 1794 1886 1885
f 1794 1795 1887 1886
f 1795 1796 1888 1887
f 1797 1818 1891 1889
f 1796 1792 1884 1888
f 1879 1878 1892 1877
f 1878 1880 1897 1892
f 1880 1889 1902 1897
f 1889 1891 1907 1902
f 1877 1892 1893 1881
f 1892 1897 1898 1893
f 1897 1902 1903 1898
f 1902 1907 1908 1903
f 1881 1893 1894 1882
f 1893 1898 1899 1894
f 1898 1903 1904 1899
f 1903 1908 1909 1904
f 1882 1894 1895 1883
f 1894 1899 1900 1895
f 1899 1904 1905 1900
f 1904 1909 1910 1905
f 1883 1895 1896 1884
f 1895 1900 1901 1896
f 1900 1905 1906 1901
f 1905 1910 1911 1906
f 1884 1896 1887 1888
f 1896 1901 1886 1887
f 1901 1906 1885 1886
f 1906 1911 1890 1885
f 1438 1924 1926 1491
f 1404 1923 1925 1476
f 1476 1925 1924 1438
f 2025 2039 1923 1404
f 439 1914 1922 1370
f 405 1918 1920 420
f 700 1913 1915 440
f 368 1916 1912 610
f 440 1915 1921 671
f 439 671 1921 1914
f 610 1912 1913 700
f 721 1916 1920 724
f 722 1918 1919 723
f 723 1919 1917 807
f 1417 1939 1941 1484
f 1383 1938 1940 1465
f 1465 1940 1939 1417
f 2012 2040 1938 1383
f 330 1929 1937 1349
f 649 331 1930 1935
f 618 617 1932 1933
f 409 1927 1933 626
f 366 1928 1931 604
f 702 1936 1931 612
f 330 649 1935 1929
f 695 1936 1930 331
f 797 1934 1932 617
f 366 385 1927 1928
f 1496 1942 1503 1502
f 1942 1951 1489 1503
f 1951 1960 1490 1489
f 1960 1969 1501 1490
f 1969 1978 1493 1501
f 1978 1987 1487 1493
f 1987 1996 1488 1487
f 1996 1485 1494 1488
f 1495 1943 1942 1496
f 1943 1952 1951 1942
f 1952 1961 1960 1951
f 1961 1970 1969 1960
f 1970 1979 1978 1969
f 1979 1988 1987 1978
f 1988 1997 1996 1987
f 1997 1486 1485 1996
f 1504 1944 1943 1495
f 1944 1953 1952 1943
f 1953 1962 1961 1952
f 1962 1971 1970 1961
f 1971 1980 1979 1970
f 1980 1989 1988 1979
f 1989 1998 1997 1988
f 1998 1509 1486 1997
f 1507 1945 1944 1504
f 1945 1954 1953 1944
f 1954 1963 1962 1953
f 1963 1972 1971 1962
f 1972 1981 1980 1971
f 1981 1990 1989 1980
f 1990 1999 1998 1989
f 1999 1510 1509 1998
f 1514 1946 1945 1507
f 1946 1955 1954 1945
f 1955 1964 1963 1954
f 1964 1973 1972 1963
f 1973 1982 1981 1972
f 1982 1991 1990 1981
f 1991 2000 1999 1990
f 2000 1926 1510 1999
f 1515 1947 1946 1514
f 1947 1956 1955 1946
f 1956 1965 1964 1955
f 1965 1974 1973 1964
f 1974 1983 1982 1973
f 1983 1992 1991 1982
f 1992 2001 2000 1991
f 2001 1491 1926 2000
f 1513 1948 1947 1515
f 1948 1957 1956 1947
f 1957 1966 1965 1956
f 1966 1975 1974 1965
f 1975 1984 1983 1974
f 1984 1993 1992 1983
f 1993 2002 2001 1992
f 2002 1492 1491 2001
f 1512 1949 1948 1513
f 1949 1958 1957 1948
f 1958 1967 1966 1957
f 1967 1976 1975 1966
f 1976 1985 1984 1975
f 1985 1994 1993 1984
f 1994 2003 2002 1993
f 2003 1483 1492 2002
f 1500 1950 1949 1512
f 1950 1959 1958 1949
f 1959 1968 1967 1958
f 1968 1977 1976 1967
f 1977 1986 1985 1976
f 1986 1995 1994 1985
f 1995 2004 2003 1994
f 2004 1941 1483 2003
f 1499 1511 1950 1500
f 1511 1498 1959 1950
f 1498 1497 1968 1959
f 1497 1506 1977 1968
f 1506 1505 1986 1977
f 1505 1516 1995 1986
f 1516 1508 2004 1995
f 1508 1484 1941 2004
f 1349 1937 2040 2012
f 1370 1922 2039 2025
f 1375 1363 2011 2038
f 1373 1362 2006 2014
f 1361 1367 2029 2036
f 1354 1374 2019 2032
f 1360 1369 2035 2037
f 1353 1372 2009 2030
f 1359 1375 2038 2005
f 1371 1360 2037 2033
f 1358 1361 2036 2034
f 1351 1370 2025 2023
f 1357 1377 2015 2028
f 1369 1358 2034 2035
f 1356 1371 2033 2031
f 1937 1368 2024 2040
f 1378 1354 2032 2020
f 1348 1366 2027 2007
f 1364 1356 2031 2016
f 1350 1353 2030 2018
f 1367 1357 2028 2029
f 1380 1365 2026 2022
f 1366 1352 2013 2027
f 1365 1347 2021 2026
f 1922 1379 2017 2039
f 1368 1351 2023 2024
f 1355 1380 2022 2010
f 1347 1378 2020 2021
f 1374 1350 2018 2019
f 1379 1364 2016 2017
f 1377 1373 2014 2015
f 1352 1349 2012 2013
f 1363 1355 2010 2011
f 1372 1376 2008 2009
f 1376 1348 2007 2008
f 1362 1359 2005 2006
f 1277 2071 2082 1276
f 1345 1339 2080 2082
f 1338 2079 2081 1344
f 1283 2072 2081 1341
f 1339 1334 2078 2080
f 1330 2076 2079 1338
f 1293 2074 2075 1329
f 1290 2073 2077 1333
f 1279 1278 2078 2077
f 1323 1324 2076 2075
f 960 2041 2074 1293
f 1110 2042 2073 1290
f 1251 2068 2072 1283
f 1245 2067 2071 1277
f 1149 2045 2070 1258
f 1163 2048 2069 1260
f 1260 2069 2068 1251
f 1258 2070 2067 1245
f 1222 1220 2066 2061
f 1220 1223 2065 2066
f 1223 1217 2055 2065
f 1230 1239 2064 2063
f 1207 1230 2063 2062
f 1239 1192 2059 2064
f 1177 2049 2062 1221
f 1222 2061 2050 1168
f 1188 2057 2056 1200
f 1191 2054 2053 1189
f 1193 2055 2054 1191
f 1218 1219 2060 2056
f 1216 2059 2058 1214
f 1214 2058 2051 1210
f 1213 2057 2053 1212
f 1211 1210 2051 2052
f 1211 2052 2060 1219
f 1142 1168 2050 2047
f 1154 1178 2049 2046
f 1137 1164 2048 2043
f 1138 1154 2046 2043
f 1141 1132 2045 2044
f 1126 1142 2047 2044
f 957 2095 2100 1111
f 868 864 2099 2083
f 1306 2098 2105 1312
f 1304 1310 2103 2096
f 1309 1305 2097 2102
f 1308 1304 2096 2101
f 1108 1111 2100 2083
f 957 910 2092 2095
f 1311 2104 2103 1310
f 1309 2102 2104 1311
f 1312 2105 2097 1305
f 860 855 2094 2089
f 855 867 2088 2094
f 869 866 2091 2093
f 858 856 2092 2086
f 866 865 2085 2091
f 854 857 2090 2084
f 857 860 2089 2090
f 867 861 2087 2088
f 861 858 2086 2087
f 865 854 2084 2085
f 1306 1307 2041 2098
f 864 863 2042 2099
f 2185 2128 2113 2125
f 2128 2131 2112 2113
f 2158 2134 2111 2116
f 2155 2137 2110 2115
f 2161 2140 2109 2117
f 2164 2143 2108 2118
f 2167 2146 2107 2119
f 2176 2149 2114 2122
f 2170 2152 2106 2120
f 2181 2184 2185 2182
f 2134 2155 2115 2111
f 2131 2158 2116 2112
f 2137 2161 2117 2110
f 2140 2164 2118 2109
f 2143 2167 2119 2108
f 2173 2170 2120 2121
f 2297 2258 2259 2296
f 2146 2173 2121 2107
f 2149 2179 2123 2114
f 2179 2182 2124 2123
f 3032 2180 2177 3034
f 3002 2194 2193 3003
f 2180 2183 2184 2181
f 3034 2177 2147 3066
f 2177 2180 2181 2178
f 2178 2181 2182 2179
f 3046 2171 2144 3080
f 2147 2177 2178 2148
f 2148 2178 2179 2149
f 3013 3009 3127 3129
f 3052 2168 2171 3046
f 2144 2171 2172 2145
f 2145 2172 2173 2146
f 3054 2165 2141 3078
f 2171 2168 2169 2172
f 2172 2169 2170 2173
f 3056 2162 2138 3076
f 2141 2165 2166 2142
f 2142 2166 2167 2143
f 3058 2159 2135 3074
f 2138 2162 2163 2139
f 2139 2163 2164 2140
f 3060 2156 2129 3070
f 2135 2159 2160 2136
f 2136 2160 2161 2137
f 3062 2153 2132 3072
f 2129 2156 2157 2130
f 2130 2157 2158 2131
f 4485 4493 4495 4475
f 2132 2153 2154 2133
f 2133 2154 2155 2134
f 3082 2150 2168 3052
f 3066 2147 2174 3036
f 2168 2150 2151 2169
f 2169 2151 2152 2170
f 3080 2144 2165 3054
f 2174 2147 2148 2175
f 2175 2148 2149 2176
f 3078 2141 2162 3056
f 2165 2144 2145 2166
f 2166 2145 2146 2167
f 3076 2138 2159 3058
f 2162 2141 2142 2163
f 2163 2142 2143 2164
f 3074 2135 2153 3062
f 2159 2138 2139 2160
f 2160 2139 2140 2161
f 3072 2132 2156 3060
f 2153 2135 2136 2154
f 2154 2136 2137 2155
f 3070 2129 2126 3068
f 2156 2132 2133 2157
f 2157 2133 2134 2158
f 3068 2126 2183 3030
f 2126 2129 2130 2127
f 2127 2130 2131 2128
f 3189 3188 3040 3038
f 2183 2126 2127 2184
f 2184 2127 2128 2185
f 2259 2308 2307 2260
f 2255 2304 2303 2256
f 4735 4742 2418 2413
f 4653 4643 2301 2250
f 2293 2254 2255 2292
f 4660 4640 2293 2242
f 3063 2913 2870 3039
f 3026 3014 3140 3139
f 2238 2242 2243 2239
f 2235 2247 2248 2236
f 4643 4639 2289 2301
f 4821 4813 2286 2298
f 3025 3015 3143 3128
f 3015 3024 3130 3143
f 3007 3018 3149 3147
f 2772 2190 2191 2794
f 2860 2195 3159 2859
f 3095 3096 3164 2653
f 2243 2292 2291 2244
f 2250 2301 2300 2251
f 4820 4822 2302 2257
f 2816 2192 3158 2815
f 2859 3159 2192 2816
f 2761 2189 3156 2760
f 2935 2197 3163 2934
f 2903 3161 2197 2935
f 2717 2186 2188 2739
f 3016 3021 3133 3146
f 3027 3013 3129 3142
f 4642 4637 2281 2305
f 3028 3012 3131 3144
f 4657 4656 2226 2222
f 3019 3005 3135 3150
f 4658 4636 2277 2218
f 2653 3164 3152 2652
f 4639 4655 2238 2289
f 2815 3158 3155 2696
f 4646 4635 2273 2214
f 2881 3160 2190 2772
f 4638 4653 2250 2285
f 2794 2191 3157 2793
f 4651 4634 2269 2210
f 2830 2829 2840 2841
f 2211 2268 2267 2212
f 2696 3155 2193 2827
f 4649 4642 2305 2254
f 4828 4825 2237 2233
f 2247 2296 2295 2248
f 2296 2259 2260 2295
f 2242 2293 2292 2243
f 4827 4811 2290 2245
f 3150 3135 2627 2614
f 2215 2272 2271 2216
f 2652 3152 2196 2882
f 2284 2251 2252 2283
f 2739 2188 2189 2761
f 2288 2239 2240 2287
f 2219 2276 2275 2220
f 2882 2196 3160 2881
f 2223 2227 2228 2224
f 3017 3022 3134 3148
f 2304 2280 2279 2303
f 3005 3006 3145 3135
f 2227 2284 2283 2228
f 3003 3004 3141 3136
f 2276 2215 2216 2275
f 2300 2288 2287 2299
f 2199 2203 2204 2200
f 4811 4820 2257 2290
f 4636 4646 2214 2277
f 2234 2246 2247 2235
f 2674 3153 3162 2923
f 4655 4660 2242 2238
f 3004 3019 3150 3141
f 4645 4652 2202 2198
f 4640 4649 2254 2293
f 4810 4812 2294 2249
f 2272 2211 2212 2271
f 2194 2838 2827 2193
f 2207 2206 2265 2264
f 2254 2305 2304 2255
f 2268 2231 2232 2267
f 2258 2309 2308 2259
f 2805 2806 2687 2686
f 4731 4721 2378 2373
f 3031 3032 3034 3033
f 4713 4705 2394 2325
f 2369 2370 2371 2368
f 2990 2995 2390 2329
f 2323 2386 2387 2322
f 2988 2996 2395 2334
f 4635 4651 2210 2273
f 2470 2634 2633 2471
f 4700 4697 2399 2330
f 4644 4645 2198 2309
f 2328 2391 2392 2327
f 4717 4734 2403 2311
f 4637 4658 2218 2281
f 4714 4715 2419 2414
f 2353 2446 2447 2352
f 4633 4657 2222 2265
f 2370 2375 2376 2371
f 2375 2380 2381 2376
f 2314 2400 2401 2313
f 2992 2977 2445 2354
f 2333 2396 2397 2332
f 2264 2223 2224 2263
f 4732 4731 2373 2366
f 2280 2219 2220 2279
f 4689 4692 2389 2320
f 2989 2994 2385 2324
f 2984 2983 2405 2400
f 4734 4727 2408 2403
f 2411 2416 2417 2412
f 4706 4710 2335 2409
f 4709 4696 2444 2345
f 4743 4737 2331 2361
f 4641 4650 2258 2297
f 2319 2410 2411 2318
f 2343 2421 2422 2342
f 4647 4648 2234 2230
f 4722 4718 2326 2398
f 2405 2339 2338 2406
f 4710 4698 2439 2335
f 2997 2988 2334 2364
f 4690 4694 2424 2340
f 4703 4700 2330 2360
f 4693 4706 2409 2404
f 4744 4717 2311 2383
f 2396 2328 2327 2397
f 2344 2420 2421 2343
f 2612 2611 2639 2640
f 4733 4736 2316 2388
f 2982 3000 2435 2339
f 2390 2324 2323 2391
f 4705 4689 2320 2394
f 4739 4725 2438 2336
f 4692 4699 2315 2389
f 2993 2974 2410 2319
f 2471 2633 2632 2472
f 4650 4644 2309 2258
f 4721 4744 2383 2378
f 4688 2384 2310 4674
f 2598 2601 2600 2599
f 2596 2603 2602 2597
f 2594 2605 2604 2595
f 3023 3100 3096 3165
f 2591 2611 2612 2592
f 2589 2609 2610 2590
f 2634 2505 2506 2633
f 2520 2478 2477 2519
f 2251 2300 2299 2252
f 2524 2482 2481 2523
f 3129 3127 2483 2525
f 2500 2530 2531 2499
f 2502 2528 2529 2501
f 2504 2526 2527 2503
f 2974 2975 2415 2410
f 2476 2628 2975 2974
f 2630 2629 2475 2474
f 2460 2465 2464 2461
f 2458 2467 2466 2459
f 2523 2481 2480 2522
f 2525 2483 2482 2524
f 2499 2531 2532 2498
f 2501 2529 2530 2500
f 2503 2527 2528 2502
f 3128 3143 2526 2504
f 2472 2632 2631 2473
f 2629 2628 2476 2475
f 2461 2464 2463 2462
f 2459 2466 2465 2460
f 4654 4641 2297 2246
f 3137 3126 2469 2456
f 2534 2558 2559 2533
f 2535 2557 2558 2534
f 2536 2556 2557 2535
f 2537 2555 2556 2536
f 2538 2554 2555 2537
f 2539 3089 2554 2538
f 3130 3101 3089 2539
f 2549 2460 2461 2548
f 2550 2459 2460 2549
f 2231 2235 2236 2232
f 2488 2495 2496 2489
f 2489 2496 2497 2490
f 3140 3128 2504 2491
f 2491 2504 2503 2492
f 2492 2503 2502 2493
f 2493 2502 2501 2494
f 2494 2501 2500 2495
f 2495 2500 2499 2496
f 3141 3150 2614 2505
f 2505 2614 2615 2506
f 2617 2624 2623 2618
f 2608 2607 2635 2636
f 2619 2622 2621 2620
f 2615 2626 2625 2616
f 2473 2631 2630 2474
f 2446 2368 2367 2447
f 4712 4691 2365 2449
f 4708 4712 2449 2350
f 2933 2934 2685 2684
f 2308 2199 2200 2307
f 2913 2914 2869 2870
f 3165 3096 3095 2706
f 2707 3094 3088 3107
f 2709 2708 2705 2704
f 2710 2709 2704 2703
f 2711 2710 2703 2702
f 2712 2711 2702 2701
f 2713 2712 2701 2700
f 2914 2915 2868 2869
f 2715 2714 2699 2698
f 4825 4810 2249 2237
f 2481 2486 2487 2480
f 2483 2484 2485 2482
f 2601 2578 2579 2600
f 2603 2576 2577 2602
f 2605 2574 2575 2604
f 2465 2516 2517 2464
f 2467 2514 2515 2466
f 2581 2451 2450 2580
f 2583 2453 2452 2582
f 4648 4654 2246 2234
f 2455 2471 2472 2454
f 3093 3138 2470 3092
f 3108 2718 2740 3110
f 2721 2720 2742 2743
f 2723 2722 2744 2745
f 2725 2724 2746 2747
f 2727 2726 2748 2749
f 2773 2772 2794 2795
f 2777 2776 2798 2799
f 2779 2778 2800 2801
f 2292 2255 2256 2291
f 3143 3130 2539 2526
f 2517 2520 2519 2518
f 2516 2521 2520 2517
f 2515 2522 2521 2516
f 2514 2523 2522 2515
f 2513 2524 2523 2514
f 2512 2525 2524 2513
f 3142 3129 2525 2512
f 2509 2618 2619 2510
f 2508 2617 2618 2509
f 2301 2289 2288 2300
f 2454 2472 2473 2453
f 3092 2470 2471 2455
f 2718 2717 2739 2740
f 2720 2719 2741 2742
f 2722 2721 2743 2744
f 2724 2723 2745 2746
f 2726 2725 2747 2748
f 3081 2727 2749 3049
f 2776 2775 2797 2798
f 2778 2777 2799 2800
f 3014 3025 3128 3140
f 2892 2891 2872 2871
f 2891 2890 2873 2872
f 2890 2889 2874 2873
f 2889 2888 2875 2874
f 2888 2887 2876 2875
f 2887 2886 2877 2876
f 2886 2885 2878 2877
f 2885 2884 2879 2878
f 2883 2882 2881 2880
f 3079 2782 2804 3045
f 3006 3007 3147 3145
f 2453 2473 2474 2452
f 2452 2474 2475 2451
f 2451 2475 2476 2450
f 2635 2540 2541 2636
f 2636 2541 2542 2637
f 2637 2542 2543 2638
f 2638 2543 2544 2639
f 2639 2544 2545 2640
f 2673 2674 2923 2922
f 3085 3099 3098 2902
f 3031 2837 2848 3029
f 2526 2539 2538 2527
f 2527 2538 2537 2528
f 2528 2537 2536 2529
f 2529 2536 2535 2530
f 2530 2535 2534 2531
f 2531 2534 2533 2532
f 3135 3145 2567 2627
f 2627 2567 2568 2626
f 2625 2569 2570 2624
f 2624 2570 2571 2623
f 2934 3163 3154 2685
f 3087 3125 2936 2933
f 2571 2591 2592 2572
f 2569 2589 2590 2570
f 2567 2587 2588 2568
f 2558 2561 2560 2559
f 2556 2563 2562 2557
f 2554 2565 2564 2555
f 2936 3125 3085 2902
f 2542 2551 2550 2543
f 2540 2553 2552 2541
f 2685 3154 3165 2706
f 2828 2827 2838 2839
f 4663 2962 2960 4682
f 3030 2183 2180 3032
f 2234 2235 2231 2230
f 3067 2912 2893 3069
f 2912 2911 2894 2893
f 2911 2910 2895 2894
f 2910 2909 2896 2895
f 2811 2812 2693 2692
f 2809 2810 2691 2690
f 3153 2187 3028 3008
f 2348 2441 2442 2347
f 2998 2987 2440 2349
f 4741 4738 2341 2356
f 2359 2344 2343 2358
f 4715 4711 2434 2419
f 2416 2431 2432 2417
f 2975 2976 2430 2415
f 4723 4724 2428 2423
f 4695 4709 2345 2429
f 2426 2348 2347 2427
f 2760 3156 2187 2728
f 2931 2932 2683 2682
f 2929 2930 2681 2680
f 2927 2928 2679 2678
f 2925 2926 2677 2676
f 3071 2924 2675 3061
f 3021 3020 3093 3133
f 2899 2900 2938 2939
f 2897 2898 2940 2941
f 2893 2894 2944 2945
f 3132 3101 3100 3023
f 4824 4827 2245 2241
f 4652 2947 2948 4659
f 2614 2627 2626 2615
f 2616 2625 2624 2617
f 2618 2623 2622 2619
f 2831 2830 2841 2842
f 4729 4732 2366 2448
f 2987 2997 2364 2440
f 2246 2297 2296 2247
f 2479 2488 2489 2478
f 2478 2489 2490 2477
f 3133 2586 3091 3146
f 2566 3090 2594 2565
f 2565 2594 2595 2564
f 2564 2595 2596 2563
f 2563 2596 2597 2562
f 2562 2597 2598 2561
f 3131 3137 2456 2553
f 2553 2456 2457 2552
f 4818 4821 2298 2253
f 2487 2494 2495 2488
f 2486 2493 2494 2487
f 2485 2492 2493 2486
f 2484 2491 2492 2485
f 3139 3140 2491 2484
f 2629 2510 2511 2628
f 2630 2509 2510 2629
f 2631 2508 2509 2630
f 2633 2506 2507 2632
f 3136 3141 2505 2634
f 4809 4823 2306 2261
f 2611 2610 2638 2639
f 2609 2608 2636 2637
f 3151 3008 3028 3144
f 2597 2602 2601 2598
f 2595 2604 2603 2596
f 3090 2606 2605 2594
f 2592 2612 2613 2593
f 2590 2610 2611 2591
f 2578 2581 2580 2579
f 3147 3149 2607 2587
f 2838 2194 3102 3097
f 4719 4740 2443 2346
f 2349 2440 2441 2348
f 4704 4690 2340 2355
f 2358 2343 2342 2357
f 2985 2981 2344 2359
f 4742 4728 2433 2418
f 2415 2430 2431 2416
f 4694 4695 2429 2424
f 2999 2986 2425 2420
f 4724 4719 2346 2428
f 2729 2728 2674 2673
f 4740 4743 2361 2443
f 4696 4703 2360 2444
f 3000 2985 2359 2435
f 2435 2359 2358 2436
f 2436 2358 2357 2437
f 4725 4741 2356 2438
f 4698 4704 2355 2439
f 2976 2992 2354 2430
f 2431 2353 2352 2432
f 4728 4720 2351 2433
f 2793 3157 2186 2717
f 2903 3097 3102 3161
f 2930 2931 2682 2681
f 2928 2929 2680 2679
f 2926 2927 2678 2677
f 2924 2925 2676 2675
f 2902 2903 2935 2936
f 2900 2901 2937 2938
f 2898 2899 2939 2940
f 2894 2895 2943 2944
f 3069 2893 2945 3059
f 2923 3162 2195 2860
f 3138 3136 2634 2470
f 2832 2831 2842 2843
f 2833 2832 2843 2844
f 2834 2833 2844 2845
f 2835 2834 2845 2846
f 2836 2835 2846 2847
f 3029 3030 3032 3031
f 2814 2815 2696 2695
f 2812 2813 2694 2693
f 2810 2811 2692 2691
f 2902 3098 3097 2903
f 3091 2586 2585 2574
f 2572 2592 2593 2573
f 2570 2590 2591 2571
f 2568 2588 2589 2569
f 3145 3147 2587 2567
f 2557 2562 2561 2558
f 2555 2564 2563 2556
f 3089 2566 2565 2554
f 2543 2550 2549 2544
f 2541 2552 2551 2542
f 2980 3001 2314 2380
f 2480 2487 2488 2479
f 2482 2485 2486 2481
f 3127 3139 2484 2483
f 2602 2577 2578 2601
f 2604 2575 2576 2603
f 2606 3091 2574 2605
f 2464 2517 2518 2463
f 2466 2515 2516 2465
f 3126 3142 2512 2469
f 2582 2452 2451 2581
f 3092 2586 3133 3093
f 3077 2892 2871 3053
f 2654 2653 2652 2651
f 3104 2654 2651 3103
f 2656 2655 2650 2649
f 2657 2656 2649 2648
f 2658 2657 2648 2647
f 2659 2658 2647 2646
f 2660 2659 2646 2645
f 2662 2661 2644 2643
f 2663 2662 2643 2642
f 3119 2839 3098 3099
f 2839 2838 3097 3098
f 2915 2916 2867 2868
f 2916 2917 2866 2867
f 2918 2919 2864 2865
f 2920 2921 2862 2863
f 2922 2923 2860 2861
f 2806 2807 2688 2687
f 3029 2848 2912 3067
f 2765 2764 2757 2756
f 2769 2768 2753 2752
f 2771 2770 2751 2750
f 2861 2860 2859 2858
f 2863 2862 2857 2856
f 2865 2864 2855 2854
f 2823 2822 2809 2808
f 2822 2821 2810 2809
f 2821 2820 2811 2810
f 2820 2819 2812 2811
f 2819 2818 2813 2812
f 3117 2817 2814 3116
f 2817 2816 2815 2814
f 2867 2866 2853 2852
f 2874 2875 2778 2779
f 3053 2871 2782 3079
f 3114 2792 2718 3108
f 2789 2790 2720 2721
f 2787 2788 2722 2723
f 2785 2786 2724 2725
f 3033 2686 2837 3031
f 2755 2756 2732 2733
f 2757 2758 2730 2731
f 3111 2759 2729 3109
f 2759 2760 2728 2729
f 3051 2783 2727 3081
f 2783 2784 2726 2727
f 2784 2785 2725 2726
f 3115 2795 2792 3114
f 2798 2797 2790 2789
f 2800 2799 2788 2787
f 2802 2801 2786 2785
f 2804 2803 2784 2783
f 2672 2730 3109 3105
f 2732 2731 2671 2670
f 2734 2733 2669 2668
f 2748 2747 2769 2770
f 2747 2746 2768 2769
f 2746 2745 2767 2768
f 2745 2744 2766 2767
f 2744 2743 2765 2766
f 2743 2742 2764 2765
f 2841 2840 2904 2905
f 2842 2841 2905 2906
f 2843 2842 2906 2907
f 2844 2843 2907 2908
f 2845 2844 2908 2909
f 2846 2845 2909 2910
f 2847 2846 2910 2911
f 2945 2944 2925 2924
f 2944 2943 2926 2925
f 2943 2942 2927 2926
f 2942 2941 2928 2927
f 2941 2940 2929 2928
f 2940 2939 2930 2929
f 2939 2938 2931 2930
f 2666 2667 2916 2915
f 2670 2671 2920 2919
f 2668 2669 2918 2917
f 3105 2673 2922 3124
f 2671 2672 2921 2920
f 2610 2609 2637 2638
f 2728 2187 3153 2674
f 2664 2665 2914 2913
f 2858 2859 2816 2817
f 2856 2857 2818 2819
f 2854 2855 2820 2821
f 2852 2853 2822 2823
f 2850 2851 2824 2825
f 3037 2849 2826 3035
f 2681 2682 2709 2710
f 2679 2680 2711 2712
f 2677 2678 2713 2714
f 2675 2676 2715 2716
f 2936 2935 2934 2933
f 2938 2937 2932 2931
f 2686 2687 2836 2837
f 2687 2688 2835 2836
f 2688 2689 2834 2835
f 2689 2690 2833 2834
f 2690 2691 2832 2833
f 2691 2692 2831 2832
f 2692 2693 2830 2831
f 2824 2823 2808 2807
f 2825 2824 2807 2806
f 2826 2825 2806 2805
f 3035 2826 2805 3065
f 2695 2696 2827 2828
f 3106 2695 2828 3118
f 2693 2694 2829 2830
f 2643 2644 2890 2891
f 2644 2645 2889 2890
f 2645 2646 2888 2889
f 2646 2647 2887 2888
f 2647 2648 2886 2887
f 2648 2649 2885 2886
f 2649 2650 2884 2885
f 2669 2670 2919 2918
f 2667 2668 2917 2916
f 3120 2858 2817 3117
f 2855 2856 2819 2820
f 2853 2854 2821 2822
f 2851 2852 2823 2824
f 2849 2850 2825 2826
f 2733 2732 2670 2669
f 2735 2734 2668 2667
f 2736 2735 2667 2666
f 2737 2736 2666 2665
f 2738 2737 2665 2664
f 3151 3144 2540 2635
f 3001 2980 2641 2546
f 3094 3095 2653 2654
f 2704 2705 2655 2656
f 2702 2703 2657 2658
f 2700 2701 2659 2660
f 2698 2699 2661 2662
f 3057 2697 2663 3075
f 3103 2651 2883 3123
f 2795 2794 2793 2792
f 2797 2796 2791 2790
f 2799 2798 2789 2788
f 2801 2800 2787 2786
f 2803 2802 2785 2784
f 3045 2804 2783 3051
f 2613 2641 2980 2991
f 2749 2748 2770 2771
f 2868 2867 2852 2851
f 2870 2869 2850 2849
f 3039 2870 2849 3037
f 2740 2739 2761 2762
f 3110 2740 2762 3112
f 2742 2741 2763 2764
f 3112 2762 2759 3111
f 2762 2761 2760 2759
f 3043 2750 2738 3083
f 2750 2751 2737 2738
f 2751 2752 2736 2737
f 2752 2753 2735 2736
f 2753 2754 2734 2735
f 2866 2865 2854 2853
f 2764 2763 2758 2757
f 2768 2767 2754 2753
f 2770 2769 2752 2751
f 3047 2771 2750 3043
f 3121 2861 2858 3120
f 2864 2863 2856 2855
f 2876 2877 2776 2777
f 2877 2878 2775 2776
f 2878 2879 2774 2775
f 3122 2880 2773 3113
f 2880 2881 2772 2773
f 3055 2642 2892 3077
f 2642 2643 2891 2892
f 2756 2757 2731 2732
f 2875 2876 2777 2778
f 2871 2872 2781 2782
f 2792 2793 2717 2718
f 2790 2791 2719 2720
f 2788 2789 2721 2722
f 2786 2787 2723 2724
f 4656 4638 2285 2226
f 2917 2918 2865 2866
f 2919 2920 2863 2864
f 3124 2922 2861 3121
f 3065 2805 2686 3033
f 3059 2945 2924 3071
f 3088 3094 2654 3104
f 2703 2704 2656 2657
f 2701 2702 2658 2659
f 2699 2700 2660 2661
f 2697 2698 2662 2663
f 2651 2652 2882 2883
f 2684 2685 2706 2707
f 2682 2683 2708 2709
f 2680 2681 2710 2711
f 2678 2679 2712 2713
f 2676 2677 2714 2715
f 3061 2675 2716 3073
f 4659 2948 2949 4633
f 4685 4683 2961 2969
f 4664 4665 2964 2963
f 4666 4686 2967 2966
f 4671 4680 2971 2970
f 3001 2984 2400 2314
f 4662 4678 2953 2952
f 4672 4677 2955 2954
f 4680 4675 2957 2971
f 3119 2840 2829 3118
f 2309 2198 2199 2308
f 4677 4662 2952 2955
f 4686 4667 2972 2967
f 4701 4707 2310 2384
f 4668 4681 2951 2950
f 4718 4726 2393 2326
f 4675 4672 2954 2957
f 4678 4668 2950 2953
f 4707 4693 2404 2310
f 2281 2218 2219 2280
f 2410 2415 2416 2411
f 4674 4669 2956 2949
f 4679 4661 2946 2973
f 4661 4687 2947 2946
f 4720 4729 2448 2351
f 3079 3080 3054 3053
f 3160 3014 3026 2190
f 3077 3078 3056 3055
f 3152 3015 3025 2196
f 2265 2222 2223 2264
f 4683 4664 2963 2961
f 4669 4670 2958 2956
f 4670 4684 2959 2958
f 4676 4671 2970 2965
f 2371 2376 2377 2372
f 2376 2381 2382 2377
f 2600 2579 2989 2995
f 2580 2450 2993 2994
f 2313 2401 2402 2312
f 3083 3084 3044 3043
f 3156 3012 3028 2187
f 3081 3082 3052 3051
f 3157 3013 3027 2186
f 2354 2445 2446 2353
f 2463 2518 3000 2982
f 2450 2476 2974 2993
f 4737 4722 2398 2331
f 2511 2620 2992 2976
f 2490 2497 2986 2999
f 2519 2477 2981 2985
f 2837 2836 2847 2848
f 4808 4807 2225 2262
f 4691 4716 2374 2365
f 2593 2613 2991 2979
f 2573 2593 2979 2978
f 2546 2547 2984 3001
f 2532 2533 2997 2987
f 4815 4806 2221 2278
f 2665 2666 2915 2914
f 4681 4682 2960 2951
f 4684 4673 2968 2959
f 2978 2979 2370 2369
f 3118 2828 2839 3119
f 3067 3068 3030 3029
f 2620 2621 2977 2992
f 3083 2738 2664 3041
f 3159 3006 3005 2192
f 3035 3036 3038 3037
f 3065 3066 3036 3035
f 2324 2385 2386 2323
f 4716 4702 2379 2374
f 2192 3005 3019 3158
f 3155 3004 3003 2193
f 2239 2243 2244 2240
f 2979 2991 2375 2370
f 4663 4666 2966 2962
f 4665 4676 2965 2964
f 4673 4685 2969 2968
f 4667 4679 2973 2972
f 2368 2371 2372 2367
f 2579 2580 2994 2989
f 2559 2560 2996 2988
f 2621 2573 2978 2977
f 2518 2519 2985 3000
f 2329 2390 2391 2328
f 2188 3010 3011 2189
f 3047 3048 3050 3049
f 2191 3009 3013 3157
f 3051 3052 3046 3045
f 4730 4733 2388 2321
f 2194 3002 3020 3102
f 3018 3008 3151 3149
f 2599 2600 2995 2990
f 4687 2379 2384 4688
f 2189 3011 3012 3156
f 3043 3044 3048 3047
f 2195 3007 3006 3159
f 3037 3038 3040 3039
f 2334 2395 2396 2333
f 2497 2498 2998 2986
f 2628 2511 2976 2975
f 2498 2532 2987 2998
f 2462 2463 2982 2983
f 2273 2210 2211 2272
f 2533 2559 2988 2997
f 2547 2462 2983 2984
f 2560 2599 2990 2996
f 2477 2490 2999 2981
f 2400 2405 2406 2401
f 2401 2406 2407 2402
f 4699 4714 2414 2315
f 3096 3100 3024 3164
f 2197 3016 3022 3163
f 4727 4739 2336 2408
f 2363 2333 2332 2362
f 2440 2364 2363 2441
f 2318 2411 2412 2317
f 3146 3091 2606 3134
f 4738 4723 2423 2341
f 3164 3024 3015 3152
f 2196 3025 3014 3160
f 4697 4713 2325 2399
f 2983 2982 2339 2405
f 2994 2993 2319 2385
f 2190 3026 3009 2191
f 2186 3027 3010 2188
f 2406 2338 2337 2407
f 2995 2989 2324 2390
f 3057 3058 3074 3073
f 3161 3102 3020 3021
f 2364 2334 2333 2363
f 2996 2990 2329 2395
f 3162 3153 3008 3018
f 3041 3042 3084 3083
f 2381 2313 2312 2382
f 3154 3017 3023 3165
f 3041 3063 3064 3042
f 2395 2329 2328 2396
f 3045 3046 3080 3079
f 3049 3050 3082 3081
f 2981 2999 2420 2344
f 3055 3056 3076 3075
f 3053 3054 3078 3077
f 2991 2980 2380 2375
f 3161 3021 3016 2197
f 3163 3022 3017 3154
f 2386 2318 2317 2387
f 3162 3018 3007 2195
f 3158 3019 3004 3155
f 2339 2435 2436 2338
f 2391 2323 2322 2392
f 4726 4730 2321 2393
f 3059 3060 3070 3069
f 3061 3062 3072 3071
f 2338 2436 2437 2337
f 3069 3070 3068 3067
f 2385 2319 2318 2386
f 3039 3040 3064 3063
f 3033 3034 3066 3065
f 2380 2314 2313 2381
f 3073 3074 3062 3061
f 2607 3149 3151 2635
f 4736 4735 2413 2316
f 3075 3076 3058 3057
f 3071 3072 3060 3059
f 2521 2479 2478 2520
f 2457 2468 2467 2458
f 2456 2469 2468 2457
f 2551 2458 2459 2550
f 2506 2615 2616 2507
f 2226 2285 2284 2227
f 3073 2716 2697 3057
f 2584 2454 2453 2583
f 2780 2779 2801 2802
f 2507 2616 2617 2508
f 2781 2780 2802 2803
f 2782 2781 2803 2804
f 2586 3092 2455 2585
f 2623 2571 2572 2622
f 3144 3131 2553 2540
f 2808 2809 2690 2689
f 2425 2349 2348 2426
f 2707 3107 3086 2684
f 2441 2363 2362 2442
f 2552 2457 2458 2551
f 2522 2480 2479 2521
f 2575 2584 2583 2576
f 2986 2998 2349 2425
f 4711 4708 2350 2434
f 2905 2904 2901 2900
f 2807 2808 2689 2688
f 2622 2572 2573 2621
f 2585 2455 2454 2584
f 3075 2663 2642 3055
f 2208 2207 2264 2263
f 4823 4801 2201 2306
f 2285 2250 2251 2284
f 4812 4809 2261 2294
f 2210 2269 2268 2211
f 4801 4802 2205 2201
f 2214 2273 2272 2215
f 4819 4814 2282 2229
f 2198 2202 2203 2199
f 2289 2238 2239 2288
f 4822 4815 2278 2302
f 2218 2277 2276 2219
f 4807 4819 2229 2225
f 4817 4804 2213 2270
f 2203 2202 2206 2207
f 4806 4816 2274 2221
f 2921 2672 3105 3124
f 2277 2214 2215 2276
f 4813 4824 2241 2286
f 4816 4805 2217 2274
f 4805 4817 2270 2217
f 2222 2226 2227 2223
f 4814 4818 2253 2282
f 2305 2281 2280 2304
f 4804 4826 2266 2213
f 4826 4828 2233 2266
f 2661 2660 2645 2644
f 2469 2512 2513 2468
f 2544 2549 2548 2545
f 3116 2814 2695 3106
f 2895 2896 2942 2943
f 2430 2354 2353 2431
f 2420 2425 2426 2421
f 2587 2607 2608 2588
f 2632 2507 2508 2631
f 2561 2598 2599 2560
f 2977 2978 2369 2445
f 2714 2713 2700 2699
f 2896 2897 2941 2942
f 2421 2426 2427 2422
f 2909 2908 2897 2896
f 2545 2548 2547 2546
f 2626 2568 2569 2625
f 2640 2545 2546 2641
f 3123 2883 2880 3122
f 2775 2774 2796 2797
f 2510 2619 2620 2511
f 3113 2773 2795 3115
f 2468 2513 2514 2467
f 2716 2715 2698 2697
f 2496 2499 2498 2497
f 2548 2461 2462 2547
f 2588 2608 2609 2589
f 2269 2230 2231 2268
f 2577 2582 2581 2578
f 2576 2583 2582 2577
f 2906 2905 2900 2899
f 2907 2906 2899 2898
f 2848 2847 2911 2912
f 2766 2765 2756 2755
f 2873 2874 2779 2780
f 2754 2755 2733 2734
f 2869 2868 2851 2850
f 2767 2766 2755 2754
f 2872 2873 2780 2781
f 2574 2585 2584 2575
f 2204 2203 2207 2208
f 3049 2749 2771 3047
f 4634 4647 2230 2269
f 2908 2907 2898 2897
f 4702 4701 2384 2379
f 2613 2612 2640 2641
f 2445 2369 2368 2446
f 2857 3120 3117 2818
f 2758 3111 3109 2730
f 2650 3103 3123 2884
f 2818 3117 3116 2813
f 2683 3086 3107 2708
f 4802 2204 2208 4803
f 3041 2664 2913 3063
f 3134 2606 3090 3148
f 3086 3087 2933 2684
f 3089 3101 3132 2566
f 2706 3095 3094 2707
f 3109 2729 2673 3105
f 2862 3121 3120 2857
f 2694 3106 3118 2829
f 3002 3003 3136 3138
f 2840 3119 3099 2904
f 2796 3115 3114 2791
f 2741 3110 3112 2763
f 2791 3114 3108 2719
f 2879 3122 3113 2774
f 2705 3088 3104 2655
f 2937 3125 3087 2932
f 2731 2730 2672 2671
f 2813 3116 3106 2694
f 2921 3124 3121 2862
f 2904 3099 3085 2901
f 2901 3085 3125 2937
f 2932 3087 3086 2683
f 2708 3107 3088 2705
f 2655 3104 3103 2650
f 2884 3123 3122 2879
f 2763 3112 3111 2758
f 3023 3017 3148 3132
f 3024 3100 3101 3130
f 3009 3026 3139 3127
f 3011 3010 3126 3137
f 3020 3002 3138 3093
f 3012 3011 3137 3131
f 3022 3016 3146 3134
f 2774 3113 3115 2796
f 3010 3027 3142 3126
f 2719 3108 3110 2741
f 4803 2208 2263 4808
f 3148 3090 2566 3132
f 3181 3180 2176 2122
f 3173 3172 3166 3167
f 3171 3170 3168 3169
f 2106 2152 3170 3171
f 3169 3168 3172 3173
f 3177 3176 3174 3175
f 3167 3166 3176 3177
f 3175 3174 3178 3179
f 3190 3168 3170 3191
f 3048 3182 3183 3050
f 3184 3182 3048 3044
f 3185 3184 3044 3084
f 3186 3185 3084 3042
f 3187 3186 3042 3064
f 3179 3178 3180 3181
f 3188 3187 3064 3040
f 3189 3038 3036 2174
f 3192 3190 3182 3184
f 3193 3192 3184 3185
f 3194 3193 3185 3186
f 3195 3194 3186 3187
f 3196 3195 3187 3188
f 3197 3196 3188 3189
f 3180 3178 3196 3197
f 3178 3174 3195 3196
f 3174 3176 3194 3195
f 3176 3166 3193 3194
f 3166 3172 3192 3193
f 3172 3168 3190 3192
f 3182 3190 3191 3183
f 2150 3082 3050 3183
f 3197 3189 2174 2175
f 3180 3197 2175 2176
f 2151 2150 3183 3191
f 2152 2151 3191 3170
f 1116 204 3753 4477
f 4478 3755 3754 4476
f 4477 3753 3755 4478
f 3198 3202 3204 3200
f 3200 3204 3203 3199
f 3201 15 3202 3198
f 3440 3405 3213 3438
f 3441 3408 3214 3439
f 3442 3411 3215 3377
f 3306 3299 3223 3224
f 3313 3300 3221 3262
f 3312 3301 3219 3258
f 3316 3302 3217 3274
f 3374 3303 3225 3370
f 3314 3307 3222 3266
f 3311 3308 3220 3254
f 3315 3309 3218 3270
f 3384 3349 3216 3377
f 3360 3352 3215 3289
f 3373 3277 3226 3371
f 3298 3278 3227 3275
f 3295 3280 3231 3263
f 3293 3282 3230 3255
f 3294 3283 3229 3259
f 3297 3270 3218 3279
f 3296 3281 3232 3267
f 3285 3284 3233 3234
f 3318 3285 3234 3310
f 3407 3286 3235 3406
f 3410 3287 3236 3409
f 3413 3288 3237 3412
f 3359 3290 3249 3348
f 3383 3329 3239 3378
f 3356 3346 3247 3268
f 3354 3345 3246 3260
f 3355 3343 3243 3264
f 3357 3342 3241 3272
f 3344 3351 3244 3245
f 3353 3350 3242 3256
f 3358 3341 3240 3276
f 3376 3349 3239 3372
f 3340 3291 3250 3333
f 3381 3379 3251 3292
f 3327 3310 3319 3777
f 3777 3319 3320 3778
f 3343 3353 3256 3243
f 3280 3293 3255 3231
f 3300 3311 3254 3221
f 3778 3320 3457 3779
f 3350 3354 3260 3242
f 3282 3294 3259 3230
f 3308 3312 3258 3220
f 3310 3234 3398 3319
f 3346 3355 3264 3247
f 3281 3295 3263 3232
f 3307 3313 3262 3222
f 3319 3398 3437 3320
f 3368 3356 3268 3364
f 3365 3296 3267 3363
f 3366 3314 3266 3362
f 3400 3397 3752 3776
f 3345 3357 3272 3246
f 3283 3219 3270 3297
f 3301 3315 3270 3219
f 3398 3400 3776 3437
f 3342 3358 3276 3241
f 3279 3298 3275 3228
f 3309 3316 3274 3218
f 3218 3274 3298 3279
f 3229 3283 3297 3271
f 3362 3266 3296 3365
f 3222 3262 3295 3281
f 3220 3258 3294 3282
f 3221 3254 3293 3280
f 3397 3399 3443 3752
f 3774 1 3443 3399
f 3380 3381 3292 3252
f 3332 3248 3291 3340
f 3344 3245 3290 3359
f 3411 3214 3288 3413
f 3408 3213 3287 3410
f 3405 3212 3286 3407
f 3306 3224 3285 3318
f 3224 3223 3284 3285
f 3266 3222 3281 3296
f 3271 3297 3279 3228
f 3258 3219 3283 3294
f 3254 3220 3282 3293
f 3262 3221 3280 3295
f 3274 3217 3278 3298
f 3370 3225 3277 3373
f 3347 3360 3289 3238
f 3252 3292 3317 3305
f 3379 3382 3304 3251
f 3292 3251 3304 3317
f 3751 3436 3470 3728
f 3324 3306 3318 3328
f 3322 3339 3316 3309
f 3325 3338 3315 3301
f 3367 3337 3314 3366
f 3326 3336 3313 3307
f 3330 3335 3312 3308
f 3323 3334 3311 3300
f 3328 3318 3310 3327
f 3337 3326 3307 3314
f 3335 3325 3301 3312
f 3336 3323 3300 3313
f 3338 3322 3309 3315
f 3324 3331 3299 3306
f 3334 3330 3308 3311
f 3339 3321 3302 3316
f 3372 3239 3329 3375
f 3276 3240 3321 3339
f 3256 3242 3330 3334
f 3245 3244 3331 3324
f 3272 3241 3322 3338
f 3264 3243 3323 3336
f 3260 3246 3325 3335
f 3268 3247 3326 3337
f 3290 3328 3327 3249
f 3243 3256 3334 3323
f 3242 3260 3335 3330
f 3247 3264 3336 3326
f 3364 3268 3337 3367
f 3246 3272 3338 3325
f 3241 3276 3339 3322
f 3245 3324 3328 3290
f 3375 3329 3303 3374
f 3304 3332 3340 3317
f 3317 3340 3333 3305
f 3250 3291 3360 3347
f 3212 3344 3359 3286
f 3206 3273 3358 3342
f 3207 3269 3357 3345
f 3361 3265 3356 3368
f 3210 3261 3355 3346
f 3208 3257 3354 3350
f 3209 3253 3353 3343
f 3369 3216 3349 3376
f 3273 3205 3341 3358
f 3253 3208 3350 3353
f 3212 3211 3351 3344
f 3269 3206 3342 3357
f 3261 3209 3343 3355
f 3257 3207 3345 3354
f 3265 3210 3346 3356
f 3286 3359 3348 3235
f 3291 3248 3352 3360
f 3378 3239 3349 3384
f 3211 3361 3368 3351
f 3244 3364 3367 3331
f 3382 3303 3329 3383
f 3223 3362 3365 3284
f 3299 3366 3362 3223
f 3284 3365 3363 3233
f 3351 3368 3364 3244
f 3205 3369 3376 3341
f 3240 3372 3375 3321
f 3331 3367 3366 3299
f 3217 3370 3373 3278
f 3341 3376 3372 3240
f 3278 3373 3371 3227
f 3302 3374 3370 3217
f 3248 3378 3384 3352
f 3321 3375 3374 3302
f 3225 3303 3382 3379
f 3226 3277 3381 3380
f 3277 3225 3379 3381
f 3332 3383 3378 3248
f 3352 3384 3377 3215
f 3401 3773 3255 3230
f 3402 3401 3230 3259
f 3363 3267 3399 3397
f 3234 3233 3400 3398
f 3233 3363 3397 3400
f 3394 3393 3387 3388
f 3396 3395 3385 3386
f 3395 3394 3388 3385
f 3388 3387 3391 3392
f 3386 3385 3389 3390
f 3385 3388 3392 3389
f 3776 3752 3394 3395
f 3437 3776 3395 3396
f 3752 3443 3393 3394
f 199 3720 3391 3387
f 18 199 3387 3393
f 1 18 3393 3443
f 3232 3263 17 3774
f 3263 3231 16 17
f 3231 3255 3773 16
f 3399 3267 3232 3774
f 3391 3720 3201 3198
f 3392 3391 3198 3200
f 3389 3392 3200 3199
f 3390 3389 3199 3403
f 3404 3403 3199 3203
f 4479 3404 3203 4476
f 3249 3327 3777 3783
f 3406 3235 3795 3450
f 3304 3382 3383 3332
f 3235 3348 3789 3795
f 3348 3249 3783 3789
f 3252 3305 3435 3419
f 3347 3238 3446 3449
f 3412 3237 3445 3452
f 3371 3226 3425 3428
f 3250 3347 3449 3447
f 3333 3250 3447 3448
f 3380 3252 3419 3422
f 3226 3380 3422 3425
f 3229 3271 12 3775
f 3271 3228 3414 12
f 3228 3275 3433 3414
f 3275 3227 3431 3433
f 3402 3259 3229 3775
f 3431 3227 3371 3428
f 3451 3409 3236 3444
f 3236 3406 3450 3444
f 3213 3405 3407 3287
f 3287 3407 3406 3236
f 3211 3212 3405 3440
f 3445 3237 3409 3451
f 3214 3408 3410 3288
f 3288 3410 3409 3237
f 3438 3213 3408 3441
f 3238 3412 3452 3446
f 3215 3411 3413 3289
f 3289 3413 3412 3238
f 3439 3214 3411 3442
f 19 3415 3416 3722
f 12 3414 3415 19
f 3416 3415 3432 3721
f 3421 3422 3419 3418
f 3423 3424 3421 3420
f 3425 3422 3421 3424
f 3427 3424 3423 3426
f 3427 3428 3425 3424
f 3429 3430 3427 3426
f 3431 3428 3427 3430
f 3432 3430 3429 3721
f 3432 3433 3431 3430
f 3415 3414 3433 3432
f 3417 3418 3434 3436
f 3418 3419 3435 3434
f 3421 3418 3417 3420
f 3305 3333 3448 3435
f 3403 3404 3456 3455
f 3396 3386 3454 3457
f 4479 3756 3757 4480
f 3390 3403 3455 3453
f 3386 3390 3453 3454
f 4480 3757 3723 4460
f 3534 3533 3459 3460
f 3733 3534 3460 3724
f 3732 3521 3461 3725
f 3521 3520 3462 3461
f 3546 3471 3464 3537
f 3579 3576 3466 3540
f 3589 3586 3468 3543
f 4464 4461 3727 3736
f 3436 3434 3469 3470
f 3493 3492 3529 3522
f 3492 3498 3530 3529
f 3502 3501 3525 3528
f 3501 3507 3524 3525
f 3507 3510 3523 3524
f 3510 3493 3522 3523
f 3511 3502 3528 3527
f 3514 3511 3527 3526
f 3487 3519 3520 3521
f 3729 3487 3521 3732
f 3517 3469 3448 3516
f 3549 3474 3471 3546
f 3552 3476 3474 3549
f 3555 3478 3476 3552
f 3523 3522 3464 3471
f 3524 3523 3471 3474
f 3525 3524 3474 3476
f 3558 3480 3478 3555
f 3561 3482 3480 3558
f 3531 3462 3482 3561
f 3567 3486 3483 3564
f 3537 3464 3486 3567
f 3520 3519 3514 3526
f 3519 3518 3515 3514
f 3518 3517 3516 3515
f 3728 3470 3489 3731
f 3731 3489 3488 3730
f 3730 3488 3487 3729
f 3470 3469 3517 3489
f 3489 3517 3518 3488
f 3488 3518 3519 3487
f 3448 3447 3513 3516
f 3516 3513 3512 3515
f 3515 3512 3511 3514
f 3447 3449 3504 3513
f 3513 3504 3503 3512
f 3512 3503 3502 3511
f 3445 3451 3495 3508
f 3508 3495 3494 3509
f 3509 3494 3493 3510
f 3452 3445 3508 3505
f 3505 3508 3509 3506
f 3506 3509 3510 3507
f 3446 3452 3505 3499
f 3499 3505 3506 3500
f 3500 3506 3507 3501
f 3449 3446 3499 3504
f 3504 3499 3500 3503
f 3503 3500 3501 3502
f 3444 3450 3496 3490
f 3490 3496 3497 3491
f 3491 3497 3498 3492
f 3451 3444 3490 3495
f 3495 3490 3491 3494
f 3494 3491 3492 3493
f 3483 3486 3529 3530
f 3486 3464 3522 3529
f 3476 3478 3528 3525
f 3478 3480 3527 3528
f 3480 3482 3526 3527
f 3482 3462 3520 3526
f 3463 3539 3569 3485
f 3539 3538 3568 3569
f 3538 3537 3567 3568
f 3485 3569 3566 3484
f 3569 3568 3565 3566
f 3568 3567 3564 3565
f 3459 3533 3563 3481
f 3533 3532 3562 3563
f 3532 3531 3561 3562
f 3481 3563 3560 3479
f 3563 3562 3559 3560
f 3562 3561 3558 3559
f 3479 3560 3557 3477
f 3560 3559 3556 3557
f 3559 3558 3555 3556
f 3477 3557 3554 3475
f 3557 3556 3553 3554
f 3556 3555 3552 3553
f 3475 3554 3551 3473
f 3554 3553 3550 3551
f 3553 3552 3549 3550
f 3473 3551 3548 3472
f 3551 3550 3547 3548
f 3550 3549 3546 3547
f 4465 4462 3738 3726
f 4462 4463 3737 3738
f 4463 4464 3736 3737
f 3590 3587 3545 3467
f 3587 3588 3544 3545
f 3588 3589 3543 3544
f 3580 3577 3542 3465
f 3577 3578 3541 3542
f 3578 3579 3540 3541
f 3472 3548 3539 3463
f 3548 3547 3538 3539
f 3547 3546 3537 3538
f 3725 3461 3536 3735
f 3735 3536 3535 3734
f 3734 3535 3534 3733
f 3461 3462 3531 3536
f 3536 3531 3532 3535
f 3535 3532 3533 3534
f 3801 3496 3450 3795
f 3497 3496 3801 3807
f 3498 3497 3807 3813
f 3530 3498 3813 3570
f 3565 3564 3575 3574
f 3566 3565 3574 3573
f 3484 3566 3573 3572
f 3564 3483 3571 3575
f 3574 3575 3579 3578
f 3573 3574 3578 3577
f 3572 3573 3577 3580
f 3575 3571 3576 3579
f 3541 3540 3585 3584
f 3542 3541 3584 3583
f 3465 3542 3583 3582
f 3540 3466 3581 3585
f 3584 3585 3589 3588
f 3583 3584 3588 3587
f 3582 3583 3587 3590
f 3585 3581 3586 3589
f 3544 3543 3595 3594
f 3545 3544 3594 3593
f 3467 3545 3593 3592
f 3543 3468 3591 3595
f 3571 3483 3530 3570
f 3466 3576 3598 3596
f 3468 3586 3600 3597
f 4461 3591 3601 4466
f 3581 3466 3596 3599
f 3586 3581 3599 3600
f 3591 3468 3597 3601
f 3598 3576 3571 3570
f 4467 3740 3739 4466
f 4468 3741 3740 4467
f 4482 3769 3741 4468
f 4469 3742 3769 4482
f 4483 3770 3742 4469
f 4460 3723 3743 4470
f 4470 3743 3770 4483
f 3469 3434 3435 3448
f 3320 3437 3396 3457
f 3631 3630 3613 3614
f 3641 3640 3624 3623
f 3651 3650 3621 3619
f 3658 3657 3625 3612
f 3668 3667 3617 3618
f 3767 3677 3609 3766
f 3683 3682 3611 3622
f 3693 3692 3620 3610
f 3677 3702 3608 3609
f 3708 3707 3615 3616
f 3692 3651 3619 3620
f 3707 3631 3614 3615
f 4474 3749 3758 4481
f 3650 3683 3622 3621
f 3640 3658 3612 3624
f 3682 3641 3623 3611
f 3630 3693 3610 3613
f 3667 3708 3616 3617
f 3702 3668 3618 3608
f 3459 3481 3672 3698
f 3698 3672 3671 3699
f 3699 3671 3670 3700
f 3700 3670 3669 3701
f 3701 3669 3668 3702
f 3479 3477 3712 3663
f 3663 3712 3711 3664
f 3664 3711 3710 3665
f 3665 3710 3709 3666
f 3666 3709 3708 3667
f 3472 3463 3697 3626
f 3626 3697 3696 3627
f 3627 3696 3695 3628
f 3628 3695 3694 3629
f 3629 3694 3693 3630
f 3465 3582 3645 3678
f 3678 3645 3644 3679
f 3679 3644 3643 3680
f 3680 3643 3642 3681
f 3681 3642 3641 3682
f 3590 3467 3662 3636
f 3636 3662 3661 3637
f 3637 3661 3660 3638
f 3638 3660 3659 3639
f 3639 3659 3658 3640
f 3572 3580 3687 3646
f 3646 3687 3686 3647
f 3647 3686 3685 3648
f 3648 3685 3684 3649
f 3649 3684 3683 3650
f 4465 3726 3746 4471
f 4471 3746 3750 4472
f 4459 4472 3750 3747
f 4473 3748 3749 4474
f 3475 3473 3635 3703
f 3703 3635 3634 3704
f 3704 3634 3633 3705
f 3705 3633 3632 3706
f 3706 3632 3631 3707
f 3485 3484 3655 3688
f 3688 3655 3654 3689
f 3689 3654 3653 3690
f 3690 3653 3652 3691
f 3691 3652 3651 3692
f 3477 3475 3703 3712
f 3712 3703 3704 3711
f 3711 3704 3705 3710
f 3710 3705 3706 3709
f 3709 3706 3707 3708
f 3460 3459 3698 3673
f 3673 3698 3699 3674
f 3674 3699 3700 3675
f 3675 3700 3701 3676
f 3676 3701 3702 3677
f 3463 3485 3688 3697
f 3697 3688 3689 3696
f 3696 3689 3690 3695
f 3695 3690 3691 3694
f 3694 3691 3692 3693
f 3580 3465 3678 3687
f 3687 3678 3679 3686
f 3686 3679 3680 3685
f 3685 3680 3681 3684
f 3684 3681 3682 3683
f 3724 3460 3673 3745
f 3745 3673 3674 3772
f 3772 3674 3675 3744
f 3744 3675 3676 3771
f 3771 3676 3677 3767
f 3481 3479 3663 3672
f 3672 3663 3664 3671
f 3671 3664 3665 3670
f 3670 3665 3666 3669
f 3669 3666 3667 3668
f 3467 3592 3656 3662
f 3662 3656 3717 3661
f 3661 3717 3718 3660
f 3660 3718 3719 3659
f 3659 3719 3657 3658
f 3484 3572 3646 3655
f 3655 3646 3647 3654
f 3654 3647 3648 3653
f 3653 3648 3649 3652
f 3652 3649 3650 3651
f 3582 3590 3636 3645
f 3645 3636 3637 3644
f 3644 3637 3638 3643
f 3643 3638 3639 3642
f 3642 3639 3640 3641
f 3473 3472 3626 3635
f 3635 3626 3627 3634
f 3634 3627 3628 3633
f 3633 3628 3629 3632
f 3632 3629 3630 3631
f 3714 3713 4490 4491
f 4484 4494 4493 4485
f 4489 3714 4491 4492
f 4493 4494 3713 3714
f 3609 3608 3716 3715
f 4473 4459 3747 3748
f 215 3722 3416 3759
f 3761 3420 3417 3760
f 3762 3423 3420 3761
f 3763 3426 3423 3762
f 3764 3429 3426 3763
f 3765 3721 3429 3764
f 3759 3416 3721 3765
f 3760 3417 3436 3751
f 3766 3609 3715 3768
f 3778 3784 3783 3777
f 3784 3790 3789 3783
f 3790 3796 3795 3789
f 3796 3802 3801 3795
f 3802 3808 3807 3801
f 3808 3814 3813 3807
f 3814 3598 3570 3813
f 3779 3785 3784 3778
f 3785 3791 3790 3784
f 3791 3797 3796 3790
f 3797 3803 3802 3796
f 3803 3809 3808 3802
f 3809 3815 3814 3808
f 3815 3596 3598 3814
f 3454 3780 3779 3457
f 3780 3786 3785 3779
f 3786 3792 3791 3785
f 3792 3798 3797 3791
f 3798 3804 3803 3797
f 3804 3810 3809 3803
f 3810 3816 3815 3809
f 3816 3599 3596 3815
f 3453 3781 3780 3454
f 3781 3787 3786 3780
f 3787 3793 3792 3786
f 3793 3799 3798 3792
f 3799 3805 3804 3798
f 3805 3811 3810 3804
f 3811 3817 3816 3810
f 3817 3600 3599 3816
f 3455 3782 3781 3453
f 3782 3788 3787 3781
f 3788 3794 3793 3787
f 3794 3800 3799 3793
f 3800 3806 3805 3799
f 3806 3812 3811 3805
f 3812 3818 3817 3811
f 3818 3597 3600 3817
f 3456 3458 3782 3455
f 3458 3606 3788 3782
f 3606 3607 3794 3788
f 3607 3605 3800 3794
f 3605 3604 3806 3800
f 3604 3603 3812 3806
f 3603 3602 3818 3812
f 3602 3601 3597 3818
f 4529 4528 3819 3821
f 4528 4530 3820 3819
f 4532 4531 3822 3824
f 4531 4533 3823 3822
f 4535 4534 3825 3827
f 4534 4536 3826 3825
f 3827 3825 3828 3830
f 3825 3826 3829 3828
f 4289 4159 4160 4290
f 4095 4373 4374 4359
f 4358 3872 4375 4087
f 4098 3880 3872 4358
f 4097 3877 3844 4086
f 4096 3874 3843 4085
f 4094 3869 3842 4084
f 4090 3860 3841 4083
f 4088 3854 3840 4082
f 4089 3857 3839 4081
f 4092 3866 3838 4080
f 4093 3868 4376 4371
f 4124 4357 4356 3881
f 4120 4130 3852 3867
f 4117 4129 3850 3858
f 4116 4128 3849 3855
f 4118 4127 3848 3861
f 4121 4126 3847 3871
f 4122 4125 3846 3875
f 4123 4115 3845 3878
f 4129 4116 3855 3850
f 4081 3839 3854 4088
f 4130 4117 3858 3852
f 4080 3838 3857 4089
f 4128 4118 3861 3849
f 4082 3840 3860 4090
f 4127 4119 3864 3848
f 4083 3841 3863 4091
f 4351 4120 3867 4352
f 4371 4376 3866 4092
f 4359 4374 3868 4093
f 4119 4121 3871 3864
f 4091 3863 3869 4094
f 4087 4375 4373 4095
f 4126 4122 3875 3847
f 4084 3842 3874 4096
f 4125 4123 3878 3846
f 4085 3843 3877 4097
f 4115 4124 3881 3845
f 4086 3844 3880 4098
f 4020 3890 3903 4072
f 4016 3889 3902 4068
f 4012 3888 3901 4064
f 4024 3891 3899 4056
f 4040 3895 3898 4052
f 4079 3882 3897 4048
f 3992 3883 3896 4044
f 4008 3887 3895 4040
f 4004 3886 3894 4036
f 3996 3884 3893 4032
f 4000 3885 3892 4028
f 4056 3899 3882 4079
f 4060 3900 3891 4024
f 4072 3903 3900 4060
f 4068 3902 3890 4020
f 4064 3901 3889 4016
f 4052 3898 3888 4012
f 4036 3894 3887 4008
f 4028 3892 3886 4004
f 4032 3893 3885 4000
f 4044 3896 3884 3996
f 4048 3897 3883 3992
f 3890 3939 3991 3903
f 3939 3938 3990 3991
f 3938 3937 3989 3990
f 3937 3936 3988 3989
f 3889 3935 3987 3902
f 3935 3934 3986 3987
f 3934 3933 3985 3986
f 3933 3932 3984 3985
f 3888 3931 3983 3901
f 3931 3930 3982 3983
f 3930 3929 3981 3982
f 3929 3928 3980 3981
f 3891 3943 3975 3899
f 3943 3942 3974 3975
f 3942 3941 3973 3974
f 3941 3940 3972 3973
f 3895 3959 3971 3898
f 3959 3958 3970 3971
f 3958 3957 3969 3970
f 3957 3956 3968 3969
f 3882 3904 3967 3897
f 3904 3905 3966 3967
f 3905 3906 3965 3966
f 3906 3907 3964 3965
f 3883 3911 3963 3896
f 3911 3910 3962 3963
f 3910 3909 3961 3962
f 3909 3908 3960 3961
f 3887 3927 3959 3895
f 3927 3926 3958 3959
f 3926 3925 3957 3958
f 3925 3924 3956 3957
f 3886 3923 3955 3894
f 3923 3922 3954 3955
f 3922 3921 3953 3954
f 3921 3920 3952 3953
f 3884 3915 3951 3893
f 3915 3914 3950 3951
f 3914 3913 3949 3950
f 3913 3912 3948 3949
f 3885 3919 3947 3892
f 3919 3918 3946 3947
f 3918 3917 3945 3946
f 3917 3916 3944 3945
f 3899 3975 3904 3882
f 3975 3974 3905 3904
f 3974 3973 3906 3905
f 3973 3972 3907 3906
f 3900 3979 3943 3891
f 3979 3978 3942 3943
f 3978 3977 3941 3942
f 3977 3976 3940 3941
f 3903 3991 3979 3900
f 3991 3990 3978 3979
f 3990 3989 3977 3978
f 3989 3988 3976 3977
f 3902 3987 3939 3890
f 3987 3986 3938 3939
f 3986 3985 3937 3938
f 3985 3984 3936 3937
f 3901 3983 3935 3889
f 3983 3982 3934 3935
f 3982 3981 3933 3934
f 3981 3980 3932 3933
f 3898 3971 3931 3888
f 3971 3970 3930 3931
f 3970 3969 3929 3930
f 3969 3968 3928 3929
f 3894 3955 3927 3887
f 3955 3954 3926 3927
f 3954 3953 3925 3926
f 3953 3952 3924 3925
f 3892 3947 3923 3886
f 3947 3946 3922 3923
f 3946 3945 3921 3922
f 3945 3944 3920 3921
f 3893 3951 3919 3885
f 3951 3950 3918 3919
f 3950 3949 3917 3918
f 3949 3948 3916 3917
f 3896 3963 3915 3884
f 3963 3962 3914 3915
f 3962 3961 3913 3914
f 3961 3960 3912 3913
f 3897 3967 3911 3883
f 3967 3966 3910 3911
f 3966 3965 3909 3910
f 3965 3964 3908 3909
f 3868 4051 3995 4376
f 4051 4050 3994 3995
f 4050 4049 3993 3994
f 4049 4048 3992 3993
f 3866 4047 3999 3838
f 4047 4046 3998 3999
f 4046 4045 3997 3998
f 4045 4044 3996 3997
f 3857 4035 4003 3839
f 4035 4034 4002 4003
f 4034 4033 4001 4002
f 4033 4032 4000 4001
f 3854 4031 4007 3840
f 4031 4030 4006 4007
f 4030 4029 4005 4006
f 4029 4028 4004 4005
f 3860 4039 4011 3841
f 4039 4038 4010 4011
f 4038 4037 4009 4010
f 4037 4036 4008 4009
f 3869 4055 4015 3842
f 4055 4054 4014 4015
f 4054 4053 4013 4014
f 4053 4052 4012 4013
f 3874 4067 4019 3843
f 4067 4066 4018 4019
f 4066 4065 4017 4018
f 4065 4064 4016 4017
f 3877 4071 4023 3844
f 4071 4070 4022 4023
f 4070 4069 4021 4022
f 4069 4068 4020 4021
f 3880 4075 4063 3872
f 4075 4074 4062 4063
f 4074 4073 4061 4062
f 4073 4072 4060 4061
f 3872 4063 4027 4375
f 4063 4062 4026 4027
f 4062 4061 4025 4026
f 4061 4060 4024 4025
f 4373 4059 4076 4374
f 4059 4058 4077 4076
f 4058 4057 4078 4077
f 4057 4056 4079 4078
f 3839 4003 4031 3854
f 4003 4002 4030 4031
f 4002 4001 4029 4030
f 4001 4000 4028 4029
f 3838 3999 4035 3857
f 3999 3998 4034 4035
f 3998 3997 4033 4034
f 3997 3996 4032 4033
f 3840 4007 4039 3860
f 4007 4006 4038 4039
f 4006 4005 4037 4038
f 4005 4004 4036 4037
f 3841 4011 4043 3863
f 4011 4010 4042 4043
f 4010 4009 4041 4042
f 4009 4008 4040 4041
f 4376 3995 4047 3866
f 3995 3994 4046 4047
f 3994 3993 4045 4046
f 3993 3992 4044 4045
f 4374 4076 4051 3868
f 4076 4077 4050 4051
f 4077 4078 4049 4050
f 4078 4079 4048 4049
f 3863 4043 4055 3869
f 4043 4042 4054 4055
f 4042 4041 4053 4054
f 4041 4040 4052 4053
f 4375 4027 4059 4373
f 4027 4026 4058 4059
f 4026 4025 4057 4058
f 4025 4024 4056 4057
f 3842 4015 4067 3874
f 4015 4014 4066 4067
f 4014 4013 4065 4066
f 4013 4012 4064 4065
f 3843 4019 4071 3877
f 4019 4018 4070 4071
f 4018 4017 4069 4070
f 4017 4016 4068 4069
f 3844 4023 4075 3880
f 4023 4022 4074 4075
f 4022 4021 4073 4074
f 4021 4020 4072 4073
f 3837 4086 4098 3879
f 3836 4085 4097 3876
f 3835 4084 4096 3873
f 3862 4091 4094 3870
f 4372 4371 4092 3865
f 3834 4083 4091 3862
f 3833 4082 4090 3859
f 3831 4080 4089 3856
f 3832 4081 4088 3853
f 3865 4092 4080 3831
f 3856 4089 4081 3832
f 3853 4088 4082 3833
f 3859 4090 4083 3834
f 3870 4094 4084 3835
f 3873 4096 4085 3836
f 3876 4097 4086 3837
f 3879 4098 4358 4377
f 3837 3879 4114 4105
f 3836 3876 4113 4099
f 3835 3873 4112 4100
f 3862 3870 4111 4109
f 4372 3865 4110 4378
f 3834 3862 4109 4101
f 3833 3859 4108 4102
f 3831 3856 4107 4104
f 3832 3853 4106 4103
f 3876 3837 4105 4113
f 3873 3836 4099 4112
f 3870 3835 4100 4111
f 3859 3834 4101 4108
f 3853 3833 4102 4106
f 3856 3832 4103 4107
f 3865 3831 4104 4110
f 3879 4377 4360 4114
f 4105 4114 4124 4115
f 4099 4113 4123 4125
f 4100 4112 4122 4126
f 4109 4111 4121 4119
f 4378 4110 4120 4351
f 4101 4109 4119 4127
f 4102 4108 4118 4128
f 4104 4107 4117 4130
f 4103 4106 4116 4129
f 4113 4105 4115 4123
f 4112 4099 4125 4122
f 4111 4100 4126 4121
f 4108 4101 4127 4118
f 4106 4102 4128 4116
f 4107 4103 4129 4117
f 4110 4104 4130 4120
f 4114 4360 4357 4124
f 3845 3881 4341 4131
f 4131 4341 4342 4132
f 4132 4342 4343 4133
f 4133 4343 4344 4134
f 4134 4344 4345 4135
f 4135 4345 4346 4136
f 4136 4346 4347 4137
f 4137 4347 4348 4138
f 4138 4348 4349 4139
f 4139 4349 4350 4140
f 3846 3878 4331 4170
f 4170 4331 4332 4169
f 4169 4332 4333 4168
f 4168 4333 4334 4167
f 4167 4334 4335 4166
f 4166 4335 4336 4165
f 4165 4336 4337 4164
f 4164 4337 4338 4163
f 4163 4338 4339 4162
f 4162 4339 4340 4161
f 3847 3875 4321 4180
f 4180 4321 4322 4179
f 4179 4322 4323 4178
f 4178 4323 4324 4177
f 4177 4324 4325 4176
f 4176 4325 4326 4175
f 4175 4326 4327 4174
f 4174 4327 4328 4173
f 4173 4328 4329 4172
f 4172 4329 4330 4171
f 4355 4354 4301 4220
f 4220 4301 4302 4219
f 4219 4302 4303 4218
f 4218 4303 4304 4217
f 4217 4304 4305 4216
f 4216 4305 4306 4215
f 4215 4306 4307 4214
f 4214 4307 4308 4213
f 4213 4308 4309 4212
f 4212 4309 4310 4211
f 3864 3871 4291 4261
f 4261 4291 4292 4262
f 4262 4292 4293 4263
f 4263 4293 4294 4264
f 4264 4294 4295 4265
f 4265 4295 4296 4266
f 4266 4296 4297 4267
f 4267 4297 4298 4268
f 4268 4298 4299 4269
f 4269 4299 4300 4270
f 3851 4353 4281 4141
f 4141 4281 4282 4142
f 4142 4282 4283 4143
f 4143 4283 4284 4144
f 4144 4284 4285 4145
f 4145 4285 4286 4146
f 4146 4286 4287 4147
f 4147 4287 4288 4148
f 4148 4288 4289 4149
f 4149 4289 4290 4150
f 4352 3867 4271 4151
f 4151 4271 4272 4152
f 4152 4272 4273 4153
f 4153 4273 4274 4154
f 4154 4274 4275 4155
f 4155 4275 4276 4156
f 4156 4276 4277 4157
f 4157 4277 4278 4158
f 4158 4278 4279 4159
f 4159 4279 4280 4160
f 3848 3864 4261 4190
f 4190 4261 4262 4189
f 4189 4262 4263 4188
f 4188 4263 4264 4187
f 4187 4264 4265 4186
f 4186 4265 4266 4185
f 4185 4266 4267 4184
f 4184 4267 4268 4183
f 4183 4268 4269 4182
f 4182 4269 4270 4181
f 3849 3861 4251 4200
f 4200 4251 4252 4199
f 4199 4252 4253 4198
f 4198 4253 4254 4197
f 4197 4254 4255 4196
f 4196 4255 4256 4195
f 4195 4256 4257 4194
f 4194 4257 4258 4193
f 4193 4258 4259 4192
f 4192 4259 4260 4191
f 3852 3858 4241 4230
f 4230 4241 4242 4229
f 4229 4242 4243 4228
f 4228 4243 4244 4227
f 4227 4244 4245 4226
f 4226 4245 4246 4225
f 4225 4246 4247 4224
f 4224 4247 4248 4223
f 4223 4248 4249 4222
f 4222 4249 4250 4221
f 3850 3855 4231 4210
f 4210 4231 4232 4209
f 4209 4232 4233 4208
f 4208 4233 4234 4207
f 4207 4234 4235 4206
f 4206 4235 4236 4205
f 4205 4236 4237 4204
f 4204 4237 4238 4203
f 4203 4238 4239 4202
f 4202 4239 4240 4201
f 3881 4356 4311 4341
f 4341 4311 4312 4342
f 4342 4312 4313 4343
f 4343 4313 4314 4344
f 4344 4314 4315 4345
f 4345 4315 4316 4346
f 4346 4316 4317 4347
f 4347 4317 4318 4348
f 4348 4318 4319 4349
f 4349 4319 4320 4350
f 3867 3852 4230 4271
f 4271 4230 4229 4272
f 4272 4229 4228 4273
f 4273 4228 4227 4274
f 4274 4227 4226 4275
f 4275 4226 4225 4276
f 4276 4225 4224 4277
f 4277 4224 4223 4278
f 4278 4223 4222 4279
f 4279 4222 4221 4280
f 4356 4355 4220 4311
f 4311 4220 4219 4312
f 4312 4219 4218 4313
f 4313 4218 4217 4314
f 4314 4217 4216 4315
f 4315 4216 4215 4316
f 4316 4215 4214 4317
f 4317 4214 4213 4318
f 4318 4213 4212 4319
f 3858 3850 4210 4241
f 4241 4210 4209 4242
f 4242 4209 4208 4243
f 4243 4208 4207 4244
f 4244 4207 4206 4245
f 4245 4206 4205 4246
f 4246 4205 4204 4247
f 4247 4204 4203 4248
f 4248 4203 4202 4249
f 4249 4202 4201 4250
f 4353 4352 4151 4281
f 4281 4151 4152 4282
f 4282 4152 4153 4283
f 4283 4153 4154 4284
f 4284 4154 4155 4285
f 4285 4155 4156 4286
f 4286 4156 4157 4287
f 4287 4157 4158 4288
f 4288 4158 4159 4289
f 4354 3851 4141 4301
f 4301 4141 4142 4302
f 4302 4142 4143 4303
f 4303 4143 4144 4304
f 4304 4144 4145 4305
f 4305 4145 4146 4306
f 4306 4146 4147 4307
f 4307 4147 4148 4308
f 4308 4148 4149 4309
f 4309 4149 4150 4310
f 3855 3849 4200 4231
f 4231 4200 4199 4232
f 4232 4199 4198 4233
f 4233 4198 4197 4234
f 4234 4197 4196 4235
f 4235 4196 4195 4236
f 4236 4195 4194 4237
f 4237 4194 4193 4238
f 4238 4193 4192 4239
f 4239 4192 4191 4240
f 3861 3848 4190 4251
f 4251 4190 4189 4252
f 4252 4189 4188 4253
f 4253 4188 4187 4254
f 4254 4187 4186 4255
f 4255 4186 4185 4256
f 4256 4185 4184 4257
f 4257 4184 4183 4258
f 4258 4183 4182 4259
f 4259 4182 4181 4260
f 3871 3847 4180 4291
f 4291 4180 4179 4292
f 4292 4179 4178 4293
f 4293 4178 4177 4294
f 4294 4177 4176 4295
f 4295 4176 4175 4296
f 4296 4175 4174 4297
f 4297 4174 4173 4298
f 4298 4173 4172 4299
f 4299 4172 4171 4300
f 3875 3846 4170 4321
f 4321 4170 4169 4322
f 4322 4169 4168 4323
f 4323 4168 4167 4324
f 4324 4167 4166 4325
f 4325 4166 4165 4326
f 4326 4165 4164 4327
f 4327 4164 4163 4328
f 4328 4163 4162 4329
f 4329 4162 4161 4330
f 3878 3845 4131 4331
f 4331 4131 4132 4332
f 4332 4132 4133 4333
f 4333 4133 4134 4334
f 4334 4134 4135 4335
f 4335 4135 4136 4336
f 4336 4136 4137 4337
f 4337 4137 4138 4338
f 4338 4138 4139 4339
f 4339 4139 4140 4340
f 4319 4212 4211 4320
f 4352 4353 4361 4351
f 4353 3851 4379 4361
f 3851 4354 4366 4379
f 4354 4355 4380 4366
f 4355 4356 4357 4380
f 4351 4361 4362 4378
f 4361 4379 4364 4362
f 4379 4366 4367 4364
f 4366 4380 4369 4367
f 4380 4357 4360 4369
f 4378 4362 4363 4372
f 4362 4364 4365 4363
f 4364 4367 4368 4365
f 4367 4369 4370 4368
f 4369 4360 4377 4370
f 4372 4363 4093 4371
f 4363 4365 4359 4093
f 4365 4368 4095 4359
f 4368 4370 4087 4095
f 4370 4377 4358 4087
f 4853 4850 4386 4398
f 4453 4451 4393 4401
f 4450 4848 4387 4395
f 4456 4455 4399 4384
f 4847 4458 4392 4400
f 4845 4453 4401 4383
f 4846 4452 4397 4390
f 4457 4846 4390 4396
f 4451 4450 4395 4393
f 4455 4851 4391 4399
f 4844 4457 4396 4388
f 4382 4845 4383 4402
f 4848 4381 4394 4387
f 4452 4449 4385 4397
f 4381 4844 4388 4394
f 4851 4454 4389 4391
f 4454 4847 4400 4389
f 4458 4853 4398 4392
f 4850 4849 4403 4386
f 4420 4414 4397 4385
f 4423 4410 4399 4391
f 4412 4426 4389 4400
f 4405 4425 4392 4398
f 4406 4424 4386 4403
f 4410 4422 4384 4399
f 4418 4421 4402 4383
f 4413 4420 4385 4404
f 4414 4419 4390 4397
f 4407 4418 4383 4401
f 4408 4417 4393 4395
f 4411 4416 4388 4396
f 4409 4415 4387 4394
f 4426 4423 4391 4389
f 4419 4411 4396 4390
f 4416 4409 4394 4388
f 4422 4413 4404 4384
f 4415 4408 4395 4387
f 4417 4407 4401 4393
f 4424 4405 4398 4386
f 4425 4412 4400 4392
f 4340 4140 4412 4425
f 4330 4161 4405 4424
f 4300 4171 4406 4421
f 4260 4181 4407 4417
f 4240 4191 4408 4415
f 4310 4150 4413 4422
f 4250 4201 4409 4416
f 4280 4221 4411 4419
f 4350 4320 4423 4426
f 4201 4240 4415 4409
f 4221 4250 4416 4411
f 4191 4260 4417 4408
f 4181 4270 4418 4407
f 4160 4280 4419 4414
f 4150 4290 4420 4413
f 4270 4300 4421 4418
f 4211 4310 4422 4410
f 4171 4330 4424 4406
f 4161 4340 4425 4405
f 4140 4350 4426 4412
f 4320 4211 4410 4423
f 4290 4160 4414 4420
f 3964 4436 4443 3908
f 3960 4437 4442 3912
f 3948 4440 4429 3916
f 3944 4441 4446 3920
f 3952 4439 4445 3924
f 3968 4435 4447 3928
f 3980 4430 4427 3932
f 3984 4431 4428 3936
f 3988 4432 4448 3976
f 3976 4448 4444 3940
f 3972 4434 4433 3907
f 3916 4429 4441 3944
f 3912 4442 4440 3948
f 3920 4446 4439 3952
f 3924 4445 4438 3956
f 3908 4443 4437 3960
f 3907 4433 4436 3964
f 3956 4438 4435 3968
f 3940 4444 4434 3972
f 3928 4447 4430 3980
f 3932 4427 4431 3984
f 3936 4428 4432 3988
f 4421 4406 4403 4402
f 4852 4456 4384 4404
f 4449 4852 4404 4385
f 4849 4382 4402 4403
f 3719 3718 4459 4473
f 4495 4493 3714 4489
f 3719 4473 4474 3657
f 3718 3717 4472 4459
f 3656 4471 4472 3717
f 3592 4465 4471 3656
f 3657 4474 4481 3625
f 3606 4470 4483 3607
f 3458 4460 4470 3606
f 3607 4483 4469 3605
f 3605 4469 4482 3604
f 3604 4482 4468 3603
f 3603 4468 4467 3602
f 3602 4467 4466 3601
f 3727 4461 4466 3739
f 3594 3595 4464 4463
f 3593 3594 4463 4462
f 3592 3593 4462 4465
f 3595 3591 4461 4464
f 3456 4480 4460 3458
f 3404 4479 4480 3456
f 3756 4479 4476 3754
f 3202 4477 4478 3204
f 3204 4478 4476 3203
f 15 1116 4477 3202
f 4488 4486 4485 4475
f 4475 4495 2124 2125
f 4486 4487 4484 4485
f 4498 4496 4486 4488
f 4496 4497 4487 4486
f 4491 4490 3830 3828
f 4492 4491 3828 3829
f 2122 2114 4492 3829
f 4489 4492 2114 2123
f 4495 4489 2123 2124
f 4488 4475 2125 2113
f 4499 4501 4497 4496
f 4500 4499 4496 4498
f 3625 4481 4499 4500
f 4481 3758 4501 4499
f 2111 2115 4507 4505
f 2118 2108 4502 4510
f 2109 2118 4510 4503
f 2117 2109 4503 4509
f 2116 2111 4505 4508
f 2115 2110 4504 4507
f 2112 2116 4508 4506
f 2110 2117 4509 4504
f 2106 3171 4518 4511
f 2119 2107 4512 4513
f 3171 3169 4517 4518
f 3173 3167 4516 4519
f 2107 2121 4515 4512
f 3167 3177 4520 4516
f 2120 2106 4511 4514
f 2121 2120 4514 4515
f 3169 3173 4519 4517
f 4502 2108 2119 4513
f 3179 3181 4523 4522
f 3175 3179 4522 4521
f 4520 3177 3175 4521
f 4523 3181 2122 3829
f 4488 2113 2112 4506
f 4524 4506 4508 4525
f 4526 4524 4525 4527
f 3612 4526 4527 3624
f 4526 3612 3625 4500
f 4524 4526 4500 4498
f 4506 4524 4498 4488
f 4537 4505 4507 4538
f 4539 4538 4507 4504
f 4540 4539 4504 4509
f 4541 4540 4509 4503
f 4542 4541 4503 4510
f 4543 4542 4510 4502
f 4544 4543 4502 4513
f 4545 4544 4513 4512
f 4546 4545 4512 4515
f 4547 4546 4515 4514
f 4548 4547 4514 4511
f 4549 4548 4511 4518
f 4550 4549 4518 4517
f 4551 4550 4517 4519
f 3715 3716 4530 4528
f 3768 3715 4528 4529
f 3819 3820 4533 4531
f 3821 3819 4531 4532
f 4552 4551 4519 4516
f 4553 4552 4516 4520
f 4554 4553 4520 4521
f 4568 4567 4551 4552
f 3822 3823 4536 4534
f 3824 3822 4534 4535
f 4569 4568 4552 4553
f 4570 4569 4553 4554
f 4567 4566 4550 4551
f 4566 4565 4549 4550
f 4565 4564 4548 4549
f 4564 4563 4547 4548
f 4563 4562 4546 4547
f 4562 4561 4545 4546
f 4561 4560 4544 4545
f 4560 4559 4543 4544
f 4559 4558 4542 4543
f 4558 4557 4541 4542
f 4557 4556 4540 4541
f 4556 4555 4539 4540
f 4555 4571 4538 4539
f 4572 4537 4538 4571
f 3623 4572 4571 3611
f 3622 3611 4571 4555
f 3621 3622 4555 4556
f 3619 3621 4556 4557
f 3620 3619 4557 4558
f 3610 3620 4558 4559
f 3613 3610 4559 4560
f 3614 3613 4560 4561
f 3615 3614 4561 4562
f 3616 3615 4562 4563
f 3617 3616 4563 4564
f 3618 3617 4564 4565
f 3608 3618 4565 4566
f 3716 3608 4566 4567
f 4533 3820 4569 4570
f 3820 4530 4568 4569
f 4530 3716 4567 4568
f 4572 3623 3624 4527
f 4537 4572 4527 4525
f 4505 4537 4525 4508
f 4573 4554 4521 4522
f 4574 4573 4522 4523
f 4574 4523 3829 3826
f 3823 4533 4570 4575
f 4575 4570 4554 4573
f 4536 3823 4575 4576
f 4576 4575 4573 4574
f 4536 4576 4574 3826
f 3441 4431 4427 3438
f 4430 3440 3438 4427
f 3211 3440 4430 4447
f 3361 3211 4447 4435
f 3265 3361 4435 4438
f 3210 3265 4438 4445
f 3261 3210 4445 4439
f 3209 3261 4439 4446
f 3253 3209 4446 4441
f 3208 3253 4441 4429
f 3257 3208 4429 4440
f 3207 3257 4440 4442
f 3269 3207 4442 4437
f 3206 3269 4437 4443
f 3273 3206 4443 4436
f 3205 3273 4436 4433
f 3369 3205 4433 4434
f 3216 3369 4434 4444
f 3377 3216 4444 4448
f 3442 3377 4448 4432
f 3439 3442 4432 4428
f 3439 4428 4431 3441
f 2185 2125 2124 2182
f 4773 4800 4604 4577
f 4774 4773 4577 4578
f 4775 4774 4578 4579
f 4776 4775 4579 4580
f 4777 4776 4580 4581
f 4778 4777 4581 4582
f 4779 4778 4582 4583
f 4780 4779 4583 4584
f 4781 4780 4584 4585
f 4782 4781 4585 4586
f 4783 4782 4586 4587
f 4784 4783 4587 4588
f 4785 4784 4588 4589
f 4786 4785 4589 4590
f 4787 4786 4590 4591
f 4788 4787 4591 4592
f 4789 4788 4592 4593
f 4790 4789 4593 4594
f 4791 4790 4594 4595
f 4792 4791 4595 4596
f 4793 4792 4596 4597
f 4794 4793 4597 4598
f 4795 4794 4598 4599
f 4796 4795 4599 4600
f 4797 4796 4600 4601
f 4798 4797 4601 4602
f 4799 4798 4602 4603
f 4800 4799 4603 4604
f 4745 4772 4605 4606
f 4746 4745 4606 4607
f 4747 4746 4607 4608
f 4748 4747 4608 4609
f 4749 4748 4609 4610
f 4750 4749 4610 4611
f 4751 4750 4611 4612
f 4752 4751 4612 4613
f 4753 4752 4613 4614
f 4754 4753 4614 4615
f 4755 4754 4615 4616
f 4756 4755 4616 4617
f 4757 4756 4617 4618
f 4758 4757 4618 4619
f 4759 4758 4619 4620
f 4760 4759 4620 4621
f 4761 4760 4621 4622
f 4762 4761 4622 4623
f 4763 4762 4623 4624
f 4764 4763 4624 4625
f 4765 4764 4625 4626
f 4766 4765 4626 4627
f 4767 4766 4627 4628
f 4768 4767 4628 4629
f 4769 4768 4629 4630
f 4770 4769 4630 4631
f 4771 4770 4631 4632
f 4772 4771 4632 4605
f 2951 2960 4647 4634
f 2206 4659 4633 2265
f 2958 2959 4638 4656
f 2202 4652 4659 2206
f 2962 2966 4654 4648
f 2966 2967 4641 4654
f 2972 2973 4644 4650
f 2960 2962 4648 4647
f 2967 2972 4650 4641
f 2949 2956 4657 4633
f 2957 2954 4658 4637
f 2973 2946 4645 4644
f 2953 2950 4651 4635
f 2965 2970 4649 4640
f 2946 2947 4652 4645
f 2963 2964 4660 4655
f 2955 2952 4646 4636
f 2970 2971 4642 4649
f 2950 2951 4634 4651
f 2959 2968 4653 4638
f 2952 2953 4635 4646
f 2961 2963 4655 4639
f 2954 2955 4636 4658
f 2956 2958 4656 4657
f 2971 2957 4637 4642
f 2969 2961 4639 4643
f 2964 2965 4640 4660
f 2968 2969 4643 4653
f 2947 4687 4688 2948
f 2449 2365 4679 4667
f 2439 2355 4685 4673
f 2429 2345 4676 4665
f 2419 2434 4666 4663
f 2335 2439 4673 4684
f 2315 2414 4682 4681
f 2345 2444 4671 4676
f 2409 2335 4684 4670
f 2404 2409 4670 4669
f 2340 2424 4664 4683
f 2374 2379 4687 4661
f 2365 2374 4661 4679
f 2310 2404 4669 4674
f 2320 2389 4668 4678
f 2330 2399 4672 4675
f 2389 2315 4681 4668
f 2350 2449 4667 4686
f 2325 2394 4662 4677
f 2360 2330 4675 4680
f 2399 2325 4677 4672
f 2394 2320 4678 4662
f 2444 2360 4680 4671
f 2434 2350 4686 4666
f 2424 2429 4665 4664
f 2355 2340 4683 4685
f 2419 4663 4682 2414
f 2948 4688 4674 2949
f 2378 2383 4701 4702
f 2433 2351 4708 4711
f 2398 2326 4713 4697
f 2316 2413 4714 4699
f 2373 2378 4702 4716
f 2366 2373 4716 4691
f 2311 2403 4693 4707
f 2383 2311 4707 4701
f 2438 2356 4704 4698
f 2443 2361 4703 4696
f 2423 2428 4695 4694
f 2356 2341 4690 4704
f 2428 2346 4709 4695
f 2418 2433 4711 4715
f 2351 2448 4712 4708
f 2448 2366 4691 4712
f 2388 2316 4699 4692
f 2393 2321 4689 4705
f 2403 2408 4706 4693
f 2361 2331 4700 4703
f 2341 2423 4694 4690
f 2336 2438 4698 4710
f 2346 2443 4696 4709
f 2408 2336 4710 4706
f 2321 2388 4692 4689
f 2413 2418 4715 4714
f 2331 2398 4697 4700
f 2326 2393 4705 4713
f 2317 2412 4735 4736
f 2392 2322 4730 4726
f 2342 2422 4723 4738
f 2407 2337 4739 4727
f 2322 2387 4733 4730
f 2332 2397 4722 4737
f 2352 2447 4729 4720
f 2327 2392 4726 4718
f 2432 2352 4720 4728
f 2437 2357 4741 4725
f 2442 2362 4743 4740
f 2427 2347 4719 4724
f 2417 2432 4728 4742
f 2347 2442 4740 4719
f 2447 2367 4732 4729
f 2422 2427 4724 4723
f 2357 2342 4738 4741
f 2377 2382 4744 4721
f 2337 2437 4725 4739
f 2387 2317 4736 4733
f 2382 2312 4717 4744
f 2397 2327 4718 4722
f 2362 2332 4737 4743
f 2402 2407 4727 4734
f 2367 2372 4731 4732
f 2312 2402 4734 4717
f 2372 2377 4721 4731
f 2412 2417 4742 4735
f 4604 4603 4771 4772
f 4603 4602 4770 4771
f 4602 4601 4769 4770
f 4601 4600 4768 4769
f 4600 4599 4767 4768
f 4599 4598 4766 4767
f 4598 4597 4765 4766
f 4597 4596 4764 4765
f 4596 4595 4763 4764
f 4595 4594 4762 4763
f 4594 4593 4761 4762
f 4593 4592 4760 4761
f 4592 4591 4759 4760
f 4591 4590 4758 4759
f 4590 4589 4757 4758
f 4589 4588 4756 4757
f 4588 4587 4755 4756
f 4587 4586 4754 4755
f 4586 4585 4753 4754
f 4585 4584 4752 4753
f 4584 4583 4751 4752
f 4583 4582 4750 4751
f 4582 4581 4749 4750
f 4581 4580 4748 4749
f 4580 4579 4747 4748
f 4579 4578 4746 4747
f 4578 4577 4745 4746
f 4577 4604 4772 4745
f 2217 2270 4799 4800
f 2270 2213 4798 4799
f 2213 2266 4797 4798
f 2266 2233 4796 4797
f 2233 2237 4795 4796
f 2237 2249 4794 4795
f 2249 2294 4793 4794
f 2294 2261 4792 4793
f 2261 2306 4791 4792
f 2306 2201 4790 4791
f 2201 2205 4789 4790
f 2205 2209 4788 4789
f 2209 2262 4787 4788
f 2262 2225 4786 4787
f 2225 2229 4785 4786
f 2229 2282 4784 4785
f 2282 2253 4783 4784
f 2253 2298 4782 4783
f 2298 2286 4781 4782
f 2286 2241 4780 4781
f 2241 2245 4779 4780
f 2245 2290 4778 4779
f 2290 2257 4777 4778
f 2257 2302 4776 4777
f 2302 2278 4775 4776
f 2278 2221 4774 4775
f 2221 2274 4773 4774
f 2274 2217 4800 4773
f 2209 4803 4808 2262
f 2205 4802 4803 2209
f 2267 2232 4828 4826
f 2212 2267 4826 4804
f 2283 2252 4818 4814
f 2216 2271 4817 4805
f 2275 2216 4805 4816
f 2287 2240 4824 4813
f 2220 2275 4816 4806
f 2271 2212 4804 4817
f 2224 2228 4819 4807
f 2303 2279 4815 4822
f 2228 2283 4814 4819
f 2200 2204 4802 4801
f 2295 2260 4809 4812
f 2307 2200 4801 4823
f 2279 2220 4806 4815
f 2263 2224 4807 4808
f 2260 2307 4823 4809
f 2252 2299 4821 4818
f 2240 2244 4827 4824
f 2236 2248 4810 4825
f 2248 2295 4812 4810
f 2291 2256 4820 4811
f 2244 2291 4811 4827
f 2232 2236 4825 4828
f 2256 2303 4822 4820
f 2299 2287 4813 4821
f 4606 4605 4829 6255
f 4607 4606 6255 4830
f 4608 4607 4830 4831
f 4609 4608 4831 4832
f 4610 4609 4832 4833
f 4611 4610 4833 6256
f 4612 4611 6256 6257
f 4613 4612 6257 6258
f 4614 4613 6258 4834
f 4615 4614 4834 4835
f 4616 4615 4835 6259
f 4617 4616 6259 6260
f 4618 4617 6260 4836
f 4619 4618 4836 4837
f 4620 4619 4837 6261
f 4621 4620 6261 6262
f 4622 4621 6262 4838
f 4623 4622 4838 4839
f 4624 4623 4839 4840
f 4625 4624 4840 6263
f 4626 4625 6263 6264
f 4627 4626 6264 6265
f 4628 4627 6265 6266
f 4629 4628 6266 4841
f 4630 4629 4841 6267
f 4631 4630 6267 4842
f 4632 4631 4842 4843
f 4605 4632 4843 4829
f 5478 5459 5203 5155
f 5096 5000 5005 4855
f 5586 5584 5204 5012
f 5508 5514 5134 5187
f 5603 5525 4892 5599
f 5599 4892 5257 5601
f 4860 4861 4862 4863
f 5546 5544 4991 5371
f 4864 4865 4866 4867
f 4911 5019 5022 5101
f 5205 5201 5156 5025
f 5484 5485 5105 5378
f 5381 5467 5480 5399
f 5435 5442 4940 5193
f 5063 5039 5548 5340
f 5262 5177 5059 5269
f 4874 4875 4876 4877
f 5589 4878 5272 5591
f 5227 5232 5109 5037
f 5368 5267 4886 5366
f 5511 5517 5132 4947
f 5099 5184 5341 5542
f 5276 5279 5010 4870
f 5510 5526 5410 5388
f 5334 5336 5256 5132
f 4991 4921 5296 5295
f 5006 5133 4997 4970
f 5448 5455 4973 4919
f 5514 5508 5196 5126
f 5545 5528 4888 5370
f 5049 5271 5275 5105
f 5517 5521 5334 5132
f 5587 5479 5358 5582
f 5053 5040 4907 4908
f 5445 5099 5542 5344
f 4982 5565 5564 4981
f 4902 5086 5249 5235
f 5461 5481 5403 5384
f 5583 5203 4941 5582
f 5302 4936 5006 5220
f 4898 4910 4911 4912
f 5405 4859 5263 5408
f 5097 5182 5026 5118
f 5130 5046 5183 5304
f 5368 5365 5169 5267
f 4965 5238 5235 5018
f 5268 5261 5126 5196
f 5496 5482 5272 4878
f 5281 5282 4992 4980
f 5328 5066 5202 5329
f 5333 5081 5256 5336
f 5536 5529 5004 5157
f 5487 5497 5031 4922
f 5502 5495 5351 4978
f 4942 5285 5288 5124
f 4899 4930 4889 4898
f 4922 5277 5278 4871
f 4854 5253 5218 5092
f 4869 5209 5208 4920
f 5359 5477 5476 5092
f 5347 5563 5075 5149
f 5349 5346 4958 5249
f 5061 5555 5552 5060
f 5112 5208 5209 5087
f 5023 5051 4882 5011
f 5611 5545 5370 5606
f 4975 5253 5207 5195
f 4939 4938 4875 4874
f 5581 5155 5203 5583
f 5418 5419 5278 4927
f 5605 4949 5286 5609
f 5263 5262 5134 4998
f 5500 5488 4909 4895
f 5052 4903 5210 5207
f 5505 5509 5258 4971
f 5276 5113 5176 5279
f 5479 5473 4929 5358
f 5374 5371 4991 5295
f 5004 5296 5289 5157
f 5213 5312 5308 5436
f 5075 5076 4987 5149
f 5533 5539 4942 5124
f 5153 4885 5264 5261
f 5396 5398 5291 5068
f 5126 5261 5264 4993
f 5132 5256 5260 4947
f 5567 5345 5140 5579
f 5540 5548 5339 4935
f 4989 5202 5206 4913
f 5548 5540 5115 5340
f 5544 5546 5369 4894
f 5295 5035 5372 5374
f 4894 5369 5373 5294
f 5199 5274 5270 5200
f 5320 5441 5443 5442
f 5121 5053 4908 5104
f 5399 5077 5205 5401
f 5538 5541 4974 5393
f 5236 4857 4999 5237
f 4854 5475 5464 5052
f 5234 4996 4982 5239
f 5414 5416 5292 5136
f 4977 5183 5046 5007
f 5528 5545 5372 5035
f 5439 5318 5438 5440
f 4960 5454 5451 5453
f 5356 5281 4980 5354
f 5524 5523 5169 5365
f 5048 5058 5029 5028
f 5252 5064 5122 5223
f 5166 4917 5243 5241
f 5429 5432 4891 5030
f 4863 4862 4955 4961
f 5574 5575 4962 5146
f 5324 5271 5049 5326
f 5576 5572 4891 5071
f 5190 5511 5510 5388
f 5195 5465 5474 4975
f 5427 5425 5166 5241
f 5103 5457 5449 5458
f 5125 5186 5236 5237
f 5224 4957 5051 5225
f 5394 5397 5287 5027
f 5297 5294 4888 4887
f 4968 5449 4858 4900
f 5041 5411 5550 5535
f 5052 5207 5253 4854
f 5175 4872 4873 5172
f 5529 5536 5194 4887
f 5538 5534 4994 5395
f 5254 5065 4946 5217
f 4983 4900 4901 4984
f 4899 4898 4912 4985
f 5016 5451 5163 4944
f 5097 5118 4930 4899
f 4992 5282 5276 4870
f 5610 5608 5613 5085
f 5610 5607 5371 5374
f 5578 4884 5170 4934
f 5510 5511 4947 5390
f 5165 5188 5158 5093
f 5208 5254 4928 4920
f 5415 5411 5041 5290
f 5244 5242 5144 5043
f 5424 5569 5553 5144
f 5507 5506 5366 4886
f 5000 5001 5002 5003
f 5151 5289 5296 4921
f 4961 4955 5007 5008
f 5226 4970 5009 5221
f 5269 5266 5067 5187
f 5259 5255 4880 5190
f 4927 5278 5277 4909
f 4867 4866 5013 5014
f 5489 5503 5418 4927
f 5015 5016 4944 4943
f 5108 4976 4955 4862
f 5423 5125 5237 5428
f 5119 5062 5451 5016
f 5268 5107 5153 5261
f 5019 5020 5021 5022
f 5387 5161 5259 5391
f 5541 5538 5395 5042
f 5462 4913 5403 5481
f 5027 5533 5532 5394
f 5527 5405 5389 5516
f 4882 4881 5314 5443
f 5290 5041 4856 5297
f 5470 5480 5402 5038
f 5393 5397 5292 4950
f 5196 5508 5507 4886
f 5021 4983 4984 5032
f 5547 5530 5286 4949
f 5048 5047 5440 5309
f 5135 4904 4967 4915
f 5609 5606 5370 5373
f 5471 5469 5066 5328
f 4997 5133 4872 5175
f 5373 5370 4888 5294
f 5195 5207 5210 5110
f 5513 5522 5059 5177
f 5586 5588 5477 5359
f 5406 5408 5263 4998
f 5165 5106 5180 4883
f 5028 5433 5047 5048
f 5590 5591 5272 5116
f 4991 5544 5543 4921
f 5244 4981 5198 5242
f 5304 5183 5138 5303
f 5466 5461 5384 4869
f 5222 4956 4957 5224
f 4891 5572 5570 5030
f 5040 5053 5020 5019
f 5054 5055 5056 5057
f 5058 4863 4961 5029
f 5413 4950 5292 5416
f 5343 5340 5115 5285
f 5509 5525 4923 5258
f 5240 4918 5024 5233
f 5433 5028 4962 5071
f 5501 5492 4948 5321
f 5307 5080 5191 5306
f 5488 5489 4927 4909
f 5528 5529 4887 4888
f 5246 5149 4987 5247
f 5607 5612 5546 5371
f 5156 5468 5462 5025
f 5313 5078 5069 5314
f 5220 5006 4970 5226
f 5464 5475 5065 5112
f 5113 5276 5282 5117
f 5186 5111 5248 5236
f 5313 5314 4881 5045
f 5537 5532 5396 5068
f 5205 5077 4951 5201
f 5343 5285 4942 5341
f 5301 5100 5174 5250
f 4900 4858 5444 4901
f 5057 5001 5000 5096
f 4936 4937 4938 4939
f 4873 4877 5095 5017
f 5003 5002 5088 5089
f 4966 5121 5104 4914
f 5221 5009 4956 5222
f 4993 5515 5514 5126
f 5239 4982 4981 5244
f 4912 4911 5101 5055
f 5446 5316 5317 5265
f 5395 4994 5291 5398
f 5170 4884 4883 5180
f 5267 5169 5107 5268
f 4955 4976 4977 5007
f 5523 5524 5363 4964
f 5259 5161 5179 5255
f 5303 5138 5139 5305
f 5310 5058 5048 5309
f 4964 5363 5367 5266
f 5443 5314 5069 5070
f 4872 4874 4877 4873
f 5420 5422 5010 5279
f 5310 5309 5069 5078
f 5445 5458 4904 5099
f 4984 4901 5119 5120
f 5602 5368 5366 5597
f 5023 5011 5039 5063
f 5171 5452 5454 4960
f 5345 5567 5562 5098
f 5128 5129 4865 4864
f 5312 5214 5434 5308
f 5540 5541 5042 5115
f 5413 5550 5534 4950
f 5122 5064 5082 5123
f 4951 5469 5471 5327
f 5277 4922 5031 5283
f 5006 4936 4939 5133
f 4937 5122 5123 4938
f 4975 5474 5473 4945
f 5293 5219 5023 5063
f 5385 5383 5087 5209
f 5002 5173 5147 5088
f 5231 5227 5037 5036
f 4938 5123 5137 4875
f 5158 5188 5168 5056
f 5551 5566 4996 5234
f 5415 5290 5194 5412
f 5125 5558 5557 5186
f 5375 5044 5274 5380
f 5141 4985 5054 5142
f 5013 5143 4926 4925
f 5557 5561 5111 5186
f 4967 4966 4914 4915
f 4902 5235 5238 4995
f 5129 5091 5145 4865
f 4960 5453 5450 5171
f 5029 4961 5008 5146
f 5287 4974 4935 5284
f 5223 5122 4937 5251
f 5385 5209 4869 5384
f 5401 5205 5025 5400
f 5602 5598 5365 5368
f 5313 5127 5150 5078
f 5136 5537 5549 5414
f 5089 5072 5050 5003
f 5532 5537 5136 5394
f 4875 5137 5152 4876
f 5522 5513 5153 5107
f 5543 5544 4894 4856
f 5055 5101 5158 5056
f 5159 4867 5014 5160
f 4956 5045 4881 4957
f 5519 5516 5389 5094
f 5101 5022 5093 5158
f 5512 5513 5177 4859
f 5215 4988 5100 5301
f 5198 5560 5568 5423
f 5080 5034 5033 5191
f 5407 5410 4993 5264
f 5044 5131 5270 5274
f 5474 5465 4920 4928
f 4945 5473 5479 5360
f 5023 5219 5225 5051
f 5127 5175 5172 5150
f 5022 5021 5032 5093
f 5332 5329 5202 4989
f 5504 5486 4871 5417
f 5300 5072 5089 5216
f 5174 5164 5191 5033
f 5078 5150 4860 5310
f 5431 5319 5102 5430
f 5152 5090 5091 5129
f 5367 5364 5067 5266
f 5020 5178 4983 5021
f 5309 5440 5070 5069
f 5162 4997 5175 5127
f 4932 4969 5245 5579
f 5137 5083 5090 5152
f 5073 4931 4932 5074
f 5178 4968 4900 4983
f 5097 4899 4985 5141
f 5106 5120 5015 5180
f 5436 5439 4963 5185
f 5095 5128 4864 5181
f 5410 5526 5515 4993
f 5435 5265 5317 5315
f 5123 5082 5083 5137
f 4876 5152 5129 5128
f 5287 5284 4924 5027
f 5017 5095 5181 5108
f 5297 4856 4894 5294
f 5470 5469 4951 5077
f 4855 5189 5142 5096
f 5182 5097 5141 4879
f 4910 5040 5019 4911
f 5447 5311 5312 5213
f 4857 5556 5554 4999
f 4977 5160 5138 5183
f 5476 5477 5357 4946
f 5142 5189 4879 5141
f 4985 4912 5055 5054
f 5121 4966 4968 5178
f 5184 5099 4904 5135
f 5215 5073 5074 5247
f 5243 4917 4918 5240
f 5168 5001 5057 5056
f 5150 5172 4861 4860
f 5564 5560 5198 4981
f 5181 4864 4867 5159
f 5029 5146 4962 5028
f 5454 5452 4990 5197
f 5604 5506 5364 5600
f 4915 5225 5219 5135
f 5220 5226 4907 4890
f 5457 5446 4919 4973
f 4865 5145 5167 4866
f 5045 5162 5127 5313
f 5448 5311 4972 5455
f 5250 5216 5089 5088
f 5120 5119 5016 5015
f 4861 5017 5108 4862
f 5316 5445 5299 5317
f 5360 5361 5218 4945
f 4956 5009 5162 5045
f 5417 4871 5278 5419
f 5051 4957 4881 4882
f 5172 4873 5017 4861
f 5324 5321 4948 5271
f 5263 4859 5177 5262
f 5160 5014 5139 5138
f 5008 5007 5046 5573
f 5251 4937 4936 5302
f 4877 4876 5128 5095
f 4866 5167 5143 5013
f 5001 5168 5173 5002
f 5165 5093 5032 5106
f 5100 5079 5164 5174
f 5283 5031 4978 5280
f 5109 5163 5197 5037
f 5110 5466 5465 5195
f 5445 5316 5103 5458
f 5180 5015 4943 5170
f 5071 4962 5575 5576
f 5053 5121 5178 5020
f 5146 5008 5573 5574
f 5005 5000 5003 5050
f 5429 5030 5501 5321
f 4976 5159 5160 4977
f 5356 5353 4868 5281
f 5142 5054 5057 5096
f 5108 5181 5159 4976
f 5032 4984 5120 5106
f 5014 5013 4925 5139
f 5310 4860 4863 5058
f 5327 5471 5185 5430
f 5133 4939 4874 4872
f 5269 5059 4964 5266
f 5498 5499 4896 5352
f 5283 5280 4896 4895
f 5025 5462 5481 5400
f 5543 5535 5151 4921
f 5509 5505 5114 5257
f 5218 5253 4975 4945
f 5520 5518 5081 5333
f 5598 5603 5524 5365
f 5109 5232 5230 4905
f 4930 5251 5302 4889
f 5601 5600 5364 5367
f 5424 5428 5237 4999
f 5174 5033 5216 5250
f 5493 5490 5377 4979
f 5277 5283 4895 4909
f 5267 5268 5196 4886
f 4924 5539 5533 5027
f 4952 5241 5243 4893
f 4893 5243 5240 4953
f 4988 5215 5247 4987
f 5153 5513 5512 4885
f 5506 5507 5067 5364
f 5208 5112 5065 5254
f 5486 5487 4922 4871
f 5092 5218 5361 5359
f 4898 4889 4890 4910
f 5151 5535 5550 5413
f 5462 5468 4989 4913
f 5204 5459 5478 5012
f 5034 5300 5216 5033
f 5094 5260 5256 5081
f 4988 5192 5079 5100
f 5073 5215 5301 5147
f 5504 5417 5377 5490
f 5038 5206 5202 5066
f 5525 5509 5257 4892
f 5467 5463 5087 5383
f 5561 5563 5347 5111
f 5559 5555 5061 5043
f 5522 5523 4964 5059
f 5118 5223 5251 4930
f 5570 5572 5227 5231
f 5184 5135 5219 5293
f 5549 5412 5194 5536
f 5518 5520 5335 5179
f 5290 5297 4887 5194
f 5042 5288 5285 5115
f 4905 5230 5229 4906
f 5507 5508 5187 5067
f 5061 5239 5244 5043
f 4979 5275 5271 4948
f 4908 5221 5222 5104
f 5378 5418 5503 5484
f 5147 5301 5250 5088
f 5463 5464 5112 5087
f 4999 5554 5569 5424
f 5140 5246 5247 5074
f 4953 5240 5233 4954
f 5296 5004 5035 5295
f 5104 5222 5224 4914
f 5530 5531 5148 5286
f 4906 5229 5228 4934
f 4907 5226 5221 4908
f 5427 5241 4952 5426
f 5512 5527 5409 4885
f 5450 5453 4959 5084
f 4914 5224 5225 4915
f 5580 5577 5245 4969
f 5018 5235 5249 4958
f 5026 5252 5223 5118
f 5281 4868 5117 5282
f 5060 5234 5239 5061
f 5262 5269 5187 5134
f 4889 5302 5220 4890
f 5305 5139 4925 5306
f 5164 5305 5306 5191
f 5079 5303 5305 5164
f 4926 5307 5306 4925
f 5192 5304 5303 5079
f 5076 5130 5304 5192
f 5447 5456 4972 5311
f 5318 5439 5436 5308
f 5446 5457 5103 5316
f 5435 5315 5320 5442
f 5448 4919 5521 5338
f 5171 5211 5298 5452
f 5212 5211 5171 5450
f 5332 5472 5084 5447
f 5311 5448 5214 5312
f 4966 4967 5449 4968
f 5430 5102 5211 5212
f 5456 5447 5084 4959
f 5315 5317 5299 5437
f 5431 5430 5185 4963
f 5438 5434 5193 4940
f 5441 5437 5039 5011
f 5319 5432 5429 5102
f 5315 5437 5441 5320
f 5217 5362 5358 4929
f 4857 5236 5248 5098
f 4946 5357 5362 5217
f 5475 5476 4946 5065
f 5254 5217 4929 4928
f 5612 5547 4949 5605
f 5532 5533 5124 5396
f 5499 5500 4895 4896
f 5461 5466 5110 5382
f 5596 5496 4878 5589
f 5200 5270 5325 5323
f 5585 5584 5361 5360
f 5131 5322 5325 5270
f 5468 5472 5332 4989
f 5092 5476 5475 4854
f 5497 5502 4978 5031
f 5473 5474 4928 4929
f 4951 5327 5330 5201
f 5156 5201 5330 5331
f 4978 5351 5355 5280
f 5592 5356 5354 5593
f 5518 5519 5094 5081
f 5179 5335 5337 5255
f 5595 5498 5352 5590
f 5521 5517 4880 5338
f 4896 5280 5355 5352
f 5255 5337 5338 4880
f 5472 5468 5156 5331
f 5530 5547 4986 5085
f 5592 5594 5353 5356
f 5542 5539 4924 5344
f 5169 5523 5522 5107
f 5585 5587 5460 4916
f 4935 5339 5342 5284
f 4924 5284 5342 5344
f 5098 5248 5350 5345
f 5588 5478 5155 5581
f 5086 5348 5349 5249
f 5098 5562 5556 4857
f 4933 5130 5076 5075
f 5111 5347 5350 5248
f 5492 5493 4979 4948
f 4979 5377 5379 5275
f 5421 5375 5380 5420
f 5274 5199 5376 5380
f 5514 5515 4998 5134
f 5049 5491 5494 5326
f 5105 5275 5379 5378
f 5465 5466 4869 4920
f 5469 5470 5038 5066
f 5210 5386 5382 5110
f 5404 5385 5384 5403
f 5404 5402 5383 5385
f 4903 5463 5467 5381
f 4903 5381 5386 5210
f 5553 5559 5043 5144
f 5161 5519 5518 5179
f 5409 5527 5516 5387
f 5259 5190 5388 5391
f 4947 5260 5392 5390
f 5409 5387 5391 5407
f 5094 5389 5392 5260
f 5526 5510 5390 5406
f 4974 5541 5540 4935
f 5539 5542 5341 4942
f 5399 5480 5470 5077
f 5042 5395 5398 5288
f 4996 5566 5565 4982
f 4974 5287 5397 5393
f 5136 5292 5397 5394
f 5124 5288 5398 5396
f 5383 5402 5480 5467
f 5551 5552 4954 5233
f 5569 5554 4995 5426
f 5552 5555 4953 4954
f 5554 5556 4902 4995
f 5557 5558 4965 5018
f 5559 5553 4952 4893
f 5568 5560 5166 5425
f 5555 5559 4893 4953
f 5561 5557 5018 4958
f 5556 5562 5086 4902
f 5563 5561 4958 5346
f 5494 5491 5200 5323
f 5414 5549 5536 5157
f 5564 5565 4918 4917
f 5565 5566 5024 4918
f 5560 5564 4917 5166
f 5566 5551 5233 5024
f 5562 5567 5348 5086
f 5535 5543 4856 5041
f 5052 5464 5463 4903
f 5206 5038 5402 5404
f 5206 5404 5403 4913
f 5386 5401 5400 5382
f 5400 5481 5461 5382
f 5381 5399 5401 5386
f 5516 5519 5161 5387
f 4880 5517 5511 5190
f 5526 5406 4998 5515
f 4885 5409 5407 5264
f 5391 5388 5410 5407
f 5390 5392 5408 5406
f 5527 5512 4859 5405
f 5389 5405 5408 5392
f 5534 5538 5393 4950
f 5549 5537 5068 5412
f 5291 5415 5412 5068
f 5151 5413 5416 5289
f 5291 4994 5411 5415
f 5534 5550 5411 4994
f 5157 5289 5416 5414
f 5485 5491 5049 5105
f 5176 5421 5420 5279
f 5377 5417 5419 5379
f 5380 5376 5422 5420
f 5378 5379 5419 5418
f 5558 5568 5425 4965
f 5553 5569 5426 4952
f 5238 5427 5426 4995
f 4987 5076 5192 4988
f 5144 5242 5428 5424
f 5198 5423 5428 5242
f 5238 4965 5425 5427
f 5423 5568 5558 5125
f 5211 5102 5429 5298
f 5438 5318 5308 5434
f 4901 5444 5062 5119
f 5375 5421 5504 5490
f 5010 5422 5503 5489
f 5044 5375 5490 5493
f 5422 5376 5484 5503
f 4868 5353 5495 5502
f 5593 5354 5498 5595
f 4897 5273 5482 5496
f 5117 4868 5502 5497
f 4980 4992 5500 5499
f 5322 5131 5492 5501
f 4992 4870 5488 5500
f 5354 4980 5499 5498
f 5113 5117 5497 5487
f 5594 4897 5496 5596
f 5131 5044 5493 5492
f 5199 5200 5491 5485
f 5421 5176 5486 5504
f 4870 5010 5489 5488
f 5176 5113 5487 5486
f 5376 5199 5485 5484
f 5273 5154 5483 5482
f 5472 5331 5450 5084
f 5330 5327 5430 5212
f 5331 5330 5212 5450
f 5482 5483 5116 5272
f 5471 5328 5436 5185
f 5329 5332 5447 5213
f 5328 5329 5213 5436
f 5597 5604 5505 4971
f 4990 5452 5326 5494
f 5298 5429 5321 5324
f 5452 5298 5324 5326
f 5459 5460 4941 5203
f 5193 5434 5335 5520
f 5214 5448 5338 5337
f 5434 5214 5337 5335
f 5435 5193 5520 5333
f 4919 5446 5334 5521
f 5265 5435 5333 5336
f 5446 5265 5336 5334
f 5039 5437 5339 5548
f 5299 5445 5344 5342
f 5437 5299 5342 5339
f 5009 4970 4997 5162
f 4932 4931 4883 4884
f 5350 5347 5149 5246
f 5345 5350 5246 5140
f 5170 4943 4906 4934
f 5197 4990 5036 5037
f 4944 4905 4906 4943
f 4944 5163 5109 4905
f 5036 4990 5494 5323
f 5232 5576 5575 5230
f 5230 5575 5574 5229
f 5229 5574 5573 5228
f 5227 5572 5576 5232
f 5231 5036 5323 5325
f 5570 5231 5325 5322
f 5030 5570 5322 5501
f 4969 4932 4884 5578
f 5349 5348 5245 5577
f 5346 5349 5577 4933
f 5563 5346 4933 5075
f 4910 4890 4907 5040
f 5293 5063 5340 5343
f 5184 5293 5343 5341
f 4916 5460 5459 5204
f 5004 5529 5528 5035
f 5060 5552 5551 5234
f 5571 5578 4934 5228
f 5571 5228 5573 5046
f 5130 4933 5577 5580
f 5348 5567 5579 5245
f 5579 5140 5074 4932
f 5580 4969 5578 5571
f 5130 5580 5571 5046
f 5163 5451 5454 5197
f 4959 5453 5451 5062
f 5062 5444 5456 4959
f 4973 5455 5444 4858
f 4858 5449 5457 4973
f 4904 5458 5449 4967
f 5455 4972 5456 5444
f 4891 5432 5433 5071
f 5047 5433 5431 4963
f 4963 5439 5440 5047
f 5070 5440 5438 4940
f 4940 5442 5443 5070
f 4882 5443 5441 5011
f 5432 5319 5431 5433
f 5188 4931 5173 5168
f 4931 5188 5165 4883
f 5173 4931 5073 5147
f 4381 4848 5167 5145
f 4844 4381 5145 5091
f 4457 4844 5091 5090
f 4846 4457 5090 5083
f 4452 4846 5083 5082
f 4449 4452 5082 5064
f 4852 4449 5064 5252
f 4456 4852 5252 5026
f 4455 4456 5026 5182
f 4851 4455 5182 4879
f 4454 4851 4879 5189
f 4847 4454 5189 4855
f 4458 4847 4855 5005
f 4853 4458 5005 5050
f 4850 4853 5050 5072
f 4849 4850 5072 5300
f 4382 4849 5300 5034
f 4845 4382 5034 5080
f 4453 4845 5080 5307
f 4451 4453 5307 4926
f 4450 4451 4926 5143
f 4848 4450 5143 5167
f 5477 5588 5581 5357
f 5360 5479 5587 5585
f 4916 5204 5584 5585
f 5012 5478 5588 5586
f 5357 5581 5583 5362
f 5362 5583 5582 5358
f 5460 5587 5582 4941
f 5359 5361 5584 5586
f 5353 5594 5596 5495
f 5154 5593 5595 5483
f 5273 4897 5594 5592
f 5483 5595 5590 5116
f 5273 5592 5593 5154
f 5495 5596 5589 5351
f 5352 5355 5591 5590
f 5351 5589 5591 5355
f 5366 5506 5604 5597
f 5257 5114 5600 5601
f 4923 5525 5603 5598
f 5505 5604 5600 5114
f 5258 4923 5598 5602
f 5258 5602 5597 4971
f 5363 5599 5601 5367
f 5524 5603 5599 5363
f 5546 5612 5605 5369
f 4986 5547 5612 5607
f 5545 5611 5608 5372
f 5286 5148 5606 5609
f 5085 4986 5607 5610
f 5369 5605 5609 5373
f 5531 5611 5606 5148
f 5374 5372 5608 5610
f 5611 5531 5613 5608
f 5531 5530 5085 5613
f 6297 6306 5654 5650
f 5791 5713 5619 5615
f 6082 6080 5801 5803
f 6064 5679 5690 6065
f 5706 5704 5675 5676
f 6089 6088 5689 5678
f 5673 5672 5695 5698
f 5701 5669 5666 5714
f 6314 6299 5647 6083
f 6295 5791 5615 6292
f 6062 6066 5711 5783
f 5691 5620 5619 5713
f 5737 5738 5624 5625
f 5774 5736 5626 5639
f 5716 5708 5677 5681
f 5688 5692 5681 5677
f 6286 6050 5756 6278
f 6298 6294 5645 5646
f 6030 5632 5757 6031
f 6310 6301 5640 6049
f 5701 5714 5680 5674
f 5684 5673 5674 5685
f 5776 5616 5617 5775
f 5736 5737 5625 5626
f 5680 5714 5618 5621
f 6015 5635 5762 6016
f 6312 6062 5783 6300
f 5741 5790 5720 5696
f 5673 5698 5701 5674
f 5708 5706 5676 5677
f 5664 5706 5708 5665
f 5698 5668 5669 5701
f 5698 5695 5667 5668
f 5806 5665 5670 5797
f 5677 5676 5687 5688
f 5671 5667 5695 5719
f 5692 5688 5707 5717
f 6282 6268 5616 5776
f 6069 5801 5799 6070
f 6071 5805 5803 6073
f 5676 5675 5686 5687
f 5719 5695 5672 5682
f 5704 5706 5664 5663
f 6020 5623 5655 6018
f 6088 5692 5717 6087
f 6315 6307 5653 6085
f 5696 5720 5693 5683
f 5680 5621 5620 5691
f 5667 5671 5718 5694
f 6311 6305 5648 6056
f 5713 5702 5685 5691
f 5699 5696 5683 5684
f 6335 6316 6342 6019
f 6289 6284 5800 6072
f 6317 6321 5770 5738
f 6334 6328 6340 6017
f 5639 5634 5761 5774
f 5717 5707 5742 5789
f 5628 5627 5723 5722
f 5636 5629 5721 5767
f 5729 5773 5772 5726
f 6025 5636 5767 6024
f 5775 5733 5730 5776
f 6273 6272 5728 5727
f 5728 5729 5726 5725
f 5765 5727 5724 5766
f 6330 6318 5747 5746
f 5682 5672 5683 5693
f 5733 5734 5731 5730
f 6325 6332 5736 5774
f 5734 5735 5732 5731
f 6091 5765 5766 6090
f 5635 5637 5770 5762
f 6281 6276 5768 5764
f 6288 6280 5760 6063
f 6331 6330 5746 5745
f 5740 5741 5696 5699
f 6282 6277 5643 5651
f 5791 5739 5702 5713
f 5739 5740 5699 5702
f 5674 5680 5691 5685
f 6325 6327 6348 5795
f 5687 5686 5703 5705
f 5735 5769 5768 5732
f 5727 5728 5725 5724
f 6274 6283 5773 5729
f 5666 5669 5700 5715
f 6332 6319 5737 5736
f 6046 5764 5763 6048
f 5891 5633 5758 5889
f 5627 5638 5771 5723
f 6275 6273 5727 5765
f 6319 6317 5738 5737
f 5764 5768 5769 5763
f 6021 5631 5754 6022
f 6338 6322 6354 6029
f 6070 5799 5798 6076
f 5669 5668 5697 5700
f 6072 5800 5802 6075
f 6027 5630 5751 6028
f 6336 6323 6345 6023
f 6295 6303 5739 5791
f 6063 5760 5759 6068
f 5629 5628 5722 5721
f 6272 6274 5729 5728
f 6291 6275 5765 6091
f 6320 6331 5745 5793
f 6285 6281 5764 6046
f 6277 6270 5642 5643
f 5672 5673 5684 5683
f 5738 5770 5637 5624
f 6269 6276 5654 5641
f 5702 5699 5684 5685
f 5707 5705 5743 5742
f 5668 5667 5694 5697
f 6089 5678 5710 6086
f 6313 6076 5798 6308
f 6309 6297 5650 6045
f 6050 5657 5656 6051
f 6294 6293 5644 5645
f 6339 6324 6352 6032
f 6270 6269 5641 5642
f 6307 6298 5646 5653
f 6105 6104 6107 6106
f 6065 5690 5711 6066
f 5688 5687 5705 5707
f 5665 5708 5716 5670
f 6328 6321 5794 6341
f 6318 6329 6347 5747
f 6059 5756 5755 6058
f 6087 5717 5789 6092
f 6302 6306 5790 5741
f 6337 6320 5793 6026
f 6073 6069 5690 5679
f 6290 6279 5753 6079
f 6079 5753 5752 6081
f 6082 5803 5805 6084
f 6287 6278 5756 6059
f 6304 6302 5741 5740
f 6333 6326 6350 5890
f 6303 6304 5740 5739
f 5705 5703 5744 5743
f 6293 6296 5652 5644
f 6078 5709 5777 6077
f 6080 5689 5709 6078
f 6105 6106 5614 6100
f 6064 6067 5712 5679
f 5814 5844 5843 5813
f 5819 5840 5838 5818
f 5824 5815 5814 5825
f 5821 5808 5829 5827
f 5835 5833 5821 5827
f 5830 5828 5820 5817
f 5832 5847 5839 5820
f 5830 5813 5822 5828
f 5826 5809 5816 5823
f 5825 5814 5813 5830
f 5837 5845 5815 5824
f 5822 5842 5846 5831
f 5829 5808 5809 5826
f 5843 5842 5822 5813
f 5810 5827 5829 5807
f 5807 5829 5826 5811
f 5841 5840 5819 5817
f 5819 5825 5830 5817
f 5811 5826 5823 5812
f 5835 5827 5810 5834
f 5818 5824 5825 5819
f 5839 5841 5817 5820
f 5815 5845 5844 5814
f 5837 5838 5812 5823
f 5838 5840 5811 5812
f 5841 5839 5810 5807
f 5846 5842 5821 5833
f 5840 5841 5807 5811
f 5843 5844 5809 5808
f 5844 5845 5816 5809
f 5842 5843 5808 5821
f 5845 5837 5823 5816
f 5839 5847 5834 5810
f 5820 5828 5836 5832
f 5822 5831 5836 5828
f 5818 5838 5837 5824
f 5795 6348 5834 5847
f 5750 5795 5847 5832
f 5749 5750 5832 5836
f 5748 5749 5836 5831
f 5794 5748 5831 5846
f 6341 5794 5846 5833
f 5855 5885 5884 5854
f 5860 5881 5879 5859
f 5865 5856 5855 5866
f 5862 5849 5870 5868
f 5876 5874 5862 5868
f 5871 5869 5861 5858
f 5873 5888 5880 5861
f 5871 5854 5863 5869
f 5867 5850 5857 5864
f 5866 5855 5854 5871
f 5878 5886 5856 5865
f 5863 5883 5887 5872
f 5870 5849 5850 5867
f 5884 5883 5863 5854
f 5851 5868 5870 5848
f 5848 5870 5867 5852
f 5882 5881 5860 5858
f 5860 5866 5871 5858
f 5852 5867 5864 5853
f 5876 5868 5851 5875
f 5859 5865 5866 5860
f 5880 5882 5858 5861
f 5856 5886 5885 5855
f 5878 5879 5853 5864
f 5879 5881 5852 5853
f 5882 5880 5851 5848
f 5887 5883 5862 5874
f 5881 5882 5848 5852
f 5884 5885 5850 5849
f 5885 5886 5857 5850
f 5883 5884 5849 5862
f 5886 5878 5864 5857
f 5880 5888 5875 5851
f 5861 5869 5877 5873
f 5863 5872 5877 5869
f 5859 5879 5878 5865
f 6327 6333 5890 6349
f 5634 5891 5889 5761
f 5875 5888 5890 6350
f 6349 5890 5888 5873
f 5899 5929 5928 5898
f 5904 5925 5923 5903
f 5909 5900 5899 5910
f 5906 5893 5914 5912
f 5920 5918 5906 5912
f 5915 5913 5905 5902
f 5917 5932 5924 5905
f 5915 5898 5907 5913
f 5911 5894 5901 5908
f 5910 5899 5898 5915
f 5922 5930 5900 5909
f 5907 5927 5931 5916
f 5914 5893 5894 5911
f 5928 5927 5907 5898
f 5895 5912 5914 5892
f 5892 5914 5911 5896
f 5926 5925 5904 5902
f 5904 5910 5915 5902
f 5896 5911 5908 5897
f 5920 5912 5895 5919
f 5903 5909 5910 5904
f 5924 5926 5902 5905
f 5900 5930 5929 5899
f 5922 5923 5897 5908
f 5923 5925 5896 5897
f 5926 5924 5895 5892
f 5931 5927 5906 5918
f 5925 5926 5892 5896
f 5928 5929 5894 5893
f 5929 5930 5901 5894
f 5927 5928 5893 5906
f 5930 5922 5908 5901
f 5924 5932 5919 5895
f 5905 5913 5921 5917
f 5907 5916 5921 5913
f 5903 5923 5922 5909
f 5940 5970 5969 5939
f 5945 5966 5964 5944
f 5950 5941 5940 5951
f 5947 5934 5955 5953
f 5961 5959 5947 5953
f 5956 5954 5946 5943
f 5958 5973 5965 5946
f 5956 5939 5948 5954
f 5952 5935 5942 5949
f 5951 5940 5939 5956
f 5963 5971 5941 5950
f 5948 5968 5972 5957
f 5955 5934 5935 5952
f 5969 5968 5948 5939
f 5936 5953 5955 5933
f 5933 5955 5952 5937
f 5967 5966 5945 5943
f 5945 5951 5956 5943
f 5937 5952 5949 5938
f 5961 5953 5936 5960
f 5944 5950 5951 5945
f 5965 5967 5943 5946
f 5941 5971 5970 5940
f 5963 5964 5938 5949
f 5964 5966 5937 5938
f 5967 5965 5936 5933
f 5972 5968 5947 5959
f 5966 5967 5933 5937
f 5969 5970 5935 5934
f 5970 5971 5942 5935
f 5968 5969 5934 5947
f 5971 5963 5949 5942
f 5965 5973 5960 5936
f 5946 5954 5962 5958
f 5948 5957 5962 5954
f 5944 5964 5963 5950
f 5981 6011 6010 5980
f 5986 6007 6005 5985
f 5991 5982 5981 5992
f 5988 5975 5996 5994
f 6002 6000 5988 5994
f 5997 5995 5987 5984
f 5999 6014 6006 5987
f 5997 5980 5989 5995
f 5993 5976 5983 5990
f 5992 5981 5980 5997
f 6004 6012 5982 5991
f 5989 6009 6013 5998
f 5996 5975 5976 5993
f 6010 6009 5989 5980
f 5977 5994 5996 5974
f 5974 5996 5993 5978
f 6008 6007 5986 5984
f 5986 5992 5997 5984
f 5978 5993 5990 5979
f 6002 5994 5977 6001
f 5985 5991 5992 5986
f 6006 6008 5984 5987
f 5982 6012 6011 5981
f 6004 6005 5979 5990
f 6005 6007 5978 5979
f 6008 6006 5977 5974
f 6013 6009 5988 6000
f 6007 6008 5974 5978
f 6010 6011 5976 5975
f 6011 6012 5983 5976
f 6009 6010 5975 5988
f 6012 6004 5990 5983
f 6006 6014 6001 5977
f 5987 5995 6003 5999
f 5989 5998 6003 5995
f 5985 6005 6004 5991
f 6316 6334 6017 6343
f 5623 6015 6016 5655
f 5872 5887 6017 6340
f 6343 6017 5887 5874
f 6323 6335 6019 6344
f 5631 6020 6018 5754
f 5916 5931 6019 6342
f 6344 6019 5931 5918
f 6329 6336 6023 6346
f 5638 6021 6022 5771
f 5957 5972 6023 6345
f 6346 6023 5972 5959
f 5998 6013 5747 6347
f 5746 5747 6013 6000
f 5745 5746 6000 6002
f 5793 5745 6002 6001
f 6322 6337 6026 6355
f 5630 6025 6024 5751
f 6026 5793 6001 6014
f 6355 6026 6014 5999
f 5632 6027 6028 5757
f 6324 6338 6029 6353
f 6029 6354 5960 5973
f 6353 6029 5973 5958
f 6326 6339 6032 6351
f 5633 6030 6031 5758
f 6032 6352 5919 5932
f 6351 6032 5932 5917
f 6034 6033 5835 5834
f 5787 6349 5873 6034
f 6035 6033 5877 5872
f 5781 6343 5874 6036
f 5833 5835 6033 6035
f 5873 5877 6033 6034
f 6037 6036 5874 5876
f 6038 6037 5876 5875
f 5784 6351 5917 6038
f 5917 5921 6037 6038
f 5921 5916 6036 6037
f 6040 6039 5918 5920
f 6041 6040 5920 5919
f 5778 6039 5957 6345
f 5958 5962 6040 6041
f 5962 5957 6039 6040
f 6043 6042 5959 5961
f 6044 6043 5961 5960
f 5792 6042 5998 6347
f 5999 6003 6043 6044
f 6003 5998 6042 6043
f 5635 5763 5769 5637
f 5624 5637 5769 5735
f 5625 5624 5735 5734
f 5626 5625 5734 5733
f 5639 5626 5733 5775
f 5634 5639 5775 5617
f 5629 5724 5725 5628
f 5627 5628 5725 5726
f 5638 5627 5726 5772
f 5766 5724 5629 5636
f 6301 6309 6045 5640
f 6271 6285 6046 5657
f 5657 6046 6048 5656
f 5664 5665 5806 6057
f 5756 6050 6051 5755
f 6305 6310 6049 5648
f 6271 5657 6050 6286
f 6101 6103 6053 6055
f 6283 6287 6059 5773
f 5773 6059 6058 5772
f 6296 6311 6056 5652
f 6053 6054 6111 6112
f 5806 6101 6055 6057
f 6021 5638 5772 6058
f 5631 6021 6058 5755
f 6020 5631 5755 6051
f 5623 6020 6051 5656
f 6015 5623 5656 6048
f 5635 6015 6048 5763
f 5621 5618 6067 6064
f 5620 6065 6066 5619
f 5616 6063 6068 5617
f 6268 6288 6063 5616
f 6292 5615 6062 6312
f 5615 5619 6066 6062
f 5621 6064 6065 5620
f 5803 5801 6069 6073
f 6300 5783 6076 6313
f 5760 6072 6075 5759
f 5711 6070 6076 5783
f 6280 6289 6072 5760
f 5712 6071 6073 5679
f 5690 6069 6070 5711
f 5801 6080 6078 5799
f 5799 6078 6077 5798
f 5678 6082 6084 5710
f 5800 6079 6081 5802
f 6284 6290 6079 5800
f 6308 6314 6083 5804
f 5678 5689 6080 6082
f 5709 6087 6092 5777
f 5681 6089 6086 5716
f 6279 6291 6091 5753
f 5753 6091 6090 5752
f 6299 6315 6085 5647
f 5689 6088 6087 5709
f 6095 6096 6086 5710
f 5681 5692 6088 6089
f 5797 5670 6096 5796
f 6090 5766 5636 6025
f 5752 6090 6025 5630
f 6027 6081 5752 5630
f 5632 5802 6081 6027
f 6030 6075 5802 5632
f 5633 5759 6075 6030
f 6068 5759 5633 5891
f 5617 6068 5891 5634
f 6097 6095 5710 6084
f 6098 6097 6084 5805
f 6099 6098 5805 6071
f 6100 6099 6071 5712
f 5614 5659 6099 6100
f 5659 5660 6098 6099
f 5660 5661 6097 6098
f 5661 5662 6095 6097
f 5670 5716 6086 6096
f 5796 6096 6095 5662
f 6067 5618 6104 6105
f 6067 6105 6100 5712
f 6104 5618 5714 5666
f 6107 6104 5666 5715
f 6055 6053 6112 6113
f 6117 6116 5697 5694
f 6054 6102 6108 6109
f 6057 6055 6113 6110
f 5663 5664 6057 6110
f 6109 6108 6114 6115
f 6094 6093 6116 6117
f 6118 6101 5806 5797
f 6134 6135 6108 6102
f 6114 6093 6094 6115
f 6120 6111 6054 6109
f 6122 6117 5694 5718
f 6103 6101 6118 6123
f 5700 5697 6116 6124
f 6125 6124 6116 6093
f 6126 6118 5797 5796
f 6123 6118 6126 6127
f 5715 5700 6124 6128
f 6129 6128 6124 6125
f 6103 6102 6054 6053
f 6142 6141 5659 5614
f 6130 6126 5796 5662
f 6127 6126 6130 6131
f 6131 6130 5662 5661
f 6107 5715 6128 6132
f 6133 6132 6128 6129
f 6106 6107 6132 6133
f 6114 6108 6135 6136
f 6137 6138 6135 6134
f 6140 6141 6138 6137
f 6136 6135 6138 6139
f 5660 5659 6141 6140
f 6139 6138 6141 6142
f 6125 6093 6114 6136
f 6129 6125 6136 6139
f 6133 6129 6139 6142
f 6106 6133 6142 5614
f 6134 6102 6103 6123
f 6137 6134 6123 6127
f 6140 6137 6127 6131
f 5660 6140 6131 5661
f 6200 6199 5658 6052
f 6121 6120 6109 6115
f 6119 6121 6115 6094
f 6122 6119 6094 6117
f 6201 6200 6052 5779
f 6202 6201 5779 6060
f 6203 6202 6060 5788
f 6204 6203 5788 5744
f 6205 6204 5744 5703
f 6206 6205 5703 5686
f 6207 6206 5686 5675
f 6208 6207 5675 5704
f 6209 6208 5704 5663
f 6210 6209 5663 6110
f 6211 6210 6110 6113
f 6212 6211 6113 6112
f 6213 6212 6112 6111
f 6214 6213 6111 6120
f 6215 6214 6120 6121
f 6216 6215 6121 6119
f 6217 6216 6119 6122
f 6218 6217 6122 5718
f 6219 6218 5718 5671
f 6220 6219 5671 5719
f 6221 6220 5719 5682
f 6222 6221 5682 5693
f 6223 6222 5693 5720
f 6224 6223 5720 5790
f 6225 6224 5790 5785
f 6226 6225 5785 6047
f 6199 6226 6047 5658
f 4829 4843 6170 6144
f 4843 4842 6169 6170
f 4842 6267 6168 6169
f 6267 4841 6167 6168
f 4841 6266 6166 6167
f 6266 6265 6165 6166
f 6265 6264 6164 6165
f 6264 6263 6163 6164
f 6263 4840 6162 6163
f 4840 4839 6161 6162
f 4839 4838 6160 6161
f 4838 6262 6159 6160
f 6262 6261 6158 6159
f 6261 4837 6157 6158
f 4837 4836 6156 6157
f 4836 6260 6155 6156
f 6260 6259 6154 6155
f 6259 4835 6153 6154
f 4835 4834 6152 6153
f 4834 6258 6151 6152
f 6258 6257 6150 6151
f 6257 6256 6149 6150
f 6256 4833 6148 6149
f 4833 4832 6147 6148
f 4832 4831 6146 6147
f 4831 4830 6145 6146
f 4830 6255 6143 6145
f 6255 4829 6144 6143
f 6254 6253 6198 6171
f 6253 6252 6197 6198
f 6252 6251 6196 6197
f 6251 6250 6195 6196
f 6250 6249 6194 6195
f 6249 6248 6193 6194
f 6248 6247 6192 6193
f 6247 6246 6191 6192
f 6246 6245 6190 6191
f 6245 6244 6189 6190
f 6244 6243 6188 6189
f 6243 6242 6187 6188
f 6242 6241 6186 6187
f 6241 6240 6185 6186
f 6240 6239 6184 6185
f 6239 6238 6183 6184
f 6238 6237 6182 6183
f 6237 6236 6181 6182
f 6236 6235 6180 6181
f 6235 6234 6179 6180
f 6234 6233 6178 6179
f 6233 6232 6177 6178
f 6232 6231 6176 6177
f 6231 6230 6175 6176
f 6230 6229 6174 6175
f 6229 6228 6173 6174
f 6228 6227 6172 6173
f 6227 6254 6171 6172
f 6171 6198 6226 6199
f 6198 6197 6225 6226
f 6197 6196 6224 6225
f 6196 6195 6223 6224
f 6195 6194 6222 6223
f 6194 6193 6221 6222
f 6193 6192 6220 6221
f 6192 6191 6219 6220
f 6191 6190 6218 6219
f 6190 6189 6217 6218
f 6189 6188 6216 6217
f 6188 6187 6215 6216
f 6187 6186 6214 6215
f 6186 6185 6213 6214
f 6185 6184 6212 6213
f 6184 6183 6211 6212
f 6183 6182 6210 6211
f 6182 6181 6209 6210
f 6181 6180 6208 6209
f 6180 6179 6207 6208
f 6179 6178 6206 6207
f 6178 6177 6205 6206
f 6177 6176 6204 6205
f 6176 6175 6203 6204
f 6175 6174 6202 6203
f 6174 6173 6201 6202
f 6173 6172 6200 6201
f 6172 6171 6199 6200
f 6143 6144 6254 6227
f 6145 6143 6227 6228
f 6146 6145 6228 6229
f 6147 6146 6229 6230
f 6148 6147 6230 6231
f 6149 6148 6231 6232
f 6150 6149 6232 6233
f 6151 6150 6233 6234
f 6152 6151 6234 6235
f 6153 6152 6235 6236
f 6154 6153 6236 6237
f 6155 6154 6237 6238
f 6156 6155 6238 6239
f 6157 6156 6239 6240
f 6158 6157 6240 6241
f 6159 6158 6241 6242
f 6160 6159 6242 6243
f 6161 6160 6243 6244
f 6162 6161 6244 6245
f 6163 6162 6245 6246
f 6164 6163 6246 6247
f 6165 6164 6247 6248
f 6166 6165 6248 6249
f 6167 6166 6249 6250
f 6168 6167 6250 6251
f 6169 6168 6251 6252
f 6170 6169 6252 6253
f 6144 6170 6253 6254
f 5647 6085 6291 6279
f 5804 6083 6290 6284
f 5649 6074 6289 6280
f 5622 6061 6288 6268
f 5652 6056 6287 6283
f 5640 6271 6286 6049
f 5640 6045 6285 6271
f 6056 5648 6278 6287
f 6083 5647 6279 6290
f 5731 5732 6269 6270
f 5732 5768 6276 6269
f 5730 5731 6270 6277
f 6045 5650 6281 6285
f 6085 5653 6275 6291
f 5645 5644 6274 6272
f 5653 5646 6273 6275
f 5644 5652 6283 6274
f 5776 5730 6277 6282
f 6061 5649 6280 6288
f 5650 5654 6276 6281
f 5646 5645 6272 6273
f 6074 5804 6284 6289
f 5651 5622 6268 6282
f 6049 6286 6278 5648
f 5777 6092 6315 6299
f 5798 6077 6314 6308
f 5649 6300 6313 6074
f 5622 6292 6312 6061
f 5788 6060 6311 6296
f 5779 6052 6310 6305
f 5658 6047 6309 6301
f 5744 5788 6296 6293
f 5643 5642 6304 6303
f 5642 5641 6302 6304
f 5641 5654 6306 6302
f 5789 5742 6298 6307
f 5743 5744 6293 6294
f 6047 5785 6297 6309
f 6074 6313 6308 5804
f 5651 5643 6303 6295
f 6060 5779 6305 6311
f 6092 5789 6307 6315
f 6061 6312 6300 5649
f 6052 5658 6301 6310
f 5742 5743 6294 6298
f 5651 6295 6292 5622
f 6077 5777 6299 6314
f 5785 5790 6306 6297
f 5758 6031 6339 6326
f 5757 6028 6338 6324
f 5751 6024 6337 6322
f 5771 6022 6336 6329
f 5754 6018 6335 6323
f 5655 6016 6334 6316
f 5761 5889 6333 6327
f 5889 5758 6326 6333
f 6024 5767 6320 6337
f 5723 5771 6329 6318
f 5762 5770 6321 6328
f 6031 5757 6324 6339
f 5767 5721 6331 6320
f 6022 5754 6323 6336
f 6028 5751 6322 6338
f 5749 5748 6317 6319
f 5750 5749 6319 6332
f 5774 5761 6327 6325
f 5721 5722 6330 6331
f 5795 5750 6332 6325
f 5722 5723 6318 6330
f 6016 5762 6328 6334
f 5748 5794 6321 6317
f 6018 5655 6316 6335
f 5786 6035 5872 6340
f 6328 6341 5786 6340
f 5833 6035 5786 6341
f 5778 6344 5918 6039
f 5792 6347 6329 6346
f 5792 6346 5959 6042
f 5916 6342 5781 6036
f 5781 6342 6316 6343
f 5778 6345 6323 6344
f 5834 6348 5787 6034
f 5875 6350 5784 6038
f 6327 6349 5787 6348
f 5782 6353 5958 6041
f 6326 6351 5784 6350
f 5780 6355 5999 6044
f 5960 6354 5780 6044
f 6322 6355 5780 6354
f 5919 6352 5782 6041
f 6324 6353 5782 6352
f 6421 6369 6368 6427
f 6427 6368 6366 6433
f 6433 6366 6365 6439
f 6551 6360 6361 6550
f 6439 6365 6364 6445
f 6550 6361 6357 6485
f 6445 6364 6363 6451
f 6451 6363 6362 6480
f 6480 6362 6357 6495
f 6553 9934 6356 6358
f 7382 7381 205 206
f 7388 7387 212 223
f 7377 7382 206 202
f 7381 7386 211 205
f 7386 7388 223 211
f 7387 7378 201 212
f 6405 6411 6409 6406
f 6401 6415 6414 6402
f 6403 6413 6412 6404
f 6406 6409 6408 6407
f 6402 6414 6413 6403
f 6404 6412 6411 6405
f 6478 6400 6394 6477
f 6396 6395 6389 6390
f 6397 6396 6390 6391
f 6399 6398 6392 6393
f 6398 6397 6391 6392
f 6400 6399 6393 6394
f 6477 6394 6464 6465
f 6390 6389 6459 6460
f 6391 6390 6460 6461
f 6393 6392 6462 6463
f 6463 220 225 6464
f 6459 210 216 6460
f 6392 6391 6461 6462
f 6461 218 226 6462
f 6394 6393 6463 6464
f 6464 225 224 6465
f 6460 216 218 6461
f 6462 226 220 6463
f 6383 6384 6405 6406
f 6387 6388 6401 6402
f 6385 6386 6403 6404
f 6476 6383 6406 6407
f 6387 6402 6403 6386
f 6385 6404 6405 6384
f 6409 6411 6399 6400
f 6414 6415 6395 6396
f 6412 6413 6397 6398
f 6410 6383 6476 6382
f 6408 6409 6400 6478
f 6414 6396 6397 6413
f 6412 6398 6399 6411
f 6419 6418 6424 6425
f 6425 6424 6430 6431
f 6431 6430 6436 6437
f 6437 6436 6442 6443
f 6443 6442 6448 6449
f 6449 6448 6479 6416
f 6420 6419 6425 6426
f 6426 6425 6431 6432
f 6432 6431 6437 6438
f 6438 6437 6443 6444
f 6444 6443 6449 6450
f 6450 6449 6416 6417
f 6369 6420 6426 6368
f 6368 6426 6432 6366
f 6366 6432 6438 6365
f 6365 6438 6444 6364
f 6364 6444 6450 6363
f 6363 6450 6417 6362
f 6422 6421 6427 6428
f 6428 6427 6433 6434
f 6434 6433 6439 6440
f 6440 6439 6445 6446
f 6446 6445 6451 6452
f 6452 6451 6480 6481
f 6423 6422 6428 6429
f 6429 6428 6434 6435
f 6435 6434 6440 6441
f 6441 6440 6446 6447
f 6447 6446 6452 6453
f 6453 6452 6481 6482
f 6377 6423 6429 6378
f 6378 6429 6435 6375
f 6375 6435 6441 6379
f 6379 6441 6447 6380
f 6380 6447 6453 6376
f 6376 6453 6482 6381
f 6454 6384 6383 6410
f 6455 6385 6384 6454
f 6456 6386 6385 6455
f 6457 6387 6386 6456
f 6458 6388 6387 6457
f 6457 6424 6418 6458
f 6456 6430 6424 6457
f 6455 6436 6430 6456
f 6454 6442 6436 6455
f 6410 6448 6442 6454
f 6382 6479 6448 6410
f 6376 6381 6487 6467
f 6379 6380 6471 6470
f 6375 6379 6470 6466
f 6377 6378 6469 6468
f 6380 6376 6467 6471
f 6378 6375 6466 6469
f 7378 7383 208 201
f 6478 6477 6472 6473
f 6477 6465 6486 6472
f 6408 6478 6473 6474
f 6476 6407 6493 6475
f 6382 6476 6475 6494
f 6465 224 214 6486
f 6407 6408 6474 6493
f 6479 6382 6494 6497
f 6381 6482 6483 6489
f 6482 6481 6484 6483
f 6481 6480 6495 6484
f 6362 6417 6485 6357
f 6417 6416 6496 6485
f 6416 6479 6497 6496
f 6381 6489 6499 6487
f 7383 7379 203 208
f 7379 7389 222 203
f 7389 7384 207 222
f 7384 7385 209 207
f 7385 7380 204 209
f 6486 6521 6522 6472
f 6472 6522 6523 6473
f 6492 9411 6370 6501
f 6491 6492 6501 6502
f 6490 6491 6502 6500
f 6488 6490 6500 6498
f 6489 6488 6498 6499
f 6488 6503 6504 6490
f 6490 6504 6505 6491
f 6491 6505 6506 6492
f 6504 6509 6508 6505
f 6503 6510 6509 6504
f 6505 6508 6507 6506
f 6509 6512 6513 6508
f 6510 6514 6512 6509
f 6508 6513 6511 6507
f 6483 6503 6488 6489
f 6484 6510 6503 6483
f 6495 6514 6510 6484
f 6522 6527 6528 6523
f 214 217 6521 6486
f 6497 6516 6519 6496
f 6475 6517 6515 6494
f 6493 6520 6517 6475
f 6474 6518 6520 6493
f 6494 6515 6516 6497
f 6496 6519 6550 6485
f 6473 6523 6518 6474
f 6521 6532 6527 6522
f 6527 6536 6537 6528
f 217 221 6532 6521
f 6516 6530 6525 6519
f 6517 6524 6529 6515
f 6520 6526 6524 6517
f 6518 6531 6526 6520
f 6515 6529 6530 6516
f 6519 6525 6551 6550
f 6523 6528 6531 6518
f 6532 6541 6536 6527
f 6536 6545 6546 6537
f 221 219 6541 6532
f 6530 6539 6534 6525
f 6524 6533 6538 6529
f 6526 6535 6533 6524
f 6531 6540 6535 6526
f 6529 6538 6539 6530
f 6525 6534 6552 6551
f 6528 6537 6540 6531
f 6541 6555 6545 6536
f 6546 6545 6374 6367
f 219 213 6555 6541
f 6539 6548 6543 6534
f 6533 6542 6547 6538
f 6535 6544 6542 6533
f 6540 6549 6544 6535
f 6538 6547 6548 6539
f 6534 6543 6553 6552
f 6537 6546 6549 6540
f 6555 9931 6374 6545
f 6361 6514 6495 6357
f 6360 6512 6514 6361
f 6359 6513 6512 6360
f 6358 6511 6513 6359
f 6371 6548 6547 9933
f 6372 6543 6548 6371
f 9934 6553 6543 6372
f 6544 9612 9611 6542
f 6542 9611 9933 6547
f 6358 6356 6373 6511
f 6511 6373 6554 6507
f 6507 6554 9929 6506
f 9929 9411 6492 6506
f 6546 6367 9935 6549
f 9935 9612 6544 6549
f 213 215 9931 6555
f 6552 6359 6360 6551
f 6553 6358 6359 6552
f 6789 6588 6589 6797
f 6801 6643 6559 6790
f 6790 6559 6562 6791
f 6792 6558 775 800
f 6801 6797 6589 6643
f 6783 7296 7315 6778
f 7309 7318 6756 6752
f 6798 6625 6558 6792
f 7301 7307 6755 6753
f 6795 6557 6588 6789
f 6600 6602 6652 6651
f 6593 6606 6633 6631
f 6596 6595 6608 6605
f 6594 6632 6634 6610
f 782 6594 6610 784
f 6786 7310 6799 6806
f 6599 6598 6603 6609
f 6593 781 783 6606
f 779 778 6576 6578
f 6630 6627 6574 6579
f 6650 6649 6572 6580
f 6583 6573 6577 6582
f 6581 6571 6649 6650
f 6629 6628 6569 6585
f 6580 6572 6570 6586
f 6579 6574 6575 6584
f 6582 6577 6571 6581
f 6585 6569 777 780
f 786 6623 6621 785
f 6610 6585 780 784
f 6609 6582 6581 6602
f 6607 6579 6584 6604
f 6608 6580 6586 6605
f 6634 6629 6585 6610
f 6603 6583 6582 6609
f 6652 6650 6580 6608
f 6633 6630 6579 6607
f 6793 6796 6587 6592
f 6807 6775 6557 6795
f 6800 6802 6732 6617
f 6804 6794 6591 6751
f 6799 6793 6592 6590
f 6565 6597 6601 6566
f 776 781 6593 6567
f 6561 6594 782 774
f 6563 6595 6596 6560
f 6626 6631 6597 6565
f 6564 6598 6599 6568
f 6648 6651 6595 6563
f 6568 6599 6600 6556
f 6642 6641 6573 6583
f 6647 789 785 6621
f 6752 6612 6613 6754
f 6756 6653 6612 6752
f 6618 6615 6616 6620
f 6556 6648 6787 6785
f 6803 7314 1049 801
f 6646 6654 6615 6618
f 6805 6800 6617 6763
f 6764 6618 6620 6765
f 6622 790 789 6647
f 7300 7314 6803 6802
f 7313 6623 786 1050
f 7297 6613 6765 7322
f 8132 1917 791 6735
f 7311 7300 6802 6800
f 6767 6646 6618 6764
f 6615 6654 6647 6621
f 6597 6631 6633 6607
f 6644 6601 6604 6645
f 6624 6632 6594 6561
f 6560 6596 6632 6624
f 783 779 6578 6606
f 6606 6578 6630 6633
f 6586 6570 6628 6629
f 6578 6576 6627 6630
f 6791 6562 6625 6798
f 1052 787 6638 7295
f 6619 6635 6636 6614
f 798 1051 7296 6783
f 7298 7321 6805 6794
f 6802 6803 6737 6732
f 6762 6766 6635 6619
f 6753 6755 6637 6611
f 788 6639 6638 787
f 6595 6651 6652 6608
f 6596 6605 6634 6632
f 6567 6593 6631 6626
f 6605 6586 6629 6634
f 6644 6645 6603 6598
f 6788 7317 7310 6786
f 7305 7303 6796 6793
f 6601 6597 6607 6604
f 6584 6575 6641 6642
f 6853 7079 7081 6855
f 6753 6611 6653 6756
f 6619 6614 6654 6646
f 6762 6619 6646 6767
f 6566 6601 6644 6640
f 6604 6584 6642 6645
f 788 790 6622 6639
f 6614 6622 6647 6654
f 7052 6736 793 807
f 6936 6729 6694 6918
f 6919 6707 6704 6920
f 6921 6701 6709 6922
f 6945 6820 6700 6924
f 6925 6693 6711 6926
f 6938 6772 6702 6928
f 6935 6730 6707 6919
f 6943 6811 6699 6930
f 6930 6699 6696 6923
f 7109 7104 6701 6921
f 6944 6821 6705 6931
f 7050 7054 6932 6710
f 6975 6963 6703 6929
f 6931 6705 6708 6934
f 6933 6695 6698 6917
f 7045 7040 6693 6925
f 6803 801 792 6737
f 6706 6591 6763 6772
f 6937 6761 6706 6927
f 6808 7002 7006 6957
f 6699 6717 6715 6696
f 6705 6723 6726 6708
f 7040 7041 6712 6693
f 6701 6719 6727 6709
f 6772 6763 6617 6702
f 6963 6964 6721 6703
f 6811 6813 6717 6699
f 6707 6592 6587 6704
f 6820 6822 6718 6700
f 6693 6712 6728 6711
f 6821 6823 6723 6705
f 7104 7105 6719 6701
f 6761 6751 6591 6706
f 6730 6590 6592 6707
f 6639 6622 6614 6636
f 8131 8132 6735 6734
f 6928 6702 6710 6932
f 6703 6721 6590 6730
f 6929 6703 6730 6935
f 6917 6698 6729 6936
f 6732 6737 6736 6733
f 6953 7098 7097 6952
f 7050 6710 6750 7053
f 7055 6993 6690 7049
f 8141 6739 6738 8140
f 6776 6956 7006 7002
f 6717 6743 6741 6715
f 6731 6745 6740 6713
f 6813 6815 6743 6717
f 6716 6742 6745 6731
f 6822 6824 6744 6718
f 6716 6698 6695 6714
f 6731 6729 6698 6716
f 6713 6694 6729 6731
f 6716 6714 6746 6742
f 6739 6748 6747 6738
f 1934 8145 6954 806
f 6749 6747 6748 6697
f 8130 8133 6749 6697
f 7051 7053 6750 6733
f 6617 6750 6710 6702
f 6704 6587 6751 6761
f 6920 6704 6761 6937
f 6782 7308 7302 6780
f 6612 6653 6767 6764
f 6780 7302 7317 6788
f 6778 7315 7308 6782
f 7303 7319 6804 6796
f 6796 6804 6751 6587
f 6927 6706 6772 6938
f 6611 6762 6767 6653
f 6611 6637 6766 6762
f 7319 7298 6794 6804
f 6612 6764 6765 6613
f 6794 6805 6763 6591
f 7030 6664 6769 7029
f 7031 6758 6664 7030
f 8148 8143 6758 7031
f 6714 6947 6951 6746
f 6746 6951 6949 6773
f 6946 797 796 6950
f 6950 796 795 6948
f 6563 6779 6787 6648
f 6779 6780 6788 6787
f 6787 6788 6786 6785
f 6801 6640 6564 6797
f 6561 6784 6777 6624
f 6784 6783 6778 6777
f 6799 6590 6721 6806
f 6806 6721 6775 6807
f 6560 6781 6779 6563
f 6781 6782 6780 6779
f 6624 6777 6781 6560
f 6777 6778 6782 6781
f 774 799 6784 6561
f 799 798 6783 6784
f 7321 7311 6800 6805
f 7320 6754 6613 7297
f 7310 7305 6793 6799
f 6882 6884 6853 6855
f 6626 6565 6791 6798
f 7051 6733 6736 7052
f 7322 6765 6620 7312
f 6915 6735 791 805
f 7309 6752 6754 7306
f 7299 6616 6623 7313
f 7312 6620 6616 7299
f 6556 6785 6807 6795
f 7304 7306 6754 7320
f 6568 6556 6795 6789
f 6567 6626 6798 6792
f 776 6567 6792 800
f 6565 6566 6790 6791
f 6566 6640 6801 6790
f 6564 6568 6789 6797
f 6960 6961 6815 6813
f 6959 6960 6813 6811
f 6708 6726 6814 6812
f 6934 6708 6812 6942
f 6974 6959 6811 6943
f 6715 6741 6824 6822
f 6709 6727 6823 6821
f 6696 6715 6822 6820
f 6922 6709 6821 6944
f 6923 6696 6820 6945
f 6833 6827 6829 6832
f 6839 6826 6828 6838
f 6832 6829 6825 6844
f 6844 6825 6826 6839
f 6723 6842 6841 6726
f 6842 6843 6840 6841
f 6843 6844 6839 6840
f 6823 6830 6842 6723
f 6830 6831 6843 6842
f 6831 6832 6844 6843
f 6726 6841 6836 6814
f 6841 6840 6837 6836
f 6840 6839 6838 6837
f 6727 6835 6830 6823
f 6835 6834 6831 6830
f 6834 6833 6832 6831
f 6965 6775 6721 6964
f 6966 6557 6775 6965
f 6967 6588 6557 6966
f 6968 6589 6588 6967
f 6862 6848 6847 6861
f 6866 6845 6849 6865
f 6865 6849 6848 6862
f 6861 6847 6846 6869
f 6872 6857 6858 6871
f 6876 6852 6854 6875
f 6875 6854 6850 6879
f 6882 6855 6851 6881
f 6881 6851 6852 6876
f 6589 6885 6883 6643
f 6971 6969 6853 6884
f 6879 6850 802 804
f 6886 6856 6857 6872
f 6888 6859 6856 6886
f 6868 6889 6829 6827
f 6846 6859 6888 6869
f 6869 6888 6889 6868
f 6885 6884 6882 6883
f 6556 6600 6651 6648
f 6829 6889 6887 6825
f 6889 6888 6886 6887
f 6825 6887 6873 6826
f 6887 6886 6872 6873
f 6558 6878 803 775
f 6878 6879 804 803
f 6968 6970 6885 6589
f 6970 6971 6884 6885
f 6559 6880 6877 6562
f 6880 6881 6876 6877
f 6643 6883 6880 6559
f 6883 6882 6881 6880
f 6625 6874 6878 6558
f 6874 6875 6879 6878
f 6562 6877 6874 6625
f 6877 6876 6875 6874
f 6826 6873 6870 6828
f 6873 6872 6871 6870
f 6833 6860 6868 6827
f 6860 6861 6869 6868
f 6835 6864 6863 6834
f 6864 6865 6862 6863
f 6727 6867 6864 6835
f 6867 6866 6865 6864
f 6834 6863 6860 6833
f 6863 6862 6861 6860
f 6719 6890 6867 6727
f 7105 7106 6890 6719
f 6712 6892 6891 6728
f 7042 6892 6712 7041
f 6742 6895 6898 6745
f 6892 6903 6902 6891
f 6815 6899 6896 6743
f 6824 6900 6897 6744
f 6743 6896 6894 6741
f 6961 6972 6899 6815
f 7042 7043 6903 6892
f 6745 6898 6893 6740
f 7106 7107 6901 6890
f 6741 6894 6900 6824
f 7107 7108 6912 6901
f 6898 6909 6904 6893
f 6894 6905 6911 6900
f 6903 6914 6913 6902
f 6899 6910 6907 6896
f 6895 6906 6909 6898
f 7043 7044 6914 6903
f 6900 6911 6908 6897
f 6896 6907 6905 6894
f 6972 6973 6910 6899
f 6773 6895 6742 6746
f 6774 6906 6895 6773
f 6901 6866 6867 6890
f 6912 6845 6866 6901
f 6773 6949 6952 6774
f 6948 795 794 6953
f 7301 6753 6756 7318
f 6747 6749 6734 6916
f 6656 7038 7046 6976
f 6816 6661 6979 7004
f 6679 6818 7003 6988
f 6956 6657 6977 7006
f 7055 7048 6689 6993
f 6674 6770 6999 6985
f 6757 6663 6980 6998
f 6681 6759 6997 6989
f 6720 6665 6981 6996
f 6683 6722 6995 6990
f 6976 6655 6692 6994
f 6733 6750 6617 6732
f 6921 7009 7111 7109
f 7110 7103 6671 6984
f 6818 6687 6992 7003
f 6809 6685 6991 7001
f 6677 6683 6990 6987
f 6770 6681 6989 6999
f 6685 6679 6988 6991
f 6759 6677 6987 6997
f 6722 6675 6986 6995
f 6687 6672 6984 6992
f 6669 6816 7004 6983
f 6667 6776 7002 6982
f 6665 6659 6978 6981
f 6663 6768 7000 6980
f 6979 6661 6667 6982
f 8142 6757 6998 8147
f 6657 6720 6996 6977
f 7034 7017 6922 6944
f 7015 6918 6974 7037
f 6929 7013 7036 6975
f 8148 8144 6933 7024
f 8141 8144 6941 6739
f 7030 6940 6941 7031
f 6739 6941 6940 6748
f 7029 6939 6940 7030
f 6748 6940 6939 6697
f 8126 8127 7056 7054
f 7027 7016 6920 6937
f 7026 7007 6917 6936
f 7025 7013 6929 6935
f 6927 7012 7027 6937
f 7018 6924 7045 7047
f 7056 7023 6932 7054
f 6934 7014 7022 6931
f 7032 6942 6975 7036
f 6925 7011 7047 7045
f 7019 6926 7109 7111
f 7023 7020 6928 6932
f 7021 7033 6943 6930
f 6919 7008 7025 6935
f 7020 7028 6938 6928
f 7019 7011 6925 6926
f 7018 7035 6945 6924
f 7017 7009 6921 6922
f 7016 7008 6919 6920
f 7015 7026 6936 6918
f 7033 7037 6974 6943
f 8140 8146 6947 6714
f 6916 6955 6738 6747
f 6916 6734 6735 6915
f 6949 6948 6953 6952
f 6951 6950 6948 6949
f 8146 6955 6954 8145
f 6947 6946 6950 6951
f 6955 6916 6915 6954
f 6954 6915 805 806
f 6979 6982 6668 6662
f 8147 6998 6758 8143
f 6977 6996 6724 6658
f 7046 6983 6670 7039
f 7038 6669 6983 7046
f 6676 6986 7005 6962
f 6675 6958 7005 6986
f 7022 7034 6944 6931
f 7032 7014 6934 6942
f 6893 6904 6973 6972
f 6740 6893 6972 6961
f 6870 6871 6971 6970
f 6828 6870 6970 6968
f 6871 6858 6969 6971
f 6828 6968 6967 6838
f 6838 6967 6966 6837
f 6837 6966 6965 6836
f 6836 6965 6964 6814
f 6918 6694 6959 6974
f 6694 6713 6960 6959
f 6713 6740 6961 6960
f 6812 6814 6964 6963
f 6942 6812 6963 6975
f 6980 7000 6769 6664
f 6981 6978 6660 6666
f 6982 7002 6808 6668
f 6983 7004 6817 6670
f 6992 6984 6671 6688
f 6995 6986 6676 6725
f 6997 6987 6678 6760
f 6991 6988 6680 6686
f 6999 6989 6682 6771
f 6987 6990 6684 6678
f 7001 6991 6686 6810
f 7003 6992 6688 6819
f 6958 6809 7001 7005
f 6985 6993 6689 6674
f 7110 6984 6672 7102
f 6976 6994 6691 6656
f 6990 6995 6725 6684
f 6996 6981 6666 6724
f 6989 6997 6760 6682
f 6998 6980 6664 6758
f 6985 6999 6771 6673
f 7005 7001 6810 6962
f 7006 6977 6658 6957
f 6988 7003 6819 6680
f 7004 6979 6662 6817
f 6690 7023 7056 7049
f 6571 7059 7069 6649
f 6658 7015 7037 6957
f 6810 7032 7036 6962
f 6724 7026 7015 6658
f 6684 7008 7016 6678
f 6671 7009 7017 6688
f 6817 7035 7018 6670
f 6655 7011 7019 6692
f 6771 7028 7020 6673
f 6725 7025 7008 6684
f 6808 7033 7021 6668
f 6668 7021 7010 6662
f 7103 7111 7009 6671
f 6819 7034 7022 6680
f 6962 7036 7013 6676
f 6680 7022 7014 6686
f 6660 7024 7007 6666
f 7039 7047 7011 6655
f 6760 7027 7012 6682
f 6676 7013 7025 6725
f 6666 7007 7026 6724
f 6678 7016 7027 6760
f 6682 7012 7028 6771
f 6686 7014 7032 6810
f 6957 7037 7033 6808
f 6688 7017 7034 6819
f 6662 7010 7035 6817
f 6670 7018 7047 7039
f 6976 7046 7039 6655
f 8128 7048 7055 8134
f 6917 7007 7024 6933
f 6897 6908 7044 7043
f 6744 6897 7043 7042
f 6744 7042 7041 6718
f 6700 6718 7041 7040
f 6924 6700 7040 7045
f 7028 7012 6927 6938
f 6692 7103 7110 6994
f 8129 8134 7055 7049
f 8130 8126 7054 7050
f 8127 8129 7049 7056
f 8131 8133 7053 7051
f 6641 7068 7061 6573
f 6576 7064 7066 6627
f 6570 7058 7067 6628
f 6575 7063 7068 6641
f 6649 7069 7060 6572
f 6574 7062 7063 6575
f 6602 6581 6650 6652
f 778 809 7064 6576
f 6573 7061 7065 6577
f 6627 7066 7062 6574
f 6572 7060 7058 6570
f 6628 7067 7057 6569
f 6569 7057 808 777
f 6577 7065 7059 6571
f 6904 7086 7100 6973
f 6952 7097 7070 6774
f 6905 7087 7093 6911
f 6906 7088 7091 6909
f 6854 7080 7076 6850
f 6907 7089 7087 6905
f 6851 7077 7078 6852
f 6909 7091 7086 6904
f 6850 7076 750 802
f 6969 7099 7079 6853
f 6910 7092 7089 6907
f 794 810 7098 6953
f 6855 7081 7077 6851
f 6911 7093 7090 6908
f 6737 792 793 6736
f 6852 7078 7080 6854
f 7108 7112 7094 6912
f 6845 7071 7075 6849
f 7044 7101 7096 6914
f 6914 7096 7095 6913
f 6847 7073 7072 6846
f 6774 7070 7088 6906
f 6973 7100 7092 6910
f 6908 7090 7101 7044
f 6848 7074 7073 6847
f 6857 7083 7084 6858
f 6849 7075 7074 6848
f 6912 7094 7071 6845
f 6856 7082 7083 6857
f 6859 7085 7082 6856
f 6846 7072 7085 6859
f 6858 7084 7099 6969
f 6645 6642 6583 6603
f 6615 6621 6623 6616
f 6602 6600 6599 6609
f 6673 7020 7023 6690
f 6564 6640 6644 6598
f 6913 7095 7112 7108
f 6692 7019 7111 7103
f 6673 6690 6993 6985
f 6691 6994 7110 7102
f 6923 7010 7021 6930
f 6902 6913 7108 7107
f 6891 6902 7107 7106
f 6728 6891 7106 7105
f 6711 6728 7105 7104
f 6926 6711 7104 7109
f 6785 6786 6806 6807
f 7035 7010 6923 6945
f 7100 7126 7120 7092
f 7096 7123 7122 7095
f 7087 7115 7121 7093
f 7098 7125 7124 7097
f 7090 7118 7127 7101
f 7088 7116 7119 7091
f 7101 7127 7123 7096
f 7070 7113 7116 7088
f 7089 7117 7115 7087
f 7091 7119 7114 7086
f 810 837 7125 7098
f 7092 7120 7117 7089
f 7097 7124 7113 7070
f 7093 7121 7118 7090
f 7086 7114 7126 7100
f 7158 7136 7133 7159
f 7160 7142 7138 7161
f 7161 7138 7137 7162
f 7163 7129 7141 7164
f 7159 7133 7142 7160
f 7165 7130 7136 7158
f 7166 7128 7131 7167
f 7167 7131 7134 7168
f 881 853 7140 7169
f 7170 7132 7130 7165
f 7171 7139 7128 7166
f 7168 7134 7129 7163
f 7164 7141 7135 7172
f 7172 7135 7132 7170
f 7169 7140 7139 7171
f 7173 7156 7150 7174
f 7174 7150 7147 7175
f 7176 7155 7154 7177
f 7178 7151 7148 7179
f 7180 7157 7153 7181
f 7181 7153 7152 7182
f 7183 7144 7156 7173
f 7179 7148 7157 7180
f 7184 7145 7151 7178
f 7185 7143 7146 7186
f 7186 7146 7149 7187
f 901 869 7155 7176
f 7175 7147 7145 7184
f 7177 7154 7143 7185
f 7187 7149 7144 7183
f 7125 7169 7171 7124
f 7120 7172 7170 7117
f 7126 7164 7172 7120
f 7119 7168 7163 7114
f 7124 7171 7166 7113
f 7117 7170 7165 7115
f 837 881 7169 7125
f 7116 7167 7168 7119
f 7113 7166 7167 7116
f 7115 7165 7158 7121
f 7118 7159 7160 7127
f 7114 7163 7164 7126
f 7123 7161 7162 7122
f 7127 7160 7161 7123
f 7121 7158 7159 7118
f 7134 7187 7183 7129
f 7139 7177 7185 7128
f 7132 7175 7184 7130
f 853 901 7176 7140
f 7131 7186 7187 7134
f 7128 7185 7186 7131
f 7130 7184 7178 7136
f 7133 7179 7180 7142
f 7129 7183 7173 7141
f 7138 7181 7182 7137
f 7142 7180 7181 7138
f 7136 7178 7179 7133
f 7140 7176 7177 7139
f 7135 7174 7175 7132
f 7141 7173 7174 7135
f 7212 7190 7189 7211
f 7211 7189 7188 7213
f 7220 7228 7235 7234
f 7226 7228 7220 7221
f 7217 7225 7233 7232
f 7223 7225 7217 7218
f 7216 907 906 7214
f 7214 906 905 7215
f 8297 7198 7191 8296
f 8299 7197 7195 8298
f 8300 7200 7197 8299
f 8302 7194 7196 8301
f 8296 7191 7194 8302
f 8303 7199 7198 8297
f 8298 7195 7193 8304
f 2093 918 7199 8303
f 8305 7192 7200 8300
f 8301 7196 7192 8305
f 7194 7204 7206 7196
f 7234 7369 7368 7233
f 7191 7201 7204 7194
f 7199 7209 7208 7198
f 918 929 7209 7199
f 7196 7206 7202 7192
f 7192 7202 7210 7200
f 7198 7208 7201 7191
f 7373 7211 7213 7374
f 7372 7212 7211 7373
f 7230 7190 7212 7229
f 7338 7337 7228 7226
f 7337 7340 7235 7228
f 8315 8308 7244 7341
f 7218 7217 7216 7214
f 7216 7217 7232 7231
f 7221 7220 7225 7223
f 7225 7220 7234 7233
f 8312 8314 7243 7242
f 8314 8313 7241 7243
f 7562 1295 1308 7567
f 7216 7231 950 907
f 7233 7368 7367 7232
f 7345 7254 975 1078
f 8306 7151 7145 8304
f 7212 7372 7375 7229
f 8295 7157 7148 8311
f 2101 959 7240 8307
f 7342 7251 7264 7344
f 7260 7263 7255 7257
f 7265 7260 7257 7256
f 8309 7238 7239 8253
f 7349 7258 7256 7346
f 7346 7256 7257 7347
f 7348 7255 7254 7345
f 7347 7257 7255 7348
f 1316 967 7247 7577
f 7578 7245 7246 7582
f 7247 7259 7263 7248
f 983 975 7254 7259
f 7250 7260 7265 7249
f 7261 7252 7253 7262
f 7248 7263 7260 7250
f 7573 7561 7560 7572
f 8312 7242 7244 8308
f 7580 7248 7250 7581
f 7581 7250 7249 7579
f 7577 7247 7248 7580
f 7579 7249 7251 7576
f 7583 7342 7245 7578
f 7265 7256 7258 7264
f 8307 7240 7241 8313
f 7574 7566 7563 7568
f 7344 7343 7252 7261
f 7245 7261 7262 7246
f 967 983 7259 7247
f 7572 7560 7562 7567
f 7263 7259 7254 7255
f 7251 7249 7265 7264
f 7571 7559 7561 7573
f 7072 7266 7269 7085
f 7074 7268 7267 7073
f 7073 7267 7266 7072
f 7266 7270 7273 7269
f 7268 7272 7271 7267
f 7267 7271 7270 7266
f 7262 7271 7272 7246
f 7253 7270 7271 7262
f 7274 7273 7270 7253
f 7083 7282 7283 7084
f 7081 7280 7276 7077
f 7080 7279 7275 7076
f 7082 7281 7282 7083
f 7078 7277 7279 7080
f 7077 7276 7277 7078
f 7099 7284 7278 7079
f 7079 7278 7280 7081
f 7076 7275 1002 750
f 7084 7283 7284 7099
f 7278 7288 7290 7280
f 7275 7285 1013 1002
f 7284 7294 7288 7278
f 7282 7292 7293 7283
f 7280 7290 7286 7276
f 7279 7289 7285 7275
f 7281 7291 7292 7282
f 7277 7287 7289 7279
f 7276 7286 7287 7277
f 7283 7293 7294 7284
f 7269 7281 7082 7085
f 7273 7291 7281 7269
f 6419 7273 7274 6418
f 7323 7317 7302 7324
f 7325 7315 7296 7326
f 7327 7305 7310 7328
f 7324 7302 7308 7329
f 7330 7321 7298 7331
f 7332 7303 7305 7327
f 7333 7319 7303 7332
f 7326 7296 1051 1053
f 7329 7308 7315 7325
f 7328 7310 7317 7323
f 7331 7298 7319 7333
f 7334 7311 7321 7330
f 1066 1049 7314 7335
f 7335 7314 7300 7336
f 7336 7300 7311 7334
f 7299 7336 7334 7312
f 7313 7335 7336 7299
f 1050 1066 7335 7313
f 7312 7334 7330 7322
f 7297 7331 7333 7320
f 7309 7328 7323 7318
f 7307 7329 7325 7316
f 7295 7326 1053 1052
f 7320 7333 7332 7304
f 7304 7332 7327 7306
f 7322 7330 7331 7297
f 7301 7324 7329 7307
f 7306 7327 7328 7309
f 7316 7325 7326 7295
f 7318 7323 7324 7301
f 7361 7210 7202 7364
f 7219 7218 7214 7215
f 7224 7223 7218 7219
f 7222 7221 7223 7224
f 7227 7226 7221 7222
f 7339 7338 7226 7227
f 7188 7189 7338 7339
f 7264 7258 7343 7344
f 7576 7251 7342 7583
f 7564 7566 7574 7569
f 7245 7342 7344 7261
f 8309 8315 7341 7238
f 7190 7230 7340 7337
f 7189 7190 7337 7338
f 7350 7343 7258 7349
f 7351 7252 7343 7350
f 6458 7351 7350 6388
f 6388 7350 7349 6401
f 6395 7347 7348 6389
f 6389 7348 7345 6459
f 6415 7346 7347 6395
f 6401 7349 7346 6415
f 6459 7345 1078 210
f 7351 7274 7253 7252
f 6458 6418 7274 7351
f 7360 7209 929 1093
f 7359 7208 7209 7360
f 7358 7201 7208 7359
f 7362 7204 7201 7358
f 7363 7206 7204 7362
f 7364 7202 7206 7363
f 7232 7367 7366 7231
f 7231 7366 1102 950
f 7371 7356 7355 7370
f 7370 7355 7354 7369
f 7369 7354 7353 7368
f 7368 7353 7352 7367
f 7367 7352 7203 7366
f 7366 7203 1085 1102
f 7207 7205 7356 7371
f 7357 7365 7361 7205
f 7356 7364 7363 7355
f 7355 7363 7362 7354
f 7354 7362 7358 7353
f 7353 7358 7359 7352
f 7352 7359 7360 7203
f 7203 7360 1093 1085
f 7205 7361 7364 7356
f 7193 7357 7236 7237
f 7195 7365 7357 7193
f 7230 7207 7371 7340
f 7235 7370 7369 7234
f 7340 7371 7370 7235
f 8295 7372 7373 8310
f 8310 7373 7374 8254
f 8306 8311 7148 7151
f 7236 7229 7375 7237
f 7236 7207 7230 7229
f 7357 7205 7207 7236
f 7376 7210 7361 7365
f 7376 7197 7200 7210
f 7365 7195 7197 7376
f 6420 7291 7273 6419
f 6369 7292 7291 6420
f 6421 7293 7292 6369
f 6422 7294 7293 6421
f 6423 7288 7294 6422
f 6377 7290 7288 6423
f 6501 6370 7380 7385
f 6502 6501 7385 7384
f 6500 6502 7384 7389
f 6498 6500 7389 7379
f 6499 6498 7379 7383
f 6487 6499 7383 7378
f 6467 6487 7378 7387
f 6470 6471 7388 7386
f 6466 6470 7386 7381
f 6468 6469 7382 7377
f 6471 6467 7387 7388
f 6469 6466 7381 7382
f 7285 7377 202 1013
f 7289 6468 7377 7285
f 7287 6377 6468 7289
f 7286 7290 6377 7287
f 7390 7391 7412 7413
f 7404 7403 7419 7420
f 7391 7392 7397 7412
f 7391 7390 7406 7407
f 7405 7404 7420 7421
f 7392 7391 7407 7408
f 7399 7398 7414 7415
f 8256 7405 7421 8259
f 7393 7392 7408 7409
f 7400 7399 7415 7416
f 7394 7393 7409 7410
f 7497 7400 7416 7498
f 7395 7394 7410 7411
f 8256 7390 7413 8257
f 7422 7397 7392 7393
f 8255 7401 7417 8258
f 7423 7422 7393 7394
f 7424 7423 7394 7395
f 7404 7405 7396 7425
f 7403 7404 7425 7426
f 7402 7403 7426 7427
f 8255 7402 7427 8260
f 7488 7401 7428 7490
f 7399 7400 7429 7430
f 7398 7399 7430 7431
f 8258 7417 7441 8261
f 7411 7410 7436 7437
f 7419 7418 7442 7443
f 7420 7419 7443 7444
f 7421 7420 7444 7445
f 7407 7406 7432 7433
f 7415 7414 7438 7439
f 7408 7407 7433 7434
f 8259 7421 7445 8262
f 7416 7415 7439 7440
f 7409 7408 7434 7435
f 7498 7416 7440 7500
f 7410 7409 7435 7436
f 7438 7414 7446 7447
f 8264 8272 7465 7450
f 7447 7446 7459 7461
f 7411 7437 7449 7448
f 7467 7454 7451 7463
f 8264 7450 7451 8263
f 7455 7466 7462 7453
f 7468 7456 7454 7467
f 8269 8265 7453 7452
f 7477 7482 7460 7449
f 8270 8263 7451 7454
f 7465 7463 7451 7450
f 7452 7453 7462 7464
f 7479 7476 7437 7436
f 8271 8270 7454 7456
f 7457 7469 7466 7455
f 7445 7444 7472 7470
f 7481 7479 7436 7435
f 7458 7460 7461 7459
f 8268 7464 7465 8272
f 7463 7465 7464 7462
f 7462 7466 7467 7463
f 7466 7469 7468 7467
f 7460 7458 7448 7449
f 7493 7492 7472 7473
f 7494 7493 7473 7471
f 7491 7496 7485 7441
f 7473 7472 7444 7443
f 7471 7473 7443 7442
f 7504 7501 7469 7457
f 7484 7433 7432 7486
f 7460 7482 7483 7461
f 8267 8266 7479 7481
f 7440 7439 7478 7480
f 8266 8265 7476 7479
f 7439 7438 7474 7478
f 8269 8268 7482 7477
f 7449 7437 7476 7477
f 7447 7475 7474 7438
f 7447 7461 7483 7475
f 8273 8262 7445 7470
f 8261 8274 7471 7442
f 8276 7505 7480 8271
f 7487 7434 7433 7484
f 7487 7481 7435 7434
f 8274 7485 7496 8275
f 7470 7472 7492 7495
f 7500 7505 7496 7491
f 7503 7502 7493 7494
f 7502 7501 7492 7493
f 7417 7489 7491 7441
f 7497 7488 7490 7499
f 7402 7418 7419 7403
f 7400 7497 7499 7429
f 7468 7469 7501 7502
f 7456 7468 7502 7503
f 7440 7480 7505 7500
f 8275 7496 7505 8276
f 7495 7492 7501 7504
f 7489 7498 7500 7491
f 7401 7488 7489 7417
f 8277 7504 7457 8267
f 8278 7495 7504 8277
f 8273 7470 7495 8278
f 8282 8279 7506 7523
f 8281 8280 7516 7525
f 7526 7520 7521 7527
f 7528 7510 7507 7529
f 7523 7506 7513 7530
f 7527 7521 7517 7531
f 7530 7513 7514 7532
f 7529 7507 7508 7533
f 7531 7517 7518 7534
f 7533 7508 7509 7522
f 7535 7511 7510 7528
f 7532 7514 7515 7524
f 7525 7516 7520 7526
f 7534 7518 7519 7536
f 7537 7512 7511 7535
f 7424 7537 7535 7423
f 7430 7534 7536 7431
f 7428 7525 7526 7490
f 7426 7532 7524 7427
f 7423 7535 7528 7422
f 7412 7533 7522 7413
f 7429 7531 7534 7430
f 7397 7529 7533 7412
f 7425 7530 7532 7426
f 7499 7527 7531 7429
f 7396 7523 7530 7425
f 7422 7528 7529 7397
f 7490 7526 7527 7499
f 8260 8281 7525 7428
f 8257 8282 7523 7396
f 7563 7559 7571 7568
f 7570 7558 7556 7565
f 7488 7497 7498 7489
f 7511 7543 7542 7510
f 7518 7550 7551 7519
f 7512 7544 7543 7511
f 7516 7548 7552 7520
f 7506 7538 7545 7513
f 7520 7552 7553 7521
f 7513 7545 7546 7514
f 8279 8283 7538 7506
f 7514 7546 7547 7515
f 7510 7542 7539 7507
f 8280 8284 7548 7516
f 7507 7539 7540 7508
f 7521 7553 7549 7517
f 7508 7540 7541 7509
f 7517 7549 7550 7518
f 7458 7094 7112 7448
f 7459 7071 7094 7458
f 7095 7411 7448 7112
f 7122 7395 7411 7095
f 7162 7424 7395 7122
f 7137 7537 7424 7162
f 7182 7512 7537 7137
f 7152 7544 7512 7182
f 8254 8285 7544 7152
f 7446 7075 7071 7459
f 7398 7075 7446 7414
f 7431 7074 7075 7398
f 7536 7268 7074 7431
f 7519 7272 7268 7536
f 7551 7575 7272 7519
f 7575 7582 7246 7272
f 7227 7563 7566 7339
f 905 1295 7562 7215
f 7188 7564 7565 7213
f 7224 7561 7559 7222
f 7219 7560 7561 7224
f 7339 7566 7564 7188
f 7219 7215 7562 7560
f 7227 7222 7559 7563
f 7213 7555 7554 7374
f 7565 7556 7555 7213
f 7588 7584 7585 7589
f 8253 8286 7558 7570
f 7238 7341 7583 7578
f 7341 7244 7576 7583
f 7243 7241 7580 7581
f 7242 7243 7581 7579
f 959 1316 7577 7240
f 7238 7578 7582 7239
f 7241 7240 7577 7580
f 7244 7242 7579 7576
f 7582 7575 7557 7239
f 7592 7550 7549 7593
f 7558 7584 7588 7556
f 7594 7586 7587 7595
f 7586 7588 7589 7587
f 8287 7590 7591 8288
f 7590 7592 7593 7591
f 8289 7594 7595 8290
f 8285 8289 7543 7544
f 7555 7586 7594 7554
f 7556 7588 7586 7555
f 7585 7596 7598 7589
f 8286 8287 7584 7558
f 7575 7592 7590 7557
f 7575 7551 7550 7592
f 8288 8291 7596 7585
f 7589 7598 7597 7587
f 7596 7602 7604 7598
f 7600 7595 7587 7597
f 8292 7539 7542 8290
f 7593 7601 7599 7591
f 7553 7601 7593 7549
f 8284 8293 7605 7548
f 7598 7604 7603 7597
f 8291 8293 7602 7596
f 7606 7600 7597 7603
f 8294 7540 7539 8292
f 7601 7607 7605 7599
f 7552 7607 7601 7553
f 7548 7605 7607 7552
f 7565 7564 7569 7570
f 7546 7604 7602 7547
f 7545 7603 7604 7546
f 7538 7606 7603 7545
f 8283 8294 7606 7538
f 6816 7635 7611 6661
f 6722 7628 7618 6675
f 7102 7641 7626 6691
f 6677 7619 7622 6683
f 6672 7616 7641 7102
f 6757 7629 7612 6663
f 6776 7633 7637 6956
f 6663 7612 7631 6768
f 6679 7620 7636 6818
f 6691 7626 7608 6656
f 6720 7627 7613 6665
f 6958 7638 7634 6809
f 6770 7632 7621 6681
f 8128 8135 7640 7048
f 6681 7621 7630 6759
f 6669 7615 7635 6816
f 6661 7611 7614 6667
f 6683 7622 7628 6722
f 6818 7636 7624 6687
f 6667 7614 7633 6776
f 6809 7634 7623 6685
f 6689 7625 7617 6674
f 8142 8149 7629 6757
f 7038 7639 7615 6669
f 6657 7609 7627 6720
f 6685 7623 7620 6679
f 6956 7637 7609 6657
f 6759 7630 7619 6677
f 6674 7617 7632 6770
f 6687 7624 7616 6672
f 6665 7613 7610 6659
f 6675 7618 7638 6958
f 6656 7608 7639 7038
f 7048 7640 7625 6689
f 8218 7657 7654 8217
f 8220 7671 7643 8219
f 8221 7667 7671 8220
f 8223 7658 7650 8222
f 8225 7647 7644 8224
f 8227 7672 7668 8226
f 8229 7674 7659 8228
f 8231 7669 7645 8230
f 8233 7642 7673 8232
f 8222 7650 7675 8234
f 8236 7663 7646 8235
f 8251 8136 7674 8229
f 8238 7660 7642 8233
f 8239 7661 7647 8225
f 8234 7675 7660 8238
f 8241 7662 7652 8240
f 8230 7645 7648 8242
f 8228 7659 7651 8243
f 8219 7643 7661 8239
f 8232 7673 7649 8244
f 8252 8150 7663 8236
f 8243 7651 7666 8245
f 8247 7664 7653 8246
f 8240 7652 7672 8227
f 8235 7646 7665 8237
f 8246 7653 7656 8248
f 8245 7666 7655 8249
f 8217 7654 7670 8250
f 8242 7648 7667 8221
f 8249 7655 7664 8247
f 8244 7649 7669 8231
f 8248 7656 7662 8241
f 8226 7668 7657 8218
f 8250 7670 7658 8223
f 7711 7682 7701 7710
f 7713 7689 7698 7712
f 7715 7683 7703 7714
f 7717 7690 7696 7716
f 7719 7702 7691 7718
f 7721 7704 7692 7720
f 7718 7691 7688 7722
f 7724 7705 7677 7723
f 7710 7701 7705 7724
f 7720 7692 7684 7725
f 7727 7681 7678 7726
f 7728 7706 7702 7719
f 7730 7708 7693 7729
f 7714 7703 7679 7731
f 7733 7676 7707 7732
f 7725 7684 7709 7734
f 7736 7697 7680 7735
f 8138 8137 7708 7730
f 7738 7694 7676 7733
f 7739 7695 7681 7727
f 7734 7709 7694 7738
f 7716 7696 7686 7740
f 7731 7679 7682 7711
f 7729 7693 7685 7741
f 7723 7677 7695 7739
f 7732 7707 7683 7715
f 8152 8151 7697 7736
f 7741 7685 7700 7742
f 7712 7698 7687 7743
f 7740 7686 7706 7728
f 7735 7680 7699 7737
f 7743 7687 7690 7717
f 7742 7700 7689 7713
f 7722 7688 7704 7721
f 7654 7722 7721 7670
f 7666 7742 7713 7655
f 7653 7743 7717 7656
f 7646 7735 7737 7665
f 7652 7740 7728 7672
f 7664 7712 7743 7653
f 7651 7741 7742 7666
f 8150 8152 7736 7663
f 7673 7732 7715 7649
f 7643 7723 7739 7661
f 7659 7729 7741 7651
f 7645 7731 7711 7648
f 7662 7716 7740 7652
f 7675 7734 7738 7660
f 7661 7739 7727 7647
f 7660 7738 7733 7642
f 8136 8138 7730 7674
f 7663 7736 7735 7646
f 7650 7725 7734 7675
f 7642 7733 7732 7673
f 7669 7714 7731 7645
f 7674 7730 7729 7659
f 7672 7728 7719 7668
f 7647 7727 7726 7644
f 7658 7720 7725 7650
f 7667 7710 7724 7671
f 7671 7724 7723 7643
f 7657 7718 7722 7654
f 7670 7721 7720 7658
f 7668 7719 7718 7657
f 7656 7717 7716 7662
f 7649 7715 7714 7669
f 7655 7713 7712 7664
f 7648 7711 7710 7667
f 7707 7773 7761 7683
f 7677 7766 7777 7695
f 7693 7770 7747 7685
f 7679 7772 7759 7682
f 7696 7762 7751 7686
f 7709 7775 7776 7694
f 7695 7777 7769 7681
f 7694 7776 7774 7676
f 8137 8139 7771 7708
f 7697 7744 7753 7680
f 7684 7768 7775 7709
f 7676 7774 7773 7707
f 7703 7760 7772 7679
f 7708 7771 7770 7693
f 7706 7750 7764 7702
f 7681 7769 7745 7678
f 7692 7765 7768 7684
f 7701 7758 7767 7705
f 7705 7767 7766 7677
f 7691 7763 7757 7688
f 7704 7756 7765 7692
f 7702 7764 7763 7691
f 7690 7754 7762 7696
f 7683 7761 7760 7703
f 7689 7755 7749 7698
f 7682 7759 7758 7701
f 7688 7757 7756 7704
f 7700 7746 7755 7689
f 7687 7748 7754 7690
f 7680 7753 7752 7699
f 7686 7751 7750 7706
f 7698 7749 7748 7687
f 7685 7747 7746 7700
f 8151 8153 7744 7697
f 7779 8017 8010 7784
f 7778 8013 8011 7785
f 6636 8011 8013 6639
f 7783 8016 8018 7786
f 7785 8011 8016 7783
f 8019 8024 8015 7781
f 7782 8014 8012 7780
f 7786 7795 7792 7783
f 7784 7793 7788 7779
f 7819 7820 7818 7821
f 7780 8012 8013 7778
f 7781 8015 8017 7779
f 8019 8020 7795 7786
f 7785 7794 7787 7778
f 7780 7789 7791 7782
f 7782 7791 7793 7784
f 7795 7804 7801 7792
f 7793 7802 7797 7788
f 7783 7792 7794 7785
f 7778 7787 7789 7780
f 7779 7788 7790 7781
f 7794 7803 7796 7787
f 7789 7798 7800 7791
f 8020 8021 7804 7795
f 7791 7800 7802 7793
f 7798 7807 7809 7800
f 8021 8022 7813 7804
f 7792 7801 7803 7794
f 7804 7813 7810 7801
f 7802 7811 7806 7797
f 7801 7810 7812 7803
f 7787 7796 7798 7789
f 7788 7797 7799 7790
f 7803 7812 7805 7796
f 7796 7805 7807 7798
f 7797 7806 7808 7799
f 7812 7821 7814 7805
f 7807 7816 7818 7809
f 8022 8023 7822 7813
f 7800 7809 7811 7802
f 7813 7822 7819 7810
f 7811 7820 7815 7806
f 7810 7819 7821 7812
f 7837 7829 7828 7836
f 8026 7838 7843 8033
f 7840 7830 7829 7837
f 7930 7909 7852 7861
f 7831 1826 1824 7907
f 7842 7825 7824 7838
f 8032 7841 7844 8034
f 7844 7832 7833 7845
f 7847 7827 7823 7846
f 7845 7833 7834 7848
f 7836 7828 7827 7847
f 7846 7823 7825 7842
f 7848 7834 7830 7840
f 8037 7848 7840 8028
f 8036 7846 7842 8029
f 8031 7836 7847 8030
f 8035 7845 7848 8037
f 8030 7847 7846 8036
f 8034 7844 7845 8035
f 7903 8049 8058 8045
f 7911 7906 7857 7858
f 7824 7929 7908 7826
f 8029 7842 7838 8026
f 8054 7905 1829 1813
f 8028 7840 7837 8025
f 8027 7839 1810 1809
f 8025 7837 7836 8031
f 7934 7932 7870 7871
f 7929 7928 7909 7908
f 7944 7933 7865 7874
f 7911 7858 7859 7913
f 7916 7853 7849 7915
f 7913 7859 7860 7919
f 7920 7854 7853 7916
f 7915 7849 7851 7923
f 7919 7860 7856 7925
f 7926 7855 7854 7920
f 7930 7861 1804 1828
f 7925 7856 7855 7926
f 7907 1824 1823 7906
f 7923 7851 7850 7928
f 7950 7945 7883 7884
f 7967 7876 7878 7948
f 7969 7948 7878 7887
f 7934 7871 7872 7935
f 7937 7866 7862 7936
f 7935 7872 7873 7938
f 7939 7867 7866 7937
f 7936 7862 7864 7940
f 7938 7873 7869 7941
f 7942 7868 7867 7939
f 7944 7874 1802 1814
f 7941 7869 7868 7942
f 7883 7945 1812 1819
f 7940 7864 7863 7943
f 7973 7971 7896 7897
f 7968 7967 7948 7947
f 7983 7972 7891 7900
f 7950 7884 7885 7952
f 7955 7879 7875 7954
f 7952 7885 7886 7958
f 7959 7880 7879 7955
f 7954 7875 7877 7962
f 7958 7886 7882 7964
f 7965 7881 7880 7959
f 7969 7887 1807 1803
f 7964 7882 7881 7965
f 1815 1812 7945 7946
f 7971 7883 1819 1817
f 7962 7877 7876 7967
f 8004 8002 7905 8042
f 7889 7996 7986 7891
f 8008 8005 7903 8045
f 7973 7897 7898 7974
f 7976 7892 7888 7975
f 7974 7898 7899 7977
f 7978 7893 7892 7976
f 8002 7995 1801 1820
f 7975 7888 7890 7979
f 7977 7899 7895 7980
f 7981 7894 7893 7978
f 7983 7900 1799 1808
f 7980 7895 7894 7981
f 7979 7890 7889 7982
f 8004 8042 8043 7997
f 7826 7908 7931 7835
f 7997 8043 8044 7998
f 8006 7904 8038 7999
f 7999 8038 7902 8000
f 7998 8044 8041 8001
f 8007 8039 7904 8006
f 8008 8045 1816 1806
f 8009 8040 8039 8007
f 8032 1798 1827 7841
f 8001 8041 8040 8009
f 7831 7907 7910 7832
f 8000 7902 7901 8003
f 7928 7850 7852 7909
f 7825 7922 7929 7824
f 7922 7923 7928 7929
f 7857 1811 1800 7932
f 1800 1822 7870 7932
f 7908 7909 7930 7931
f 7852 7933 7944 7861
f 7830 7924 7927 7829
f 7924 7925 7926 7927
f 7850 7943 7933 7852
f 7943 7863 7865 7933
f 7829 7927 7921 7828
f 7927 7926 7920 7921
f 7834 7918 7924 7830
f 7918 7919 7925 7924
f 7823 7914 7922 7825
f 7914 7915 7923 7922
f 7828 7921 7917 7827
f 7921 7920 7916 7917
f 7833 7912 7918 7834
f 7912 7913 7919 7918
f 7827 7917 7914 7823
f 7917 7916 7915 7914
f 7832 7910 7912 7833
f 7910 7911 7913 7912
f 7907 7906 7911 7910
f 7857 7932 7934 7858
f 7851 7940 7943 7850
f 7870 1822 1815 7946
f 7865 7947 7970 7874
f 7856 7941 7942 7855
f 7861 7944 1814 1804
f 7863 7968 7947 7865
f 7855 7942 7939 7854
f 7860 7938 7941 7856
f 7849 7936 7940 7851
f 7854 7939 7937 7853
f 7859 7935 7938 7860
f 7853 7937 7936 7849
f 7858 7934 7935 7859
f 7870 7946 7949 7871
f 7864 7961 7968 7863
f 7961 7962 7967 7968
f 7896 7971 1817 1831
f 7947 7948 7969 7970
f 7878 7972 7983 7887
f 7869 7963 7966 7868
f 7963 7964 7965 7966
f 7874 7970 1830 1802
f 7970 7969 1803 1830
f 7876 7982 7972 7878
f 7982 7889 7891 7972
f 7868 7966 7960 7867
f 7966 7965 7959 7960
f 7873 7957 7963 7869
f 7957 7958 7964 7963
f 7862 7953 7961 7864
f 7953 7954 7962 7961
f 7867 7960 7956 7866
f 7960 7959 7955 7956
f 7872 7951 7957 7873
f 7951 7952 7958 7957
f 7866 7956 7953 7862
f 7956 7955 7954 7953
f 7871 7949 7951 7872
f 7949 7950 7952 7951
f 7946 7945 7950 7949
f 7883 7971 7973 7884
f 7877 7979 7982 7876
f 7891 7986 7993 7900
f 7882 7980 7981 7881
f 7887 7983 1808 1807
f 8005 8003 7901 7903
f 7881 7981 7978 7880
f 7886 7977 7980 7882
f 7875 7975 7979 7877
f 7995 7896 1831 1801
f 7880 7978 7976 7879
f 7885 7974 7977 7886
f 7879 7976 7975 7875
f 7884 7973 7974 7885
f 7896 7995 7985 7897
f 7996 8003 8005 7986
f 7995 8002 8004 7985
f 7986 8005 8008 7993
f 7890 7990 7996 7889
f 7895 7991 7994 7894
f 1823 1811 7857 7906
f 7894 7994 7992 7893
f 7900 7993 1805 1799
f 7893 7992 7989 7892
f 7899 7987 7991 7895
f 7888 7988 7990 7890
f 7892 7989 7988 7888
f 7898 7984 7987 7899
f 7897 7985 7984 7898
f 7901 8047 8049 7903
f 7905 8054 8055 8042
f 8027 8033 7843 7839
f 7990 8000 8003 7996
f 7991 8001 8009 7994
f 7905 8002 1820 1829
f 7994 8009 8007 7992
f 7993 8008 1806 1805
f 7992 8007 8006 7989
f 7987 7998 8001 7991
f 7988 7999 8000 7990
f 7989 8006 7999 7988
f 7984 7997 7998 7987
f 7985 8004 7997 7984
f 7809 7818 7820 7811
f 7805 7814 7816 7807
f 7808 7817 8023 8022
f 7799 7808 8022 8021
f 7790 7799 8021 8020
f 7786 8018 8024 8019
f 7806 7815 7817 7808
f 7822 7815 7820 7819
f 7815 7822 8023 7817
f 7814 7821 7818 7816
f 7781 7790 8020 8019
f 8044 8057 8053 8041
f 8039 8051 8050 7904
f 7843 7838 7824 7826
f 8045 8058 1818 1816
f 8040 8052 8051 8039
f 8093 8033 8027 8094
f 7844 7841 7831 7832
f 8041 8053 8052 8040
f 8038 8046 8048 7902
f 7902 8048 8047 7901
f 8042 8055 8056 8043
f 8043 8056 8057 8044
f 7904 8050 8046 8038
f 1810 7839 7835 1821
f 1821 7835 7931 1825
f 1825 7931 7930 1828
f 7784 8010 8014 7782
f 6635 8016 8011 6636
f 6766 8018 8016 6635
f 6637 8024 8018 6766
f 6755 8015 8024 6637
f 7307 8017 8015 6755
f 7316 8010 8017 7307
f 7295 8014 8010 7316
f 6638 8012 8014 7295
f 6639 8013 8012 6638
f 8094 8027 1809 1862
f 7843 7826 7835 7839
f 8095 8026 8033 8093
f 8096 8029 8026 8095
f 8097 8036 8029 8096
f 1827 1826 7831 7841
f 8064 7064 809 1839
f 8065 7066 7064 8064
f 8066 7062 7066 8065
f 8067 7063 7062 8066
f 8068 7068 7063 8067
f 8069 7061 7068 8068
f 8070 7065 7061 8069
f 8071 7059 7065 8070
f 8063 7069 7059 8071
f 8084 8063 8071 8079
f 8079 8071 8070 8078
f 8078 8070 8069 8077
f 8077 8069 8068 8076
f 8076 8068 8067 8075
f 8075 8067 8066 8074
f 8074 8066 8065 8073
f 8073 8065 8064 8072
f 8072 8064 1839 1849
f 7069 8063 8062 7060
f 7060 8062 8061 7058
f 7058 8061 8059 7067
f 7057 8060 1833 808
f 7067 8059 8060 7057
f 8085 8072 1849 1864
f 8086 8073 8072 8085
f 8087 8074 8073 8086
f 8088 8075 8074 8087
f 8089 8076 8075 8088
f 8090 8077 8076 8089
f 8091 8078 8077 8090
f 8092 8079 8078 8091
f 8097 8084 8079 8092
f 8063 8084 8083 8062
f 8062 8083 8082 8061
f 8061 8082 8080 8059
f 8060 8081 1847 1833
f 8059 8080 8081 8060
f 8036 8097 8092 8030
f 8030 8092 8091 8031
f 8031 8091 8090 8025
f 8025 8090 8089 8028
f 8028 8089 8088 8037
f 8037 8088 8087 8035
f 8035 8087 8086 8034
f 8034 8086 8085 8032
f 8032 8085 1864 1798
f 8084 8097 8096 8083
f 8083 8096 8095 8082
f 8082 8095 8093 8080
f 8081 8094 1862 1847
f 8080 8093 8094 8081
f 8046 8098 8100 8048
f 8048 8100 8099 8047
f 8047 8099 8101 8049
f 8049 8101 8110 8058
f 8050 8102 8098 8046
f 8051 8103 8102 8050
f 8052 8104 8103 8051
f 1813 1890 8106 8054
f 8053 8105 8104 8052
f 8054 8106 8107 8055
f 8055 8107 8108 8056
f 8056 8108 8109 8057
f 8058 8110 1891 1818
f 8057 8109 8105 8053
f 8100 8098 8111 8099
f 8099 8111 8116 8101
f 8101 8116 8121 8110
f 8110 8121 1907 1891
f 8098 8102 8112 8111
f 8111 8112 8117 8116
f 8116 8117 8122 8121
f 8121 8122 1908 1907
f 8102 8103 8113 8112
f 8112 8113 8118 8117
f 8117 8118 8123 8122
f 8122 8123 1909 1908
f 8103 8104 8114 8113
f 8113 8114 8119 8118
f 8118 8119 8124 8123
f 8123 8124 1910 1909
f 8104 8105 8115 8114
f 8114 8115 8120 8119
f 8119 8120 8125 8124
f 8124 8125 1911 1910
f 8105 8109 8108 8115
f 8115 8108 8107 8120
f 8120 8107 8106 8125
f 8125 8106 1890 1911
f 7699 7752 8139 8137
f 7665 7737 8138 8136
f 7737 7699 8137 8138
f 8237 7665 8136 8251
f 6768 7631 8135 8128
f 6734 6749 8133 8131
f 7029 6769 8129 8127
f 6697 6939 8126 8130
f 6769 7000 8134 8129
f 6768 8128 8134 7000
f 6939 7029 8127 8126
f 7050 7053 8133 8130
f 7051 7052 8132 8131
f 7052 807 1917 8132
f 7678 7745 8153 8151
f 7644 7726 8152 8150
f 7726 7678 8151 8152
f 8224 7644 8150 8252
f 6659 7610 8149 8142
f 6978 8147 8143 6660
f 6947 8146 8145 6946
f 6738 6955 8146 8140
f 6695 6933 8144 8141
f 7031 6941 8144 8148
f 6659 8142 8147 6978
f 7024 6660 8143 8148
f 797 6946 8145 1934
f 6695 8141 8140 6714
f 7757 7763 7764 8154
f 8154 7764 7750 8163
f 8163 7750 7751 8172
f 8172 7751 7762 8181
f 8181 7762 7754 8190
f 8190 7754 7748 8199
f 8199 7748 7749 8208
f 8208 7749 7755 7746
f 7756 7757 8154 8155
f 8155 8154 8163 8164
f 8164 8163 8172 8173
f 8173 8172 8181 8182
f 8182 8181 8190 8191
f 8191 8190 8199 8200
f 8200 8199 8208 8209
f 8209 8208 7746 7747
f 7765 7756 8155 8156
f 8156 8155 8164 8165
f 8165 8164 8173 8174
f 8174 8173 8182 8183
f 8183 8182 8191 8192
f 8192 8191 8200 8201
f 8201 8200 8209 8210
f 8210 8209 7747 7770
f 7768 7765 8156 8157
f 8157 8156 8165 8166
f 8166 8165 8174 8175
f 8175 8174 8183 8184
f 8184 8183 8192 8193
f 8193 8192 8201 8202
f 8202 8201 8210 8211
f 8211 8210 7770 7771
f 7775 7768 8157 8158
f 8158 8157 8166 8167
f 8167 8166 8175 8176
f 8176 8175 8184 8185
f 8185 8184 8193 8194
f 8194 8193 8202 8203
f 8203 8202 8211 8212
f 8212 8211 7771 8139
f 7776 7775 8158 8159
f 8159 8158 8167 8168
f 8168 8167 8176 8177
f 8177 8176 8185 8186
f 8186 8185 8194 8195
f 8195 8194 8203 8204
f 8204 8203 8212 8213
f 8213 8212 8139 7752
f 7774 7776 8159 8160
f 8160 8159 8168 8169
f 8169 8168 8177 8178
f 8178 8177 8186 8187
f 8187 8186 8195 8196
f 8196 8195 8204 8205
f 8205 8204 8213 8214
f 8214 8213 7752 7753
f 7773 7774 8160 8161
f 8161 8160 8169 8170
f 8170 8169 8178 8179
f 8179 8178 8187 8188
f 8188 8187 8196 8197
f 8197 8196 8205 8206
f 8206 8205 8214 8215
f 8215 8214 7753 7744
f 7761 7773 8161 8162
f 8162 8161 8170 8171
f 8171 8170 8179 8180
f 8180 8179 8188 8189
f 8189 8188 8197 8198
f 8198 8197 8206 8207
f 8207 8206 8215 8216
f 8216 8215 7744 8153
f 7760 7761 8162 7772
f 7772 8162 8171 7759
f 7759 8171 8180 7758
f 7758 8180 8189 7767
f 7767 8189 8198 7766
f 7766 8198 8207 7777
f 7777 8207 8216 7769
f 7769 8216 8153 7745
f 7610 8224 8252 8149
f 7631 8237 8251 8135
f 7636 8250 8223 7624
f 7634 8226 8218 7623
f 7622 8248 8241 7628
f 7615 8244 8231 7635
f 7621 8249 8247 7630
f 7614 8242 8221 7633
f 7620 8217 8250 7636
f 7632 8245 8249 7621
f 7619 8246 8248 7622
f 7612 8235 8237 7631
f 7618 8240 8227 7638
f 7630 8247 8246 7619
f 7617 8243 8245 7632
f 8149 8252 8236 7629
f 7639 8232 8244 7615
f 7609 8219 8239 7627
f 7625 8228 8243 7617
f 7611 8230 8242 7614
f 7628 8241 8240 7618
f 7641 8234 8238 7626
f 7627 8239 8225 7613
f 7626 8238 8233 7608
f 8135 8251 8229 7640
f 7629 8236 8235 7612
f 7616 8222 8234 7641
f 7608 8233 8232 7639
f 7635 8231 8230 7611
f 7640 8229 8228 7625
f 7638 8227 8226 7634
f 7613 8225 8224 7610
f 7624 8223 8222 7616
f 7633 8221 8220 7637
f 7637 8220 8219 7609
f 7623 8218 8217 7620
f 7541 7540 8294 8283
f 7606 8294 8292 7600
f 7599 7605 8293 8291
f 7547 7602 8293 8284
f 7600 8292 8290 7595
f 7591 7599 8291 8288
f 7557 7590 8287 8286
f 7554 7594 8289 8285
f 7543 8289 8290 7542
f 7584 8287 8288 7585
f 7239 7557 8286 8253
f 7374 7554 8285 8254
f 7515 7547 8284 8280
f 7509 7541 8283 8279
f 7413 7522 8282 8257
f 7427 7524 8281 8260
f 7524 7515 8280 8281
f 7522 7509 8279 8282
f 7486 8273 8278 7484
f 7484 8278 8277 7487
f 7487 8277 8267 7481
f 7494 8275 8276 7503
f 7471 8274 8275 7494
f 7503 8276 8271 7456
f 7441 7485 8274 8261
f 7486 7432 8262 8273
f 7452 7464 8268 8269
f 7455 7453 8265 8266
f 7457 7455 8266 8267
f 7482 8268 8272 7483
f 7480 7478 8270 8271
f 7478 7474 8263 8270
f 7477 7476 8265 8269
f 7475 8264 8263 7474
f 7475 7483 8272 8264
f 7406 8259 8262 7432
f 7418 8258 8261 7442
f 7401 8255 8260 7428
f 7402 8255 8258 7418
f 7405 8256 8257 7396
f 7390 8256 8259 7406
f 7237 7375 8311 8306
f 7157 8295 8310 7153
f 7569 7574 8315 8309
f 7567 8307 8313 7572
f 7571 8312 8308 7568
f 1308 2101 8307 7567
f 7372 8295 8311 7375
f 7237 8306 8304 7193
f 7573 7572 8313 8314
f 7571 7573 8314 8312
f 7574 7568 8308 8315
f 7149 8301 8305 7144
f 7144 8305 8300 7156
f 869 2093 8303 7155
f 7147 8298 8304 7145
f 7155 8303 8297 7154
f 7143 8296 8302 7146
f 7146 8302 8301 7149
f 7156 8300 8299 7150
f 7150 8299 8298 7147
f 7154 8297 8296 7143
f 7569 8309 8253 7570
f 7153 8310 8254 7152
f 8395 8335 8323 8338
f 8338 8323 8322 8341
f 8368 8326 8321 8344
f 8365 8325 8320 8347
f 8371 8327 8319 8350
f 8374 8328 8318 8353
f 8377 8329 8317 8356
f 8386 8332 8324 8359
f 8380 8330 8316 8362
f 8391 8392 8395 8394
f 8344 8321 8325 8365
f 8341 8322 8326 8368
f 8347 8320 8327 8371
f 8350 8319 8328 8374
f 8353 8318 8329 8377
f 8383 8331 8330 8380
f 8507 8506 8469 8468
f 8356 8317 8331 8383
f 8359 8324 8333 8389
f 8389 8333 8334 8392
f 9242 9244 8387 8390
f 9212 9213 8403 8404
f 8390 8391 8394 8393
f 9244 9276 8357 8387
f 8387 8388 8391 8390
f 8388 8389 8392 8391
f 9256 9290 8354 8381
f 8357 8358 8388 8387
f 8358 8359 8389 8388
f 9223 9339 9337 9219
f 9262 9256 8381 8378
f 8354 8355 8382 8381
f 8355 8356 8383 8382
f 9264 9288 8351 8375
f 8381 8382 8379 8378
f 8382 8383 8380 8379
f 9266 9286 8348 8372
f 8351 8352 8376 8375
f 8352 8353 8377 8376
f 9268 9284 8345 8369
f 8348 8349 8373 8372
f 8349 8350 8374 8373
f 9270 9280 8339 8366
f 8345 8346 8370 8369
f 8346 8347 8371 8370
f 9272 9282 8342 8363
f 8339 8340 8367 8366
f 8340 8341 8368 8367
f 10640 10631 10647 10646
f 8342 8343 8364 8363
f 8343 8344 8365 8364
f 9292 9262 8378 8360
f 9276 9246 8384 8357
f 8378 8379 8361 8360
f 8379 8380 8362 8361
f 9290 9264 8375 8354
f 8384 8385 8358 8357
f 8385 8386 8359 8358
f 9288 9266 8372 8351
f 8375 8376 8355 8354
f 8376 8377 8356 8355
f 9286 9268 8369 8348
f 8372 8373 8352 8351
f 8373 8374 8353 8352
f 9284 9272 8363 8345
f 8369 8370 8349 8348
f 8370 8371 8350 8349
f 9282 9270 8366 8342
f 8363 8364 8346 8345
f 8364 8365 8347 8346
f 9280 9278 8336 8339
f 8366 8367 8343 8342
f 8367 8368 8344 8343
f 9278 9240 8393 8336
f 8336 8337 8340 8339
f 8337 8338 8341 8340
f 9399 9248 9250 9398
f 8393 8394 8337 8336
f 8394 8395 8338 8337
f 8469 8470 8517 8518
f 8465 8466 8513 8514
f 10882 8623 8628 10889
f 10800 8460 8511 10790
f 8503 8502 8465 8464
f 10807 8452 8503 10787
f 9273 9249 9080 9123
f 9236 9349 9350 9224
f 8448 8449 8453 8452
f 8445 8446 8458 8457
f 10790 8511 8499 10786
f 10968 8508 8496 10960
f 9235 9338 9353 9225
f 9225 9353 9340 9234
f 9217 9357 9359 9228
f 8982 9004 8401 8400
f 9070 9069 9369 8405
f 9305 8863 9374 9306
f 8453 8454 8501 8502
f 8460 8461 8510 8511
f 10967 8467 8512 10969
f 9026 9025 9368 8402
f 9069 9026 8402 9369
f 8971 8970 9366 8399
f 9145 9144 9373 8407
f 9113 9145 8407 9371
f 8927 8949 8398 8396
f 9226 9356 9343 9231
f 9237 9352 9339 9223
f 10789 8515 8491 10784
f 9238 9354 9341 9222
f 10804 8432 8436 10803
f 9229 9360 9345 9215
f 10805 8428 8487 10783
f 8863 8862 9362 9374
f 10786 8499 8448 10802
f 9025 8906 9365 9368
f 10793 8424 8483 10782
f 9091 8982 8400 9370
f 10785 8495 8460 10800
f 9004 9003 9367 8401
f 10798 8420 8479 10781
f 9040 9051 9050 9039
f 8421 8422 8477 8478
f 8906 9037 8403 9365
f 10796 8464 8515 10789
f 10975 8443 8447 10972
f 8457 8458 8505 8506
f 8506 8505 8470 8469
f 8452 8453 8502 8503
f 10974 8455 8500 10958
f 9360 8824 8837 9345
f 8425 8426 8481 8482
f 8862 9092 8406 9362
f 8494 8493 8462 8461
f 8949 8971 8399 8398
f 8498 8497 8450 8449
f 8429 8430 8485 8486
f 9092 9091 9370 8406
f 8433 8434 8438 8437
f 9227 9358 9344 9232
f 8514 8513 8489 8490
f 9215 9345 9355 9216
f 8437 8438 8493 8494
f 9213 9346 9351 9214
f 8486 8485 8426 8425
f 8510 8509 8497 8498
f 8409 8410 8414 8413
f 10958 8500 8467 10967
f 10783 8487 8424 10793
f 8444 8445 8457 8456
f 8884 9133 9372 9363
f 10802 8448 8452 10807
f 9214 9351 9360 9229
f 10792 8408 8412 10799
f 10787 8503 8464 10796
f 10957 8459 8504 10959
f 8482 8481 8422 8421
f 8404 8403 9037 9048
f 8417 8474 8475 8416
f 8464 8465 8514 8515
f 8478 8477 8442 8441
f 8468 8469 8518 8519
f 9015 8896 8897 9016
f 10878 8583 8588 10868
f 9241 9243 9244 9242
f 10860 8535 8604 10852
f 8579 8578 8581 8580
f 9200 8539 8600 9205
f 8533 8532 8597 8596
f 9198 8544 8605 9206
f 10782 8483 8420 10798
f 8680 8681 8843 8844
f 10847 8540 8609 10844
f 10791 8519 8408 10792
f 8538 8537 8602 8601
f 10864 8521 8613 10881
f 10784 8491 8428 10805
f 10861 8624 8629 10862
f 8563 8562 8657 8656
f 10780 8475 8432 10804
f 8580 8581 8586 8585
f 8585 8586 8591 8590
f 8524 8523 8611 8610
f 9202 8564 8655 9187
f 8543 8542 8607 8606
f 8474 8473 8434 8433
f 10879 8576 8583 10878
f 8490 8489 8430 8429
f 10836 8530 8599 10839
f 9199 8534 8595 9204
f 9194 8610 8615 9193
f 10881 8613 8618 10874
f 8621 8622 8627 8626
f 10853 8619 8545 10857
f 10856 8555 8654 10843
f 10890 8571 8541 10884
f 10788 8507 8468 10797
f 8529 8528 8621 8620
f 8553 8552 8632 8631
f 10794 8440 8444 10795
f 10869 8608 8536 10865
f 8615 8616 8548 8549
f 10857 8545 8649 10845
f 9207 8574 8544 9198
f 10837 8550 8634 10841
f 10850 8570 8540 10847
f 10840 8614 8619 10853
f 10891 8593 8521 10864
f 8606 8607 8537 8538
f 8554 8553 8631 8630
f 8822 8850 8849 8821
f 10880 8598 8526 10883
f 9192 8549 8645 9210
f 8600 8601 8533 8534
f 10852 8604 8530 10836
f 10886 8546 8648 10872
f 10839 8599 8525 10846
f 9203 8529 8620 9184
f 8681 8682 8842 8843
f 10797 8468 8519 10791
f 10868 8588 8593 10891
f 10835 10821 8520 8594
f 8808 8809 8810 8811
f 8806 8807 8812 8813
f 8804 8805 8814 8815
f 9233 9375 9306 9310
f 8801 8802 8822 8821
f 8799 8800 8820 8819
f 8844 8843 8716 8715
f 8730 8729 8687 8688
f 8461 8462 8509 8510
f 8734 8733 8691 8692
f 9339 8735 8693 9337
f 8710 8709 8741 8740
f 8712 8711 8739 8738
f 8714 8713 8737 8736
f 9184 8620 8625 9185
f 8686 9184 9185 8838
f 8840 8684 8685 8839
f 8670 8671 8674 8675
f 8668 8669 8676 8677
f 8733 8732 8690 8691
f 8735 8734 8692 8693
f 8709 8708 8742 8741
f 8711 8710 8740 8739
f 8713 8712 8738 8737
f 9338 8714 8736 9353
f 8682 8683 8841 8842
f 8839 8685 8686 8838
f 8671 8672 8673 8674
f 8669 8670 8675 8676
f 10801 8456 8507 10788
f 9347 8666 8679 9336
f 8744 8743 8769 8768
f 8745 8744 8768 8767
f 8746 8745 8767 8766
f 8747 8746 8766 8765
f 8748 8747 8765 8764
f 8749 8748 8764 9299
f 9340 8749 9299 9311
f 8759 8758 8671 8670
f 8760 8759 8670 8669
f 8441 8442 8446 8445
f 8698 8699 8706 8705
f 8699 8700 8707 8706
f 9350 8701 8714 9338
f 8701 8702 8713 8714
f 8702 8703 8712 8713
f 8703 8704 8711 8712
f 8704 8705 8710 8711
f 8705 8706 8709 8710
f 9351 8715 8824 9360
f 8715 8716 8825 8824
f 8827 8828 8833 8834
f 8818 8846 8845 8817
f 8829 8830 8831 8832
f 8825 8826 8835 8836
f 8683 8684 8840 8841
f 8656 8657 8577 8578
f 10859 8659 8575 10838
f 10855 8560 8659 10859
f 9143 8894 8895 9144
f 8518 8517 8410 8409
f 9123 9080 9079 9124
f 9375 8916 9305 9306
f 8917 9317 9298 9304
f 8919 8914 8915 8918
f 8920 8913 8914 8919
f 8921 8912 8913 8920
f 8922 8911 8912 8921
f 8923 8910 8911 8922
f 9124 9079 9078 9125
f 8925 8908 8909 8924
f 10972 8447 8459 10957
f 8691 8690 8697 8696
f 8693 8692 8695 8694
f 8811 8810 8789 8788
f 8813 8812 8787 8786
f 8815 8814 8785 8784
f 8675 8674 8727 8726
f 8677 8676 8725 8724
f 8791 8790 8660 8661
f 8793 8792 8662 8663
f 10795 8444 8456 10801
f 8665 8664 8682 8681
f 9303 9302 8680 9348
f 9318 9320 8950 8928
f 8931 8953 8952 8930
f 8933 8955 8954 8932
f 8935 8957 8956 8934
f 8937 8959 8958 8936
f 8983 9005 9004 8982
f 8987 9009 9008 8986
f 8989 9011 9010 8988
f 8502 8501 8466 8465
f 9353 8736 8749 9340
f 8727 8728 8729 8730
f 8726 8727 8730 8731
f 8725 8726 8731 8732
f 8724 8725 8732 8733
f 8723 8724 8733 8734
f 8722 8723 8734 8735
f 9352 8722 8735 9339
f 8719 8720 8829 8828
f 8718 8719 8828 8827
f 8511 8510 8498 8499
f 8664 8663 8683 8682
f 9302 8665 8681 8680
f 8928 8950 8949 8927
f 8930 8952 8951 8929
f 8932 8954 8953 8931
f 8934 8956 8955 8933
f 8936 8958 8957 8935
f 9291 9259 8959 8937
f 8986 9008 9007 8985
f 8988 9010 9009 8987
f 9224 9350 9338 9235
f 9102 9081 9082 9101
f 9101 9082 9083 9100
f 9100 9083 9084 9099
f 9099 9084 9085 9098
f 9098 9085 9086 9097
f 9097 9086 9087 9096
f 9096 9087 9088 9095
f 9095 9088 9089 9094
f 9093 9090 9091 9092
f 9289 9255 9014 8992
f 9216 9355 9357 9217
f 8663 8662 8684 8683
f 8662 8661 8685 8684
f 8661 8660 8686 8685
f 8845 8846 8751 8750
f 8846 8847 8752 8751
f 8847 8848 8753 8752
f 8848 8849 8754 8753
f 8849 8850 8755 8754
f 8883 9132 9133 8884
f 9295 9112 9308 9309
f 9241 9239 9058 9047
f 8736 8737 8748 8749
f 8737 8738 8747 8748
f 8738 8739 8746 8747
f 8739 8740 8745 8746
f 8740 8741 8744 8745
f 8741 8742 8743 8744
f 9345 8837 8777 9355
f 8837 8836 8778 8777
f 8835 8834 8780 8779
f 8834 8833 8781 8780
f 9144 8895 9364 9373
f 9297 9143 9146 9335
f 8781 8782 8802 8801
f 8779 8780 8800 8799
f 8777 8778 8798 8797
f 8768 8769 8770 8771
f 8766 8767 8772 8773
f 8764 8765 8774 8775
f 9146 9112 9295 9335
f 8752 8753 8760 8761
f 8750 8751 8762 8763
f 8895 8916 9375 9364
f 9038 9049 9048 9037
f 10810 10829 9170 9172
f 9240 9242 8390 8393
f 8444 8440 8441 8445
f 9277 9279 9103 9122
f 9122 9103 9104 9121
f 9121 9104 9105 9120
f 9120 9105 9106 9119
f 9021 8902 8903 9022
f 9019 8900 8901 9020
f 9363 9218 9238 8397
f 8558 8557 8652 8651
f 9208 8559 8650 9197
f 10888 8566 8551 10885
f 8569 8568 8553 8554
f 10862 8629 8644 10858
f 8626 8627 8642 8641
f 9185 8625 8640 9186
f 10870 8633 8638 10871
f 10842 8639 8555 10856
f 8636 8637 8557 8558
f 8970 8938 8397 9366
f 9141 8892 8893 9142
f 9139 8890 8891 9140
f 9137 8888 8889 9138
f 9135 8886 8887 9136
f 9281 9271 8885 9134
f 9231 9343 9303 9230
f 9109 9149 9148 9110
f 9107 9151 9150 9108
f 9103 9155 9154 9104
f 9342 9233 9310 9311
f 10971 8451 8455 10974
f 10799 10806 9158 9157
f 8824 8825 8836 8837
f 8826 8827 8834 8835
f 8828 8829 8832 8833
f 9041 9052 9051 9040
f 10876 8658 8576 10879
f 9197 8650 8574 9207
f 8456 8457 8506 8507
f 8689 8688 8699 8698
f 8688 8687 8700 8699
f 9343 9356 9301 8796
f 8776 8775 8804 9300
f 8775 8774 8805 8804
f 8774 8773 8806 8805
f 8773 8772 8807 8806
f 8772 8771 8808 8807
f 9341 8763 8666 9347
f 8763 8762 8667 8666
f 10965 8463 8508 10968
f 8697 8698 8705 8704
f 8696 8697 8704 8703
f 8695 8696 8703 8702
f 8694 8695 8702 8701
f 9349 8694 8701 9350
f 8839 8838 8721 8720
f 8840 8839 8720 8719
f 8841 8840 8719 8718
f 8843 8842 8717 8716
f 9346 8844 8715 9351
f 10956 8471 8516 10970
f 8821 8849 8848 8820
f 8819 8847 8846 8818
f 9361 9354 9238 9218
f 8807 8808 8811 8812
f 8805 8806 8813 8814
f 9300 8804 8815 8816
f 8802 8803 8823 8822
f 8800 8801 8821 8820
f 8788 8789 8790 8791
f 9357 8797 8817 9359
f 9048 9307 9312 8404
f 10866 8556 8653 10887
f 8559 8558 8651 8650
f 10851 8565 8550 10837
f 8568 8567 8552 8553
f 9195 8569 8554 9191
f 10889 8628 8643 10875
f 8625 8626 8641 8640
f 10841 8634 8639 10842
f 9209 8630 8635 9196
f 10871 8638 8556 10866
f 8939 8883 8884 8938
f 10887 8653 8571 10890
f 10843 8654 8570 10850
f 9210 8645 8569 9195
f 8645 8646 8568 8569
f 8646 8647 8567 8568
f 10872 8648 8566 10888
f 10845 8649 8565 10851
f 9186 8640 8564 9202
f 8641 8642 8562 8563
f 10875 8643 8561 10867
f 9003 8927 8396 9367
f 9113 9371 9312 9307
f 9140 8891 8892 9141
f 9138 8889 8890 9139
f 9136 8887 8888 9137
f 9134 8885 8886 9135
f 9112 9146 9145 9113
f 9110 9148 9147 9111
f 9108 9150 9149 9109
f 9104 9154 9153 9105
f 9279 9269 9155 9103
f 9133 9070 8405 9372
f 9348 8680 8844 9346
f 9042 9053 9052 9041
f 9043 9054 9053 9042
f 9044 9055 9054 9043
f 9045 9056 9055 9044
f 9046 9057 9056 9045
f 9239 9241 9242 9240
f 9024 8905 8906 9025
f 9022 8903 8904 9023
f 9020 8901 8902 9021
f 9112 9113 9307 9308
f 9301 8784 8795 8796
f 8782 8783 8803 8802
f 8780 8781 8801 8800
f 8778 8779 8799 8798
f 9355 8777 8797 9357
f 8767 8768 8771 8772
f 8765 8766 8773 8774
f 9299 8764 8775 8776
f 8753 8754 8759 8760
f 8751 8752 8761 8762
f 9190 8590 8524 9211
f 8690 8689 8698 8697
f 8692 8691 8696 8695
f 9337 8693 8694 9349
f 8812 8811 8788 8787
f 8814 8813 8786 8785
f 8816 8815 8784 9301
f 8674 8673 8728 8727
f 8676 8675 8726 8725
f 9336 8679 8722 9352
f 8792 8791 8661 8662
f 9302 9303 9343 8796
f 9287 9263 9081 9102
f 8864 8861 8862 8863
f 9314 9313 8861 8864
f 8866 8859 8860 8865
f 8867 8858 8859 8866
f 8868 8857 8858 8867
f 8869 8856 8857 8868
f 8870 8855 8856 8869
f 8872 8853 8854 8871
f 8873 8852 8853 8872
f 9329 9309 9308 9049
f 9049 9308 9307 9048
f 9125 9078 9077 9126
f 9126 9077 9076 9127
f 9128 9075 9074 9129
f 9130 9073 9072 9131
f 9132 9071 9070 9133
f 9016 8897 8898 9017
f 9239 9277 9122 9058
f 8975 8966 8967 8974
f 8979 8962 8963 8978
f 8981 8960 8961 8980
f 9071 9068 9069 9070
f 9073 9066 9067 9072
f 9075 9064 9065 9074
f 9033 9018 9019 9032
f 9032 9019 9020 9031
f 9031 9020 9021 9030
f 9030 9021 9022 9029
f 9029 9022 9023 9028
f 9327 9326 9024 9027
f 9027 9024 9025 9026
f 9077 9062 9063 9076
f 9084 8989 8988 9085
f 9263 9289 8992 9081
f 9324 9318 8928 9002
f 8999 8931 8930 9000
f 8997 8933 8932 8998
f 8995 8935 8934 8996
f 9243 9241 9047 8896
f 8965 8943 8942 8966
f 8967 8941 8940 8968
f 9321 9319 8939 8969
f 8969 8939 8938 8970
f 9261 9291 8937 8993
f 8993 8937 8936 8994
f 8994 8936 8935 8995
f 9325 9324 9002 9005
f 9008 8999 9000 9007
f 9010 8997 8998 9009
f 9012 8995 8996 9011
f 9014 8993 8994 9013
f 8882 9315 9319 8940
f 8942 8880 8881 8941
f 8944 8878 8879 8943
f 8958 8980 8979 8957
f 8957 8979 8978 8956
f 8956 8978 8977 8955
f 8955 8977 8976 8954
f 8954 8976 8975 8953
f 8953 8975 8974 8952
f 9051 9115 9114 9050
f 9052 9116 9115 9051
f 9053 9117 9116 9052
f 9054 9118 9117 9053
f 9055 9119 9118 9054
f 9056 9120 9119 9055
f 9057 9121 9120 9056
f 9155 9134 9135 9154
f 9154 9135 9136 9153
f 9153 9136 9137 9152
f 9152 9137 9138 9151
f 9151 9138 9139 9150
f 9150 9139 9140 9149
f 9149 9140 9141 9148
f 8876 9125 9126 8877
f 8880 9129 9130 8881
f 8878 9127 9128 8879
f 9315 9334 9132 8883
f 8881 9130 9131 8882
f 8820 8848 8847 8819
f 8938 8884 9363 8397
f 8874 9123 9124 8875
f 9068 9027 9026 9069
f 9066 9029 9028 9067
f 9064 9031 9030 9065
f 9062 9033 9032 9063
f 9060 9035 9034 9061
f 9247 9245 9036 9059
f 8891 8920 8919 8892
f 8889 8922 8921 8890
f 8887 8924 8923 8888
f 8885 8926 8925 8886
f 9146 9143 9144 9145
f 9148 9141 9142 9147
f 8896 9047 9046 8897
f 8897 9046 9045 8898
f 8898 9045 9044 8899
f 8899 9044 9043 8900
f 8900 9043 9042 8901
f 8901 9042 9041 8902
f 8902 9041 9040 8903
f 9034 9017 9018 9033
f 9035 9016 9017 9034
f 9036 9015 9016 9035
f 9245 9275 9015 9036
f 8905 9038 9037 8906
f 9316 9328 9038 8905
f 8903 9040 9039 8904
f 8853 9101 9100 8854
f 8854 9100 9099 8855
f 8855 9099 9098 8856
f 8856 9098 9097 8857
f 8857 9097 9096 8858
f 8858 9096 9095 8859
f 8859 9095 9094 8860
f 8879 9128 9129 8880
f 8877 9126 9127 8878
f 9330 9327 9027 9068
f 9065 9030 9029 9066
f 9063 9032 9031 9064
f 9061 9034 9033 9062
f 9059 9036 9035 9060
f 8943 8879 8880 8942
f 8945 8877 8878 8944
f 8946 8876 8877 8945
f 8947 8875 8876 8946
f 8948 8874 8875 8947
f 9361 8845 8750 9354
f 9211 8756 8851 9190
f 9304 8864 8863 9305
f 8914 8866 8865 8915
f 8912 8868 8867 8913
f 8910 8870 8869 8911
f 8908 8872 8871 8909
f 9267 9285 8873 8907
f 9313 9333 9093 8861
f 9005 9002 9003 9004
f 9007 9000 9001 9006
f 9009 8998 8999 9008
f 9011 8996 8997 9010
f 9013 8994 8995 9012
f 9255 9261 8993 9014
f 8823 9201 9190 8851
f 8959 8981 8980 8958
f 9078 9061 9062 9077
f 9080 9059 9060 9079
f 9249 9247 9059 9080
f 8950 8972 8971 8949
f 9320 9322 8972 8950
f 8952 8974 8973 8951
f 9322 9321 8969 8972
f 8972 8969 8970 8971
f 9253 9293 8948 8960
f 8960 8948 8947 8961
f 8961 8947 8946 8962
f 8962 8946 8945 8963
f 8963 8945 8944 8964
f 9076 9063 9064 9075
f 8974 8967 8968 8973
f 8978 8963 8964 8977
f 8980 8961 8962 8979
f 9257 9253 8960 8981
f 9331 9330 9068 9071
f 9074 9065 9066 9073
f 9086 8987 8986 9087
f 9087 8986 8985 9088
f 9088 8985 8984 9089
f 9332 9323 8983 9090
f 9090 8983 8982 9091
f 9265 9287 9102 8852
f 8852 9102 9101 8853
f 8966 8942 8941 8967
f 9085 8988 8987 9086
f 9081 8992 8991 9082
f 9002 8928 8927 9003
f 9000 8930 8929 9001
f 8998 8932 8931 8999
f 8996 8934 8933 8997
f 10803 8436 8495 10785
f 9127 9076 9075 9128
f 9129 9074 9073 9130
f 9334 9331 9071 9132
f 9275 9243 8896 9015
f 9269 9281 9134 9155
f 9298 9314 8864 9304
f 8913 8867 8866 8914
f 8911 8869 8868 8912
f 8909 8871 8870 8910
f 8907 8873 8872 8908
f 8861 9093 9092 8862
f 8894 8917 8916 8895
f 8892 8919 8918 8893
f 8890 8921 8920 8891
f 8888 8923 8922 8889
f 8886 8925 8924 8887
f 9271 9283 8926 8885
f 10806 10780 9159 9158
f 10832 9179 9171 10830
f 10811 9173 9174 10812
f 10813 9176 9177 10833
f 10818 9180 9181 10827
f 9211 8524 8610 9194
f 10809 9162 9163 10825
f 10819 9164 9165 10824
f 10827 9181 9167 10822
f 9329 9328 9039 9050
f 8519 8518 8409 8408
f 10824 9165 9162 10809
f 10833 9177 9182 10814
f 10848 8594 8520 10854
f 10815 9160 9161 10828
f 10865 8536 8603 10873
f 10822 9167 9164 10819
f 10825 9163 9160 10815
f 10854 8520 8614 10840
f 8491 8490 8429 8428
f 8620 8621 8626 8625
f 10821 9159 9166 10816
f 10826 9183 9156 10808
f 10808 9156 9157 10834
f 10867 8561 8658 10876
f 9289 9263 9264 9290
f 9370 8400 9236 9224
f 9287 9265 9266 9288
f 9362 8406 9235 9225
f 8475 8474 8433 8432
f 10830 9171 9173 10811
f 10816 9166 9168 10817
f 10817 9168 9169 10831
f 10823 9175 9180 10818
f 8581 8582 8587 8586
f 8586 8587 8592 8591
f 8810 9205 9199 8789
f 8790 9204 9203 8660
f 8523 8522 8612 8611
f 9293 9253 9254 9294
f 9366 8397 9238 9222
f 9291 9261 9262 9292
f 9367 8396 9237 9223
f 8564 8563 8656 8655
f 8673 9192 9210 8728
f 8660 9203 9184 8686
f 10884 8541 8608 10869
f 8721 9186 9202 8830
f 8700 9209 9196 8707
f 8729 9195 9191 8687
f 9047 9058 9057 9046
f 10955 8472 8435 10954
f 10838 8575 8584 10863
f 8803 9189 9201 8823
f 8783 9188 9189 8803
f 8756 9211 9194 8757
f 8742 9197 9207 8743
f 10962 8488 8431 10953
f 8875 9124 9125 8876
f 10828 9161 9170 10829
f 10831 9169 9178 10820
f 9188 8579 8580 9189
f 9328 9329 9049 9038
f 9277 9239 9240 9278
f 8830 9202 9187 8831
f 9293 9251 8874 8948
f 9369 8402 9215 9216
f 9245 9247 9248 9246
f 9275 9245 9246 9276
f 8534 8533 8596 8595
f 10863 8584 8589 10849
f 8402 9368 9229 9215
f 9365 8403 9213 9214
f 8449 8450 8454 8453
f 9189 8580 8585 9201
f 10810 9172 9176 10813
f 10812 9174 9175 10823
f 10820 9178 9179 10832
f 10814 9182 9183 10826
f 8578 8577 8582 8581
f 8789 9199 9204 8790
f 8769 9198 9206 8770
f 8831 9187 9188 8783
f 8728 9210 9195 8729
f 8539 8538 8601 8600
f 8398 8399 9221 9220
f 9257 9259 9260 9258
f 8401 9367 9223 9219
f 9261 9255 9256 9262
f 10877 8531 8598 10880
f 8404 9312 9230 9212
f 9228 9359 9361 9218
f 8809 9200 9205 8810
f 10834 10835 8594 8589
f 8399 9366 9222 9221
f 9253 9257 9258 9254
f 8405 9369 9216 9217
f 9247 9249 9250 9248
f 8544 8543 8606 8605
f 8707 9196 9208 8708
f 8838 9185 9186 8721
f 8708 9208 9197 8742
f 8672 9193 9192 8673
f 8483 8482 8421 8420
f 8743 9207 9198 8769
f 8757 9194 9193 8672
f 8770 9206 9200 8809
f 8687 9191 9209 8700
f 8610 8611 8616 8615
f 8611 8612 8617 8616
f 10846 8525 8624 10861
f 9306 9374 9234 9310
f 8407 9373 9232 9226
f 10874 8618 8546 10886
f 8573 8572 8542 8543
f 8650 8651 8573 8574
f 8528 8527 8622 8621
f 9356 9344 8816 9301
f 10885 8551 8633 10870
f 9374 9362 9225 9234
f 8406 9370 9224 9235
f 10844 8609 8535 10860
f 9193 8615 8549 9192
f 9204 8595 8529 9203
f 8400 8401 9219 9236
f 8396 8398 9220 9237
f 8616 8617 8547 8548
f 9205 8600 8534 9199
f 9267 9283 9284 9268
f 9371 9231 9230 9312
f 8574 8573 8543 8544
f 9206 8605 8539 9200
f 9372 9228 9218 9363
f 9251 9293 9294 9252
f 8591 8592 8522 8523
f 9364 9375 9233 9227
f 9251 9252 9274 9273
f 8605 8606 8538 8539
f 9255 9289 9290 9256
f 9259 9291 9292 9260
f 9191 8554 8630 9209
f 9265 9285 9286 9266
f 9263 9287 9288 9264
f 9201 8585 8590 9190
f 9371 8407 9226 9231
f 9373 9364 9227 9232
f 8596 8597 8527 8528
f 9372 8405 9217 9228
f 9368 9365 9214 9229
f 8549 8548 8646 8645
f 8601 8602 8532 8533
f 10873 8603 8531 10877
f 9269 9279 9280 9270
f 9271 9281 9282 9272
f 8548 8547 8647 8646
f 9279 9277 9278 9280
f 8595 8596 8528 8529
f 9249 9273 9274 9250
f 9243 9275 9276 9244
f 8590 8591 8523 8524
f 9283 9271 9272 9284
f 8817 8845 9361 9359
f 10883 8526 8623 10882
f 9285 9267 9268 9286
f 9281 9269 9270 9282
f 8731 8730 8688 8689
f 8667 8668 8677 8678
f 8666 8667 8678 8679
f 8761 8760 8669 8668
f 8716 8717 8826 8825
f 8436 8437 8494 8495
f 9283 9267 8907 8926
f 8794 8793 8663 8664
f 8990 9012 9011 8989
f 8717 8718 8827 8826
f 8991 9013 9012 8990
f 8992 9014 9013 8991
f 8796 8795 8665 9302
f 8833 8832 8782 8781
f 9354 8750 8763 9341
f 9018 8899 8900 9019
f 8635 8636 8558 8559
f 8917 8894 9296 9317
f 8651 8652 8572 8573
f 8762 8761 8668 8667
f 8732 8731 8689 8690
f 8785 8786 8793 8794
f 9196 8635 8559 9208
f 10858 8644 8560 10855
f 9115 9110 9111 9114
f 9017 8898 8899 9018
f 8832 8831 8783 8782
f 8795 8794 8664 8665
f 9285 9265 8852 8873
f 8418 8473 8474 8417
f 10970 8516 8411 10948
f 8495 8494 8461 8460
f 10959 8504 8471 10956
f 8420 8421 8478 8479
f 10948 8411 8415 10949
f 8424 8425 8482 8483
f 10966 8439 8492 10961
f 8408 8409 8413 8412
f 8499 8498 8449 8448
f 10969 8512 8488 10962
f 8428 8429 8486 8487
f 10954 8435 8439 10966
f 10964 8480 8423 10951
f 8413 8417 8416 8412
f 10953 8431 8484 10963
f 9131 9334 9315 8882
f 8487 8486 8425 8424
f 10960 8496 8451 10971
f 10963 8484 8427 10952
f 10952 8427 8480 10964
f 8432 8433 8437 8436
f 10961 8492 8463 10965
f 8515 8514 8490 8491
f 10951 8423 8476 10973
f 10973 8476 8443 10975
f 8871 8854 8855 8870
f 8679 8678 8723 8722
f 8754 8755 8758 8759
f 9326 9316 8905 9024
f 9105 9153 9152 9106
f 8640 8641 8563 8564
f 8630 8631 8636 8635
f 8797 8798 8818 8817
f 8842 8841 8718 8717
f 8771 8770 8809 8808
f 9187 8655 8579 9188
f 8924 8909 8910 8923
f 9106 9152 9151 9107
f 8631 8632 8637 8636
f 9119 9106 9107 9118
f 8755 8756 8757 8758
f 8836 8835 8779 8778
f 8850 8851 8756 8755
f 9333 9332 9090 9093
f 8985 9007 9006 8984
f 8720 8721 8830 8829
f 9323 9325 9005 8983
f 8678 8677 8724 8723
f 8926 8907 8908 8925
f 8706 8707 8708 8709
f 8758 8757 8672 8671
f 8798 8799 8819 8818
f 8479 8478 8441 8440
f 8787 8788 8791 8792
f 8786 8787 8792 8793
f 9116 9109 9110 9115
f 9117 9108 9109 9116
f 9058 9122 9121 9057
f 8976 8965 8966 8975
f 9083 8990 8989 9084
f 8964 8944 8943 8965
f 9079 9060 9061 9078
f 8977 8964 8965 8976
f 9082 8991 8990 9083
f 8784 8785 8794 8795
f 8414 8418 8417 8413
f 9259 9257 8981 8959
f 10781 8479 8440 10794
f 9118 9107 9108 9117
f 10849 8589 8594 10848
f 8823 8851 8850 8822
f 8655 8656 8578 8579
f 9067 9028 9327 9330
f 8968 8940 9319 9321
f 8860 9094 9333 9313
f 9028 9023 9326 9327
f 8893 8918 9317 9296
f 10949 10950 8418 8414
f 9251 9273 9123 8874
f 9344 9358 9300 8816
f 9296 8894 9143 9297
f 9299 8776 9342 9311
f 8916 8917 9304 9305
f 9319 9315 8883 8939
f 9072 9067 9330 9331
f 8904 9039 9328 9316
f 9212 9348 9346 9213
f 9050 9114 9309 9329
f 9006 9001 9324 9325
f 8951 8973 9322 9320
f 9001 8929 9318 9324
f 9089 8984 9323 9332
f 8915 8865 9314 9298
f 9147 9142 9297 9335
f 8941 8881 8882 8940
f 9023 8904 9316 9326
f 9131 9072 9331 9334
f 9114 9111 9295 9309
f 9111 9147 9335 9295
f 9142 8893 9296 9297
f 8918 8915 9298 9317
f 8865 8860 9313 9314
f 9094 9089 9332 9333
f 8973 8968 9321 9322
f 9233 9342 9358 9227
f 9234 9340 9311 9310
f 9219 9337 9349 9236
f 9221 9347 9336 9220
f 9230 9303 9348 9212
f 9222 9341 9347 9221
f 9232 9344 9356 9226
f 8984 9006 9325 9323
f 9220 9336 9352 9237
f 8929 8951 9320 9318
f 10950 10955 8473 8418
f 9358 9342 8776 9300
f 9391 8332 8386 9390
f 9383 9377 9376 9382
f 9381 9379 9378 9380
f 8316 9381 9380 8362
f 9379 9383 9382 9378
f 9387 9385 9384 9386
f 9377 9387 9386 9376
f 9385 9389 9388 9384
f 9400 9401 9380 9378
f 9258 9260 9393 9392
f 9394 9254 9258 9392
f 9395 9294 9254 9394
f 9396 9252 9294 9395
f 9397 9274 9252 9396
f 9389 9391 9390 9388
f 9398 9250 9274 9397
f 9399 8384 9246 9248
f 9402 9394 9392 9400
f 9403 9395 9394 9402
f 9404 9396 9395 9403
f 9405 9397 9396 9404
f 9406 9398 9397 9405
f 9407 9399 9398 9406
f 9390 9407 9406 9388
f 9388 9406 9405 9384
f 9384 9405 9404 9386
f 9386 9404 9403 9376
f 9376 9403 9402 9382
f 9382 9402 9400 9378
f 9392 9393 9401 9400
f 8360 9393 9260 9292
f 9407 8385 8384 9399
f 9390 8386 8385 9407
f 8361 9401 9393 8360
f 8362 9380 9401 8361
f 7380 10633 3753 204
f 10634 10632 3754 3755
f 10633 10634 3755 3753
f 9408 9410 9414 9412
f 9410 9409 9413 9414
f 9411 9408 9412 6370
f 9650 9648 9423 9615
f 9651 9649 9424 9618
f 9652 9587 9425 9621
f 9516 9434 9433 9509
f 9523 9472 9431 9510
f 9522 9468 9429 9511
f 9526 9484 9427 9512
f 9584 9580 9435 9513
f 9524 9476 9432 9517
f 9521 9464 9430 9518
f 9525 9480 9428 9519
f 9594 9587 9426 9559
f 9570 9499 9425 9562
f 9583 9581 9436 9487
f 9508 9485 9437 9488
f 9505 9473 9441 9490
f 9503 9465 9440 9492
f 9504 9469 9439 9493
f 9507 9489 9428 9480
f 9506 9477 9442 9491
f 9495 9444 9443 9494
f 9528 9520 9444 9495
f 9617 9616 9445 9496
f 9620 9619 9446 9497
f 9623 9622 9447 9498
f 9569 9558 9459 9500
f 9593 9588 9449 9539
f 9566 9478 9457 9556
f 9564 9470 9456 9555
f 9565 9474 9453 9553
f 9567 9482 9451 9552
f 9554 9455 9454 9561
f 9563 9466 9452 9560
f 9568 9486 9450 9551
f 9586 9582 9449 9559
f 9550 9543 9460 9501
f 9591 9502 9461 9589
f 9537 9937 9529 9520
f 9937 9938 9530 9529
f 9553 9453 9466 9563
f 9490 9441 9465 9503
f 9510 9431 9464 9521
f 9938 9939 9667 9530
f 9560 9452 9470 9564
f 9492 9440 9469 9504
f 9518 9430 9468 9522
f 9520 9529 9608 9444
f 9556 9457 9474 9565
f 9491 9442 9473 9505
f 9517 9432 9472 9523
f 9529 9530 9647 9608
f 9578 9574 9478 9566
f 9575 9573 9477 9506
f 9576 9572 9476 9524
f 9610 9936 9932 9607
f 9555 9456 9482 9567
f 9493 9507 9480 9429
f 9511 9429 9480 9525
f 9608 9647 9936 9610
f 9552 9451 9486 9568
f 9489 9438 9485 9508
f 9519 9428 9484 9526
f 9428 9489 9508 9484
f 9439 9481 9507 9493
f 9572 9575 9506 9476
f 9432 9491 9505 9472
f 9430 9492 9504 9468
f 9431 9490 9503 9464
f 9607 9932 9653 9609
f 9934 9609 9653 6356
f 9590 9462 9502 9591
f 9542 9550 9501 9458
f 9554 9569 9500 9455
f 9621 9623 9498 9424
f 9618 9620 9497 9423
f 9615 9617 9496 9422
f 9516 9528 9495 9434
f 9434 9495 9494 9433
f 9476 9506 9491 9432
f 9481 9438 9489 9507
f 9468 9504 9493 9429
f 9464 9503 9492 9430
f 9472 9505 9490 9431
f 9484 9508 9488 9427
f 9580 9583 9487 9435
f 9557 9448 9499 9570
f 9462 9515 9527 9502
f 9589 9461 9514 9592
f 9502 9527 9514 9461
f 3751 3728 9680 9646
f 9534 9538 9528 9516
f 9532 9519 9526 9549
f 9535 9511 9525 9548
f 9577 9576 9524 9547
f 9536 9517 9523 9546
f 9540 9518 9522 9545
f 9533 9510 9521 9544
f 9538 9537 9520 9528
f 9547 9524 9517 9536
f 9545 9522 9511 9535
f 9546 9523 9510 9533
f 9548 9525 9519 9532
f 9534 9516 9509 9541
f 9544 9521 9518 9540
f 9549 9526 9512 9531
f 9582 9585 9539 9449
f 9486 9549 9531 9450
f 9466 9544 9540 9452
f 9455 9534 9541 9454
f 9482 9548 9532 9451
f 9474 9546 9533 9453
f 9470 9545 9535 9456
f 9478 9547 9536 9457
f 9500 9459 9537 9538
f 9453 9533 9544 9466
f 9452 9540 9545 9470
f 9457 9536 9546 9474
f 9574 9577 9547 9478
f 9456 9535 9548 9482
f 9451 9532 9549 9486
f 9455 9500 9538 9534
f 9585 9584 9513 9539
f 9514 9527 9550 9542
f 9527 9515 9543 9550
f 9460 9557 9570 9501
f 9422 9496 9569 9554
f 9416 9552 9568 9483
f 9417 9555 9567 9479
f 9571 9578 9566 9475
f 9420 9556 9565 9471
f 9418 9560 9564 9467
f 9419 9553 9563 9463
f 9579 9586 9559 9426
f 9483 9568 9551 9415
f 9463 9563 9560 9418
f 9422 9554 9561 9421
f 9479 9567 9552 9416
f 9471 9565 9553 9419
f 9467 9564 9555 9417
f 9475 9566 9556 9420
f 9496 9445 9558 9569
f 9501 9570 9562 9458
f 9588 9594 9559 9449
f 9421 9561 9578 9571
f 9454 9541 9577 9574
f 9592 9593 9539 9513
f 9433 9494 9575 9572
f 9509 9433 9572 9576
f 9494 9443 9573 9575
f 9561 9454 9574 9578
f 9415 9551 9586 9579
f 9450 9531 9585 9582
f 9541 9509 9576 9577
f 9427 9488 9583 9580
f 9551 9450 9582 9586
f 9488 9437 9581 9583
f 9512 9427 9580 9584
f 9458 9562 9594 9588
f 9531 9512 9584 9585
f 9435 9589 9592 9513
f 9436 9590 9591 9487
f 9487 9591 9589 9435
f 9542 9458 9588 9593
f 9562 9425 9587 9594
f 9611 9440 9465 9933
f 9612 9469 9440 9611
f 9573 9607 9609 9477
f 9444 9608 9610 9443
f 9443 9610 9607 9573
f 9604 9598 9597 9603
f 9606 9596 9595 9605
f 9605 9595 9598 9604
f 9598 9602 9601 9597
f 9596 9600 9599 9595
f 9595 9599 9602 9598
f 9936 9605 9604 9932
f 9647 9606 9605 9936
f 9932 9604 9603 9653
f 6554 9597 9601 9929
f 6373 9603 9597 6554
f 6356 9653 9603 6373
f 9442 9934 6372 9473
f 9473 6372 6371 9441
f 9441 6371 9933 9465
f 9609 9934 9442 9477
f 9601 9408 9411 9929
f 9602 9410 9408 9601
f 9599 9409 9410 9602
f 9600 9613 9409 9599
f 9614 9413 9409 9613
f 10635 10632 9413 9614
f 9459 9943 9937 9537
f 9616 9660 9955 9445
f 9514 9542 9593 9592
f 9445 9955 9949 9558
f 9558 9949 9943 9459
f 9462 9629 9645 9515
f 9557 9659 9656 9448
f 9622 9662 9655 9447
f 9581 9638 9635 9436
f 9460 9657 9659 9557
f 9543 9658 9657 9460
f 9590 9632 9629 9462
f 9436 9635 9632 9590
f 9439 9935 6367 9481
f 9481 6367 9624 9438
f 9438 9624 9643 9485
f 9485 9643 9641 9437
f 9612 9935 9439 9469
f 9641 9638 9581 9437
f 9661 9654 9446 9619
f 9446 9654 9660 9616
f 9423 9497 9617 9615
f 9497 9446 9616 9617
f 9421 9650 9615 9422
f 9655 9661 9619 9447
f 9424 9498 9620 9618
f 9498 9447 9619 9620
f 9648 9651 9618 9423
f 9448 9656 9662 9622
f 9425 9499 9623 9621
f 9499 9448 9622 9623
f 9649 9652 9621 9424
f 6374 9931 9626 9625
f 6367 6374 9625 9624
f 9626 9930 9642 9625
f 9631 9628 9629 9632
f 9633 9630 9631 9634
f 9635 9634 9631 9632
f 9637 9636 9633 9634
f 9637 9634 9635 9638
f 9639 9636 9637 9640
f 9641 9640 9637 9638
f 9642 9930 9639 9640
f 9642 9640 9641 9643
f 9625 9642 9643 9624
f 9627 9646 9644 9628
f 9628 9644 9645 9629
f 9631 9630 9627 9628
f 9515 9645 9658 9543
f 9613 9665 9666 9614
f 9606 9667 9664 9596
f 10635 10636 3757 3756
f 9600 9663 9665 9613
f 9596 9664 9663 9600
f 10636 10616 3723 3757
f 9744 9670 9669 9743
f 3733 3724 9670 9744
f 3732 3725 9671 9731
f 9731 9671 9672 9730
f 9756 9747 9674 9681
f 9789 9750 9676 9786
f 9799 9753 9678 9796
f 10620 3736 3727 10617
f 9646 9680 9679 9644
f 9703 9732 9739 9702
f 9702 9739 9740 9708
f 9712 9738 9735 9711
f 9711 9735 9734 9717
f 9717 9734 9733 9720
f 9720 9733 9732 9703
f 9721 9737 9738 9712
f 9724 9736 9737 9721
f 9697 9731 9730 9729
f 3729 3732 9731 9697
f 9727 9726 9658 9679
f 9759 9756 9681 9684
f 9762 9759 9684 9686
f 9765 9762 9686 9688
f 9733 9681 9674 9732
f 9734 9684 9681 9733
f 9735 9686 9684 9734
f 9768 9765 9688 9690
f 9771 9768 9690 9692
f 9741 9771 9692 9672
f 9777 9774 9693 9696
f 9747 9777 9696 9674
f 9730 9736 9724 9729
f 9729 9724 9725 9728
f 9728 9725 9726 9727
f 3728 3731 9699 9680
f 3731 3730 9698 9699
f 3730 3729 9697 9698
f 9680 9699 9727 9679
f 9699 9698 9728 9727
f 9698 9697 9729 9728
f 9658 9726 9723 9657
f 9726 9725 9722 9723
f 9725 9724 9721 9722
f 9657 9723 9714 9659
f 9723 9722 9713 9714
f 9722 9721 9712 9713
f 9655 9718 9705 9661
f 9718 9719 9704 9705
f 9719 9720 9703 9704
f 9662 9715 9718 9655
f 9715 9716 9719 9718
f 9716 9717 9720 9719
f 9656 9709 9715 9662
f 9709 9710 9716 9715
f 9710 9711 9717 9716
f 9659 9714 9709 9656
f 9714 9713 9710 9709
f 9713 9712 9711 9710
f 9654 9700 9706 9660
f 9700 9701 9707 9706
f 9701 9702 9708 9707
f 9661 9705 9700 9654
f 9705 9704 9701 9700
f 9704 9703 9702 9701
f 9693 9740 9739 9696
f 9696 9739 9732 9674
f 9686 9735 9738 9688
f 9688 9738 9737 9690
f 9690 9737 9736 9692
f 9692 9736 9730 9672
f 9673 9695 9779 9749
f 9749 9779 9778 9748
f 9748 9778 9777 9747
f 9695 9694 9776 9779
f 9779 9776 9775 9778
f 9778 9775 9774 9777
f 9669 9691 9773 9743
f 9743 9773 9772 9742
f 9742 9772 9771 9741
f 9691 9689 9770 9773
f 9773 9770 9769 9772
f 9772 9769 9768 9771
f 9689 9687 9767 9770
f 9770 9767 9766 9769
f 9769 9766 9765 9768
f 9687 9685 9764 9767
f 9767 9764 9763 9766
f 9766 9763 9762 9765
f 9685 9683 9761 9764
f 9764 9761 9760 9763
f 9763 9760 9759 9762
f 9683 9682 9758 9761
f 9761 9758 9757 9760
f 9760 9757 9756 9759
f 10621 3726 3738 10618
f 10618 3738 3737 10619
f 10619 3737 3736 10620
f 9800 9677 9755 9797
f 9797 9755 9754 9798
f 9798 9754 9753 9799
f 9790 9675 9752 9787
f 9787 9752 9751 9788
f 9788 9751 9750 9789
f 9682 9673 9749 9758
f 9758 9749 9748 9757
f 9757 9748 9747 9756
f 3725 3735 9746 9671
f 3735 3734 9745 9746
f 3734 3733 9744 9745
f 9671 9746 9741 9672
f 9746 9745 9742 9741
f 9745 9744 9743 9742
f 9961 9955 9660 9706
f 9707 9967 9961 9706
f 9708 9973 9967 9707
f 9740 9780 9973 9708
f 9775 9784 9785 9774
f 9776 9783 9784 9775
f 9694 9782 9783 9776
f 9774 9785 9781 9693
f 9784 9788 9789 9785
f 9783 9787 9788 9784
f 9782 9790 9787 9783
f 9785 9789 9786 9781
f 9751 9794 9795 9750
f 9752 9793 9794 9751
f 9675 9792 9793 9752
f 9750 9795 9791 9676
f 9794 9798 9799 9795
f 9793 9797 9798 9794
f 9792 9800 9797 9793
f 9795 9799 9796 9791
f 9754 9804 9805 9753
f 9755 9803 9804 9754
f 9677 9802 9803 9755
f 9753 9805 9801 9678
f 9781 9780 9740 9693
f 9676 9806 9808 9786
f 9678 9807 9810 9796
f 10617 10622 9811 9801
f 9791 9809 9806 9676
f 9796 9810 9809 9791
f 9801 9811 9807 9678
f 9808 9780 9781 9786
f 10623 10622 3739 3740
f 10624 10623 3740 3741
f 10638 10624 3741 3769
f 10625 10638 3769 3742
f 10639 10625 3742 3770
f 10616 10626 3743 3723
f 10626 10639 3770 3743
f 9679 9658 9645 9644
f 9530 9667 9606 9647
f 9841 9824 9823 9840
f 9851 9833 9834 9850
f 9861 9829 9831 9860
f 9868 9822 9835 9867
f 9878 9828 9827 9877
f 3767 3766 9819 9887
f 9893 9832 9821 9892
f 9903 9820 9830 9902
f 9887 9819 9818 9912
f 9918 9826 9825 9917
f 9902 9830 9829 9861
f 9917 9825 9824 9841
f 10630 10637 3758 3749
f 9860 9831 9832 9893
f 9850 9834 9822 9868
f 9892 9821 9833 9851
f 9840 9823 9820 9903
f 9877 9827 9826 9918
f 9912 9818 9828 9878
f 9669 9908 9882 9691
f 9908 9909 9881 9882
f 9909 9910 9880 9881
f 9910 9911 9879 9880
f 9911 9912 9878 9879
f 9689 9873 9922 9687
f 9873 9874 9921 9922
f 9874 9875 9920 9921
f 9875 9876 9919 9920
f 9876 9877 9918 9919
f 9682 9836 9907 9673
f 9836 9837 9906 9907
f 9837 9838 9905 9906
f 9838 9839 9904 9905
f 9839 9840 9903 9904
f 9675 9888 9855 9792
f 9888 9889 9854 9855
f 9889 9890 9853 9854
f 9890 9891 9852 9853
f 9891 9892 9851 9852
f 9800 9846 9872 9677
f 9846 9847 9871 9872
f 9847 9848 9870 9871
f 9848 9849 9869 9870
f 9849 9850 9868 9869
f 9782 9856 9897 9790
f 9856 9857 9896 9897
f 9857 9858 9895 9896
f 9858 9859 9894 9895
f 9859 9860 9893 9894
f 10621 10627 3746 3726
f 10627 10628 3750 3746
f 10615 3747 3750 10628
f 10629 10630 3749 3748
f 9685 9913 9845 9683
f 9913 9914 9844 9845
f 9914 9915 9843 9844
f 9915 9916 9842 9843
f 9916 9917 9841 9842
f 9695 9898 9865 9694
f 9898 9899 9864 9865
f 9899 9900 9863 9864
f 9900 9901 9862 9863
f 9901 9902 9861 9862
f 9687 9922 9913 9685
f 9922 9921 9914 9913
f 9921 9920 9915 9914
f 9920 9919 9916 9915
f 9919 9918 9917 9916
f 9670 9883 9908 9669
f 9883 9884 9909 9908
f 9884 9885 9910 9909
f 9885 9886 9911 9910
f 9886 9887 9912 9911
f 9673 9907 9898 9695
f 9907 9906 9899 9898
f 9906 9905 9900 9899
f 9905 9904 9901 9900
f 9904 9903 9902 9901
f 9790 9897 9888 9675
f 9897 9896 9889 9888
f 9896 9895 9890 9889
f 9895 9894 9891 9890
f 9894 9893 9892 9891
f 3724 3745 9883 9670
f 3745 3772 9884 9883
f 3772 3744 9885 9884
f 3744 3771 9886 9885
f 3771 3767 9887 9886
f 9691 9882 9873 9689
f 9882 9881 9874 9873
f 9881 9880 9875 9874
f 9880 9879 9876 9875
f 9879 9878 9877 9876
f 9677 9872 9866 9802
f 9872 9871 9926 9866
f 9871 9870 9927 9926
f 9870 9869 9928 9927
f 9869 9868 9867 9928
f 9694 9865 9856 9782
f 9865 9864 9857 9856
f 9864 9863 9858 9857
f 9863 9862 9859 9858
f 9862 9861 9860 9859
f 9792 9855 9846 9800
f 9855 9854 9847 9846
f 9854 9853 9848 9847
f 9853 9852 9849 9848
f 9852 9851 9850 9849
f 9683 9845 9836 9682
f 9845 9844 9837 9836
f 9844 9843 9838 9837
f 9843 9842 9839 9838
f 9842 9841 9840 9839
f 9923 10644 4490 3713
f 4484 10640 10646 4494
f 10643 10645 10644 9923
f 10646 9923 3713 4494
f 9819 9924 9925 9818
f 10629 3748 3747 10615
f 215 3759 9626 9931
f 3761 3760 9627 9630
f 3762 3761 9630 9633
f 3763 3762 9633 9636
f 3764 3763 9636 9639
f 3765 3764 9639 9930
f 3759 3765 9930 9626
f 3760 3751 9646 9627
f 3766 3768 9924 9819
f 9938 9937 9943 9944
f 9944 9943 9949 9950
f 9950 9949 9955 9956
f 9956 9955 9961 9962
f 9962 9961 9967 9968
f 9968 9967 9973 9974
f 9974 9973 9780 9808
f 9939 9938 9944 9945
f 9945 9944 9950 9951
f 9951 9950 9956 9957
f 9957 9956 9962 9963
f 9963 9962 9968 9969
f 9969 9968 9974 9975
f 9975 9974 9808 9806
f 9664 9667 9939 9940
f 9940 9939 9945 9946
f 9946 9945 9951 9952
f 9952 9951 9957 9958
f 9958 9957 9963 9964
f 9964 9963 9969 9970
f 9970 9969 9975 9976
f 9976 9975 9806 9809
f 9663 9664 9940 9941
f 9941 9940 9946 9947
f 9947 9946 9952 9953
f 9953 9952 9958 9959
f 9959 9958 9964 9965
f 9965 9964 9970 9971
f 9971 9970 9976 9977
f 9977 9976 9809 9810
f 9665 9663 9941 9942
f 9942 9941 9947 9948
f 9948 9947 9953 9954
f 9954 9953 9959 9960
f 9960 9959 9965 9966
f 9966 9965 9971 9972
f 9972 9971 9977 9978
f 9978 9977 9810 9807
f 9666 9665 9942 9668
f 9668 9942 9948 9816
f 9816 9948 9954 9817
f 9817 9954 9960 9815
f 9815 9960 9966 9814
f 9814 9966 9972 9813
f 9813 9972 9978 9812
f 9812 9978 9807 9811
f 4529 3821 9979 10678
f 10678 9979 9980 10679
f 4532 3824 9981 10680
f 10680 9981 9982 10681
f 4535 3827 9983 10682
f 10682 9983 9984 10683
f 3827 3830 9985 9983
f 9983 9985 9986 9984
f 10445 10446 10316 10315
f 10251 10515 10530 10529
f 10514 10243 10531 10028
f 10254 10514 10028 10036
f 10253 10242 10000 10033
f 10252 10241 9999 10030
f 10250 10240 9998 10025
f 10246 10239 9997 10016
f 10244 10238 9996 10010
f 10245 10237 9995 10013
f 10248 10236 9994 10022
f 10249 10527 10532 10024
f 10280 10037 10512 10513
f 10276 10023 10008 10286
f 10273 10014 10006 10285
f 10272 10011 10005 10284
f 10274 10017 10004 10283
f 10277 10027 10003 10282
f 10278 10031 10002 10281
f 10279 10034 10001 10271
f 10285 10006 10011 10272
f 10237 10244 10010 9995
f 10286 10008 10014 10273
f 10236 10245 10013 9994
f 10284 10005 10017 10274
f 10238 10246 10016 9996
f 10283 10004 10020 10275
f 10239 10247 10019 9997
f 10507 10508 10023 10276
f 10527 10248 10022 10532
f 10515 10249 10024 10530
f 10275 10020 10027 10277
f 10247 10250 10025 10019
f 10243 10251 10529 10531
f 10282 10003 10031 10278
f 10240 10252 10030 9998
f 10281 10002 10034 10279
f 10241 10253 10033 9999
f 10271 10001 10037 10280
f 10242 10254 10036 10000
f 10176 10228 10059 10046
f 10172 10224 10058 10045
f 10168 10220 10057 10044
f 10180 10212 10055 10047
f 10196 10208 10054 10051
f 10235 10204 10053 10038
f 10148 10200 10052 10039
f 10164 10196 10051 10043
f 10160 10192 10050 10042
f 10152 10188 10049 10040
f 10156 10184 10048 10041
f 10212 10235 10038 10055
f 10216 10180 10047 10056
f 10228 10216 10056 10059
f 10224 10176 10046 10058
f 10220 10172 10045 10057
f 10208 10168 10044 10054
f 10192 10164 10043 10050
f 10184 10160 10042 10048
f 10188 10156 10041 10049
f 10200 10152 10040 10052
f 10204 10148 10039 10053
f 10046 10059 10147 10095
f 10095 10147 10146 10094
f 10094 10146 10145 10093
f 10093 10145 10144 10092
f 10045 10058 10143 10091
f 10091 10143 10142 10090
f 10090 10142 10141 10089
f 10089 10141 10140 10088
f 10044 10057 10139 10087
f 10087 10139 10138 10086
f 10086 10138 10137 10085
f 10085 10137 10136 10084
f 10047 10055 10131 10099
f 10099 10131 10130 10098
f 10098 10130 10129 10097
f 10097 10129 10128 10096
f 10051 10054 10127 10115
f 10115 10127 10126 10114
f 10114 10126 10125 10113
f 10113 10125 10124 10112
f 10038 10053 10123 10060
f 10060 10123 10122 10061
f 10061 10122 10121 10062
f 10062 10121 10120 10063
f 10039 10052 10119 10067
f 10067 10119 10118 10066
f 10066 10118 10117 10065
f 10065 10117 10116 10064
f 10043 10051 10115 10083
f 10083 10115 10114 10082
f 10082 10114 10113 10081
f 10081 10113 10112 10080
f 10042 10050 10111 10079
f 10079 10111 10110 10078
f 10078 10110 10109 10077
f 10077 10109 10108 10076
f 10040 10049 10107 10071
f 10071 10107 10106 10070
f 10070 10106 10105 10069
f 10069 10105 10104 10068
f 10041 10048 10103 10075
f 10075 10103 10102 10074
f 10074 10102 10101 10073
f 10073 10101 10100 10072
f 10055 10038 10060 10131
f 10131 10060 10061 10130
f 10130 10061 10062 10129
f 10129 10062 10063 10128
f 10056 10047 10099 10135
f 10135 10099 10098 10134
f 10134 10098 10097 10133
f 10133 10097 10096 10132
f 10059 10056 10135 10147
f 10147 10135 10134 10146
f 10146 10134 10133 10145
f 10145 10133 10132 10144
f 10058 10046 10095 10143
f 10143 10095 10094 10142
f 10142 10094 10093 10141
f 10141 10093 10092 10140
f 10057 10045 10091 10139
f 10139 10091 10090 10138
f 10138 10090 10089 10137
f 10137 10089 10088 10136
f 10054 10044 10087 10127
f 10127 10087 10086 10126
f 10126 10086 10085 10125
f 10125 10085 10084 10124
f 10050 10043 10083 10111
f 10111 10083 10082 10110
f 10110 10082 10081 10109
f 10109 10081 10080 10108
f 10048 10042 10079 10103
f 10103 10079 10078 10102
f 10102 10078 10077 10101
f 10101 10077 10076 10100
f 10049 10041 10075 10107
f 10107 10075 10074 10106
f 10106 10074 10073 10105
f 10105 10073 10072 10104
f 10052 10040 10071 10119
f 10119 10071 10070 10118
f 10118 10070 10069 10117
f 10117 10069 10068 10116
f 10053 10039 10067 10123
f 10123 10067 10066 10122
f 10122 10066 10065 10121
f 10121 10065 10064 10120
f 10024 10532 10151 10207
f 10207 10151 10150 10206
f 10206 10150 10149 10205
f 10205 10149 10148 10204
f 10022 9994 10155 10203
f 10203 10155 10154 10202
f 10202 10154 10153 10201
f 10201 10153 10152 10200
f 10013 9995 10159 10191
f 10191 10159 10158 10190
f 10190 10158 10157 10189
f 10189 10157 10156 10188
f 10010 9996 10163 10187
f 10187 10163 10162 10186
f 10186 10162 10161 10185
f 10185 10161 10160 10184
f 10016 9997 10167 10195
f 10195 10167 10166 10194
f 10194 10166 10165 10193
f 10193 10165 10164 10192
f 10025 9998 10171 10211
f 10211 10171 10170 10210
f 10210 10170 10169 10209
f 10209 10169 10168 10208
f 10030 9999 10175 10223
f 10223 10175 10174 10222
f 10222 10174 10173 10221
f 10221 10173 10172 10220
f 10033 10000 10179 10227
f 10227 10179 10178 10226
f 10226 10178 10177 10225
f 10225 10177 10176 10224
f 10036 10028 10219 10231
f 10231 10219 10218 10230
f 10230 10218 10217 10229
f 10229 10217 10216 10228
f 10028 10531 10183 10219
f 10219 10183 10182 10218
f 10218 10182 10181 10217
f 10217 10181 10180 10216
f 10529 10530 10232 10215
f 10215 10232 10233 10214
f 10214 10233 10234 10213
f 10213 10234 10235 10212
f 9995 10010 10187 10159
f 10159 10187 10186 10158
f 10158 10186 10185 10157
f 10157 10185 10184 10156
f 9994 10013 10191 10155
f 10155 10191 10190 10154
f 10154 10190 10189 10153
f 10153 10189 10188 10152
f 9996 10016 10195 10163
f 10163 10195 10194 10162
f 10162 10194 10193 10161
f 10161 10193 10192 10160
f 9997 10019 10199 10167
f 10167 10199 10198 10166
f 10166 10198 10197 10165
f 10165 10197 10196 10164
f 10532 10022 10203 10151
f 10151 10203 10202 10150
f 10150 10202 10201 10149
f 10149 10201 10200 10148
f 10530 10024 10207 10232
f 10232 10207 10206 10233
f 10233 10206 10205 10234
f 10234 10205 10204 10235
f 10019 10025 10211 10199
f 10199 10211 10210 10198
f 10198 10210 10209 10197
f 10197 10209 10208 10196
f 10531 10529 10215 10183
f 10183 10215 10214 10182
f 10182 10214 10213 10181
f 10181 10213 10212 10180
f 9998 10030 10223 10171
f 10171 10223 10222 10170
f 10170 10222 10221 10169
f 10169 10221 10220 10168
f 9999 10033 10227 10175
f 10175 10227 10226 10174
f 10174 10226 10225 10173
f 10173 10225 10224 10172
f 10000 10036 10231 10179
f 10179 10231 10230 10178
f 10178 10230 10229 10177
f 10177 10229 10228 10176
f 9993 10035 10254 10242
f 9992 10032 10253 10241
f 9991 10029 10252 10240
f 10018 10026 10250 10247
f 10528 10021 10248 10527
f 9990 10018 10247 10239
f 9989 10015 10246 10238
f 9987 10012 10245 10236
f 9988 10009 10244 10237
f 10021 9987 10236 10248
f 10012 9988 10237 10245
f 10009 9989 10238 10244
f 10015 9990 10239 10246
f 10026 9991 10240 10250
f 10029 9992 10241 10252
f 10032 9993 10242 10253
f 10035 10533 10514 10254
f 9993 10261 10270 10035
f 9992 10255 10269 10032
f 9991 10256 10268 10029
f 10018 10265 10267 10026
f 10528 10534 10266 10021
f 9990 10257 10265 10018
f 9989 10258 10264 10015
f 9987 10260 10263 10012
f 9988 10259 10262 10009
f 10032 10269 10261 9993
f 10029 10268 10255 9992
f 10026 10267 10256 9991
f 10015 10264 10257 9990
f 10009 10262 10258 9989
f 10012 10263 10259 9988
f 10021 10266 10260 9987
f 10035 10270 10516 10533
f 10261 10271 10280 10270
f 10255 10281 10279 10269
f 10256 10282 10278 10268
f 10265 10275 10277 10267
f 10534 10507 10276 10266
f 10257 10283 10275 10265
f 10258 10284 10274 10264
f 10260 10286 10273 10263
f 10259 10285 10272 10262
f 10269 10279 10271 10261
f 10268 10278 10281 10255
f 10267 10277 10282 10256
f 10264 10274 10283 10257
f 10262 10272 10284 10258
f 10263 10273 10285 10259
f 10266 10276 10286 10260
f 10270 10280 10513 10516
f 10001 10287 10497 10037
f 10287 10288 10498 10497
f 10288 10289 10499 10498
f 10289 10290 10500 10499
f 10290 10291 10501 10500
f 10291 10292 10502 10501
f 10292 10293 10503 10502
f 10293 10294 10504 10503
f 10294 10295 10505 10504
f 10295 10296 10506 10505
f 10002 10326 10487 10034
f 10326 10325 10488 10487
f 10325 10324 10489 10488
f 10324 10323 10490 10489
f 10323 10322 10491 10490
f 10322 10321 10492 10491
f 10321 10320 10493 10492
f 10320 10319 10494 10493
f 10319 10318 10495 10494
f 10318 10317 10496 10495
f 10003 10336 10477 10031
f 10336 10335 10478 10477
f 10335 10334 10479 10478
f 10334 10333 10480 10479
f 10333 10332 10481 10480
f 10332 10331 10482 10481
f 10331 10330 10483 10482
f 10330 10329 10484 10483
f 10329 10328 10485 10484
f 10328 10327 10486 10485
f 10511 10376 10457 10510
f 10376 10375 10458 10457
f 10375 10374 10459 10458
f 10374 10373 10460 10459
f 10373 10372 10461 10460
f 10372 10371 10462 10461
f 10371 10370 10463 10462
f 10370 10369 10464 10463
f 10369 10368 10465 10464
f 10368 10367 10466 10465
f 10020 10417 10447 10027
f 10417 10418 10448 10447
f 10418 10419 10449 10448
f 10419 10420 10450 10449
f 10420 10421 10451 10450
f 10421 10422 10452 10451
f 10422 10423 10453 10452
f 10423 10424 10454 10453
f 10424 10425 10455 10454
f 10425 10426 10456 10455
f 10007 10297 10437 10509
f 10297 10298 10438 10437
f 10298 10299 10439 10438
f 10299 10300 10440 10439
f 10300 10301 10441 10440
f 10301 10302 10442 10441
f 10302 10303 10443 10442
f 10303 10304 10444 10443
f 10304 10305 10445 10444
f 10305 10306 10446 10445
f 10508 10307 10427 10023
f 10307 10308 10428 10427
f 10308 10309 10429 10428
f 10309 10310 10430 10429
f 10310 10311 10431 10430
f 10311 10312 10432 10431
f 10312 10313 10433 10432
f 10313 10314 10434 10433
f 10314 10315 10435 10434
f 10315 10316 10436 10435
f 10004 10346 10417 10020
f 10346 10345 10418 10417
f 10345 10344 10419 10418
f 10344 10343 10420 10419
f 10343 10342 10421 10420
f 10342 10341 10422 10421
f 10341 10340 10423 10422
f 10340 10339 10424 10423
f 10339 10338 10425 10424
f 10338 10337 10426 10425
f 10005 10356 10407 10017
f 10356 10355 10408 10407
f 10355 10354 10409 10408
f 10354 10353 10410 10409
f 10353 10352 10411 10410
f 10352 10351 10412 10411
f 10351 10350 10413 10412
f 10350 10349 10414 10413
f 10349 10348 10415 10414
f 10348 10347 10416 10415
f 10008 10386 10397 10014
f 10386 10385 10398 10397
f 10385 10384 10399 10398
f 10384 10383 10400 10399
f 10383 10382 10401 10400
f 10382 10381 10402 10401
f 10381 10380 10403 10402
f 10380 10379 10404 10403
f 10379 10378 10405 10404
f 10378 10377 10406 10405
f 10006 10366 10387 10011
f 10366 10365 10388 10387
f 10365 10364 10389 10388
f 10364 10363 10390 10389
f 10363 10362 10391 10390
f 10362 10361 10392 10391
f 10361 10360 10393 10392
f 10360 10359 10394 10393
f 10359 10358 10395 10394
f 10358 10357 10396 10395
f 10037 10497 10467 10512
f 10497 10498 10468 10467
f 10498 10499 10469 10468
f 10499 10500 10470 10469
f 10500 10501 10471 10470
f 10501 10502 10472 10471
f 10502 10503 10473 10472
f 10503 10504 10474 10473
f 10504 10505 10475 10474
f 10505 10506 10476 10475
f 10023 10427 10386 10008
f 10427 10428 10385 10386
f 10428 10429 10384 10385
f 10429 10430 10383 10384
f 10430 10431 10382 10383
f 10431 10432 10381 10382
f 10432 10433 10380 10381
f 10433 10434 10379 10380
f 10434 10435 10378 10379
f 10435 10436 10377 10378
f 10512 10467 10376 10511
f 10467 10468 10375 10376
f 10468 10469 10374 10375
f 10469 10470 10373 10374
f 10470 10471 10372 10373
f 10471 10472 10371 10372
f 10472 10473 10370 10371
f 10473 10474 10369 10370
f 10474 10475 10368 10369
f 10014 10397 10366 10006
f 10397 10398 10365 10366
f 10398 10399 10364 10365
f 10399 10400 10363 10364
f 10400 10401 10362 10363
f 10401 10402 10361 10362
f 10402 10403 10360 10361
f 10403 10404 10359 10360
f 10404 10405 10358 10359
f 10405 10406 10357 10358
f 10509 10437 10307 10508
f 10437 10438 10308 10307
f 10438 10439 10309 10308
f 10439 10440 10310 10309
f 10440 10441 10311 10310
f 10441 10442 10312 10311
f 10442 10443 10313 10312
f 10443 10444 10314 10313
f 10444 10445 10315 10314
f 10510 10457 10297 10007
f 10457 10458 10298 10297
f 10458 10459 10299 10298
f 10459 10460 10300 10299
f 10460 10461 10301 10300
f 10461 10462 10302 10301
f 10462 10463 10303 10302
f 10463 10464 10304 10303
f 10464 10465 10305 10304
f 10465 10466 10306 10305
f 10011 10387 10356 10005
f 10387 10388 10355 10356
f 10388 10389 10354 10355
f 10389 10390 10353 10354
f 10390 10391 10352 10353
f 10391 10392 10351 10352
f 10392 10393 10350 10351
f 10393 10394 10349 10350
f 10394 10395 10348 10349
f 10395 10396 10347 10348
f 10017 10407 10346 10004
f 10407 10408 10345 10346
f 10408 10409 10344 10345
f 10409 10410 10343 10344
f 10410 10411 10342 10343
f 10411 10412 10341 10342
f 10412 10413 10340 10341
f 10413 10414 10339 10340
f 10414 10415 10338 10339
f 10415 10416 10337 10338
f 10027 10447 10336 10003
f 10447 10448 10335 10336
f 10448 10449 10334 10335
f 10449 10450 10333 10334
f 10450 10451 10332 10333
f 10451 10452 10331 10332
f 10452 10453 10330 10331
f 10453 10454 10329 10330
f 10454 10455 10328 10329
f 10455 10456 10327 10328
f 10031 10477 10326 10002
f 10477 10478 10325 10326
f 10478 10479 10324 10325
f 10479 10480 10323 10324
f 10480 10481 10322 10323
f 10481 10482 10321 10322
f 10482 10483 10320 10321
f 10483 10484 10319 10320
f 10484 10485 10318 10319
f 10485 10486 10317 10318
f 10034 10487 10287 10001
f 10487 10488 10288 10287
f 10488 10489 10289 10288
f 10489 10490 10290 10289
f 10490 10491 10291 10290
f 10491 10492 10292 10291
f 10492 10493 10293 10292
f 10493 10494 10294 10293
f 10494 10495 10295 10294
f 10495 10496 10296 10295
f 10475 10476 10367 10368
f 10508 10507 10517 10509
f 10509 10517 10535 10007
f 10007 10535 10522 10510
f 10510 10522 10536 10511
f 10511 10536 10513 10512
f 10507 10534 10518 10517
f 10517 10518 10520 10535
f 10535 10520 10523 10522
f 10522 10523 10525 10536
f 10536 10525 10516 10513
f 10534 10528 10519 10518
f 10518 10519 10521 10520
f 10520 10521 10524 10523
f 10523 10524 10526 10525
f 10525 10526 10533 10516
f 10528 10527 10249 10519
f 10519 10249 10515 10521
f 10521 10515 10251 10524
f 10524 10251 10243 10526
f 10526 10243 10514 10533
f 11000 10554 10542 10997
f 10609 10557 10549 10607
f 10606 10551 10543 10995
f 10612 10540 10555 10611
f 10994 10556 10548 10614
f 10992 10539 10557 10609
f 10993 10546 10553 10608
f 10613 10552 10546 10993
f 10607 10549 10551 10606
f 10611 10555 10547 10998
f 10991 10544 10552 10613
f 10538 10558 10539 10992
f 10995 10543 10550 10537
f 10608 10553 10541 10605
f 10537 10550 10544 10991
f 10998 10547 10545 10610
f 10610 10545 10556 10994
f 10614 10548 10554 11000
f 10997 10542 10559 10996
f 10576 10541 10553 10570
f 10579 10547 10555 10566
f 10568 10556 10545 10582
f 10561 10554 10548 10581
f 10562 10559 10542 10580
f 10566 10555 10540 10578
f 10574 10539 10558 10577
f 10569 10560 10541 10576
f 10570 10553 10546 10575
f 10563 10557 10539 10574
f 10564 10551 10549 10573
f 10567 10552 10544 10572
f 10565 10550 10543 10571
f 10582 10545 10547 10579
f 10575 10546 10552 10567
f 10572 10544 10550 10565
f 10578 10540 10560 10569
f 10571 10543 10551 10564
f 10573 10549 10557 10563
f 10580 10542 10554 10561
f 10581 10548 10556 10568
f 10496 10581 10568 10296
f 10486 10580 10561 10317
f 10456 10577 10562 10327
f 10416 10573 10563 10337
f 10396 10571 10564 10347
f 10466 10578 10569 10306
f 10406 10572 10565 10357
f 10436 10575 10567 10377
f 10506 10582 10579 10476
f 10357 10565 10571 10396
f 10377 10567 10572 10406
f 10347 10564 10573 10416
f 10337 10563 10574 10426
f 10316 10570 10575 10436
f 10306 10569 10576 10446
f 10426 10574 10577 10456
f 10367 10566 10578 10466
f 10327 10562 10580 10486
f 10317 10561 10581 10496
f 10296 10568 10582 10506
f 10476 10579 10566 10367
f 10446 10576 10570 10316
f 10120 10064 10599 10592
f 10116 10068 10598 10593
f 10104 10072 10585 10596
f 10100 10076 10602 10597
f 10108 10080 10601 10595
f 10124 10084 10603 10591
f 10136 10088 10583 10586
f 10140 10092 10584 10587
f 10144 10132 10604 10588
f 10132 10096 10600 10604
f 10128 10063 10589 10590
f 10072 10100 10597 10585
f 10068 10104 10596 10598
f 10076 10108 10595 10602
f 10080 10112 10594 10601
f 10064 10116 10593 10599
f 10063 10120 10592 10589
f 10112 10124 10591 10594
f 10096 10128 10590 10600
f 10084 10136 10586 10603
f 10088 10140 10587 10583
f 10092 10144 10588 10584
f 10577 10558 10559 10562
f 10999 10560 10540 10612
f 10605 10541 10560 10999
f 10996 10559 10558 10538
f 9928 10629 10615 9927
f 10647 10643 9923 10646
f 9928 9867 10630 10629
f 9927 10615 10628 9926
f 9866 9926 10628 10627
f 9802 9866 10627 10621
f 9867 9835 10637 10630
f 9816 9817 10639 10626
f 9668 9816 10626 10616
f 9817 9815 10625 10639
f 9815 9814 10638 10625
f 9814 9813 10624 10638
f 9813 9812 10623 10624
f 9812 9811 10622 10623
f 3727 3739 10622 10617
f 9804 10619 10620 9805
f 9803 10618 10619 9804
f 9802 10621 10618 9803
f 9805 10620 10617 9801
f 9666 9668 10616 10636
f 9614 9666 10636 10635
f 3756 3754 10632 10635
f 9412 9414 10634 10633
f 9414 9413 10632 10634
f 6370 9412 10633 7380
f 10642 10631 10640 10641
f 10631 8335 8334 10647
f 10641 10640 4484 4487
f 10649 10642 10641 10648
f 10648 10641 4487 4497
f 10644 9985 3830 4490
f 10645 9986 9985 10644
f 8332 9986 10645 8324
f 10643 8333 8324 10645
f 10647 8334 8333 10643
f 10642 8323 8335 10631
f 10650 10648 4497 4501
f 10651 10649 10648 10650
f 9835 10651 10650 10637
f 10637 10650 4501 3758
f 8321 10655 10657 8325
f 8328 10660 10652 8318
f 8319 10653 10660 8328
f 8327 10659 10653 8319
f 8326 10658 10655 8321
f 8325 10657 10654 8320
f 8322 10656 10658 8326
f 8320 10654 10659 8327
f 8316 10661 10668 9381
f 8329 10663 10662 8317
f 9381 10668 10667 9379
f 9383 10669 10666 9377
f 8317 10662 10665 8331
f 9377 10666 10670 9387
f 8330 10664 10661 8316
f 8331 10665 10664 8330
f 9379 10667 10669 9383
f 10652 10663 8329 8318
f 9389 10672 10673 9391
f 9385 10671 10672 9389
f 10670 10671 9385 9387
f 10673 9986 8332 9391
f 10642 10656 8322 8323
f 10674 10675 10658 10656
f 10676 10677 10675 10674
f 9822 9834 10677 10676
f 10676 10651 9835 9822
f 10674 10649 10651 10676
f 10656 10642 10649 10674
f 10684 10685 10657 10655
f 10686 10654 10657 10685
f 10687 10659 10654 10686
f 10688 10653 10659 10687
f 10689 10660 10653 10688
f 10690 10652 10660 10689
f 10691 10663 10652 10690
f 10692 10662 10663 10691
f 10693 10665 10662 10692
f 10694 10664 10665 10693
f 10695 10661 10664 10694
f 10696 10668 10661 10695
f 10697 10667 10668 10696
f 10698 10669 10667 10697
f 9924 10678 10679 9925
f 3768 4529 10678 9924
f 9979 10680 10681 9980
f 3821 4532 10680 9979
f 10699 10666 10669 10698
f 10700 10670 10666 10699
f 10701 10671 10670 10700
f 10715 10699 10698 10714
f 9981 10682 10683 9982
f 3824 4535 10682 9981
f 10716 10700 10699 10715
f 10717 10701 10700 10716
f 10714 10698 10697 10713
f 10713 10697 10696 10712
f 10712 10696 10695 10711
f 10711 10695 10694 10710
f 10710 10694 10693 10709
f 10709 10693 10692 10708
f 10708 10692 10691 10707
f 10707 10691 10690 10706
f 10706 10690 10689 10705
f 10705 10689 10688 10704
f 10704 10688 10687 10703
f 10703 10687 10686 10702
f 10702 10686 10685 10718
f 10719 10718 10685 10684
f 9833 9821 10718 10719
f 9832 10702 10718 9821
f 9831 10703 10702 9832
f 9829 10704 10703 9831
f 9830 10705 10704 9829
f 9820 10706 10705 9830
f 9823 10707 10706 9820
f 9824 10708 10707 9823
f 9825 10709 10708 9824
f 9826 10710 10709 9825
f 9827 10711 10710 9826
f 9828 10712 10711 9827
f 9818 10713 10712 9828
f 9925 10714 10713 9818
f 10681 10717 10716 9980
f 9980 10716 10715 10679
f 10679 10715 10714 9925
f 10719 10677 9834 9833
f 10684 10675 10677 10719
f 10655 10658 10675 10684
f 10720 10672 10671 10701
f 10721 10673 10672 10720
f 10721 9984 9986 10673
f 9982 10722 10717 10681
f 10722 10720 10701 10717
f 10683 10723 10722 9982
f 10723 10721 10720 10722
f 10683 9984 10721 10723
f 9651 9648 10583 10587
f 10586 10583 9648 9650
f 9421 10603 10586 9650
f 9571 10591 10603 9421
f 9475 10594 10591 9571
f 9420 10601 10594 9475
f 9471 10595 10601 9420
f 9419 10602 10595 9471
f 9463 10597 10602 9419
f 9418 10585 10597 9463
f 9467 10596 10585 9418
f 9417 10598 10596 9467
f 9479 10593 10598 9417
f 9416 10599 10593 9479
f 9483 10592 10599 9416
f 9415 10589 10592 9483
f 9579 10590 10589 9415
f 9426 10600 10590 9579
f 9587 10604 10600 9426
f 9652 10588 10604 9587
f 9649 10584 10588 9652
f 9649 9651 10587 10584
f 8395 8392 8334 8335
f 10920 10724 10751 10947
f 10921 10725 10724 10920
f 10922 10726 10725 10921
f 10923 10727 10726 10922
f 10924 10728 10727 10923
f 10925 10729 10728 10924
f 10926 10730 10729 10925
f 10927 10731 10730 10926
f 10928 10732 10731 10927
f 10929 10733 10732 10928
f 10930 10734 10733 10929
f 10931 10735 10734 10930
f 10932 10736 10735 10931
f 10933 10737 10736 10932
f 10934 10738 10737 10933
f 10935 10739 10738 10934
f 10936 10740 10739 10935
f 10937 10741 10740 10936
f 10938 10742 10741 10937
f 10939 10743 10742 10938
f 10940 10744 10743 10939
f 10941 10745 10744 10940
f 10942 10746 10745 10941
f 10943 10747 10746 10942
f 10944 10748 10747 10943
f 10945 10749 10748 10944
f 10946 10750 10749 10945
f 10947 10751 10750 10946
f 10892 10753 10752 10919
f 10893 10754 10753 10892
f 10894 10755 10754 10893
f 10895 10756 10755 10894
f 10896 10757 10756 10895
f 10897 10758 10757 10896
f 10898 10759 10758 10897
f 10899 10760 10759 10898
f 10900 10761 10760 10899
f 10901 10762 10761 10900
f 10902 10763 10762 10901
f 10903 10764 10763 10902
f 10904 10765 10764 10903
f 10905 10766 10765 10904
f 10906 10767 10766 10905
f 10907 10768 10767 10906
f 10908 10769 10768 10907
f 10909 10770 10769 10908
f 10910 10771 10770 10909
f 10911 10772 10771 10910
f 10912 10773 10772 10911
f 10913 10774 10773 10912
f 10914 10775 10774 10913
f 10915 10776 10775 10914
f 10916 10777 10776 10915
f 10917 10778 10777 10916
f 10918 10779 10778 10917
f 10919 10752 10779 10918
f 9161 10781 10794 9170
f 8416 8475 10780 10806
f 9168 10803 10785 9169
f 8412 8416 10806 10799
f 9172 10795 10801 9176
f 9176 10801 10788 9177
f 9182 10797 10791 9183
f 9170 10794 10795 9172
f 9177 10788 10797 9182
f 9159 10780 10804 9166
f 9167 10784 10805 9164
f 9183 10791 10792 9156
f 9163 10782 10798 9160
f 9175 10787 10796 9180
f 9156 10792 10799 9157
f 9173 10802 10807 9174
f 9165 10783 10793 9162
f 9180 10796 10789 9181
f 9160 10798 10781 9161
f 9169 10785 10800 9178
f 9162 10793 10782 9163
f 9171 10786 10802 9173
f 9164 10805 10783 9165
f 9166 10804 10803 9168
f 9181 10789 10784 9167
f 9179 10790 10786 9171
f 9174 10807 10787 9175
f 9178 10800 10790 9179
f 9157 9158 10835 10834
f 8659 10814 10826 8575
f 8649 10820 10832 8565
f 8639 10812 10823 8555
f 8629 10810 10813 8644
f 8545 10831 10820 8649
f 8525 10828 10829 8624
f 8555 10823 10818 8654
f 8619 10817 10831 8545
f 8614 10816 10817 8619
f 8550 10830 10811 8634
f 8584 10808 10834 8589
f 8575 10826 10808 8584
f 8520 10821 10816 8614
f 8530 10825 10815 8599
f 8540 10822 10819 8609
f 8599 10815 10828 8525
f 8560 10833 10814 8659
f 8535 10824 10809 8604
f 8570 10827 10822 8540
f 8609 10819 10824 8535
f 8604 10809 10825 8530
f 8654 10818 10827 8570
f 8644 10813 10833 8560
f 8634 10811 10812 8639
f 8565 10832 10830 8550
f 8629 8624 10829 10810
f 9158 9159 10821 10835
f 8588 10849 10848 8593
f 8643 10858 10855 8561
f 8608 10844 10860 8536
f 8526 10846 10861 8623
f 8583 10863 10849 8588
f 8576 10838 10863 8583
f 8521 10854 10840 8613
f 8593 10848 10854 8521
f 8648 10845 10851 8566
f 8653 10843 10850 8571
f 8633 10841 10842 8638
f 8566 10851 10837 8551
f 8638 10842 10856 8556
f 8628 10862 10858 8643
f 8561 10855 10859 8658
f 8658 10859 10838 8576
f 8598 10839 10846 8526
f 8603 10852 10836 8531
f 8613 10840 10853 8618
f 8571 10850 10847 8541
f 8551 10837 10841 8633
f 8546 10857 10845 8648
f 8556 10856 10843 8653
f 8618 10853 10857 8546
f 8531 10836 10839 8598
f 8623 10861 10862 8628
f 8541 10847 10844 8608
f 8536 10860 10852 8603
f 8527 10883 10882 8622
f 8602 10873 10877 8532
f 8552 10885 10870 8632
f 8617 10874 10886 8547
f 8532 10877 10880 8597
f 8542 10884 10869 8607
f 8562 10867 10876 8657
f 8537 10865 10873 8602
f 8642 10875 10867 8562
f 8647 10872 10888 8567
f 8652 10887 10890 8572
f 8637 10871 10866 8557
f 8627 10889 10875 8642
f 8557 10866 10887 8652
f 8657 10876 10879 8577
f 8632 10870 10871 8637
f 8567 10888 10885 8552
f 8587 10868 10891 8592
f 8547 10886 10872 8647
f 8597 10880 10883 8527
f 8592 10891 10864 8522
f 8607 10869 10865 8537
f 8572 10890 10884 8542
f 8612 10881 10874 8617
f 8577 10879 10878 8582
f 8522 10864 10881 8612
f 8582 10878 10868 8587
f 8622 10882 10889 8627
f 10751 10919 10918 10750
f 10750 10918 10917 10749
f 10749 10917 10916 10748
f 10748 10916 10915 10747
f 10747 10915 10914 10746
f 10746 10914 10913 10745
f 10745 10913 10912 10744
f 10744 10912 10911 10743
f 10743 10911 10910 10742
f 10742 10910 10909 10741
f 10741 10909 10908 10740
f 10740 10908 10907 10739
f 10739 10907 10906 10738
f 10738 10906 10905 10737
f 10737 10905 10904 10736
f 10736 10904 10903 10735
f 10735 10903 10902 10734
f 10734 10902 10901 10733
f 10733 10901 10900 10732
f 10732 10900 10899 10731
f 10731 10899 10898 10730
f 10730 10898 10897 10729
f 10729 10897 10896 10728
f 10728 10896 10895 10727
f 10727 10895 10894 10726
f 10726 10894 10893 10725
f 10725 10893 10892 10724
f 10724 10892 10919 10751
f 8427 10947 10946 8480
f 8480 10946 10945 8423
f 8423 10945 10944 8476
f 8476 10944 10943 8443
f 8443 10943 10942 8447
f 8447 10942 10941 8459
f 8459 10941 10940 8504
f 8504 10940 10939 8471
f 8471 10939 10938 8516
f 8516 10938 10937 8411
f 8411 10937 10936 8415
f 8415 10936 10935 8419
f 8419 10935 10934 8472
f 8472 10934 10933 8435
f 8435 10933 10932 8439
f 8439 10932 10931 8492
f 8492 10931 10930 8463
f 8463 10930 10929 8508
f 8508 10929 10928 8496
f 8496 10928 10927 8451
f 8451 10927 10926 8455
f 8455 10926 10925 8500
f 8500 10925 10924 8467
f 8467 10924 10923 8512
f 8512 10923 10922 8488
f 8488 10922 10921 8431
f 8431 10921 10920 8484
f 8484 10920 10947 8427
f 8419 8472 10955 10950
f 8415 8419 10950 10949
f 8477 10973 10975 8442
f 8422 10951 10973 8477
f 8493 10961 10965 8462
f 8426 10952 10964 8481
f 8485 10963 10952 8426
f 8497 10960 10971 8450
f 8430 10953 10963 8485
f 8481 10964 10951 8422
f 8434 10954 10966 8438
f 8513 10969 10962 8489
f 8438 10966 10961 8493
f 8410 10948 10949 8414
f 8505 10959 10956 8470
f 8517 10970 10948 8410
f 8489 10962 10953 8430
f 8473 10955 10954 8434
f 8470 10956 10970 8517
f 8462 10965 10968 8509
f 8450 10971 10974 8454
f 8446 10972 10957 8458
f 8458 10957 10959 8505
f 8501 10958 10967 8466
f 8454 10974 10958 8501
f 8442 10975 10972 8446
f 8466 10967 10969 8513
f 8509 10968 10960 8497
f 10753 12402 10976 10752
f 10754 10977 12402 10753
f 10755 10978 10977 10754
f 10756 10979 10978 10755
f 10757 10980 10979 10756
f 10758 12403 10980 10757
f 10759 12404 12403 10758
f 10760 12405 12404 10759
f 10761 10981 12405 10760
f 10762 10982 10981 10761
f 10763 12406 10982 10762
f 10764 12407 12406 10763
f 10765 10983 12407 10764
f 10766 10984 10983 10765
f 10767 12408 10984 10766
f 10768 12409 12408 10767
f 10769 10985 12409 10768
f 10770 10986 10985 10769
f 10771 10987 10986 10770
f 10772 12410 10987 10771
f 10773 12411 12410 10772
f 10774 12412 12411 10773
f 10775 12413 12412 10774
f 10776 10988 12413 10775
f 10777 12414 10988 10776
f 10778 10989 12414 10777
f 10779 10990 10989 10778
f 10752 10976 10990 10779
f 11625 11302 11350 11606
f 11243 11002 11152 11147
f 11733 11159 11351 11731
f 11655 11334 11281 11661
f 11750 11746 11039 11672
f 11746 11748 11404 11039
f 11007 11010 11009 11008
f 11693 11518 11138 11691
f 11011 11014 11013 11012
f 11058 11248 11169 11166
f 11352 11172 11303 11348
f 11631 11525 11252 11632
f 11528 11546 11627 11614
f 11582 11340 11087 11589
f 11210 11487 11695 11186
f 11409 11416 11206 11324
f 11021 11024 11023 11022
f 11736 11738 11419 11025
f 11374 11184 11256 11379
f 11515 11513 11033 11414
f 11658 11094 11279 11664
f 11246 11689 11488 11331
f 11423 11017 11157 11426
f 11657 11535 11557 11673
f 11481 11279 11403 11483
f 11138 11442 11443 11068
f 11153 11117 11144 11280
f 11595 11066 11120 11602
f 11661 11273 11343 11655
f 11692 11517 11035 11675
f 11196 11252 11422 11418
f 11664 11279 11481 11668
f 11734 11729 11505 11626
f 11200 11055 11054 11187
f 11592 11491 11689 11246
f 11129 11128 11711 11712
f 11049 11382 11396 11233
f 11608 11531 11550 11628
f 11730 11729 11088 11350
f 11449 11367 11153 11083
f 11045 11059 11058 11057
f 11552 11555 11410 11006
f 11244 11265 11173 11329
f 11277 11451 11330 11193
f 11515 11414 11316 11512
f 11112 11165 11382 11385
f 11415 11343 11273 11408
f 11643 11025 11419 11629
f 11428 11127 11139 11429
f 11475 11476 11349 11213
f 11480 11483 11403 11228
f 11683 11304 11151 11676
f 11634 11069 11178 11644
f 11649 11125 11498 11642
f 11089 11271 11435 11432
f 11046 11045 11036 11077
f 11069 11018 11425 11424
f 11001 11239 11365 11400
f 11016 11067 11355 11356
f 11506 11239 11623 11624
f 11494 11296 11222 11710
f 11496 11396 11105 11493
f 11208 11207 11699 11702
f 11259 11234 11356 11355
f 11170 11158 11029 11198
f 11758 11753 11517 11692
f 11122 11342 11354 11400
f 11086 11021 11022 11085
f 11728 11730 11350 11302
f 11565 11074 11425 11566
f 11752 11756 11433 11096
f 11410 11145 11281 11409
f 11647 11042 11056 11635
f 11199 11354 11357 11050
f 11652 11118 11405 11656
f 11423 11426 11323 11260
f 11626 11505 11076 11620
f 11521 11442 11138 11518
f 11151 11304 11436 11443
f 11360 11583 11455 11459
f 11222 11296 11134 11223
f 11680 11271 11089 11686
f 11300 11408 11411 11032
f 11543 11215 11438 11545
f 11273 11140 11411 11408
f 11279 11094 11407 11403
f 11714 11726 11287 11492
f 11687 11082 11486 11695
f 11136 11060 11353 11349
f 11695 11487 11262 11687
f 11691 11041 11516 11693
f 11442 11521 11519 11182
f 11041 11441 11520 11516
f 11346 11347 11417 11421
f 11467 11589 11590 11588
f 11268 11251 11055 11200
f 11546 11548 11352 11224
f 11685 11540 11121 11688
f 11383 11384 11146 11004
f 11001 11199 11611 11622
f 11381 11386 11129 11143
f 11561 11283 11439 11563
f 11124 11154 11193 11330
f 11675 11182 11519 11692
f 11586 11587 11585 11465
f 11107 11600 11598 11601
f 11503 11501 11127 11428
f 11671 11512 11316 11670
f 11195 11175 11176 11205
f 11399 11370 11269 11211
f 11313 11388 11390 11064
f 11576 11177 11038 11579
f 11010 11108 11102 11009
f 11721 11293 11109 11722
f 11471 11473 11196 11418
f 11723 11218 11038 11719
f 11337 11535 11657 11658
f 11342 11122 11621 11612
f 11574 11388 11313 11572
f 11250 11605 11596 11604
f 11272 11384 11383 11333
f 11371 11372 11198 11104
f 11541 11174 11434 11544
f 11444 11034 11035 11441
f 11115 11047 11005 11596
f 11188 11682 11697 11558
f 11199 11001 11400 11354
f 11322 11319 11020 11019
f 11676 11034 11341 11683
f 11685 11542 11141 11681
f 11401 11364 11093 11212
f 11130 11131 11048 11047
f 11046 11132 11059 11045
f 11163 11091 11310 11598
f 11244 11046 11077 11265
f 11139 11017 11423 11429
f 11757 11232 11760 11755
f 11757 11521 11518 11754
f 11725 11081 11317 11031
f 11657 11537 11094 11658
f 11312 11240 11305 11335
f 11355 11067 11075 11401
f 11562 11437 11188 11558
f 11391 11190 11291 11389
f 11571 11291 11700 11716
f 11654 11033 11513 11653
f 11147 11150 11149 11148
f 11298 11068 11443 11436
f 11108 11155 11154 11102
f 11373 11368 11156 11117
f 11416 11334 11214 11413
f 11406 11337 11027 11402
f 11074 11056 11424 11425
f 11014 11161 11160 11013
f 11636 11074 11565 11650
f 11162 11090 11091 11163
f 11255 11009 11102 11123
f 11570 11575 11384 11272
f 11266 11163 11598 11209
f 11415 11408 11300 11254
f 11166 11169 11168 11167
f 11534 11538 11406 11308
f 11688 11189 11542 11685
f 11609 11628 11550 11060
f 11174 11541 11679 11680
f 11674 11663 11536 11552
f 11029 11590 11461 11028
f 11437 11444 11003 11188
f 11617 11185 11549 11627
f 11540 11097 11439 11544
f 11343 11033 11654 11655
f 11168 11179 11131 11130
f 11694 11096 11433 11677
f 11195 11456 11587 11194
f 11282 11062 11114 11051
f 11756 11520 11517 11753
f 11618 11475 11213 11616
f 11144 11322 11019 11280
f 11520 11441 11035 11517
f 11342 11257 11357 11354
f 11660 11324 11206 11669
f 11733 11506 11624 11735
f 11553 11145 11410 11555
f 11312 11030 11327 11253
f 11175 11195 11194 11580
f 11737 11263 11419 11738
f 11138 11068 11690 11691
f 11391 11389 11345 11128
f 11451 11450 11285 11330
f 11613 11016 11531 11608
f 11369 11371 11104 11103
f 11038 11177 11717 11719
f 11187 11166 11167 11200
f 11201 11204 11203 11202
f 11205 11176 11108 11010
f 11560 11563 11439 11097
f 11490 11432 11262 11487
f 11656 11405 11070 11672
f 11387 11380 11171 11065
f 11580 11218 11109 11175
f 11648 11468 11095 11639
f 11454 11453 11338 11227
f 11635 11056 11074 11636
f 11675 11035 11034 11676
f 11393 11394 11134 11296
f 11754 11518 11693 11759
f 11303 11172 11609 11615
f 11460 11461 11216 11225
f 11367 11373 11117 11153
f 11611 11259 11212 11622
f 11260 11264 11429 11423
f 11333 11383 11395 11258
f 11460 11192 11028 11461
f 11684 11215 11543 11679
f 11352 11348 11098 11224
f 11490 11488 11089 11432
f 11448 11397 11321 11247
f 11047 11048 11591 11005
f 11204 11243 11147 11148
f 11083 11086 11085 11084
f 11020 11164 11242 11024
f 11150 11236 11235 11149
f 11113 11061 11251 11268
f 11368 11369 11103 11156
f 11140 11273 11661 11662
f 11386 11391 11128 11129
f 11059 11202 11248 11058
f 11593 11412 11464 11463
f 11542 11545 11438 11141
f 11317 11327 11030 11031
f 11414 11415 11254 11316
f 11102 11154 11124 11123
f 11670 11111 11510 11671
f 11406 11402 11326 11308
f 11450 11452 11286 11285
f 11457 11456 11195 11205
f 11111 11413 11514 11510
f 11590 11217 11216 11461
f 11019 11020 11024 11021
f 11567 11426 11157 11569
f 11457 11225 11216 11456
f 11592 11246 11051 11605
f 11131 11267 11266 11048
f 11749 11744 11513 11515
f 11170 11210 11186 11158
f 11318 11107 11601 11599
f 11492 11245 11709 11714
f 11275 11011 11012 11276
f 11459 11455 11581 11361
f 11687 11262 11189 11688
f 11560 11097 11681 11697
f 11269 11270 11229 11211
f 11098 11474 11618 11616
f 11424 11430 11178 11069
f 11153 11280 11086 11083
f 11084 11085 11270 11269
f 11122 11092 11620 11621
f 11440 11210 11170 11366
f 11532 11356 11234 11530
f 11149 11235 11294 11320
f 11378 11183 11184 11374
f 11085 11022 11284 11270
f 11305 11203 11315 11335
f 11698 11381 11143 11713
f 11562 11559 11341 11437
f 11272 11333 11704 11705
f 11522 11527 11421 11191
f 11288 11289 11201 11132
f 11160 11072 11073 11290
f 11704 11333 11258 11708
f 11114 11062 11061 11113
f 11049 11142 11385 11382
f 11276 11012 11292 11238
f 11107 11318 11597 11600
f 11176 11293 11155 11108
f 11434 11431 11082 11121
f 11370 11398 11084 11269
f 11532 11531 11016 11356
f 11548 11547 11172 11352
f 11749 11515 11512 11745
f 11460 11225 11297 11274
f 11283 11561 11696 11684
f 11236 11150 11197 11219
f 11679 11541 11283 11684
f 11022 11023 11299 11284
f 11669 11254 11300 11660
f 11690 11003 11041 11691
f 11202 11203 11305 11248
f 11306 11307 11161 11014
f 11103 11104 11028 11192
f 11666 11241 11536 11663
f 11248 11305 11240 11169
f 11659 11006 11324 11660
f 11362 11448 11247 11135
f 11345 11570 11715 11707
f 11227 11338 11180 11181
f 11554 11411 11140 11557
f 11191 11421 11417 11278
f 11621 11075 11067 11612
f 11092 11507 11626 11620
f 11170 11198 11372 11366
f 11274 11297 11319 11322
f 11169 11240 11179 11168
f 11479 11136 11349 11476
f 11651 11564 11018 11633
f 11447 11363 11236 11219
f 11321 11180 11338 11311
f 11225 11457 11007 11297
f 11578 11577 11249 11466
f 11299 11276 11238 11237
f 11514 11413 11214 11511
f 11167 11168 11130 11325
f 11456 11216 11217 11587
f 11309 11274 11322 11144
f 11079 11726 11392 11116
f 11284 11299 11237 11230
f 11220 11221 11079 11078
f 11325 11130 11047 11115
f 11244 11288 11132 11046
f 11253 11327 11162 11267
f 11583 11332 11110 11586
f 11242 11328 11011 11275
f 11557 11140 11662 11673
f 11582 11462 11464 11412
f 11270 11284 11230 11229
f 11023 11275 11276 11299
f 11434 11174 11071 11431
f 11164 11255 11328 11242
f 11444 11441 11041 11003
f 11617 11224 11098 11616
f 11002 11243 11289 11336
f 11329 11026 11288 11244
f 11057 11058 11166 11187
f 11594 11360 11459 11458
f 11004 11146 11701 11703
f 11124 11330 11285 11307
f 11623 11093 11504 11624
f 11289 11288 11026 11336
f 11132 11201 11202 11059
f 11268 11325 11115 11113
f 11331 11282 11051 11246
f 11362 11394 11221 11220
f 11390 11387 11065 11064
f 11315 11203 11204 11148
f 11297 11007 11008 11319
f 11711 11128 11345 11707
f 11328 11306 11014 11011
f 11176 11175 11109 11293
f 11601 11344 11137 11599
f 11751 11747 11511 11653
f 11062 11282 11366 11372
f 11367 11037 11054 11373
f 11604 11120 11066 11593
f 11012 11013 11314 11292
f 11192 11460 11274 11309
f 11595 11602 11119 11458
f 11397 11235 11236 11363
f 11267 11162 11163 11266
f 11008 11009 11255 11164
f 11463 11464 11446 11592
f 11507 11092 11365 11508
f 11103 11192 11309 11156
f 11564 11566 11425 11018
f 11198 11029 11028 11104
f 11319 11008 11164 11020
f 11471 11418 11095 11468
f 11410 11409 11324 11006
f 11307 11285 11286 11161
f 11155 11720 11193 11154
f 11398 11449 11083 11084
f 11024 11242 11275 11023
f 11013 11160 11290 11314
f 11148 11149 11320 11315
f 11312 11253 11179 11240
f 11247 11321 11311 11226
f 11430 11427 11125 11178
f 11256 11184 11344 11310
f 11257 11342 11612 11613
f 11592 11605 11250 11463
f 11327 11317 11090 11162
f 11218 11723 11722 11109
f 11200 11167 11325 11268
f 11293 11721 11720 11155
f 11152 11197 11150 11147
f 11576 11468 11648 11177
f 11123 11124 11307 11306
f 11503 11428 11015 11500
f 11289 11243 11204 11201
f 11255 11123 11306 11328
f 11179 11253 11267 11131
f 11161 11286 11072 11160
f 11457 11205 11010 11007
f 11474 11577 11332 11618
f 11280 11019 11021 11086
f 11416 11413 11111 11206
f 11645 11499 11043 11646
f 11430 11042 11043 11427
f 11172 11547 11628 11609
f 11690 11068 11298 11682
f 11656 11404 11261 11652
f 11365 11092 11122 11400
f 11667 11480 11228 11665
f 11745 11512 11671 11750
f 11256 11052 11377 11379
f 11077 11036 11449 11398
f 11748 11514 11511 11747
f 11571 11146 11384 11575
f 11321 11397 11363 11180
f 11640 11126 11524 11637
f 11424 11056 11042 11430
f 11414 11033 11343 11415
f 11071 11174 11680 11686
f 11099 11040 11390 11388
f 11040 11100 11387 11390
f 11135 11134 11394 11362
f 11300 11032 11659 11660
f 11653 11511 11214 11654
f 11355 11401 11212 11259
f 11633 11018 11069 11634
f 11239 11506 11508 11365
f 11045 11057 11037 11036
f 11298 11560 11697 11682
f 11609 11060 11136 11615
f 11351 11159 11625 11606
f 11181 11180 11363 11447
f 11241 11228 11403 11407
f 11135 11247 11226 11339
f 11220 11294 11448 11362
f 11651 11637 11524 11564
f 11185 11213 11349 11353
f 11672 11039 11404 11656
f 11614 11530 11234 11610
f 11708 11258 11494 11710
f 11706 11190 11208 11702
f 11669 11206 11111 11670
f 11265 11077 11398 11370
f 11717 11378 11374 11719
f 11331 11440 11366 11282
f 11696 11683 11341 11559
f 11665 11326 11482 11667
f 11437 11341 11034 11444
f 11189 11262 11432 11435
f 11052 11053 11376 11377
f 11654 11214 11334 11655
f 11208 11190 11391 11386
f 11126 11095 11418 11422
f 11055 11251 11369 11368
f 11525 11631 11650 11565
f 11294 11235 11397 11448
f 11610 11234 11259 11611
f 11146 11571 11716 11701
f 11287 11221 11394 11393
f 11100 11101 11380 11387
f 11443 11442 11182 11151
f 11251 11061 11371 11369
f 11677 11433 11295 11678
f 11053 11081 11375 11376
f 11054 11055 11368 11373
f 11574 11573 11099 11388
f 11659 11032 11556 11674
f 11597 11231 11106 11600
f 11061 11062 11372 11371
f 11727 11116 11392 11724
f 11165 11105 11396 11382
f 11173 11265 11370 11399
f 11428 11429 11264 11015
f 11207 11208 11386 11381
f 11409 11281 11334 11416
f 11036 11037 11367 11449
f 11452 11453 11072 11286
f 11311 11338 11453 11452
f 11226 11311 11452 11450
f 11073 11072 11453 11454
f 11339 11226 11450 11451
f 11223 11339 11451 11277
f 11594 11458 11119 11603
f 11465 11455 11583 11586
f 11593 11463 11250 11604
f 11582 11589 11467 11462
f 11595 11485 11668 11066
f 11318 11599 11445 11358
f 11359 11597 11318 11358
f 11479 11594 11231 11619
f 11458 11459 11361 11595
f 11113 11115 11596 11114
f 11577 11359 11358 11249
f 11603 11106 11231 11594
f 11462 11584 11446 11464
f 11578 11110 11332 11577
f 11585 11087 11340 11581
f 11588 11158 11186 11584
f 11466 11249 11576 11579
f 11462 11467 11588 11584
f 11364 11076 11505 11509
f 11004 11245 11395 11383
f 11093 11364 11509 11504
f 11622 11212 11093 11623
f 11401 11075 11076 11364
f 11759 11752 11096 11694
f 11679 11543 11271 11680
f 11646 11043 11042 11647
f 11608 11529 11257 11613
f 11743 11736 11025 11643
f 11347 11470 11472 11417
f 11732 11507 11508 11731
f 11278 11417 11472 11469
f 11615 11136 11479 11619
f 11239 11001 11622 11623
f 11644 11178 11125 11649
f 11620 11076 11075 11621
f 11098 11348 11477 11474
f 11303 11478 11477 11348
f 11125 11427 11502 11498
f 11739 11740 11501 11503
f 11665 11228 11241 11666
f 11326 11402 11484 11482
f 11742 11737 11499 11645
f 11668 11485 11027 11664
f 11043 11499 11502 11427
f 11402 11027 11485 11484
f 11619 11478 11303 11615
f 11677 11232 11133 11694
f 11739 11503 11500 11741
f 11689 11491 11071 11686
f 11316 11254 11669 11670
f 11732 11063 11607 11734
f 11082 11431 11489 11486
f 11071 11491 11489 11431
f 11245 11492 11497 11395
f 11735 11728 11302 11625
f 11233 11396 11496 11495
f 11245 11004 11703 11709
f 11080 11222 11223 11277
f 11258 11395 11497 11494
f 11639 11095 11126 11640
f 11126 11422 11526 11524
f 11568 11567 11527 11522
f 11421 11527 11523 11346
f 11661 11281 11145 11662
f 11196 11473 11641 11638
f 11252 11525 11526 11422
f 11612 11067 11016 11613
f 11616 11213 11185 11617
f 11357 11257 11529 11533
f 11551 11550 11531 11532
f 11551 11532 11530 11549
f 11050 11528 11614 11610
f 11050 11357 11533 11528
f 11700 11291 11190 11706
f 11308 11326 11665 11666
f 11556 11534 11663 11674
f 11406 11538 11535 11337
f 11094 11537 11539 11407
f 11556 11554 11538 11534
f 11241 11407 11539 11536
f 11673 11553 11537 11657
f 11121 11082 11687 11688
f 11686 11089 11488 11689
f 11546 11224 11617 11627
f 11189 11435 11545 11542
f 11143 11129 11712 11713
f 11121 11540 11544 11434
f 11283 11541 11544 11439
f 11271 11543 11545 11435
f 11530 11614 11627 11549
f 11698 11380 11101 11699
f 11716 11573 11142 11701
f 11699 11101 11100 11702
f 11701 11142 11049 11703
f 11704 11165 11112 11705
f 11706 11040 11099 11700
f 11715 11572 11313 11707
f 11702 11100 11040 11706
f 11708 11105 11165 11704
f 11703 11049 11233 11709
f 11710 11493 11105 11708
f 11641 11470 11347 11638
f 11561 11304 11683 11696
f 11711 11064 11065 11712
f 11712 11065 11171 11713
f 11707 11313 11064 11711
f 11713 11171 11380 11698
f 11709 11233 11495 11714
f 11682 11188 11003 11690
f 11199 11050 11610 11611
f 11353 11551 11549 11185
f 11353 11060 11550 11551
f 11533 11529 11547 11548
f 11547 11529 11608 11628
f 11528 11533 11548 11546
f 11663 11534 11308 11666
f 11027 11337 11658 11664
f 11673 11662 11145 11553
f 11032 11411 11554 11556
f 11538 11554 11557 11535
f 11537 11553 11555 11539
f 11674 11552 11006 11659
f 11536 11539 11555 11552
f 11681 11097 11540 11685
f 11696 11559 11215 11684
f 11438 11215 11559 11562
f 11298 11436 11563 11560
f 11438 11562 11558 11141
f 11681 11141 11558 11697
f 11304 11561 11563 11436
f 11632 11252 11196 11638
f 11323 11426 11567 11568
f 11524 11526 11566 11564
f 11527 11567 11569 11523
f 11525 11565 11566 11526
f 11705 11112 11572 11715
f 11700 11099 11573 11716
f 11385 11142 11573 11574
f 11134 11135 11339 11223
f 11291 11571 11575 11389
f 11345 11389 11575 11570
f 11385 11574 11572 11112
f 11570 11272 11705 11715
f 11358 11445 11576 11249
f 11585 11581 11455 11465
f 11048 11266 11209 11591
f 11522 11637 11651 11568
f 11157 11636 11650 11569
f 11191 11640 11637 11522
f 11569 11650 11631 11523
f 11015 11649 11642 11500
f 11740 11742 11645 11501
f 11044 11643 11629 11420
f 11264 11644 11649 11015
f 11127 11646 11647 11139
f 11469 11648 11639 11278
f 11139 11647 11635 11017
f 11501 11645 11646 11127
f 11260 11634 11644 11264
f 11741 11743 11643 11044
f 11278 11639 11640 11191
f 11346 11632 11638 11347
f 11568 11651 11633 11323
f 11017 11635 11636 11157
f 11323 11633 11634 11260
f 11523 11631 11632 11346
f 11420 11629 11630 11301
f 11619 11231 11597 11478
f 11477 11359 11577 11474
f 11478 11597 11359 11477
f 11629 11419 11263 11630
f 11618 11332 11583 11475
f 11476 11360 11594 11479
f 11475 11583 11360 11476
f 11744 11118 11652 11751
f 11137 11641 11473 11599
f 11445 11471 11468 11576
f 11599 11473 11471 11445
f 11606 11350 11088 11607
f 11340 11667 11482 11581
f 11361 11484 11485 11595
f 11581 11482 11484 11361
f 11582 11480 11667 11340
f 11066 11668 11481 11593
f 11412 11483 11480 11582
f 11593 11481 11483 11412
f 11186 11695 11486 11584
f 11446 11489 11491 11592
f 11584 11486 11489 11446
f 11156 11309 11144 11117
f 11079 11031 11030 11078
f 11497 11393 11296 11494
f 11492 11287 11393 11497
f 11317 11081 11053 11090
f 11344 11184 11183 11137
f 11091 11090 11053 11052
f 11091 11052 11256 11310
f 11183 11470 11641 11137
f 11379 11377 11722 11723
f 11377 11376 11721 11722
f 11376 11375 11720 11721
f 11374 11379 11723 11719
f 11378 11472 11470 11183
f 11717 11469 11472 11378
f 11177 11648 11469 11717
f 11116 11725 11031 11079
f 11496 11724 11392 11495
f 11493 11080 11724 11496
f 11710 11222 11080 11493
f 11057 11187 11054 11037
f 11440 11490 11487 11210
f 11331 11488 11490 11440
f 11063 11351 11606 11607
f 11151 11182 11675 11676
f 11207 11381 11698 11699
f 11718 11375 11081 11725
f 11718 11193 11720 11375
f 11277 11727 11724 11080
f 11495 11392 11726 11714
f 11726 11079 11221 11287
f 11727 11718 11725 11116
f 11277 11193 11718 11727
f 11310 11344 11601 11598
f 11106 11209 11598 11600
f 11209 11106 11603 11591
f 11120 11005 11591 11602
f 11005 11120 11604 11596
f 11051 11114 11596 11605
f 11602 11591 11603 11119
f 11038 11218 11580 11579
f 11194 11110 11578 11580
f 11110 11194 11587 11586
f 11217 11087 11585 11587
f 11087 11217 11590 11589
f 11029 11158 11588 11590
f 11579 11580 11578 11466
f 11335 11315 11320 11078
f 11078 11030 11312 11335
f 11320 11294 11220 11078
f 10537 11292 11314 10995
f 10991 11238 11292 10537
f 10613 11237 11238 10991
f 10993 11230 11237 10613
f 10608 11229 11230 10993
f 10605 11211 11229 10608
f 10999 11399 11211 10605
f 10612 11173 11399 10999
f 10611 11329 11173 10612
f 10998 11026 11329 10611
f 10610 11336 11026 10998
f 10994 11002 11336 10610
f 10614 11152 11002 10994
f 11000 11197 11152 10614
f 10997 11219 11197 11000
f 10996 11447 11219 10997
f 10538 11181 11447 10996
f 10992 11227 11181 10538
f 10609 11454 11227 10992
f 10607 11073 11454 10609
f 10606 11290 11073 10607
f 10995 11314 11290 10606
f 11624 11504 11728 11735
f 11507 11732 11734 11626
f 11063 11732 11731 11351
f 11159 11733 11735 11625
f 11504 11509 11730 11728
f 11509 11505 11729 11730
f 11607 11088 11729 11734
f 11506 11733 11731 11508
f 11500 11642 11743 11741
f 11301 11630 11742 11740
f 11420 11739 11741 11044
f 11630 11263 11737 11742
f 11420 11301 11740 11739
f 11642 11498 11736 11743
f 11499 11737 11738 11502
f 11498 11502 11738 11736
f 11513 11744 11751 11653
f 11404 11748 11747 11261
f 11070 11745 11750 11672
f 11652 11261 11747 11751
f 11405 11749 11745 11070
f 11405 11118 11744 11749
f 11510 11514 11748 11746
f 11671 11510 11746 11750
f 11693 11516 11752 11759
f 11133 11754 11759 11694
f 11692 11519 11755 11758
f 11433 11756 11753 11295
f 11232 11757 11754 11133
f 11516 11520 11756 11752
f 11678 11295 11753 11758
f 11521 11757 11755 11519
f 11758 11755 11760 11678
f 11678 11760 11232 11677
f 12444 11797 11801 12453
f 11938 11762 11766 11860
f 12229 11950 11948 12227
f 12211 12212 11837 11826
f 11853 11823 11822 11851
f 12236 11825 11836 12235
f 11820 11845 11842 11819
f 11848 11861 11813 11816
f 12461 12230 11794 12446
f 12442 12439 11762 11938
f 12209 11930 11858 12213
f 11838 11860 11766 11767
f 11884 11772 11771 11885
f 11921 11786 11773 11883
f 11863 11828 11824 11855
f 11835 11824 11828 11839
f 12433 12425 11903 12197
f 12445 11793 11792 12441
f 12177 12178 11904 11779
f 12457 12196 11787 12448
f 11848 11821 11827 11861
f 11831 11832 11821 11820
f 11923 11922 11764 11763
f 11883 11773 11772 11884
f 11827 11768 11765 11861
f 12162 12163 11909 11782
f 12459 12447 11930 12209
f 11888 11843 11867 11937
f 11820 11821 11848 11845
f 11855 11824 11823 11853
f 11811 11812 11855 11853
f 11845 11848 11816 11815
f 11845 11815 11814 11842
f 11953 11944 11817 11812
f 11824 11835 11834 11823
f 11818 11866 11842 11814
f 11839 11864 11854 11835
f 12429 11923 11763 12415
f 12216 12217 11946 11948
f 12218 12220 11950 11952
f 11823 11834 11833 11822
f 11866 11829 11819 11842
f 11851 11810 11811 11853
f 12167 12165 11802 11770
f 12235 12234 11864 11839
f 12462 12232 11800 12454
f 11843 11830 11840 11867
f 11827 11838 11767 11768
f 11814 11841 11865 11818
f 12458 12203 11795 12452
f 11860 11838 11832 11849
f 11846 11831 11830 11843
f 12482 12166 12489 12463
f 12436 12219 11947 12431
f 12464 11885 11917 12468
f 12481 12164 12487 12475
f 11786 11921 11908 11781
f 11864 11936 11889 11854
f 11775 11869 11870 11774
f 11783 11914 11868 11776
f 11876 11873 11919 11920
f 12172 12171 11914 11783
f 11922 11923 11877 11880
f 12420 11874 11875 12419
f 11875 11872 11873 11876
f 11912 11913 11871 11874
f 12477 11893 11894 12465
f 11829 11840 11830 11819
f 11880 11877 11878 11881
f 12472 11921 11883 12479
f 11881 11878 11879 11882
f 12238 12237 11913 11912
f 11782 11909 11917 11784
f 12428 11911 11915 12423
f 12435 12210 11907 12427
f 12478 11892 11893 12477
f 11887 11846 11843 11888
f 12429 11798 11790 12424
f 11938 11860 11849 11886
f 11886 11849 11846 11887
f 11821 11832 11838 11827
f 12472 11942 12495 12474
f 11834 11852 11850 11833
f 11882 11879 11915 11916
f 11874 11871 11872 11875
f 12421 11876 11920 12430
f 11813 11862 11847 11816
f 12479 11883 11884 12466
f 12193 12195 11910 11911
f 12038 12036 11905 11780
f 11774 11870 11918 11785
f 12422 11912 11874 12420
f 12466 11884 11885 12464
f 11911 11910 11916 11915
f 12168 12169 11901 11778
f 12485 12176 12501 12469
f 12217 12223 11945 11946
f 11816 11847 11844 11815
f 12219 12222 11949 11947
f 12174 12175 11898 11777
f 12483 12170 12492 12470
f 12442 11938 11886 12450
f 12210 12215 11906 11907
f 11776 11868 11869 11775
f 12419 11875 11876 12421
f 12438 12238 11912 12422
f 12467 11940 11892 12478
f 12432 12193 11911 12428
f 12424 11790 11789 12417
f 11819 11830 11831 11820
f 11885 11771 11784 11917
f 12416 11788 11801 12423
f 11849 11832 11831 11846
f 11854 11889 11890 11852
f 11815 11844 11841 11814
f 12236 12233 11857 11825
f 12460 12455 11945 12223
f 12456 12192 11797 12444
f 12197 12198 11803 11804
f 12441 11792 11791 12440
f 12486 12179 12499 12471
f 12417 11789 11788 12416
f 12454 11800 11793 12445
f 12252 12253 12254 12251
f 12212 12213 11858 11837
f 11835 11854 11852 11834
f 11812 11817 11863 11855
f 12475 12488 11941 12468
f 12465 11894 12494 12476
f 12206 12205 11902 11903
f 12234 12239 11936 11864
f 12449 11888 11937 12453
f 12484 12173 11940 12467
f 12220 11826 11837 12216
f 12437 12226 11900 12426
f 12226 12228 11899 11900
f 12229 12231 11952 11950
f 12434 12206 11903 12425
f 12451 11887 11888 12449
f 12480 12037 12497 12473
f 12450 11886 11887 12451
f 11852 11890 11891 11850
f 12440 11791 11799 12443
f 12225 12224 11924 11856
f 12227 12225 11856 11836
f 12252 12247 11761 12253
f 12211 11826 11859 12214
f 11961 11960 11990 11991
f 11966 11965 11985 11987
f 11971 11972 11961 11962
f 11968 11974 11976 11955
f 11982 11974 11968 11980
f 11977 11964 11967 11975
f 11979 11967 11986 11994
f 11977 11975 11969 11960
f 11973 11970 11963 11956
f 11972 11977 11960 11961
f 11984 11971 11962 11992
f 11969 11978 11993 11989
f 11976 11973 11956 11955
f 11990 11960 11969 11989
f 11957 11954 11976 11974
f 11954 11958 11973 11976
f 11988 11964 11966 11987
f 11966 11964 11977 11972
f 11958 11959 11970 11973
f 11982 11981 11957 11974
f 11965 11966 11972 11971
f 11986 11967 11964 11988
f 11962 11961 11991 11992
f 11984 11970 11959 11985
f 11985 11959 11958 11987
f 11988 11954 11957 11986
f 11993 11980 11968 11989
f 11987 11958 11954 11988
f 11990 11955 11956 11991
f 11991 11956 11963 11992
f 11989 11968 11955 11990
f 11992 11963 11970 11984
f 11986 11957 11981 11994
f 11967 11979 11983 11975
f 11969 11975 11983 11978
f 11965 11971 11984 11985
f 11942 11994 11981 12495
f 11897 11979 11994 11942
f 11896 11983 11979 11897
f 11895 11978 11983 11896
f 11941 11993 11978 11895
f 12488 11980 11993 11941
f 12002 12001 12031 12032
f 12007 12006 12026 12028
f 12012 12013 12002 12003
f 12009 12015 12017 11996
f 12023 12015 12009 12021
f 12018 12005 12008 12016
f 12020 12008 12027 12035
f 12018 12016 12010 12001
f 12014 12011 12004 11997
f 12013 12018 12001 12002
f 12025 12012 12003 12033
f 12010 12019 12034 12030
f 12017 12014 11997 11996
f 12031 12001 12010 12030
f 11998 11995 12017 12015
f 11995 11999 12014 12017
f 12029 12005 12007 12028
f 12007 12005 12018 12013
f 11999 12000 12011 12014
f 12023 12022 11998 12015
f 12006 12007 12013 12012
f 12027 12008 12005 12029
f 12003 12002 12032 12033
f 12025 12011 12000 12026
f 12026 12000 11999 12028
f 12029 11995 11998 12027
f 12034 12021 12009 12030
f 12028 11999 11995 12029
f 12031 11996 11997 12032
f 12032 11997 12004 12033
f 12030 12009 11996 12031
f 12033 12004 12011 12025
f 12027 11998 12022 12035
f 12008 12020 12024 12016
f 12010 12016 12024 12019
f 12006 12012 12025 12026
f 12474 12496 12037 12480
f 11781 11908 12036 12038
f 12022 12497 12037 12035
f 12496 12020 12035 12037
f 12046 12045 12075 12076
f 12051 12050 12070 12072
f 12056 12057 12046 12047
f 12053 12059 12061 12040
f 12067 12059 12053 12065
f 12062 12049 12052 12060
f 12064 12052 12071 12079
f 12062 12060 12054 12045
f 12058 12055 12048 12041
f 12057 12062 12045 12046
f 12069 12056 12047 12077
f 12054 12063 12078 12074
f 12061 12058 12041 12040
f 12075 12045 12054 12074
f 12042 12039 12061 12059
f 12039 12043 12058 12061
f 12073 12049 12051 12072
f 12051 12049 12062 12057
f 12043 12044 12055 12058
f 12067 12066 12042 12059
f 12050 12051 12057 12056
f 12071 12052 12049 12073
f 12047 12046 12076 12077
f 12069 12055 12044 12070
f 12070 12044 12043 12072
f 12073 12039 12042 12071
f 12078 12065 12053 12074
f 12072 12043 12039 12073
f 12075 12040 12041 12076
f 12076 12041 12048 12077
f 12074 12053 12040 12075
f 12077 12048 12055 12069
f 12071 12042 12066 12079
f 12052 12064 12068 12060
f 12054 12060 12068 12063
f 12050 12056 12069 12070
f 12087 12086 12116 12117
f 12092 12091 12111 12113
f 12097 12098 12087 12088
f 12094 12100 12102 12081
f 12108 12100 12094 12106
f 12103 12090 12093 12101
f 12105 12093 12112 12120
f 12103 12101 12095 12086
f 12099 12096 12089 12082
f 12098 12103 12086 12087
f 12110 12097 12088 12118
f 12095 12104 12119 12115
f 12102 12099 12082 12081
f 12116 12086 12095 12115
f 12083 12080 12102 12100
f 12080 12084 12099 12102
f 12114 12090 12092 12113
f 12092 12090 12103 12098
f 12084 12085 12096 12099
f 12108 12107 12083 12100
f 12091 12092 12098 12097
f 12112 12093 12090 12114
f 12088 12087 12117 12118
f 12110 12096 12085 12111
f 12111 12085 12084 12113
f 12114 12080 12083 12112
f 12119 12106 12094 12115
f 12113 12084 12080 12114
f 12116 12081 12082 12117
f 12117 12082 12089 12118
f 12115 12094 12081 12116
f 12118 12089 12096 12110
f 12112 12083 12107 12120
f 12093 12105 12109 12101
f 12095 12101 12109 12104
f 12091 12097 12110 12111
f 12128 12127 12157 12158
f 12133 12132 12152 12154
f 12138 12139 12128 12129
f 12135 12141 12143 12122
f 12149 12141 12135 12147
f 12144 12131 12134 12142
f 12146 12134 12153 12161
f 12144 12142 12136 12127
f 12140 12137 12130 12123
f 12139 12144 12127 12128
f 12151 12138 12129 12159
f 12136 12145 12160 12156
f 12143 12140 12123 12122
f 12157 12127 12136 12156
f 12124 12121 12143 12141
f 12121 12125 12140 12143
f 12155 12131 12133 12154
f 12133 12131 12144 12139
f 12125 12126 12137 12140
f 12149 12148 12124 12141
f 12132 12133 12139 12138
f 12153 12134 12131 12155
f 12129 12128 12158 12159
f 12151 12137 12126 12152
f 12152 12126 12125 12154
f 12155 12121 12124 12153
f 12160 12147 12135 12156
f 12154 12125 12121 12155
f 12157 12122 12123 12158
f 12158 12123 12130 12159
f 12156 12135 12122 12157
f 12159 12130 12137 12151
f 12153 12124 12148 12161
f 12134 12146 12150 12142
f 12136 12142 12150 12145
f 12132 12138 12151 12152
f 12463 12490 12164 12481
f 11770 11802 12163 12162
f 12019 12487 12164 12034
f 12490 12021 12034 12164
f 12470 12491 12166 12482
f 11778 11901 12165 12167
f 12063 12489 12166 12078
f 12491 12065 12078 12166
f 12476 12493 12170 12483
f 11785 11918 12169 12168
f 12104 12492 12170 12119
f 12493 12106 12119 12170
f 12145 12494 11894 12160
f 11893 12147 12160 11894
f 11892 12149 12147 11893
f 11940 12148 12149 11892
f 12469 12502 12173 12484
f 11777 11898 12171 12172
f 12173 12161 12148 11940
f 12502 12146 12161 12173
f 11779 11904 12175 12174
f 12471 12500 12176 12485
f 12176 12120 12107 12501
f 12500 12105 12120 12176
f 12473 12498 12179 12486
f 11780 11905 12178 12177
f 12179 12079 12066 12499
f 12498 12064 12079 12179
f 12181 11981 11982 12180
f 11934 12181 12020 12496
f 12182 12019 12024 12180
f 11928 12183 12021 12490
f 11980 12182 12180 11982
f 12020 12181 12180 12024
f 12184 12023 12021 12183
f 12185 12022 12023 12184
f 11931 12185 12064 12498
f 12064 12185 12184 12068
f 12068 12184 12183 12063
f 12187 12067 12065 12186
f 12188 12066 12067 12187
f 11925 12492 12104 12186
f 12105 12188 12187 12109
f 12109 12187 12186 12104
f 12190 12108 12106 12189
f 12191 12107 12108 12190
f 11939 12494 12145 12189
f 12146 12191 12190 12150
f 12150 12190 12189 12145
f 11782 11784 11916 11910
f 11771 11882 11916 11784
f 11772 11881 11882 11771
f 11773 11880 11881 11772
f 11786 11922 11880 11773
f 11781 11764 11922 11786
f 11776 11775 11872 11871
f 11774 11873 11872 11775
f 11785 11919 11873 11774
f 11913 11783 11776 11871
f 12448 11787 12192 12456
f 12418 11804 12193 12432
f 11804 11803 12195 12193
f 11811 12204 11953 11812
f 11903 11902 12198 12197
f 12452 11795 12196 12457
f 12418 12433 12197 11804
f 12248 12202 12200 12250
f 12430 11920 12206 12434
f 11920 11919 12205 12206
f 12443 11799 12203 12458
f 12200 12259 12258 12201
f 11953 12204 12202 12248
f 12168 12205 11919 11785
f 11778 11902 12205 12168
f 12167 12198 11902 11778
f 11770 11803 12198 12167
f 12162 12195 11803 11770
f 11782 11910 12195 12162
f 11768 12211 12214 11765
f 11767 11766 12213 12212
f 11763 11764 12215 12210
f 12415 11763 12210 12435
f 12439 12459 12209 11762
f 11762 12209 12213 11766
f 11768 11767 12212 12211
f 11950 12220 12216 11948
f 12447 12460 12223 11930
f 11907 11906 12222 12219
f 11858 11930 12223 12217
f 12427 11907 12219 12436
f 11859 11826 12220 12218
f 11837 11858 12217 12216
f 11948 11946 12225 12227
f 11946 11945 12224 12225
f 11825 11857 12231 12229
f 11947 11949 12228 12226
f 12431 11947 12226 12437
f 12455 11951 12230 12461
f 11825 12229 12227 11836
f 11856 11924 12239 12234
f 11828 11863 12233 12236
f 12426 11900 12238 12438
f 11900 11899 12237 12238
f 12446 11794 12232 12462
f 11836 11856 12234 12235
f 12242 11857 12233 12243
f 11828 12236 12235 11839
f 11944 11943 12243 11817
f 12237 12172 11783 11913
f 11899 11777 12172 12237
f 12174 11777 11899 12228
f 11779 12174 12228 11949
f 12177 11779 11949 12222
f 11780 12177 12222 11906
f 12215 12038 11780 11906
f 11764 11781 12038 12215
f 12244 12231 11857 12242
f 12245 11952 12231 12244
f 12246 12218 11952 12245
f 12247 11859 12218 12246
f 11761 12247 12246 11806
f 11806 12246 12245 11807
f 11807 12245 12244 11808
f 11808 12244 12242 11809
f 11817 12243 12233 11863
f 11943 11809 12242 12243
f 12214 12252 12251 11765
f 12214 11859 12247 12252
f 12251 11813 11861 11765
f 12254 11862 11813 12251
f 12202 12260 12259 12200
f 12264 11841 11844 12263
f 12201 12256 12255 12249
f 12204 12257 12260 12202
f 11810 12257 12204 11811
f 12256 12262 12261 12255
f 12241 12264 12263 12240
f 12265 11944 11953 12248
f 12281 12249 12255 12282
f 12261 12262 12241 12240
f 12267 12256 12201 12258
f 12269 11865 11841 12264
f 12250 12270 12265 12248
f 11847 12271 12263 11844
f 12272 12240 12263 12271
f 12273 11943 11944 12265
f 12270 12274 12273 12265
f 11862 12275 12271 11847
f 12276 12272 12271 12275
f 12250 12200 12201 12249
f 12289 11761 11806 12288
f 12277 11809 11943 12273
f 12274 12278 12277 12273
f 12278 11808 11809 12277
f 12254 12279 12275 11862
f 12280 12276 12275 12279
f 12253 12280 12279 12254
f 12261 12283 12282 12255
f 12284 12281 12282 12285
f 12287 12284 12285 12288
f 12283 12286 12285 12282
f 11807 12287 12288 11806
f 12286 12289 12288 12285
f 12272 12283 12261 12240
f 12276 12286 12283 12272
f 12280 12289 12286 12276
f 12253 11761 12289 12280
f 12281 12270 12250 12249
f 12284 12274 12270 12281
f 12287 12278 12274 12284
f 11807 11808 12278 12287
f 12347 12199 11805 12346
f 12268 12262 12256 12267
f 12266 12241 12262 12268
f 12269 12264 12241 12266
f 12348 11926 12199 12347
f 12349 12207 11926 12348
f 12350 11935 12207 12349
f 12351 11891 11935 12350
f 12352 11850 11891 12351
f 12353 11833 11850 12352
f 12354 11822 11833 12353
f 12355 11851 11822 12354
f 12356 11810 11851 12355
f 12357 12257 11810 12356
f 12358 12260 12257 12357
f 12359 12259 12260 12358
f 12360 12258 12259 12359
f 12361 12267 12258 12360
f 12362 12268 12267 12361
f 12363 12266 12268 12362
f 12364 12269 12266 12363
f 12365 11865 12269 12364
f 12366 11818 11865 12365
f 12367 11866 11818 12366
f 12368 11829 11866 12367
f 12369 11840 11829 12368
f 12370 11867 11840 12369
f 12371 11937 11867 12370
f 12372 11932 11937 12371
f 12373 12194 11932 12372
f 12346 11805 12194 12373
f 10976 12291 12317 10990
f 10990 12317 12316 10989
f 10989 12316 12315 12414
f 12414 12315 12314 10988
f 10988 12314 12313 12413
f 12413 12313 12312 12412
f 12412 12312 12311 12411
f 12411 12311 12310 12410
f 12410 12310 12309 10987
f 10987 12309 12308 10986
f 10986 12308 12307 10985
f 10985 12307 12306 12409
f 12409 12306 12305 12408
f 12408 12305 12304 10984
f 10984 12304 12303 10983
f 10983 12303 12302 12407
f 12407 12302 12301 12406
f 12406 12301 12300 10982
f 10982 12300 12299 10981
f 10981 12299 12298 12405
f 12405 12298 12297 12404
f 12404 12297 12296 12403
f 12403 12296 12295 10980
f 10980 12295 12294 10979
f 10979 12294 12293 10978
f 10978 12293 12292 10977
f 10977 12292 12290 12402
f 12402 12290 12291 10976
f 12401 12318 12345 12400
f 12400 12345 12344 12399
f 12399 12344 12343 12398
f 12398 12343 12342 12397
f 12397 12342 12341 12396
f 12396 12341 12340 12395
f 12395 12340 12339 12394
f 12394 12339 12338 12393
f 12393 12338 12337 12392
f 12392 12337 12336 12391
f 12391 12336 12335 12390
f 12390 12335 12334 12389
f 12389 12334 12333 12388
f 12388 12333 12332 12387
f 12387 12332 12331 12386
f 12386 12331 12330 12385
f 12385 12330 12329 12384
f 12384 12329 12328 12383
f 12383 12328 12327 12382
f 12382 12327 12326 12381
f 12381 12326 12325 12380
f 12380 12325 12324 12379
f 12379 12324 12323 12378
f 12378 12323 12322 12377
f 12377 12322 12321 12376
f 12376 12321 12320 12375
f 12375 12320 12319 12374
f 12374 12319 12318 12401
f 12318 12346 12373 12345
f 12345 12373 12372 12344
f 12344 12372 12371 12343
f 12343 12371 12370 12342
f 12342 12370 12369 12341
f 12341 12369 12368 12340
f 12340 12368 12367 12339
f 12339 12367 12366 12338
f 12338 12366 12365 12337
f 12337 12365 12364 12336
f 12336 12364 12363 12335
f 12335 12363 12362 12334
f 12334 12362 12361 12333
f 12333 12361 12360 12332
f 12332 12360 12359 12331
f 12331 12359 12358 12330
f 12330 12358 12357 12329
f 12329 12357 12356 12328
f 12328 12356 12355 12327
f 12327 12355 12354 12326
f 12326 12354 12353 12325
f 12325 12353 12352 12324
f 12324 12352 12351 12323
f 12323 12351 12350 12322
f 12322 12350 12349 12321
f 12321 12349 12348 12320
f 12320 12348 12347 12319
f 12319 12347 12346 12318
f 12290 12374 12401 12291
f 12292 12375 12374 12290
f 12293 12376 12375 12292
f 12294 12377 12376 12293
f 12295 12378 12377 12294
f 12296 12379 12378 12295
f 12297 12380 12379 12296
f 12298 12381 12380 12297
f 12299 12382 12381 12298
f 12300 12383 12382 12299
f 12301 12384 12383 12300
f 12302 12385 12384 12301
f 12303 12386 12385 12302
f 12304 12387 12386 12303
f 12305 12388 12387 12304
f 12306 12389 12388 12305
f 12307 12390 12389 12306
f 12308 12391 12390 12307
f 12309 12392 12391 12308
f 12310 12393 12392 12309
f 12311 12394 12393 12310
f 12312 12395 12394 12311
f 12313 12396 12395 12312
f 12314 12397 12396 12313
f 12315 12398 12397 12314
f 12316 12399 12398 12315
f 12317 12400 12399 12316
f 12291 12401 12400 12317
f 11794 12426 12438 12232
f 11951 12431 12437 12230
f 11796 12427 12436 12221
f 11769 12415 12435 12208
f 11799 12430 12434 12203
f 11787 12196 12433 12418
f 11787 12418 12432 12192
f 12203 12434 12425 11795
f 12230 12437 12426 11794
f 11878 12417 12416 11879
f 11879 12416 12423 11915
f 11877 12424 12417 11878
f 12192 12432 12428 11797
f 12232 12438 12422 11800
f 11792 12419 12421 11791
f 11800 12422 12420 11793
f 11791 12421 12430 11799
f 11923 12429 12424 11877
f 12208 12435 12427 11796
f 11797 12428 12423 11801
f 11793 12420 12419 11792
f 12221 12436 12431 11951
f 11798 12429 12415 11769
f 12196 11795 12425 12433
f 11924 12446 12462 12239
f 11945 12455 12461 12224
f 11796 12221 12460 12447
f 11769 12208 12459 12439
f 11935 12443 12458 12207
f 11926 12452 12457 12199
f 11805 12448 12456 12194
f 11891 12440 12443 11935
f 11790 12450 12451 11789
f 11789 12451 12449 11788
f 11788 12449 12453 11801
f 11936 12454 12445 11889
f 11890 12441 12440 11891
f 12194 12456 12444 11932
f 12221 11951 12455 12460
f 11798 12442 12450 11790
f 12207 12458 12452 11926
f 12239 12462 12454 11936
f 12208 11796 12447 12459
f 12199 12457 12448 11805
f 11889 12445 12441 11890
f 11798 11769 12439 12442
f 12224 12461 12446 11924
f 11932 12444 12453 11937
f 11905 12473 12486 12178
f 11904 12471 12485 12175
f 11898 12469 12484 12171
f 11918 12476 12483 12169
f 11901 12470 12482 12165
f 11802 12463 12481 12163
f 11908 12474 12480 12036
f 12036 12480 12473 11905
f 12171 12484 12467 11914
f 11870 12465 12476 11918
f 11909 12475 12468 11917
f 12178 12486 12471 11904
f 11914 12467 12478 11868
f 12169 12483 12470 11901
f 12175 12485 12469 11898
f 11896 12466 12464 11895
f 11897 12479 12466 11896
f 11921 12472 12474 11908
f 11868 12478 12477 11869
f 11942 12472 12479 11897
f 11869 12477 12465 11870
f 12163 12481 12475 11909
f 11895 12464 12468 11941
f 12165 12482 12463 11802
f 11933 12487 12019 12182
f 12475 12487 11933 12488
f 11980 12488 11933 12182
f 11925 12186 12065 12491
f 11939 12493 12476 12494
f 11939 12189 12106 12493
f 12063 12183 11928 12489
f 11928 12490 12463 12489
f 11925 12491 12470 12492
f 11981 12181 11934 12495
f 12022 12185 11931 12497
f 12474 12495 11934 12496
f 11929 12188 12105 12500
f 12473 12497 11931 12498
f 11927 12191 12146 12502
f 12107 12191 11927 12501
f 12469 12501 11927 12502
f 12066 12188 11929 12499
f 12471 12499 11929 12500
