# Blender 5.2.1 LTS
# www.blender.org
o GEO-body_male_realistic
v -0.141855 0.103033 -0.078448
v -0.140808 0.094106 -0.079864
v -0.142118 0.103404 -0.088826
v -0.142528 0.093206 -0.090097
v -0.144412 0.103293 -0.099615
v -0.145269 0.092655 -0.100700
v -0.154272 0.102919 -0.127688
v -0.155433 0.092382 -0.128093
v -0.163002 0.103355 -0.130030
v -0.163543 0.092621 -0.130379
v -0.171879 0.103866 -0.125373
v -0.171823 0.092511 -0.125222
v -0.182353 0.105010 -0.121248
v -0.182292 0.093239 -0.120898
v -0.193342 0.107290 -0.116581
v -0.194348 0.096027 -0.117029
v -0.199814 0.110039 -0.106199
v -0.202113 0.099728 -0.106722
v -0.201647 0.112656 -0.093173
v -0.204175 0.103243 -0.093063
v -0.200095 0.115032 -0.079978
v -0.202322 0.106255 -0.079295
v -0.195575 0.116723 -0.067892
v -0.197566 0.108607 -0.066904
v -0.188422 0.117923 -0.057356
v -0.189941 0.110162 -0.056083
v -0.178341 0.118149 -0.050476
v -0.179834 0.110667 -0.048159
v -0.166235 0.115501 -0.052239
v -0.167264 0.107943 -0.049234
v -0.155347 0.111452 -0.058586
v -0.156299 0.103703 -0.055153
v -0.147062 0.106494 -0.066330
v -0.147673 0.099413 -0.062475
v -0.143187 0.101842 -0.071820
v -0.142499 0.095849 -0.070749
v -0.155103 0.119928 -0.062617
v -0.155992 0.130115 -0.065511
v -0.165694 0.123639 -0.055211
v -0.165708 0.132839 -0.057630
v -0.157771 0.095962 -0.052694
v -0.168513 0.100563 -0.046675
v -0.177291 0.126067 -0.052877
v -0.181242 0.103361 -0.046460
v -0.176804 0.134753 -0.054652
v -0.148807 0.091463 -0.060114
v -0.198149 0.120248 -0.105778
v -0.197320 0.130557 -0.105797
v -0.192495 0.118135 -0.116371
v -0.191950 0.128892 -0.116593
v -0.203724 0.089121 -0.106472
v -0.195383 0.084611 -0.116713
v -0.143440 0.083104 -0.090772
v -0.142432 0.114394 -0.087401
v -0.143236 0.126099 -0.086893
v -0.146092 0.114099 -0.073989
v -0.141836 0.084894 -0.080063
v -0.205425 0.093446 -0.092424
v -0.199220 0.122156 -0.093266
v -0.198074 0.132029 -0.093402
v -0.182114 0.116219 -0.122039
v -0.171901 0.115047 -0.126548
v -0.162368 0.114326 -0.129994
v -0.153307 0.113783 -0.127279
v -0.143177 0.114099 -0.098903
v -0.187044 0.126116 -0.058689
v -0.193566 0.125111 -0.068750
v -0.197629 0.123869 -0.080547
v -0.199050 0.100606 -0.065679
v -0.142927 0.087501 -0.069460
v -0.146213 0.081809 -0.101752
v -0.156325 0.082113 -0.128481
v -0.163748 0.082175 -0.131247
v -0.171887 0.081330 -0.127145
v -0.182441 0.079544 -0.121542
v -0.203434 0.097303 -0.078424
v -0.191308 0.102617 -0.054901
v -0.196873 0.133243 -0.080728
v -0.186469 0.134939 -0.059553
v -0.148152 0.127496 -0.075528
v -0.142122 0.125385 -0.098339
v -0.152373 0.125005 -0.127040
v -0.161622 0.125565 -0.130234
v -0.171782 0.126299 -0.127893
v -0.182011 0.127459 -0.123107
v -0.192934 0.134153 -0.069075
v -0.174272 0.189174 -0.133574
v -0.160571 0.189050 -0.134072
v -0.173131 0.175133 -0.132655
v -0.160133 0.174882 -0.132879
v -0.172251 0.162182 -0.131671
v -0.159996 0.161734 -0.131735
v -0.171853 0.149744 -0.130370
v -0.160357 0.149190 -0.130857
v -0.171752 0.137854 -0.129069
v -0.160901 0.137202 -0.130381
v -0.165914 0.143040 -0.059187
v -0.166213 0.154114 -0.059927
v -0.166178 0.166241 -0.059918
v -0.166084 0.179322 -0.059658
v -0.165616 0.193475 -0.058777
v -0.147249 0.189220 -0.129173
v -0.148207 0.174759 -0.128050
v -0.149139 0.161434 -0.127168
v -0.150250 0.148833 -0.126700
v -0.151314 0.136822 -0.126696
v -0.145056 0.192387 -0.073300
v -0.146753 0.177668 -0.075192
v -0.147979 0.164163 -0.076217
v -0.148635 0.151476 -0.076568
v -0.148689 0.139413 -0.076370
v -0.202013 0.191564 -0.075112
v -0.200226 0.165605 -0.078582
v -0.198861 0.154021 -0.079547
v -0.155048 0.193570 -0.066016
v -0.155933 0.178846 -0.066999
v -0.156527 0.165366 -0.067467
v -0.156735 0.152869 -0.067559
v -0.156559 0.141186 -0.067046
v -0.140660 0.137085 -0.097737
v -0.138893 0.149153 -0.097137
v -0.136883 0.161758 -0.096093
v -0.134505 0.175017 -0.094480
v -0.131594 0.189340 -0.092688
v -0.136029 0.190269 -0.081067
v -0.187086 0.189203 -0.127953
v -0.183069 0.150474 -0.125389
v -0.184113 0.162767 -0.126482
v -0.194057 0.163613 -0.117657
v -0.199896 0.164435 -0.105428
v -0.192943 0.151470 -0.117373
v -0.198414 0.152585 -0.105667
v -0.202641 0.190052 -0.103425
v -0.204125 0.190806 -0.088837
v -0.196872 0.189434 -0.117169
v -0.201593 0.165079 -0.091852
v -0.199641 0.153440 -0.092580
v -0.182391 0.138816 -0.124182
v -0.197469 0.141252 -0.105758
v -0.192172 0.139937 -0.116894
v -0.140492 0.162760 -0.085208
v -0.142239 0.150204 -0.086328
v -0.143198 0.138013 -0.086743
v -0.197554 0.143288 -0.080213
v -0.198296 0.142412 -0.093007
v -0.195352 0.166160 -0.067143
v -0.194385 0.154657 -0.067942
v -0.193429 0.144037 -0.068594
v -0.186517 0.144597 -0.059847
v -0.186863 0.155214 -0.059621
v -0.196215 0.192147 -0.064447
v -0.187841 0.192418 -0.057905
v -0.187290 0.166670 -0.059292
v -0.176832 0.144365 -0.055877
v -0.176956 0.155077 -0.056508
v -0.177078 0.166769 -0.056586
v -0.177297 0.192832 -0.055706
v -0.201329 0.178121 -0.077204
v -0.195970 0.178637 -0.065986
v -0.187630 0.179017 -0.058869
v -0.177245 0.179333 -0.056588
v -0.138647 0.175995 -0.083512
v -0.185518 0.175496 -0.127226
v -0.195463 0.176097 -0.117452
v -0.201426 0.176769 -0.104644
v -0.203236 0.177483 -0.090683
v -0.226753 0.056606 -0.031044
v -0.231555 0.048809 -0.039801
v -0.232790 0.047678 -0.027922
v -0.228663 0.052220 -0.023322
v -0.223971 0.058772 -0.024404
v -0.224858 0.055945 -0.018419
v -0.220007 0.062411 -0.023345
v -0.220566 0.059275 -0.014698
v -0.213798 0.065812 -0.019403
v -0.215301 0.062108 -0.011035
v -0.207685 0.067972 -0.015461
v -0.209185 0.063820 -0.007751
v -0.200706 0.069255 -0.013260
v -0.202294 0.064664 -0.005342
v -0.192497 0.068652 -0.012209
v -0.194773 0.064107 -0.004140
v -0.184878 0.065285 -0.012603
v -0.187659 0.061234 -0.004679
v -0.179131 0.060709 -0.014545
v -0.181710 0.056936 -0.006723
v -0.174113 0.055789 -0.018573
v -0.177011 0.051577 -0.010116
v -0.169021 0.049536 -0.023982
v -0.173196 0.045295 -0.014139
v -0.164989 0.041734 -0.029444
v -0.170123 0.038403 -0.017769
v -0.164528 0.033618 -0.033103
v -0.169735 0.031533 -0.020911
v -0.167048 0.027506 -0.035800
v -0.171857 0.026056 -0.023669
v -0.170489 0.023237 -0.038120
v -0.175077 0.022083 -0.026110
v -0.182560 0.015170 -0.044367
v -0.187412 0.014310 -0.032640
v -0.187123 0.013397 -0.046293
v -0.192028 0.012311 -0.034560
v -0.200758 0.008153 -0.051244
v -0.206043 0.008225 -0.039651
v -0.205387 0.007217 -0.053025
v -0.210759 0.007593 -0.041492
v -0.210002 0.006894 -0.054919
v -0.215452 0.006995 -0.043519
v -0.214599 0.006948 -0.056780
v -0.220178 0.006725 -0.045615
v -0.219228 0.007743 -0.058523
v -0.224997 0.007230 -0.047642
v -0.223862 0.009265 -0.060113
v -0.229885 0.008577 -0.049506
v -0.234543 0.026107 -0.060542
v -0.233904 0.020235 -0.062015
v -0.240799 0.019293 -0.051875
v -0.241211 0.024983 -0.050188
v -0.234202 0.032858 -0.057240
v -0.240113 0.030767 -0.046819
v -0.233050 0.040452 -0.050934
v -0.238574 0.036745 -0.041677
v -0.237220 0.042042 -0.035032
v -0.236238 0.044171 -0.029237
v -0.236156 0.042036 0.015108
v -0.241019 0.040190 0.011203
v -0.243943 0.037611 0.018946
v -0.239195 0.039405 0.022907
v -0.230946 0.043080 0.018521
v -0.233877 0.039936 0.026249
v -0.225525 0.043914 0.021545
v -0.228459 0.040892 0.029355
v -0.219583 0.043866 0.024085
v -0.222539 0.040534 0.031528
v -0.213336 0.043442 0.026009
v -0.216187 0.039083 0.033056
v -0.207132 0.044575 0.028246
v -0.209992 0.040159 0.035395
v -0.200587 0.044985 0.029806
v -0.203631 0.041933 0.037602
v -0.194057 0.042934 0.030110
v -0.196922 0.040872 0.038591
v -0.188264 0.039161 0.029609
v -0.190918 0.037221 0.038513
v -0.184045 0.033900 0.028309
v -0.186176 0.032193 0.037783
v -0.181569 0.027752 0.026415
v -0.182240 0.025831 0.036568
v -0.180197 0.021271 0.024155
v -0.180586 0.019106 0.034673
v -0.181544 0.015604 0.021591
v -0.182403 0.013282 0.032198
v -0.223971 0.003688 0.002890
v -0.207601 0.003458 0.009035
v -0.211601 0.001407 0.019188
v -0.227958 0.002356 0.012556
v -0.229099 0.003366 0.000547
v -0.232846 0.002464 0.009943
v -0.234286 0.002782 -0.002025
v -0.237926 0.001843 0.007339
v -0.239659 0.002219 -0.004765
v -0.243332 0.000875 0.004539
v -0.245486 0.002102 -0.007506
v -0.249463 0.001268 0.001725
v -0.251880 0.002605 -0.010312
v -0.256436 0.002612 -0.000709
v -0.265913 0.021440 -0.011974
v -0.266676 0.015576 -0.014141
v -0.270155 0.015550 -0.004368
v -0.269473 0.021208 -0.002692
v -0.263551 0.026409 -0.008936
v -0.267240 0.026211 -0.000076
v -0.260474 0.031039 -0.005500
v -0.263924 0.030677 0.003123
v -0.255913 0.033976 -0.001497
v -0.259016 0.032993 0.006805
v -0.250608 0.035668 0.002762
v -0.253643 0.034168 0.010746
v -0.245726 0.037910 0.007029
v -0.248862 0.036177 0.014868
v -0.234677 0.046828 -0.005842
v -0.238707 0.043139 -0.010377
v -0.242426 0.040581 -0.001529
v -0.238200 0.043849 0.002890
v -0.230308 0.049872 -0.001502
v -0.233323 0.045870 0.006939
v -0.225230 0.051675 0.002355
v -0.228078 0.047164 0.010739
v -0.219800 0.053074 0.005790
v -0.222561 0.048047 0.013931
v -0.213823 0.053818 0.008661
v -0.216655 0.048456 0.016586
v -0.207514 0.054510 0.011092
v -0.210470 0.048879 0.018842
v -0.200775 0.054831 0.012859
v -0.204086 0.049715 0.020871
v -0.193880 0.053138 0.013130
v -0.197380 0.048843 0.021676
v -0.187573 0.049744 0.012167
v -0.191041 0.045950 0.021288
v -0.182425 0.044983 0.010276
v -0.185632 0.041683 0.020115
v -0.178986 0.038998 0.007714
v -0.181929 0.036070 0.018175
v -0.177062 0.032535 0.004969
v -0.179765 0.029881 0.015866
v -0.177326 0.026347 0.002145
v -0.179412 0.023762 0.013330
v -0.178662 0.020990 -0.000475
v -0.180727 0.018373 0.010725
v -0.181429 0.016860 -0.003014
v -0.183791 0.014176 0.008121
v -0.195114 0.010101 -0.010014
v -0.198435 0.007158 0.000794
v -0.200155 0.008521 -0.012062
v -0.203917 0.006285 -0.001326
v -0.215436 0.006270 -0.017509
v -0.219803 0.005013 -0.007151
v -0.220470 0.005944 -0.019532
v -0.224954 0.004641 -0.009296
v -0.225491 0.005379 -0.021880
v -0.230088 0.004085 -0.011745
v -0.230677 0.005112 -0.024362
v -0.235349 0.003544 -0.014353
v -0.236094 0.005311 -0.026850
v -0.240946 0.003342 -0.016976
v -0.241671 0.006285 -0.029225
v -0.246933 0.004283 -0.019526
v -0.254161 0.022550 -0.030198
v -0.254268 0.017132 -0.032257
v -0.261086 0.016087 -0.023182
v -0.260719 0.021841 -0.021046
v -0.252611 0.027676 -0.027204
v -0.258593 0.026931 -0.018002
v -0.250252 0.032619 -0.023617
v -0.255803 0.031833 -0.014660
v -0.247360 0.037195 -0.019500
v -0.252127 0.035726 -0.010581
v -0.243253 0.040316 -0.014915
v -0.247112 0.037868 -0.006038
v -0.230135 0.011760 0.094995
v -0.225836 0.011810 0.096907
v -0.226498 0.015562 0.098856
v -0.230381 0.015695 0.097070
v -0.232952 0.016226 0.094254
v -0.233193 0.012779 0.092561
v -0.234198 0.016696 0.090703
v -0.234450 0.014144 0.090388
v -0.234260 0.016982 0.085725
v -0.234813 0.013063 0.086462
v -0.233079 0.017524 0.079634
v -0.234214 0.012352 0.079670
v -0.230488 0.018388 0.073652
v -0.231704 0.012646 0.072580
v -0.227762 0.019429 0.068530
v -0.228816 0.013683 0.066721
v -0.225291 0.020621 0.064232
v -0.225473 0.014683 0.062163
v -0.223296 0.021615 0.060223
v -0.222696 0.015269 0.058500
v -0.222754 0.021967 0.056182
v -0.222635 0.015188 0.055277
v -0.225898 0.021612 0.057493
v -0.226952 0.013547 0.055231
v -0.227838 0.020094 0.062290
v -0.229490 0.013410 0.059644
v -0.229541 0.018360 0.066692
v -0.231714 0.012370 0.063706
v -0.231177 0.016604 0.070648
v -0.233275 0.011176 0.067129
v -0.232047 0.014971 0.074665
v -0.233120 0.008543 0.071535
v -0.233490 0.014086 0.078701
v -0.234553 0.007807 0.076089
v -0.235713 0.014268 0.082399
v -0.237359 0.008823 0.080795
v -0.238437 0.014869 0.085437
v -0.240360 0.010813 0.085045
v -0.241844 0.015638 0.086800
v -0.243409 0.013355 0.086818
v -0.244585 0.016508 0.086398
v -0.245007 0.015164 0.086577
v -0.246694 0.016705 0.085347
v -0.246635 0.015089 0.085648
v -0.248546 0.016104 0.083938
v -0.248057 0.014903 0.084503
v -0.249835 0.015108 0.082090
v -0.248443 0.013118 0.083711
v -0.250405 0.014666 0.079261
v -0.248406 0.010435 0.081290
v -0.250270 0.014626 0.075707
v -0.248265 0.008567 0.076750
v -0.249031 0.014882 0.071994
v -0.247275 0.008571 0.071599
v -0.247325 0.015816 0.068362
v -0.245614 0.009826 0.067159
v -0.245944 0.017763 0.064676
v -0.243625 0.012053 0.063511
v -0.244775 0.019788 0.060400
v -0.242234 0.013667 0.059950
v -0.242838 0.021409 0.055479
v -0.241003 0.014363 0.055421
v -0.242092 0.022484 0.051810
v -0.239444 0.014219 0.050638
v -0.242259 0.022761 0.051626
v -0.242767 0.015341 0.047581
v -0.242788 0.022217 0.052328
v -0.243690 0.016563 0.049070
v -0.244083 0.020643 0.055109
v -0.244872 0.015710 0.051693
v -0.245170 0.018404 0.059003
v -0.246038 0.013986 0.055456
v -0.245629 0.015937 0.063075
v -0.246181 0.011041 0.059501
v -0.246986 0.013802 0.066560
v -0.247604 0.008838 0.063365
v -0.248812 0.012629 0.069550
v -0.250102 0.007962 0.066996
v -0.251119 0.011929 0.071762
v -0.252699 0.008351 0.070149
v -0.253608 0.011585 0.073077
v -0.255053 0.009485 0.072113
v -0.255983 0.012124 0.073307
v -0.256409 0.010629 0.072815
v -0.258112 0.012663 0.072635
v -0.257856 0.010737 0.072194
v -0.259797 0.012540 0.071211
v -0.259156 0.011032 0.071290
v -0.260916 0.012178 0.069118
v -0.259366 0.010076 0.069855
v -0.261561 0.012249 0.066554
v -0.259626 0.008827 0.067180
v -0.261377 0.012788 0.063711
v -0.259789 0.007951 0.063397
v -0.260476 0.013907 0.060359
v -0.259045 0.008582 0.058669
v -0.259347 0.015906 0.056889
v -0.258104 0.010785 0.054112
v -0.257891 0.018219 0.053507
v -0.256112 0.013682 0.051144
v -0.256576 0.020294 0.049572
v -0.254369 0.015607 0.048404
v -0.254780 0.021801 0.044944
v -0.252826 0.016707 0.044746
v -0.253440 0.022474 0.040544
v -0.251317 0.016406 0.039852
v -0.254134 0.022389 0.039692
v -0.253784 0.016099 0.036569
v -0.254164 0.022172 0.040168
v -0.254064 0.017112 0.038167
v -0.254781 0.020986 0.042509
v -0.254529 0.016574 0.040206
v -0.255264 0.019159 0.045953
v -0.254604 0.014835 0.043115
v -0.256011 0.017151 0.049400
v -0.255082 0.012310 0.047028
v -0.256886 0.015441 0.052342
v -0.256547 0.010732 0.050556
v -0.258093 0.013947 0.054712
v -0.258675 0.010107 0.053346
v -0.259773 0.013052 0.056386
v -0.260918 0.010567 0.055319
v -0.261872 0.013334 0.057176
v -0.262722 0.011657 0.056499
v -0.263764 0.013703 0.057240
v -0.263803 0.012557 0.056911
v -0.265093 0.013919 0.056915
v -0.264792 0.012502 0.056544
v -0.266143 0.013850 0.056308
v -0.265701 0.012669 0.056089
v -0.267135 0.013583 0.055248
v -0.265994 0.011817 0.055055
v -0.268260 0.013438 0.053130
v -0.266338 0.010824 0.052731
v -0.268787 0.014373 0.050356
v -0.266744 0.010403 0.049277
v -0.268535 0.015746 0.047274
v -0.266999 0.010838 0.045467
v -0.268006 0.016766 0.043983
v -0.266138 0.011988 0.041878
v -0.266759 0.017848 0.040555
v -0.264275 0.013506 0.039098
v -0.264631 0.019160 0.037501
v -0.262093 0.015431 0.037211
v -0.262706 0.020262 0.033483
v -0.260611 0.016440 0.033775
v -0.273707 0.016724 0.019323
v -0.273576 0.020551 0.020481
v -0.272618 0.020599 0.013791
v -0.272753 0.016327 0.013085
v -0.271866 0.021037 0.005900
v -0.272627 0.015862 0.004886
v -0.247519 0.023645 -0.039931
v -0.247422 0.018238 -0.041821
v -0.227874 0.026615 -0.071408
v -0.227366 0.020751 -0.072608
v -0.222028 0.026191 -0.083106
v -0.221521 0.020391 -0.083739
v -0.217378 0.024762 -0.095416
v -0.217008 0.018823 -0.095378
v -0.213175 0.022759 -0.107577
v -0.212855 0.016590 -0.106859
v -0.207994 0.020560 -0.118538
v -0.207556 0.014348 -0.117045
v -0.201077 0.018464 -0.127094
v -0.200744 0.012398 -0.124905
v -0.193140 0.017044 -0.133243
v -0.193099 0.011016 -0.130551
v -0.184538 0.016219 -0.136922
v -0.184894 0.010236 -0.133799
v -0.175863 0.016089 -0.137693
v -0.176687 0.010332 -0.134491
v -0.168227 0.016788 -0.135493
v -0.169433 0.011249 -0.132783
v -0.161750 0.017454 -0.131877
v -0.163393 0.012055 -0.129698
v -0.150285 0.018826 -0.114945
v -0.151623 0.012903 -0.114807
v -0.149133 0.019632 -0.106693
v -0.150017 0.013553 -0.106942
v -0.149637 0.021090 -0.096954
v -0.150638 0.015087 -0.097377
v -0.152272 0.023373 -0.086168
v -0.153813 0.017692 -0.086807
v -0.154993 0.025617 -0.074264
v -0.157695 0.020407 -0.075360
v -0.157963 0.027150 -0.061465
v -0.161441 0.022269 -0.063056
v -0.162198 0.027845 -0.048471
v -0.165555 0.023027 -0.050399
v -0.217186 0.012305 0.098058
v -0.216836 0.014849 0.098887
v -0.221838 0.015390 0.099692
v -0.220957 0.011996 0.098114
v -0.223412 0.007390 0.092375
v -0.217743 0.007907 0.094196
v -0.213325 0.010010 0.095251
v -0.211493 0.014187 0.095708
v -0.219296 0.003749 0.085671
v -0.212367 0.004159 0.088131
v -0.207876 0.007914 0.089942
v -0.206615 0.014040 0.090653
v -0.215134 0.002878 0.078347
v -0.207349 0.003799 0.081505
v -0.203167 0.008244 0.083857
v -0.203004 0.014894 0.084722
v -0.212389 0.003793 0.071802
v -0.204576 0.005153 0.074981
v -0.200411 0.009545 0.077435
v -0.200587 0.015776 0.078507
v -0.210313 0.006718 0.066052
v -0.204165 0.008433 0.068629
v -0.200198 0.011715 0.071025
v -0.199544 0.016831 0.072321
v -0.207250 0.007926 0.059967
v -0.201882 0.009362 0.062378
v -0.198446 0.012739 0.064626
v -0.197261 0.017508 0.066152
v -0.203264 0.004878 0.054311
v -0.197783 0.008311 0.056481
v -0.194296 0.012373 0.058345
v -0.192943 0.017811 0.060012
v -0.189273 0.011437 0.051086
v -0.187838 0.017548 0.052781
v -0.185014 0.011001 0.018900
v -0.178295 0.019294 -0.014406
v -0.175768 0.023626 -0.011958
v -0.257470 0.025561 0.044083
v -0.258317 0.023289 0.047506
v -0.257955 0.014934 0.038767
v -0.258514 0.012155 0.040527
v -0.265404 0.023818 0.039275
v -0.266441 0.022481 0.043427
v -0.262400 0.027058 0.042331
v -0.263040 0.024798 0.046434
v -0.246900 0.026373 0.058256
v -0.248330 0.023256 0.061726
v -0.249614 0.013255 0.049743
v -0.250684 0.012265 0.052626
v -0.257165 0.025436 0.052334
v -0.257715 0.022673 0.056888
v -0.253231 0.028805 0.056600
v -0.254071 0.025063 0.060562
v -0.232027 0.025622 0.068077
v -0.238602 0.030046 0.067038
v -0.240324 0.026025 0.071139
v -0.233842 0.023103 0.072362
v -0.237070 0.010972 0.061510
v -0.238146 0.009281 0.064311
v -0.244316 0.026490 0.063061
v -0.245394 0.023455 0.067558
v -0.216522 0.028843 0.074116
v -0.211218 0.028447 0.076102
v -0.206622 0.025817 0.077531
v -0.203131 0.021426 0.078330
v -0.220721 0.004769 0.068805
v -0.226635 0.007963 0.066842
v -0.224899 0.023588 0.070329
v -0.221203 0.026810 0.071982
v -0.220672 0.025168 0.089740
v -0.225539 0.025274 0.087548
v -0.215905 0.024738 0.082489
v -0.220967 0.024806 0.080102
v -0.216819 0.023253 0.091562
v -0.215424 0.023598 0.087760
v -0.211951 0.018575 0.094826
v -0.208588 0.019450 0.089274
v -0.228519 0.007582 0.090152
v -0.225832 0.004629 0.083030
v -0.232851 0.009307 0.088072
v -0.231184 0.007253 0.080928
v -0.232655 0.020149 0.085278
v -0.230528 0.021371 0.079659
v -0.228782 0.023668 0.086102
v -0.226012 0.023996 0.082580
v -0.241582 0.019555 0.081956
v -0.237978 0.019137 0.080764
v -0.242606 0.020956 0.077547
v -0.243416 0.020316 0.079570
v -0.236632 0.019769 0.078652
v -0.242105 0.021998 0.076369
v -0.244313 0.008537 0.083246
v -0.242296 0.005878 0.078405
v -0.240793 0.005356 0.072983
v -0.246013 0.019567 0.078261
v -0.247275 0.019308 0.075683
v -0.246787 0.020001 0.073731
v -0.160756 0.080717 -0.047288
v -0.159356 0.088362 -0.050265
v -0.171264 0.086460 -0.040602
v -0.169846 0.093500 -0.043868
v -0.161891 0.072765 -0.043263
v -0.172798 0.079296 -0.036073
v -0.162772 0.064258 -0.038028
v -0.172133 0.061712 -0.024659
v -0.164683 0.055724 -0.032093
v -0.177244 0.063992 -0.019775
v -0.179426 0.048323 -0.000003
v -0.176128 0.042084 -0.003243
v -0.184356 0.053446 0.002613
v -0.193816 0.035562 0.046665
v -0.188528 0.030940 0.046549
v -0.200145 0.038544 0.046152
v -0.197664 0.033701 0.053725
v -0.192137 0.030021 0.054459
v -0.203804 0.035734 0.052778
v -0.201531 0.032456 0.060330
v -0.196509 0.028860 0.061074
v -0.207456 0.034146 0.059188
v -0.204601 0.032373 0.066818
v -0.200324 0.028215 0.067222
v -0.210937 0.033631 0.065265
v -0.208004 0.030777 0.072083
v -0.203773 0.027199 0.072685
v -0.214022 0.031242 0.070098
v -0.213370 0.026902 0.079695
v -0.208747 0.024660 0.081964
v -0.218965 0.027209 0.077405
v -0.223418 0.024354 0.094441
v -0.219410 0.023135 0.095343
v -0.228362 0.024460 0.092371
v -0.226099 0.021543 0.097777
v -0.222556 0.020722 0.098840
v -0.229660 0.021494 0.095728
v -0.226538 0.019019 0.098673
v -0.222090 0.018550 0.099680
v -0.230107 0.019217 0.096840
v -0.223164 0.003897 0.075369
v -0.217227 0.006713 0.063335
v -0.213406 0.007862 0.058014
v -0.210485 0.004068 0.053184
v -0.219567 0.029401 0.054234
v -0.226058 0.028981 0.054213
v -0.221130 0.001921 0.041123
v -0.214136 0.001386 0.043511
v -0.216389 0.033984 0.049017
v -0.222706 0.033281 0.047079
v -0.213150 0.036980 0.042668
v -0.219452 0.036057 0.040537
v -0.204667 0.059743 0.002856
v -0.197552 0.059495 0.004301
v -0.200574 0.073504 -0.021419
v -0.190577 0.073041 -0.020389
v -0.188706 0.078086 -0.028551
v -0.186586 0.084031 -0.035625
v -0.184491 0.090088 -0.040852
v -0.182695 0.096513 -0.044292
v -0.188452 0.024072 0.054100
v -0.193427 0.023647 0.061010
v -0.263703 0.024580 0.034679
v -0.266427 0.020960 0.046894
v -0.266505 0.019811 0.049084
v -0.266052 0.019242 0.052421
v -0.266824 0.018556 0.054303
v -0.266605 0.017924 0.055524
v -0.266290 0.015185 0.056433
v -0.265212 0.015419 0.056930
v -0.263856 0.015014 0.057267
v -0.262880 0.017476 0.056555
v -0.262114 0.017794 0.055697
v -0.261897 0.018537 0.054185
v -0.259725 0.019103 0.052077
v -0.259195 0.020804 0.050028
v -0.256473 0.026690 0.040297
v -0.255070 0.026920 0.036322
v -0.252191 0.027967 0.040061
v -0.255151 0.027194 0.046808
v -0.258073 0.020106 0.060232
v -0.258749 0.018714 0.062387
v -0.259218 0.017805 0.063904
v -0.258294 0.018159 0.065969
v -0.259867 0.016929 0.068234
v -0.260120 0.015954 0.070432
v -0.257909 0.016415 0.072291
v -0.255694 0.015426 0.072827
v -0.254426 0.016297 0.071262
v -0.254053 0.017665 0.068965
v -0.251529 0.017619 0.068708
v -0.250612 0.018758 0.067125
v -0.249579 0.020351 0.064607
v -0.245384 0.028626 0.053968
v -0.242938 0.029179 0.048613
v -0.239118 0.029476 0.051458
v -0.242079 0.028521 0.057873
v -0.245924 0.020942 0.071046
v -0.249215 0.016920 0.080829
v -0.247832 0.018566 0.083321
v -0.246215 0.019014 0.084449
v -0.244404 0.018810 0.085154
v -0.242749 0.019228 0.084275
v -0.235222 0.021000 0.075803
v -0.229787 0.027661 0.062620
v -0.221168 0.027788 0.061064
v -0.222906 0.025516 0.065976
v -0.227700 0.022535 0.074598
v -0.233235 0.019206 0.090654
v -0.232225 0.019130 0.094240
v -0.217153 0.018163 0.098713
v -0.205680 0.020497 0.083748
v -0.201110 0.022207 0.072693
v -0.197888 0.022910 0.066933
v -0.232049 0.005786 0.049023
v -0.238854 0.003220 0.034917
v -0.166760 0.001225 -0.113401
v -0.163104 0.001598 -0.110660
v -0.246917 0.008336 0.040338
v -0.243491 0.004466 0.032073
v -0.257346 0.010006 0.027956
v -0.247627 0.004742 0.028669
v -0.259534 0.028637 0.031889
v -0.253834 0.031636 0.029261
v -0.258025 0.031080 0.025317
v -0.249360 0.031972 0.033083
v -0.248425 0.031336 0.044092
v -0.244960 0.033046 0.036977
v -0.239816 0.032598 0.040440
v -0.234807 0.033989 0.043990
v -0.232721 0.032939 0.053961
v -0.229144 0.035070 0.046483
v -0.213646 0.033673 0.057500
v -0.210217 0.035725 0.051398
v -0.231471 0.020776 0.093937
v -0.266403 0.027637 0.018525
v -0.266299 0.030177 0.011115
v -0.269973 0.026094 0.008124
v -0.270837 0.025012 0.015756
v -0.246325 0.028995 -0.036920
v -0.244301 0.034158 -0.032808
v -0.227482 0.033933 -0.068389
v -0.226542 0.043252 -0.062404
v -0.219444 0.043811 -0.076129
v -0.221126 0.033646 -0.080812
v -0.212603 0.041168 -0.090840
v -0.215844 0.032106 -0.093992
v -0.211397 0.030144 -0.106887
v -0.207539 0.038429 -0.104682
v -0.206209 0.028215 -0.118245
v -0.202552 0.036460 -0.116241
v -0.199593 0.026442 -0.127164
v -0.196425 0.035150 -0.125169
v -0.191854 0.025245 -0.133515
v -0.189455 0.034354 -0.131878
v -0.183477 0.024519 -0.137545
v -0.181907 0.033964 -0.136675
v -0.174885 0.024230 -0.138589
v -0.173762 0.033669 -0.138443
v -0.167055 0.024386 -0.136905
v -0.166091 0.033503 -0.137079
v -0.160377 0.024706 -0.133228
v -0.159860 0.033551 -0.133134
v -0.150288 0.026061 -0.114564
v -0.150642 0.034327 -0.113985
v -0.149581 0.026788 -0.106237
v -0.150321 0.034925 -0.105750
v -0.149792 0.028081 -0.096615
v -0.150478 0.036141 -0.096428
v -0.151414 0.030025 -0.085808
v -0.151296 0.037941 -0.085946
v -0.152836 0.032079 -0.073684
v -0.151920 0.040158 -0.074136
v -0.155128 0.033850 -0.060381
v -0.153663 0.042745 -0.060589
v -0.158205 0.046093 -0.043452
v -0.159469 0.034746 -0.046451
v -0.174207 0.035429 -0.006413
v -0.174408 0.029086 -0.009367
v -0.183375 0.018011 0.044315
v -0.184466 0.024710 0.045880
v -0.184984 0.011915 0.042175
v -0.152516 0.075171 -0.056252
v -0.150710 0.083357 -0.058366
v -0.153989 0.066606 -0.053297
v -0.155207 0.057311 -0.049206
v -0.203976 0.006192 -0.101779
v -0.200091 0.005073 -0.109842
v -0.162455 0.005025 -0.089154
v -0.159350 0.003266 -0.098501
v -0.167129 0.008308 -0.078792
v -0.208270 0.007802 -0.092184
v -0.217133 0.032528 0.062979
v -0.219530 0.010083 0.057508
v -0.230739 0.023271 0.090107
v -0.260980 0.004228 0.009662
v -0.201636 0.003796 0.011243
v -0.191298 0.012042 -0.021194
v -0.235780 0.008041 -0.039092
v -0.212799 0.009266 -0.081660
v -0.217844 0.010153 -0.070761
v -0.177248 0.013985 -0.056126
v -0.172234 0.011699 -0.067809
v -0.158092 0.003096 -0.104567
v -0.160136 0.002308 -0.107493
v -0.171174 0.001194 -0.115418
v -0.176365 0.001412 -0.116632
v -0.182128 0.001850 -0.117118
v -0.188075 0.002612 -0.116932
v -0.193514 0.003751 -0.116106
v -0.197215 0.004748 -0.114970
v -0.229090 0.006917 0.073214
v -0.222988 0.009298 0.061790
v -0.219321 0.029495 0.067758
v -0.206835 0.038920 0.044751
v -0.223993 0.025788 0.075467
v -0.190571 0.057235 0.004133
v -0.181582 0.068732 -0.020075
v -0.174747 0.071132 -0.028935
v -0.203756 0.068525 -0.103763
v -0.204242 0.078649 -0.105350
v -0.197031 0.064577 -0.113914
v -0.196599 0.074211 -0.115354
v -0.203333 0.058425 -0.102641
v -0.197454 0.055008 -0.113361
v -0.204492 0.048091 -0.102839
v -0.199089 0.045419 -0.114143
v -0.199667 0.004113 -0.100769
v -0.194749 0.002634 -0.100119
v -0.189500 0.001671 -0.099490
v -0.184272 0.000945 -0.098616
v -0.179265 0.000543 -0.097270
v -0.166367 0.002779 -0.090880
v -0.151242 0.046816 -0.086485
v -0.151119 0.044863 -0.096408
v -0.149467 0.055538 -0.087372
v -0.150626 0.053299 -0.096753
v -0.147145 0.064011 -0.088818
v -0.149271 0.060895 -0.098205
v -0.145018 0.073037 -0.090454
v -0.146512 0.066913 -0.078174
v -0.144107 0.075788 -0.079440
v -0.148827 0.058122 -0.076650
v -0.151160 0.049233 -0.075286
v -0.170983 0.005644 -0.080365
v -0.184156 0.002390 -0.086373
v -0.189045 0.002372 -0.088023
v -0.194110 0.002905 -0.089216
v -0.199085 0.004029 -0.090171
v -0.203821 0.005691 -0.091097
v -0.210037 0.052546 -0.088169
v -0.207794 0.063671 -0.088395
v -0.206605 0.073782 -0.089820
v -0.205878 0.083550 -0.091269
v -0.247526 0.001395 0.014652
v -0.253712 0.002311 0.011745
v -0.242382 0.002052 0.017754
v -0.237604 0.002373 0.020523
v -0.232601 0.001854 0.022900
v -0.215976 0.000752 0.029526
v -0.196079 0.010091 -0.023177
v -0.210822 0.007278 -0.028351
v -0.215712 0.006957 -0.030277
v -0.225544 0.006418 -0.034734
v -0.230612 0.006955 -0.036974
v -0.220596 0.006538 -0.032449
v -0.195090 0.006917 -0.063007
v -0.199784 0.006347 -0.064802
v -0.204426 0.006509 -0.066539
v -0.199084 0.004805 -0.078101
v -0.203815 0.005776 -0.079378
v -0.194266 0.004395 -0.076598
v -0.208987 0.007117 -0.068099
v -0.213486 0.008288 -0.069504
v -0.181566 0.012007 -0.057977
v -0.189466 0.004615 -0.074831
v -0.176218 0.009109 -0.069405
v -0.208413 0.007257 -0.080535
v -0.264281 0.011087 0.055575
v -0.263416 0.009761 0.053604
v -0.261334 0.008963 0.047245
v -0.259855 0.009705 0.043619
v -0.257146 0.014876 0.036085
v -0.262411 0.009010 0.050706
v -0.257218 0.009028 0.070910
v -0.256116 0.007379 0.068250
v -0.252742 0.006716 0.059916
v -0.251566 0.008814 0.055733
v -0.248509 0.013972 0.046970
v -0.254530 0.006306 0.064385
v -0.246128 0.012441 0.085566
v -0.239614 0.005977 0.068250
v -0.235250 0.011263 0.057342
v -0.203736 0.085769 -0.060495
v -0.200738 0.092920 -0.063724
v -0.208530 0.078996 -0.055753
v -0.214598 0.071969 -0.048468
v -0.220755 0.064487 -0.036544
v -0.226653 0.052384 -0.010359
v -0.222238 0.055361 -0.006365
v -0.236770 0.036501 0.033509
v -0.242176 0.036722 0.030250
v -0.260977 0.027675 0.037422
v -0.264716 0.018186 0.056365
v -0.264321 0.019108 0.055210
v -0.263756 0.019604 0.053063
v -0.263275 0.020971 0.050566
v -0.263059 0.022244 0.048833
v -0.251302 0.030801 0.050709
v -0.257073 0.017907 0.069779
v -0.255926 0.019233 0.066493
v -0.255621 0.019794 0.065911
v -0.255262 0.020701 0.064914
v -0.254784 0.022063 0.063360
v -0.235962 0.032099 0.061083
v -0.245064 0.019878 0.082814
v -0.241317 0.023162 0.074159
v -0.246925 0.035611 0.026319
v -0.251764 0.034912 0.022314
v -0.260875 0.031345 0.014409
v -0.261372 0.028357 0.021399
v -0.256168 0.033142 0.018212
v -0.231498 0.037721 0.036810
v -0.225743 0.037644 0.039112
v -0.241976 0.038852 -0.028023
v -0.239029 0.042318 -0.023314
v -0.234906 0.045234 -0.019242
v -0.230756 0.048886 -0.014802
v -0.217214 0.057743 -0.002700
v -0.211256 0.059004 0.000396
v -0.152168 0.052402 -0.062735
v -0.150963 0.043543 -0.105205
v -0.150879 0.043065 -0.113110
v -0.159360 0.043053 -0.132483
v -0.165260 0.043238 -0.136699
v -0.172733 0.043573 -0.138213
v -0.180438 0.043731 -0.135499
v -0.186976 0.043676 -0.129706
v -0.193078 0.044075 -0.122665
v -0.224968 0.054455 -0.052186
v -0.217563 0.059417 -0.068097
v -0.211623 0.070374 -0.027315
v -0.206765 0.071244 -0.021312
v -0.204029 0.077486 -0.033065
v -0.149901 0.061572 -0.065034
v -0.147469 0.070304 -0.066906
v -0.151236 0.051698 -0.104568
v -0.150842 0.057639 -0.103994
v -0.151440 0.051614 -0.111594
v -0.151227 0.059755 -0.108844
v -0.158654 0.052694 -0.131531
v -0.157859 0.062363 -0.130367
v -0.164526 0.053014 -0.135780
v -0.164084 0.062654 -0.134329
v -0.171926 0.053227 -0.136697
v -0.171515 0.062407 -0.134041
v -0.179040 0.052949 -0.133152
v -0.178065 0.061434 -0.130088
v -0.185024 0.052644 -0.127482
v -0.183642 0.060795 -0.125346
v -0.190909 0.053180 -0.120965
v -0.189622 0.061985 -0.120220
v -0.210726 0.070944 -0.072001
v -0.206334 0.079777 -0.074772
v -0.199800 0.083941 -0.042739
v -0.196071 0.089559 -0.048746
v -0.145029 0.078867 -0.068308
v -0.148398 0.069315 -0.102743
v -0.157112 0.072141 -0.129206
v -0.163886 0.072297 -0.132685
v -0.171582 0.071486 -0.130809
v -0.178360 0.069454 -0.126395
v -0.182966 0.066865 -0.123887
v -0.187766 0.070259 -0.120371
v -0.204331 0.088455 -0.076996
v -0.193139 0.095629 -0.052728
v -0.186694 0.008461 0.029436
v -0.205225 0.001275 0.021517
v -0.261635 0.021018 0.028170
v -0.260236 0.016193 0.027612
v -0.263012 0.021127 0.025857
v -0.262422 0.016094 0.025039
v -0.190091 0.011803 -0.007813
v -0.193111 0.006229 0.048871
v -0.189534 0.006755 0.039562
v -0.185382 0.013924 -0.005461
v -0.209308 0.000228 0.032016
v -0.261935 0.025163 0.028000
v -0.265704 0.024660 0.025070
v -0.251837 0.004570 0.024826
v -0.256678 0.005611 0.020962
v -0.162913 0.001632 -0.100398
v -0.174992 0.000001 -0.106969
v -0.180038 0.000405 -0.108119
v -0.185489 0.001117 -0.108763
v -0.191002 0.002113 -0.109037
v -0.196066 0.003413 -0.109192
v -0.225776 0.005941 0.051052
v -0.219313 0.006607 0.052968
v -0.242704 0.007565 0.044029
v -0.237863 0.006627 0.046796
v -0.250633 0.009395 0.036331
v -0.253726 0.009731 0.032375
v -0.261287 0.011957 0.023977
v -0.233027 0.012073 0.052928
v -0.247445 0.014189 0.043910
v -0.256814 0.014856 0.032292
v -0.271335 0.013051 0.019294
v -0.262484 0.007179 0.018277
v -0.271088 0.010712 0.005642
v -0.267241 0.006709 0.007646
v -0.156019 0.012687 -0.087439
v -0.158930 0.008385 -0.088097
v -0.185117 0.006724 -0.129069
v -0.186082 0.004215 -0.123622
v -0.154131 0.008290 -0.113848
v -0.157099 0.004636 -0.111689
v -0.164881 0.018216 -0.064667
v -0.168449 0.014724 -0.066249
v -0.188023 0.011023 0.005584
v -0.193027 0.008677 0.003109
v -0.258151 0.005188 -0.012984
v -0.263694 0.009549 -0.014355
v -0.228312 0.011578 -0.061503
v -0.231928 0.015218 -0.062305
v -0.262953 0.005286 -0.002784
v -0.267788 0.009789 -0.004276
v -0.169201 0.019341 -0.052311
v -0.173087 0.016341 -0.054205
v -0.234600 0.010798 -0.051118
v -0.238596 0.014284 -0.052151
v -0.177731 0.006668 -0.129875
v -0.179465 0.003912 -0.124228
v -0.245174 0.013299 -0.042185
v -0.240847 0.009957 -0.040977
v -0.152339 0.008685 -0.106711
v -0.155434 0.005068 -0.105863
v -0.215289 0.014135 -0.094635
v -0.212240 0.010519 -0.093452
v -0.205644 0.010039 -0.114494
v -0.203058 0.007205 -0.111798
v -0.247190 0.008332 -0.031326
v -0.251932 0.011932 -0.032682
v -0.252957 0.006629 -0.021851
v -0.258301 0.010503 -0.023411
v -0.225448 0.015979 -0.072671
v -0.222065 0.012469 -0.071927
v -0.160526 0.015835 -0.076475
v -0.163616 0.011741 -0.077540
v -0.195406 0.002873 0.036936
v -0.202253 0.000752 0.034472
v -0.171025 0.007243 -0.128914
v -0.173270 0.003984 -0.123654
v -0.152781 0.010021 -0.097662
v -0.155805 0.005984 -0.097850
v -0.199428 0.008497 -0.121562
v -0.198058 0.006043 -0.117933
v -0.192331 0.004743 0.026688
v -0.198588 0.002318 0.024043
v -0.189887 0.007441 0.016215
v -0.195577 0.005077 0.013644
v -0.174187 0.019985 -0.040267
v -0.178216 0.017359 -0.042348
v -0.211022 0.011869 -0.105321
v -0.207798 0.008622 -0.103394
v -0.219646 0.015779 -0.083462
v -0.216680 0.012065 -0.082706
v -0.182054 0.016263 -0.016786
v -0.186566 0.014073 -0.019058
v -0.178817 0.019083 -0.028378
v -0.182955 0.016560 -0.030561
v -0.165349 0.007858 -0.126629
v -0.167875 0.004216 -0.122034
v -0.192523 0.007376 -0.126410
v -0.192490 0.004989 -0.121677
v -0.267870 0.010125 0.016132
v -0.271087 0.012815 0.013881
v -0.206483 0.001262 0.045068
v -0.199160 0.002775 0.046515
v -0.175145 0.003845 -0.082275
v -0.179543 0.002823 -0.084359
v -0.152007 0.042988 -0.120401
v -0.154869 0.042996 -0.126976
v -0.184833 0.005513 -0.072940
v -0.180419 0.007036 -0.071116
v -0.137457 0.189324 -0.118704
v -0.132620 0.189375 -0.105718
v -0.150877 0.071050 -0.113588
v -0.152816 0.071684 -0.122346
v -0.151936 0.052048 -0.118839
v -0.154279 0.052404 -0.125790
v -0.146573 0.103089 -0.109975
v -0.149055 0.102816 -0.119732
v -0.139582 0.174751 -0.118620
v -0.135143 0.174805 -0.106719
v -0.227272 0.001360 0.024998
v -0.221900 0.001121 0.027244
v -0.155361 0.025087 -0.128061
v -0.152144 0.025548 -0.121791
v -0.227341 0.002034 0.038898
v -0.233356 0.002270 0.037028
v -0.151749 0.061175 -0.116400
v -0.153574 0.061883 -0.124096
v -0.148063 0.092406 -0.110916
v -0.150613 0.092257 -0.120370
v -0.191645 0.011528 -0.048008
v -0.196170 0.009667 -0.049609
v -0.143118 0.125009 -0.109028
v -0.146015 0.124865 -0.119165
v -0.155185 0.033730 -0.127747
v -0.152176 0.034003 -0.121299
v -0.218724 0.003840 0.004974
v -0.213295 0.003686 0.006979
v -0.190495 0.008469 -0.061359
v -0.185985 0.010197 -0.059707
v -0.141345 0.161359 -0.118530
v -0.137220 0.161354 -0.107616
v -0.196644 0.010445 -0.036318
v -0.201343 0.009169 -0.037976
v -0.147545 0.113621 -0.119433
v -0.144826 0.113800 -0.109519
v -0.142996 0.148703 -0.118627
v -0.139171 0.148711 -0.108271
v -0.156543 0.017861 -0.127358
v -0.152701 0.018277 -0.121787
v -0.217449 0.002124 0.017021
v -0.222812 0.002384 0.014833
v -0.205210 0.007230 -0.013967
v -0.210326 0.006526 -0.015739
v -0.144453 0.136583 -0.118834
v -0.141105 0.136671 -0.108635
v -0.174690 0.000705 -0.095340
v -0.170455 0.001427 -0.093072
v -0.200969 0.008606 -0.024986
v -0.205917 0.007732 -0.026651
v -0.209288 0.005652 -0.003317
v -0.214576 0.005245 -0.005226
v -0.158421 0.012385 -0.125827
v -0.154485 0.012575 -0.120997
v -0.149398 0.081719 -0.112003
v -0.151883 0.081861 -0.121132
v -0.170516 0.000005 -0.105207
v -0.166560 0.000577 -0.102885
v -0.160699 0.008113 -0.123421
v -0.156980 0.008157 -0.119248
v -0.163398 0.004257 -0.119544
v -0.159840 0.004377 -0.116064
v -0.224989 0.023105 0.096847
v -0.219583 0.021251 0.097294
v -0.229347 0.022995 0.094593
v -0.214779 0.020945 0.092649
v -0.212860 0.022504 0.086431
v -0.231732 0.021290 0.091202
v -0.230372 0.021544 0.085421
v -0.226194 0.023312 0.080111
v -0.218176 0.024900 0.085546
v -0.222814 0.024969 0.083327
v -0.255672 0.014133 0.073360
v -0.253388 0.014523 0.072821
v -0.262480 0.015905 0.057050
v -0.260480 0.015915 0.056242
v -0.264978 0.016990 0.056455
v -0.252669 0.016699 0.069972
v -0.260355 0.017824 0.053753
v -0.256008 0.018752 0.067093
v -0.242849 0.020502 0.078084
v -0.247327 0.018393 0.077265
v -0.263521 0.020075 0.051566
v -0.267120 0.018702 0.050883
v -0.268202 0.016376 0.053568
v -0.247714 0.018886 0.081102
v -0.248349 0.017518 0.083251
v -0.267148 0.016209 0.055672
v -0.246449 0.018040 0.084618
v -0.259656 0.017140 0.065452
v -0.261098 0.014795 0.068236
v -0.244225 0.018021 0.085521
v -0.260192 0.014538 0.070593
v -0.241537 0.017834 0.085395
v -0.258106 0.014668 0.072480
v -0.239844 0.018531 0.082327
v -0.263329 0.020436 0.027779
v -0.263243 0.015603 0.025770
v -0.263131 0.019606 0.029876
v -0.263347 0.014834 0.026662
v -0.262841 0.018608 0.032089
v -0.263047 0.013293 0.028103
v -0.262955 0.017126 0.034766
v -0.262851 0.011105 0.030969
v -0.263477 0.015865 0.037174
v -0.263848 0.010230 0.035144
v -0.264313 0.014992 0.038813
v -0.265221 0.010647 0.038274
v -0.265432 0.014588 0.040023
v -0.266352 0.011872 0.040267
v -0.266459 0.014638 0.040693
v -0.266969 0.012983 0.040962
v -0.267347 0.014806 0.040968
v -0.267419 0.013781 0.041116
v -0.268296 0.014830 0.041019
v -0.268260 0.013631 0.041148
v -0.269455 0.014683 0.040835
v -0.269289 0.013798 0.040967
v -0.270651 0.014520 0.040343
v -0.269985 0.013195 0.040679
v -0.272194 0.014702 0.039262
v -0.271277 0.012645 0.039819
v -0.273068 0.015344 0.037771
v -0.272650 0.012546 0.038193
v -0.273522 0.016146 0.036246
v -0.273762 0.012595 0.035979
v -0.273949 0.016910 0.034483
v -0.274452 0.012564 0.032936
v -0.274457 0.017341 0.032149
v -0.274139 0.012587 0.028658
v -0.274738 0.017444 0.029025
v -0.272928 0.013158 0.025681
v -0.274433 0.017243 0.024617
v -0.271727 0.013466 0.023507
v -0.267299 0.022418 0.031495
v -0.267470 0.020882 0.033642
v -0.267586 0.012195 0.024872
v -0.268074 0.010377 0.025926
v -0.273568 0.019931 0.030039
v -0.273203 0.019242 0.032773
v -0.271528 0.021910 0.030998
v -0.271241 0.020516 0.033304
v -0.273895 0.020592 0.025932
v -0.272789 0.018706 0.034666
v -0.272449 0.018065 0.036018
v -0.271028 0.017554 0.037171
v -0.270902 0.017051 0.038438
v -0.269990 0.016815 0.039361
v -0.269387 0.015531 0.040608
v -0.268400 0.015860 0.040656
v -0.267509 0.015762 0.040670
v -0.267323 0.017117 0.039345
v -0.267109 0.017664 0.038375
v -0.267499 0.018175 0.037109
v -0.266627 0.018838 0.036351
v -0.267014 0.019737 0.035246
v -0.266922 0.023737 0.028740
v -0.271073 0.023973 0.022472
v -0.268375 0.012362 0.040969
v -0.268746 0.010973 0.040228
v -0.269681 0.008535 0.034523
v -0.268844 0.008276 0.029402
v -0.266973 0.013016 0.024406
v -0.269457 0.009620 0.038125
v -0.271411 0.023291 0.027501
v -0.268600 0.017473 0.039410
v -0.269041 0.018185 0.038271
v -0.269392 0.018424 0.036818
v -0.269973 0.018948 0.035952
v -0.270643 0.019817 0.034891
v -0.265363 0.012298 0.022139
v -0.267018 0.016368 0.040101
v -0.266129 0.016850 0.039210
v -0.268497 0.016634 0.039893
v -0.266610 0.017949 0.037319
v -0.269648 0.018629 0.036360
v -0.271940 0.017155 0.037134
v -0.271834 0.015990 0.038791
v -0.270192 0.015924 0.039978
v -0.030226 1.592070 0.080194
v -0.028922 1.588168 0.075229
v -0.028790 1.583618 0.072639
v -0.030508 1.589269 0.093075
v -0.028664 1.591608 0.088813
v -0.027565 1.592062 0.084439
v -0.027018 1.591175 0.080591
v -0.026881 1.589471 0.077578
v -0.027021 1.587514 0.075543
v -0.027228 1.585852 0.074298
v -0.027462 1.584745 0.073598
v -0.027719 1.583958 0.073135
v -0.028005 1.583242 0.072765
v -0.026648 1.587601 0.093070
v -0.024981 1.589708 0.088917
v -0.024200 1.590151 0.084520
v -0.024179 1.589385 0.080649
v -0.024687 1.587933 0.077655
v -0.025424 1.586303 0.075637
v -0.026080 1.584930 0.074398
v -0.026591 1.584047 0.073699
v -0.026937 1.583379 0.073261
v -0.027249 1.582769 0.072923
v -0.023628 1.585170 0.092389
v -0.021987 1.586858 0.088583
v -0.021469 1.587328 0.084266
v -0.021925 1.586850 0.080430
v -0.023008 1.585833 0.077502
v -0.024247 1.584691 0.075552
v -0.025238 1.583710 0.074368
v -0.025858 1.583059 0.073741
v -0.026260 1.582652 0.073385
v -0.026594 1.582241 0.073095
v -0.021590 1.582149 0.091400
v -0.020010 1.583285 0.087948
v -0.019634 1.583799 0.083782
v -0.020448 1.583755 0.080020
v -0.021954 1.583357 0.077196
v -0.023544 1.582852 0.075343
v -0.024760 1.582394 0.074249
v -0.025495 1.582111 0.073689
v -0.025935 1.581979 0.073392
v -0.026212 1.581919 0.073225
v -0.020731 1.578685 0.090479
v -0.019208 1.579262 0.087176
v -0.018894 1.579859 0.083120
v -0.019875 1.580365 0.079460
v -0.021586 1.580703 0.076775
v -0.023296 1.580908 0.075057
v -0.024580 1.581021 0.074070
v -0.025387 1.581136 0.073549
v -0.025894 1.581233 0.073261
v -0.026361 1.581443 0.073041
v -0.030120 1.580812 0.071687
v -0.021141 1.575248 0.090013
v -0.019694 1.575141 0.086409
v -0.019392 1.575881 0.082330
v -0.020335 1.576963 0.078793
v -0.021964 1.578067 0.076275
v -0.023556 1.578951 0.074702
v -0.024760 1.579567 0.073803
v -0.025557 1.579991 0.073308
v -0.026156 1.580352 0.072995
v -0.026655 1.580699 0.072780
v -0.029817 1.581614 0.071864
v -0.022802 1.571960 0.089957
v -0.021358 1.571372 0.085733
v -0.021039 1.572268 0.081443
v -0.021777 1.573893 0.078026
v -0.023067 1.575646 0.075706
v -0.024350 1.577149 0.074267
v -0.025352 1.578184 0.073452
v -0.026065 1.578835 0.072997
v -0.026675 1.579348 0.072680
v -0.027180 1.579786 0.072471
v -0.029353 1.582303 0.072109
v -0.025513 1.569162 0.089974
v -0.024118 1.568252 0.084948
v -0.023732 1.569423 0.080448
v -0.024058 1.571484 0.077198
v -0.024793 1.573724 0.075081
v -0.025605 1.575731 0.073758
v -0.026284 1.577109 0.073050
v -0.026794 1.577987 0.072683
v -0.027231 1.578612 0.072451
v -0.027638 1.579090 0.072276
v -0.028993 1.582962 0.072376
v -0.029182 1.567114 0.089653
v -0.027892 1.566185 0.084045
v -0.027154 1.567604 0.079426
v -0.026899 1.569985 0.076376
v -0.026967 1.572522 0.074428
v -0.027188 1.574829 0.073218
v -0.027447 1.576471 0.072639
v -0.027655 1.577509 0.072384
v -0.027831 1.578274 0.072240
v -0.027935 1.578719 0.072178
v -0.029451 1.580268 0.071770
v -0.033677 1.566416 0.088842
v -0.032334 1.565539 0.083097
v -0.031017 1.567016 0.078495
v -0.030038 1.569506 0.075566
v -0.029381 1.572140 0.073756
v -0.028971 1.574535 0.072694
v -0.028751 1.576283 0.072236
v -0.028630 1.577392 0.072069
v -0.028537 1.578230 0.072007
v -0.028365 1.578903 0.072026
v -0.029030 1.581149 0.071972
v -0.038219 1.567471 0.087481
v -0.036832 1.566567 0.082153
v -0.035018 1.567798 0.077696
v -0.033274 1.570122 0.074823
v -0.031853 1.572618 0.073107
v -0.030789 1.574886 0.072206
v -0.030084 1.576538 0.071872
v -0.029658 1.577640 0.071777
v -0.029342 1.578485 0.071774
v -0.029042 1.579151 0.071828
v -0.028692 1.581850 0.072188
v -0.041676 1.569856 0.085953
v -0.040661 1.569071 0.081309
v -0.038710 1.569999 0.077188
v -0.036363 1.571838 0.074284
v -0.034199 1.573950 0.072612
v -0.032491 1.575864 0.071828
v -0.031336 1.577254 0.071585
v -0.030610 1.578229 0.071556
v -0.030125 1.578998 0.071595
v -0.029825 1.579615 0.071654
v -0.028298 1.582562 0.072474
v -0.043726 1.572655 0.084866
v -0.043279 1.572421 0.080839
v -0.041649 1.573177 0.076967
v -0.038958 1.574553 0.074080
v -0.036212 1.576057 0.072373
v -0.033944 1.577409 0.071626
v -0.032392 1.578404 0.071424
v -0.031406 1.579109 0.071430
v -0.030760 1.579670 0.071502
v -0.030414 1.580198 0.071580
v -0.028719 1.579767 0.071929
v -0.044897 1.575531 0.084337
v -0.044788 1.576086 0.080864
v -0.043424 1.577025 0.077230
v -0.040680 1.577966 0.074299
v -0.037619 1.578762 0.072494
v -0.034983 1.579408 0.071665
v -0.033129 1.579885 0.071438
v -0.031949 1.580236 0.071438
v -0.031178 1.580488 0.071508
v -0.030774 1.580600 0.071565
v -0.028353 1.580615 0.072104
v -0.045475 1.578758 0.084307
v -0.045366 1.580081 0.081434
v -0.044014 1.581193 0.077964
v -0.041311 1.581698 0.074954
v -0.038189 1.581762 0.072987
v -0.035438 1.581667 0.071977
v -0.033437 1.581555 0.071640
v -0.032146 1.581489 0.071586
v -0.031282 1.581367 0.071611
v -0.030667 1.581137 0.071644
v -0.028024 1.581444 0.072330
v -0.045273 1.582155 0.085127
v -0.044784 1.584181 0.082577
v -0.043293 1.585288 0.079151
v -0.040769 1.585339 0.075972
v -0.037831 1.584721 0.073774
v -0.035208 1.583933 0.072533
v -0.033256 1.583240 0.072024
v -0.031988 1.582748 0.071859
v -0.031111 1.582312 0.071809
v -0.030436 1.581946 0.071817
v -0.027566 1.582209 0.072650
v -0.044115 1.585396 0.086555
v -0.043018 1.587760 0.084088
v -0.041382 1.588744 0.080566
v -0.039135 1.588453 0.077182
v -0.036575 1.587293 0.074736
v -0.034288 1.585908 0.073274
v -0.032583 1.584728 0.072531
v -0.031486 1.583889 0.072230
v -0.030728 1.583264 0.072110
v -0.030027 1.582759 0.072080
v -0.028069 1.579442 0.072123
v -0.042002 1.587936 0.088338
v -0.040248 1.590393 0.085661
v -0.038545 1.591240 0.081965
v -0.036622 1.590704 0.078402
v -0.034586 1.589181 0.075720
v -0.032805 1.587369 0.074034
v -0.031487 1.585812 0.073105
v -0.030687 1.584742 0.072662
v -0.030193 1.583997 0.072441
v -0.029667 1.583409 0.072347
v -0.027658 1.580071 0.072298
v -0.038864 1.589528 0.090351
v -0.036716 1.591981 0.087114
v -0.035068 1.592676 0.083157
v -0.033543 1.591940 0.079450
v -0.032112 1.590207 0.076579
v -0.030942 1.588145 0.074714
v -0.030100 1.586370 0.073632
v -0.029638 1.585187 0.073080
v -0.029452 1.584399 0.072761
v -0.029336 1.583854 0.072577
v -0.027207 1.580963 0.072568
v -0.034841 1.589983 0.092123
v -0.032723 1.592417 0.088215
v -0.031286 1.592945 0.083983
v -0.029437 1.590275 0.077222
v -0.028601 1.586356 0.074037
v -0.028479 1.585145 0.073399
v -0.028582 1.584317 0.072975
v -0.026891 1.581722 0.072835
v -0.007650 1.512207 0.111446
v -0.010104 1.512115 0.110635
v -0.012537 1.512095 0.109484
v -0.014912 1.512035 0.108021
v -0.017251 1.511985 0.106298
v -0.019400 1.511992 0.104481
v -0.024535 1.510979 0.098766
v -0.025598 1.509695 0.096927
v -0.025995 1.508247 0.095902
v -0.025924 1.506928 0.095508
v -0.025664 1.505603 0.095347
v -0.025271 1.504476 0.095594
v -0.024490 1.503579 0.096607
v -0.023256 1.502708 0.098288
v -0.021385 1.501850 0.100395
v -0.018934 1.500923 0.102708
v -0.015997 1.499807 0.104888
v -0.012262 1.498285 0.106434
v -0.007072 1.496369 0.107433
v -0.014601 1.504180 0.107305
v -0.006045 1.503532 0.109334
v -0.020518 1.504866 0.102922
v -0.013232 1.508365 0.111604
v -0.015659 1.508210 0.109860
v -0.017944 1.507986 0.107751
v -0.020020 1.507900 0.105561
v -0.025455 1.506849 0.099482
v -0.024386 1.506235 0.099960
v -0.020581 1.506657 0.105022
v -0.014241 1.507038 0.109453
v -0.005650 1.507609 0.112358
v -0.007830 1.508344 0.114034
v -0.010801 1.503791 0.108656
v -0.010323 1.507307 0.111164
v -0.010620 1.508423 0.113011
v -0.025393 1.506706 0.097375
v -0.024910 1.505776 0.097375
v -0.024523 1.505026 0.097199
v -0.025362 1.507621 0.098988
v -0.025543 1.507451 0.097240
v -0.023803 1.504916 0.098550
v -0.017713 1.504485 0.105236
v -0.017465 1.506770 0.107346
v -0.024516 1.508212 0.100326
v -0.022710 1.506467 0.102492
v -0.022495 1.504897 0.100568
v -0.024171 1.574945 0.094973
v -0.021738 1.575256 0.093576
v -0.018732 1.574564 0.094450
v -0.019073 1.575700 0.094879
v -0.019392 1.574106 0.095054
v -0.024648 1.573927 0.096937
v -0.030813 1.573109 0.098476
v -0.034487 1.572906 0.097948
v -0.041851 1.573999 0.093711
v -0.026337 1.581376 0.097959
v -0.039557 1.581645 0.096352
v -0.043283 1.579945 0.093082
v -0.044997 1.578635 0.090461
v -0.018327 1.574232 0.094964
v -0.034592 1.582800 0.098633
v -0.023167 1.578897 0.096615
v -0.045759 1.577309 0.087933
v -0.019388 1.573716 0.095719
v -0.030988 1.573666 0.096396
v -0.034465 1.572963 0.095930
v -0.041324 1.573860 0.092039
v -0.044113 1.575814 0.088377
v -0.026351 1.581295 0.096239
v -0.038489 1.583049 0.095337
v -0.041980 1.581792 0.092280
v -0.043930 1.580572 0.089640
v -0.033806 1.583632 0.097485
v -0.044981 1.578230 0.086962
v -0.059151 1.523458 0.070415
v -0.023024 1.578430 0.094956
v -0.019600 1.572723 0.096191
v -0.018171 1.573877 0.095425
v -0.023132 1.579728 0.097501
v -0.026273 1.581957 0.099062
v -0.035232 1.583041 0.099495
v -0.040525 1.581805 0.097092
v -0.044456 1.579879 0.093552
v -0.046417 1.578450 0.090845
v -0.047427 1.577167 0.088003
v -0.042646 1.572652 0.094350
v -0.034539 1.571280 0.098273
v -0.030761 1.571613 0.098737
v -0.025021 1.572370 0.097282
v -0.044741 1.575489 0.089671
v -0.045789 1.574808 0.089992
v -0.018887 1.575821 0.095424
v -0.018594 1.576574 0.095701
v -0.009241 1.540078 0.120091
v -0.010560 1.540417 0.118541
v -0.012033 1.539956 0.116002
v -0.012171 1.538414 0.111179
v -0.006438 1.539656 0.121232
v -0.012697 1.538588 0.113713
v -0.007320 1.541470 0.120102
v -0.012905 1.539584 0.120131
v -0.009932 1.539821 0.122354
v -0.010127 1.536711 0.111003
v -0.010553 1.533135 0.111953
v -0.012754 1.535583 0.112304
v -0.014257 1.535239 0.113364
v -0.015123 1.536367 0.115381
v -0.069315 1.535548 0.024999
v -0.072189 1.573028 0.026023
v -0.073856 1.586268 0.025318
v -0.071169 1.553927 0.025908
v -0.026183 1.584812 0.098907
v -0.027343 1.476625 0.096269
v -0.033475 1.479795 0.089783
v -0.018953 1.538091 0.107768
v -0.019112 1.540697 0.110831
v -0.049999 1.643662 0.068933
v -0.074803 1.617641 0.031496
v -0.039743 1.496524 0.090172
v -0.017212 1.495452 0.110559
v -0.006329 1.495126 0.114082
v -0.018588 1.540195 0.105682
v -0.044838 1.566991 0.090892
v -0.039281 1.566917 0.094658
v -0.016938 1.498053 0.112686
v -0.006403 1.496926 0.116403
v -0.024116 1.517359 0.109021
v -0.017647 1.508470 0.112724
v -0.014815 1.508891 0.114734
v -0.008045 1.518696 0.119051
v -0.022906 1.513611 0.110764
v -0.022328 1.524159 0.108157
v -0.037576 1.646110 0.079907
v -0.059336 1.573321 0.073615
v -0.027826 1.547814 0.099286
v -0.026516 1.506761 0.101387
v -0.030114 1.481179 0.094520
v -0.030270 1.475074 0.091442
v -0.039616 1.545506 0.095944
v -0.052898 1.581417 0.085487
v -0.062764 1.562368 0.072021
v -0.022872 1.566780 0.096815
v -0.048842 1.576575 0.085846
v -0.053123 1.574705 0.080285
v -0.018588 1.535364 0.105174
v -0.018444 1.542885 0.107683
v -0.007171 1.528879 0.115069
v -0.059313 1.564933 0.076593
v -0.020214 1.507828 0.110348
v -0.043353 1.570372 0.093015
v -0.030855 1.551696 0.097464
v -0.023606 1.551265 0.099974
v -0.046932 1.589649 0.095627
v -0.039130 1.595438 0.101251
v -0.049582 1.593356 0.094012
v -0.015901 1.559124 0.103286
v -0.008593 1.568422 0.108082
v -0.008097 1.543954 0.126853
v -0.026385 1.506744 0.101360
v -0.032499 1.507938 0.102451
v -0.043830 1.508233 0.088226
v -0.022383 1.507051 0.107778
v -0.038043 1.506358 0.096017
v -0.036392 1.501932 0.096792
v -0.021599 1.484453 0.102866
v -0.014362 1.571832 0.097063
v -0.017367 1.573219 0.096035
v -0.032164 1.544604 0.098734
v -0.040367 1.556143 0.094402
v -0.035537 1.558622 0.095558
v -0.030777 1.561052 0.096419
v -0.055107 1.580353 0.081071
v -0.057510 1.581830 0.077821
v -0.059661 1.583325 0.074112
v -0.053908 1.586165 0.086884
v -0.055980 1.589332 0.084399
v -0.065514 1.599068 0.058531
v -0.076590 1.604892 0.020470
v -0.035616 1.619222 0.095617
v -0.047344 1.617387 0.087028
v -0.056295 1.612092 0.077411
v -0.021354 1.531805 0.105026
v -0.010983 1.583558 0.101706
v -0.005620 1.537746 0.122230
v -0.033215 1.596596 0.104015
v -0.035336 1.591269 0.101812
v -0.015020 1.582706 0.098827
v -0.041657 1.618653 0.091442
v -0.043917 1.645211 0.074814
v -0.065618 1.559658 0.066365
v -0.019833 1.515226 0.113204
v -0.030759 1.507120 0.102797
v -0.029966 1.506057 0.102300
v -0.028424 1.505091 0.102749
v -0.016542 1.501050 0.114117
v -0.006412 1.499337 0.118647
v -0.030776 1.499142 0.100460
v -0.054210 1.607289 0.081678
v -0.045367 1.611833 0.090573
v -0.039886 1.612865 0.094727
v -0.034011 1.613237 0.098623
v -0.058170 1.617086 0.073062
v -0.048876 1.622801 0.083504
v -0.043041 1.624306 0.088281
v -0.036928 1.625120 0.092826
v -0.018763 1.586290 0.101317
v -0.030143 1.587593 0.101633
v -0.044397 1.586483 0.096426
v -0.048559 1.585055 0.092608
v -0.051577 1.583357 0.088604
v -0.049658 1.563938 0.087416
v -0.050577 1.575682 0.083001
v -0.052798 1.579331 0.083719
v -0.020307 1.564830 0.097447
v -0.055191 1.583547 0.083173
v -0.057318 1.586018 0.080297
v -0.006139 1.490128 0.110775
v -0.017547 1.489342 0.106840
v -0.026295 1.554892 0.098120
v -0.035398 1.548691 0.096850
v -0.031600 1.522398 0.102279
v -0.024152 1.489777 0.102425
v -0.016604 1.485422 0.106416
v -0.045011 1.553218 0.093008
v -0.036254 1.541310 0.097898
v -0.028566 1.532794 0.101718
v -0.025133 1.528473 0.104525
v -0.032042 1.509839 0.103246
v -0.033781 1.511391 0.101778
v -0.036031 1.513153 0.099331
v -0.042191 1.502211 0.089015
v -0.007730 1.553627 0.122344
v -0.029127 1.592966 0.104209
v -0.014355 1.587838 0.104232
v -0.008139 1.548956 0.125645
v -0.019589 1.555021 0.101208
v -0.021985 1.558455 0.098892
v -0.016074 1.548599 0.107139
v -0.017481 1.578220 0.096049
v -0.009636 1.579082 0.100323
v -0.006405 1.579391 0.103767
v -0.024290 1.561414 0.097216
v -0.017037 1.546146 0.110888
v -0.017893 1.543458 0.114223
v -0.011184 1.528162 0.112809
v -0.012144 1.517901 0.117538
v -0.014875 1.542281 0.120062
v -0.018193 1.537979 0.113667
v -0.017744 1.535499 0.111178
v -0.017004 1.527631 0.109560
v -0.029099 1.518803 0.105039
v -0.067347 1.523115 0.023198
v -0.007226 1.539614 0.125310
v -0.022189 1.612513 0.104805
v -0.023185 1.618883 0.102024
v -0.024173 1.625220 0.099702
v -0.049223 1.549685 0.090909
v -0.054312 1.560773 0.084655
v -0.039699 1.490637 0.086559
v -0.036587 1.491238 0.091496
v -0.029661 1.493878 0.099694
v -0.025386 1.498465 0.104738
v -0.024173 1.500848 0.106512
v -0.023061 1.503359 0.107606
v -0.059044 1.588448 0.076745
v -0.057419 1.592653 0.080936
v -0.051380 1.597830 0.090749
v -0.041714 1.600513 0.098814
v -0.036068 1.601360 0.102043
v -0.030578 1.601828 0.104749
v -0.021522 1.596959 0.107973
v -0.010068 1.590842 0.107317
v -0.008236 1.509537 0.117752
v -0.011471 1.547522 0.121744
v -0.011484 1.543355 0.123341
v -0.024395 1.647080 0.087151
v -0.024764 1.536170 0.102241
v -0.020687 1.539908 0.102899
v -0.018280 1.544726 0.104169
v -0.007592 1.558141 0.118350
v -0.010844 1.551482 0.118535
v -0.010705 1.555499 0.114752
v -0.012385 1.563387 0.105750
v -0.014376 1.566253 0.100906
v -0.016803 1.568282 0.097417
v -0.025499 1.512113 0.108439
v -0.027016 1.515348 0.107170
v -0.020556 1.519529 0.111012
v -0.016303 1.521586 0.113062
v -0.007586 1.523624 0.116726
v -0.063531 1.595794 0.063755
v -0.054875 1.595690 0.085918
v -0.053380 1.591730 0.089328
v -0.051018 1.588214 0.091395
v -0.026509 1.563796 0.096878
v -0.048929 1.571439 0.085855
v -0.046915 1.573235 0.088350
v -0.064883 1.588007 0.060724
v -0.066833 1.590369 0.055011
v -0.016245 1.516743 0.115526
v -0.012083 1.500170 0.117001
v -0.012183 1.497237 0.115250
v -0.012151 1.494922 0.113006
v -0.011886 1.489598 0.109432
v -0.016533 1.466866 0.099401
v -0.017745 1.465062 0.094356
v -0.011707 1.522876 0.115177
v -0.011638 1.509277 0.116373
v -0.026133 1.521357 0.106557
v -0.028708 1.525380 0.103472
v -0.032040 1.529461 0.100811
v -0.052620 1.545550 0.087973
v -0.058534 1.557107 0.081199
v -0.055460 1.567313 0.080111
v -0.056124 1.573991 0.077181
v -0.051851 1.569506 0.083066
v -0.019949 1.501960 0.110870
v -0.020763 1.499212 0.109620
v -0.021566 1.496622 0.107610
v -0.033201 1.486150 0.092916
v -0.036556 1.485067 0.088060
v -0.011930 1.473405 0.107852
v -0.009266 1.473295 0.108747
v -0.004960 1.473296 0.109453
v -0.011537 1.465371 0.099668
v -0.005997 1.464730 0.099704
v -0.024911 1.636772 0.094090
v -0.038110 1.636049 0.086703
v -0.044307 1.634952 0.081657
v -0.050279 1.633238 0.076223
v -0.060656 1.627326 0.064224
v -0.071288 1.596787 0.040541
v -0.007178 1.584374 0.104497
v -0.011199 1.611073 0.107182
v -0.011767 1.617830 0.104932
v -0.012268 1.624459 0.102807
v -0.012650 1.636519 0.097674
v -0.012259 1.647627 0.090812
v -0.059583 1.578117 0.073237
v -0.056871 1.577735 0.076901
v -0.054191 1.577398 0.080179
v -0.051732 1.577508 0.082838
v -0.011424 1.570363 0.101262
v -0.070269 1.607393 0.046045
v -0.019691 1.570268 0.096423
v -0.030415 1.585941 0.099637
v -0.041621 1.584696 0.095574
v -0.049685 1.579243 0.086702
v -0.028665 1.558184 0.096770
v -0.033362 1.555317 0.096162
v -0.038034 1.552516 0.095391
v -0.042440 1.549439 0.094302
v -0.034480 1.569317 0.097476
v -0.024919 1.598519 0.107328
v -0.028067 1.613076 0.102139
v -0.029388 1.619244 0.099273
v -0.030576 1.625375 0.096765
v -0.031572 1.636610 0.090931
v -0.030960 1.646651 0.084041
v -0.030699 1.569977 0.097928
v -0.034260 1.567454 0.096524
v -0.023041 1.584699 0.100257
v -0.027986 1.570539 0.097599
v -0.028436 1.569312 0.097326
v -0.030534 1.568470 0.097233
v -0.052505 1.602569 0.086172
v -0.043427 1.606112 0.094601
v -0.038017 1.606993 0.098443
v -0.032403 1.607324 0.101998
v -0.026814 1.607067 0.105055
v -0.021292 1.606311 0.107293
v -0.010604 1.604384 0.108987
v -0.018027 1.562298 0.099937
v -0.013559 1.552182 0.110770
v -0.025443 1.506784 0.102234
v -0.021085 1.506920 0.106583
v -0.018183 1.507183 0.109470
v -0.015014 1.507481 0.112261
v -0.010819 1.507579 0.114702
v -0.005766 1.507251 0.116177
v -0.033532 1.497796 0.097926
v -0.015511 1.481591 0.107116
v -0.010764 1.482741 0.109364
v -0.005567 1.483576 0.110679
v -0.019780 1.480183 0.104007
v -0.013171 1.471671 0.106313
v -0.009687 1.470493 0.106971
v -0.005128 1.470025 0.107435
v -0.011328 1.486228 0.108893
v -0.005848 1.486919 0.110364
v -0.015418 1.533201 0.109949
v -0.069395 1.572012 0.051422
v -0.067232 1.571987 0.058306
v -0.065354 1.541701 0.064460
v -0.042749 1.496507 0.085336
v -0.065925 1.533064 0.055473
v -0.068638 1.533095 0.033238
v -0.047057 1.509534 0.083769
v -0.054038 1.512505 0.074203
v -0.064710 1.518453 0.053519
v -0.067037 1.520244 0.033255
v -0.051897 1.504373 0.074206
v -0.062191 1.506423 0.053830
v -0.063946 1.505628 0.034823
v -0.045508 1.489972 0.075930
v -0.038114 1.478078 0.078990
v -0.034035 1.473170 0.080487
v -0.019062 1.463594 0.083650
v -0.067813 1.556935 0.059527
v -0.069234 1.554661 0.051469
v -0.041877 1.483734 0.077379
v -0.048978 1.496820 0.074825
v -0.058010 1.496265 0.055395
v -0.052594 1.488141 0.057435
v -0.046736 1.481667 0.059573
v -0.040850 1.476559 0.061677
v -0.035388 1.472199 0.063725
v -0.019903 1.462285 0.068498
v -0.071728 1.572969 0.034641
v -0.071770 1.584723 0.036439
v -0.068237 1.581072 0.052642
v -0.066149 1.579852 0.058945
v -0.070438 1.553311 0.033750
v -0.030480 1.508259 0.103677
v -0.026208 1.507007 0.102085
v -0.056333 1.528359 0.077654
v -0.075954 1.591772 0.016156
v -0.028019 1.668526 0.062783
v -0.013098 1.676472 0.059203
v -0.015691 1.683450 0.040143
v -0.029683 1.676407 0.045576
v -0.028823 1.683598 0.018682
v -0.060501 1.631481 -0.052871
v -0.038298 1.678239 0.023863
v -0.035902 1.671275 0.049249
v -0.019407 1.687123 0.014793
v -0.031204 1.604141 -0.082880
v -0.047433 1.638580 -0.064177
v -0.032594 1.643243 -0.071922
v -0.030065 1.672660 -0.046181
v -0.045272 1.667990 -0.039500
v -0.059669 1.660618 -0.029785
v -0.064094 1.524104 0.009651
v -0.076401 1.589514 -0.001794
v -0.022745 1.680557 0.042469
v -0.054254 1.596435 -0.063642
v -0.043748 1.600813 -0.074444
v -0.046277 1.671474 0.029466
v -0.023797 1.671708 0.061079
v -0.014241 1.680216 0.050486
v -0.020450 1.677694 0.052033
v -0.031604 1.670004 0.056952
v -0.069614 1.651200 -0.018847
v -0.069486 1.623277 -0.039920
v -0.040404 1.547699 -0.059510
v -0.069363 1.552763 -0.013883
v -0.026379 1.674232 0.054184
v -0.047778 1.545732 -0.051338
v -0.062391 1.591516 -0.051536
v -0.064803 1.660243 -0.006335
v -0.054899 1.669171 -0.015722
v -0.041389 1.676155 -0.024168
v -0.027562 1.680675 -0.030119
v -0.072316 1.571707 -0.011322
v -0.053282 1.560033 -0.053396
v -0.075945 1.584889 -0.000119
v -0.072643 1.569847 -0.007827
v -0.070070 1.553798 -0.009647
v -0.068076 1.546056 -0.007780
v -0.045300 1.562827 -0.062833
v -0.036020 1.565377 -0.071059
v -0.025404 1.567424 -0.077230
v -0.058382 1.493470 0.038220
v -0.051518 1.484993 0.041979
v -0.044938 1.478775 0.045520
v -0.038926 1.473935 0.048868
v -0.033408 1.470072 0.051967
v -0.018481 1.461844 0.058394
v -0.061515 1.637921 0.055321
v -0.019449 1.462158 0.063589
v -0.034674 1.471508 0.058010
v -0.040247 1.475666 0.055449
v -0.046482 1.480551 0.052758
v -0.053057 1.486818 0.049966
v -0.059348 1.495210 0.047111
v -0.063942 1.506417 0.044659
v -0.066409 1.519396 0.043446
v -0.067560 1.532359 0.043249
v -0.070085 1.553442 0.042607
v -0.070914 1.572400 0.043450
v -0.070086 1.582769 0.045212
v -0.068946 1.593366 0.048340
v -0.067834 1.603014 0.052641
v -0.059559 1.622168 0.068623
v -0.049811 1.628067 0.079875
v -0.043908 1.629732 0.085023
v -0.037737 1.630725 0.089856
v -0.031313 1.631190 0.094044
v -0.024769 1.631204 0.097162
v -0.012593 1.630703 0.100523
v -0.039228 1.569343 0.095828
v -0.017288 1.540421 0.116814
v -0.014022 1.548883 0.114486
v -0.006475 1.534332 0.114836
v -0.015042 1.545774 0.117866
v -0.024320 1.594769 0.106622
v -0.028059 1.597758 0.106189
v -0.073829 1.600577 0.031550
v -0.072692 1.612088 0.038812
v -0.061313 1.632487 0.059810
v -0.050355 1.638411 0.072600
v -0.044349 1.640103 0.078274
v -0.038048 1.641128 0.083347
v -0.031427 1.641720 0.087567
v -0.024759 1.642042 0.090724
v -0.012492 1.642155 0.094384
v -0.010118 1.597903 0.109258
v -0.020817 1.600733 0.108317
v -0.025650 1.601656 0.106845
v -0.043332 1.541928 0.094425
v -0.039764 1.537744 0.096488
v -0.046424 1.545875 0.092531
v -0.049593 1.541803 0.089969
v -0.050486 1.510955 0.079144
v -0.048436 1.503604 0.079447
v -0.045797 1.496666 0.080208
v -0.042628 1.490271 0.081325
v -0.039346 1.484325 0.082789
v -0.036043 1.478810 0.084487
v -0.032442 1.473917 0.086062
v -0.018479 1.464199 0.088902
v -0.046219 1.537935 0.092141
v -0.042445 1.533904 0.094491
v -0.034806 1.526121 0.099553
v -0.052779 1.525441 0.081311
v -0.049128 1.522686 0.085020
v -0.045412 1.520039 0.088848
v -0.038640 1.515218 0.096148
v -0.055549 1.520703 0.075326
v -0.051986 1.518382 0.079724
v -0.036252 1.509623 0.098930
v -0.038676 1.510890 0.095766
v -0.044877 1.514294 0.088103
v -0.048399 1.516270 0.083939
v -0.034085 1.508684 0.101228
v -0.035569 1.505938 0.098959
v -0.033437 1.505900 0.100965
v -0.031855 1.506046 0.101896
v -0.033693 1.502411 0.099404
v -0.031433 1.503306 0.101012
v -0.029977 1.504287 0.101921
v -0.028620 1.500814 0.102283
v -0.027316 1.502611 0.103627
v -0.026159 1.504383 0.104667
v -0.023630 1.506821 0.104184
v -0.014715 1.538132 0.117789
v -0.006348 1.538959 0.113326
v -0.017345 1.685843 0.028135
v -0.025523 1.682664 0.031270
v -0.033654 1.677861 0.035393
v -0.040773 1.671848 0.039958
v -0.055899 1.641309 0.062389
v -0.056054 1.635977 0.066400
v -0.055749 1.630801 0.070323
v -0.055057 1.625624 0.074298
v -0.053952 1.620448 0.078327
v -0.052265 1.615232 0.082285
v -0.050199 1.609990 0.086204
v -0.048316 1.604643 0.090502
v -0.046944 1.599352 0.095064
v -0.044819 1.594496 0.098000
v -0.041839 1.590513 0.099143
v -0.038935 1.587145 0.099624
v -0.036350 1.585664 0.098575
v -0.041224 1.582716 0.097255
v -0.035737 1.583904 0.099765
v -0.030078 1.584147 0.100447
v -0.026271 1.583175 0.099437
v -0.049021 1.578511 0.087105
v -0.050046 1.578025 0.085246
v -0.050858 1.579085 0.085645
v -0.047628 1.580893 0.089520
v -0.047121 1.579391 0.090409
v -0.045401 1.582632 0.092279
v -0.045165 1.580830 0.093513
v -0.018641 1.674426 0.059946
v -0.018101 1.647437 0.089341
v -0.018414 1.642183 0.092949
v -0.018590 1.636710 0.096305
v -0.018485 1.630970 0.099223
v -0.018019 1.624845 0.101625
v -0.017285 1.618336 0.103851
v -0.016539 1.611751 0.106420
v -0.015848 1.605288 0.108496
v -0.015561 1.599322 0.109029
v -0.016433 1.594513 0.108110
v -0.019398 1.591553 0.105968
v -0.023974 1.589775 0.103251
v -0.019256 1.581338 0.098020
v -0.013355 1.578929 0.097053
v -0.025662 1.667358 0.066291
v -0.022294 1.668890 0.066473
v -0.017512 1.670811 0.066559
v -0.012340 1.672397 0.066607
v -0.012613 1.537297 0.112719
v -0.009548 1.541228 0.111319
v -0.010767 1.542747 0.114741
v -0.008728 1.542738 0.113982
v -0.004818 1.541634 0.118807
v -0.004080 1.539317 0.118278
v -0.004729 1.536774 0.118476
v -0.006270 1.492930 0.112126
v -0.012111 1.492508 0.110953
v -0.017538 1.492684 0.108483
v -0.022649 1.493775 0.105367
v -0.027164 1.496109 0.102574
v -0.035853 1.533556 0.098653
v -0.041821 1.517527 0.092607
v -0.041560 1.512470 0.092086
v -0.040795 1.507134 0.092361
v -0.039254 1.501867 0.093251
v -0.036642 1.496915 0.094472
v -0.033116 1.492258 0.095921
v -0.029184 1.487670 0.097371
v -0.026122 1.482863 0.098790
v -0.023746 1.478440 0.100392
v -0.014879 1.469248 0.103466
v -0.010554 1.467661 0.103982
v -0.005495 1.466951 0.104190
v -0.007831 1.562838 0.113879
v -0.011093 1.559517 0.110476
v -0.014370 1.555683 0.107032
v -0.017427 1.551645 0.103922
v -0.020764 1.547713 0.101905
v -0.024445 1.543919 0.101044
v -0.028468 1.540440 0.100571
v -0.032422 1.537046 0.099837
v -0.023283 1.581337 0.097737
v -0.023716 1.582893 0.097925
v -0.065959 1.538745 -0.004407
v -0.067010 1.542395 -0.012983
v -0.031856 1.549534 -0.066497
v -0.022287 1.551169 -0.071652
v -0.029868 1.583016 0.100226
v -0.027633 1.572133 0.098196
v -0.038882 1.571640 0.096750
v -0.029707 1.582665 0.099111
v -0.029440 1.582937 0.097427
v -0.027567 1.573624 0.097896
v -0.027827 1.574491 0.096020
v -0.038512 1.573193 0.096102
v -0.038332 1.573057 0.094361
v -0.006193 1.542557 0.116204
v -0.010856 1.539188 0.109911
v -0.011940 1.541060 0.111790
v -0.008861 1.542967 0.118038
v -0.030335 1.514838 0.089826
v -0.027840 1.520975 0.093561
v -0.017240 1.520998 0.104616
v -0.031942 1.509940 0.086380
v -0.018908 1.487702 0.094877
v -0.028404 1.498776 0.089150
v -0.009582 1.521061 0.109430
v -0.013554 1.520472 0.107449
v -0.030763 1.504514 0.087360
v -0.035104 1.521522 0.080392
v -0.036556 1.512363 0.077099
v -0.040467 1.514649 0.062942
v -0.038968 1.526598 0.065785
v -0.039814 1.503793 0.062266
v -0.036418 1.503912 0.076308
v -0.024406 1.493104 0.092022
v -0.023128 1.498231 0.096942
v -0.009137 1.488162 0.101763
v -0.024999 1.500248 0.094995
v -0.021031 1.496456 0.098873
v -0.018092 1.493985 0.100962
v -0.008094 1.516959 0.110893
v -0.010321 1.516562 0.110086
v -0.012751 1.516330 0.108847
v -0.014848 1.516254 0.107546
v -0.017156 1.516295 0.105878
v -0.019100 1.516455 0.104244
v -0.025986 1.514823 0.096885
v -0.027286 1.509487 0.094123
v -0.027135 1.507506 0.093544
v -0.027076 1.505771 0.093091
v -0.026168 1.501926 0.093652
v -0.027286 1.512066 0.094933
v -0.027068 1.504003 0.092783
v -0.028847 1.510488 0.091922
v -0.029022 1.508375 0.091022
v -0.028741 1.506305 0.090806
v -0.015408 1.483683 0.080652
v -0.027443 1.488604 0.079078
v -0.033343 1.495791 0.077345
v -0.036014 1.494315 0.063221
v -0.034653 1.493830 0.047193
v -0.038867 1.503638 0.045103
v -0.040251 1.516083 0.045033
v -0.038493 1.528589 0.047723
v -0.032002 1.537221 0.051210
v -0.032279 1.537474 0.069223
v -0.012855 1.524902 0.106027
v -0.014735 1.526499 0.103699
v -0.028408 1.531338 0.086235
v -0.014845 1.491462 0.102116
v -0.021394 1.540347 0.052608
v -0.018775 1.540290 0.084845
v -0.025925 1.489486 0.037650
v -0.016128 1.489948 0.032976
v -0.021984 1.534950 0.036908
v -0.030057 1.534108 0.038704
v -0.029124 1.494554 0.033881
v -0.032453 1.504030 0.030433
v -0.033898 1.516673 0.029811
v -0.033166 1.527884 0.032988
v -0.011143 1.529542 0.103482
v -0.027676 1.487149 0.048410
v -0.016389 1.483723 0.046597
v -0.028523 1.486835 0.063881
v -0.015783 1.482870 0.063470
v -0.011371 1.484018 0.091701
v -0.021061 1.543315 0.070516
v -0.008312 1.513607 0.119566
v -0.012198 1.512982 0.118052
v -0.015885 1.512262 0.116203
v -0.019124 1.511338 0.114018
v -0.021976 1.510197 0.111528
v -0.024309 1.509076 0.108848
v -0.028399 1.507184 0.103240
v -0.028574 1.506673 0.102504
v -0.028069 1.506328 0.102370
v -0.026886 1.506050 0.103183
v -0.024874 1.505876 0.105015
v -0.021897 1.505640 0.107489
v -0.018987 1.504937 0.110700
v -0.015832 1.504617 0.113987
v -0.011493 1.504138 0.116812
v -0.006043 1.503487 0.118464
v -0.038537 1.529933 0.097019
v -0.045236 1.502841 0.084366
v -0.023245 1.570381 0.096751
v -0.022246 1.572355 0.096546
v -0.021693 1.573706 0.096174
v -0.020722 1.579890 0.096251
v -0.020380 1.577952 0.096317
v -0.020476 1.576930 0.095853
v -0.062679 1.527109 0.064323
v -0.057779 1.514275 0.068674
v -0.025809 1.570633 0.097115
v -0.050736 1.580306 0.087062
v -0.049341 1.581714 0.089401
v -0.046585 1.583259 0.092532
v -0.042387 1.584854 0.095669
v -0.037054 1.585983 0.098226
v -0.030494 1.586117 0.099862
v -0.025536 1.584404 0.099076
v -0.022620 1.581872 0.097264
v -0.010088 1.526313 0.106740
v -0.021129 1.574376 0.095200
v -0.020107 1.574778 0.094355
v -0.020336 1.576507 0.095005
v -0.061569 1.516357 0.062005
v -0.052248 1.496895 0.069028
v -0.055382 1.496784 0.062633
v -0.017489 1.459199 0.052897
v -0.031851 1.466903 0.045277
v -0.037178 1.470387 0.041829
v -0.042757 1.474977 0.038059
v -0.048618 1.481219 0.033997
v -0.054970 1.489593 0.029538
v -0.061528 1.502777 0.023779
v -0.063411 1.512807 0.005359
v -0.063963 1.528666 -0.011014
v -0.042664 1.532594 -0.048585
v -0.035757 1.534184 -0.055562
v -0.028011 1.535688 -0.061382
v -0.019574 1.536941 -0.065654
v -0.037058 1.339379 0.055908
v -0.071261 1.348543 0.046302
v -0.081964 1.354246 0.042928
v -0.092190 1.359990 0.038177
v -0.101462 1.364389 0.031319
v -0.110405 1.366959 0.022578
v -0.122308 1.371910 0.014738
v -0.128634 1.399109 -0.019202
v -0.128186 1.414620 -0.047777
v -0.090790 1.407189 -0.101772
v -0.076303 1.399044 -0.109408
v -0.057950 1.386935 -0.115893
v -0.035520 1.385244 -0.112521
v -0.064167 1.414828 -0.096771
v -0.077596 1.420505 -0.090550
v -0.112289 1.421311 -0.045008
v -0.104610 1.383144 0.004293
v -0.097801 1.378690 0.013902
v -0.072103 1.367478 0.034110
v -0.062664 1.362759 0.037632
v -0.033114 1.352548 0.045513
v -0.113802 1.407688 -0.021528
v -0.048708 1.408630 -0.099779
v -0.081351 1.372029 0.029473
v -0.032072 1.404568 -0.098890
v -0.041093 1.423785 -0.084269
v -0.065025 1.430567 -0.077324
v -0.096590 1.427200 -0.041830
v -0.099304 1.416022 -0.022497
v -0.089805 1.393684 -0.003300
v -0.084105 1.387226 0.003796
v -0.070231 1.379063 0.017807
v -0.062716 1.376449 0.022975
v -0.054727 1.373600 0.027368
v -0.029641 1.365812 0.037399
v -0.053631 1.427371 -0.081840
v -0.027792 1.421095 -0.085147
v -0.077421 1.382373 0.011096
v -0.089959 1.375675 0.022603
v -0.082063 1.433759 -0.037571
v -0.029485 1.449907 -0.062135
v -0.031256 1.460325 0.038739
v -0.048836 1.386242 0.021673
v -0.051805 1.403355 0.018688
v -0.085833 1.424506 -0.021941
v -0.073367 1.433858 -0.019468
v -0.070038 1.442492 -0.032094
v -0.046107 1.450255 -0.055702
v -0.038079 1.450264 -0.059271
v -0.020558 1.449464 -0.064095
v -0.054472 1.439834 -0.064949
v -0.044928 1.438573 -0.068754
v -0.023795 1.435430 -0.072760
v -0.068684 1.396542 0.008161
v -0.062398 1.411537 0.008277
v -0.047165 1.473451 0.026953
v -0.057907 1.425781 0.011317
v -0.061108 1.453412 -0.026884
v -0.040270 1.462962 -0.050075
v -0.033478 1.463730 -0.053794
v -0.018314 1.463978 -0.058504
v -0.026671 1.378299 0.031410
v -0.025020 1.391142 0.031214
v -0.022952 1.404877 0.031690
v -0.017979 1.452337 0.048447
v -0.041961 1.413103 0.024355
v -0.060944 1.430116 0.005863
v -0.064062 1.445269 -0.014750
v -0.062601 1.434282 0.000372
v -0.056078 1.390336 0.017774
v -0.048118 1.416959 0.020806
v -0.036236 1.463675 0.035006
v -0.034572 1.436912 -0.071350
v -0.026122 1.463997 -0.056633
v -0.078969 1.406891 -0.004654
v -0.068684 1.420192 -0.003596
v -0.057103 1.487684 0.017053
v -0.062083 1.499886 0.001342
v -0.017529 1.523500 -0.060192
v -0.025010 1.522560 -0.056788
v -0.032033 1.521165 -0.052112
v -0.038599 1.519513 -0.046361
v -0.060565 1.511177 -0.014299
v -0.044998 1.399430 0.022043
v -0.074545 1.401282 0.001750
v -0.065875 1.415705 0.002185
v -0.052560 1.480389 0.022315
v -0.062202 1.393256 0.013477
v -0.057746 1.407373 0.014027
v -0.053592 1.421286 0.016464
v -0.041578 1.467916 0.031112
v -0.041483 1.323862 0.065001
v -0.080486 1.333629 0.056640
v -0.092311 1.339357 0.052907
v -0.103228 1.345299 0.047442
v -0.112850 1.350868 0.040327
v -0.122031 1.355392 0.032450
v -0.131740 1.359991 0.027508
v -0.139622 1.370751 0.021270
v -0.139955 1.363178 0.027198
v -0.144884 1.393314 -0.013611
v -0.143882 1.405104 -0.049838
v -0.104727 1.390824 -0.109091
v -0.090660 1.382010 -0.117774
v -0.068220 1.361176 -0.127049
v -0.037561 1.363245 -0.120920
v -0.012397 1.463755 0.094597
v -0.006557 1.463353 0.094638
v -0.013441 1.462110 0.084238
v -0.007308 1.461416 0.084529
v -0.007850 1.459658 0.069591
v -0.014237 1.460559 0.069296
v -0.007473 1.459076 0.059455
v -0.013439 1.460208 0.059243
v -0.014022 1.460513 0.064418
v -0.007729 1.459592 0.064629
v -0.012987 1.462904 0.089325
v -0.006993 1.462398 0.089533
v -0.007176 1.455384 0.054980
v -0.012820 1.457191 0.054187
v -0.012676 1.334658 0.054284
v -0.024846 1.337152 0.056284
v -0.022684 1.350118 0.045627
v -0.011511 1.348781 0.044637
v -0.010749 1.362224 0.035872
v -0.020545 1.363568 0.038017
v -0.018588 1.376286 0.033379
v -0.009822 1.374702 0.031390
v -0.013286 1.450102 0.050352
v -0.007401 1.447961 0.051651
v -0.016112 1.402246 0.032656
v -0.008473 1.399734 0.032959
v -0.009031 1.386872 0.030839
v -0.017414 1.388811 0.031900
v -0.013386 1.320255 0.064264
v -0.027399 1.322176 0.065822
v -0.021966 1.508142 0.103500
v -0.023437 1.508308 0.101677
v -0.031320 1.516356 0.103729
v -0.032842 1.513922 0.102628
v -0.027572 1.510764 0.106490
v -0.029297 1.509461 0.104929
v -0.029241 1.513469 0.105600
v -0.030889 1.511671 0.104324
v -0.026115 1.508259 0.106419
v -0.027554 1.507670 0.104550
v -0.051631 1.537152 0.086864
v -0.052666 1.531743 0.083806
v -0.064859 1.572291 0.064251
v -0.062275 1.572763 0.069339
v -0.023686 1.522918 0.097696
v -0.020208 1.522721 0.101195
v -0.064041 1.579079 0.064363
v -0.061928 1.578556 0.069079
v -0.021308 1.516876 0.102037
v -0.023725 1.516455 0.099474
v -0.024119 1.506785 0.105340
v -0.025447 1.506937 0.103331
v -0.033724 1.519440 0.101106
v -0.035180 1.516401 0.100101
v -0.061877 1.593128 0.068419
v -0.060463 1.590788 0.072737
v -0.021330 1.529868 0.095468
v -0.017423 1.528197 0.100147
v -0.056078 1.535060 0.080839
v -0.054902 1.540727 0.084465
v -0.021358 1.512004 0.102603
v -0.023159 1.511723 0.100665
v -0.012949 1.531971 0.099424
v -0.015520 1.535166 0.093880
v -0.063088 1.586225 0.065650
v -0.061447 1.584758 0.070054
v -0.048121 1.533507 0.089489
v -0.049060 1.528473 0.086951
v -0.064008 1.547789 0.071114
v -0.061703 1.552797 0.076621
v -0.041453 1.522088 0.093728
v -0.040388 1.526162 0.095259
v -0.036771 1.522723 0.098210
v -0.038026 1.519144 0.097033
v -0.044295 1.529782 0.092333
v -0.045243 1.525221 0.090321
v -0.043478 1.677148 0.011286
v -0.049164 1.674393 -0.001924
v -0.071400 1.626658 0.040230
v -0.066730 1.633169 0.047993
v -0.021982 1.687029 0.000566
v -0.024757 1.685124 -0.014351
v -0.059546 1.607919 0.072561
v -0.061927 1.602484 0.067862
v -0.070049 1.621041 0.046145
v -0.066068 1.627644 0.053089
v -0.066104 1.611117 0.057657
v -0.063316 1.617442 0.063045
v -0.061547 1.612544 0.067882
v -0.063960 1.606545 0.062949
v -0.068150 1.615963 0.052014
v -0.064886 1.622494 0.058112
v -0.032636 1.683031 0.005078
v -0.036910 1.680818 -0.009182
v -0.058666 1.666196 0.006033
v -0.052347 1.669774 0.018043
v -0.058585 1.595864 0.076794
v -0.055887 1.599736 0.081509
v -0.060082 1.599013 0.072411
v -0.057481 1.603717 0.077015
v -0.049078 1.579834 0.087762
v -0.044696 1.579367 0.087973
v -0.047171 1.577714 0.089241
v -0.045540 1.577895 0.088773
v -0.048178 1.578944 0.088456
v -0.029768 1.567090 0.097017
v -0.028394 1.565661 0.096963
v -0.033665 1.565597 0.096269
v -0.032493 1.563514 0.096362
v -0.050787 1.489076 0.064148
v -0.048297 1.489635 0.070257
v -0.038617 1.564412 0.094573
v -0.037353 1.561665 0.095046
v -0.053264 1.557217 0.087029
v -0.051599 1.553479 0.089176
v -0.035559 1.472514 0.069293
v -0.035106 1.472749 0.074869
v -0.057315 1.553205 0.083701
v -0.055259 1.549325 0.085944
v -0.048573 1.560514 0.089544
v -0.047143 1.556920 0.091480
v -0.045852 1.482535 0.065888
v -0.044150 1.483181 0.071789
v -0.027229 1.568792 0.097156
v -0.025329 1.567994 0.096946
v -0.040683 1.477093 0.067611
v -0.039732 1.477539 0.073362
v -0.019935 1.462512 0.073453
v -0.019625 1.462930 0.078520
v -0.043743 1.563066 0.092080
v -0.042340 1.559641 0.093301
v -0.059168 1.505884 0.061745
v -0.055561 1.505146 0.068400
v -0.062866 1.535908 0.069151
v -0.059748 1.531696 0.073702
v -0.007775 1.459928 0.074510
v -0.007565 1.460514 0.079512
v -0.013858 1.461307 0.079205
v -0.014158 1.460790 0.074191
v -0.060110 1.548439 0.079327
v -0.057773 1.544437 0.081971
v -0.061982 1.542798 0.074427
v -0.059248 1.538641 0.077759
v -0.063540 1.438207 -0.004984
v -0.072995 1.437040 -0.023681
v -0.065746 1.521077 0.016930
v -0.071019 1.424991 -0.009155
v -0.070353 1.545056 0.025731
v -0.071212 1.562871 0.026126
v -0.073601 1.549917 0.015427
v -0.077617 1.545714 0.012424
v -0.078224 1.541238 0.012546
v -0.075781 1.533512 0.007942
v -0.063809 1.527850 0.005435
v -0.049930 1.579179 -0.064467
v -0.059938 1.492768 0.011388
v -0.076706 1.590064 0.007185
v -0.079835 1.532543 0.011896
v -0.073226 1.569169 0.006409
v -0.075180 1.561710 0.013212
v -0.075157 1.568511 0.012205
v -0.080086 1.546673 0.009429
v -0.080903 1.568756 -0.007822
v -0.084311 1.569797 -0.012322
v -0.075626 1.536253 0.006758
v -0.078050 1.534541 0.004990
v -0.082535 1.534994 0.007283
v -0.080924 1.542346 0.008870
v -0.076929 1.547793 -0.004894
v -0.076073 1.543015 -0.001107
v -0.080453 1.546266 -0.006396
v -0.086274 1.545556 -0.004641
v -0.079612 1.540987 -0.002802
v -0.085593 1.541253 -0.001035
v -0.075336 1.567576 0.009595
v -0.074114 1.561037 0.011783
v -0.074144 1.555737 0.012606
v -0.076288 1.555439 0.013632
v -0.094229 1.401526 -0.009701
v -0.078399 1.575055 0.012431
v -0.076578 1.578157 0.008043
v -0.078677 1.574662 0.009501
v -0.077319 1.575380 0.001853
v -0.090255 1.565736 -0.010519
v -0.080951 1.577405 -0.005629
v -0.081591 1.585060 0.005634
v -0.084595 1.549054 -0.001067
v -0.086081 1.563567 -0.006346
v -0.083029 1.546186 0.001463
v -0.071391 1.561781 -0.009585
v -0.080344 1.560334 -0.008151
v -0.083123 1.560178 -0.012045
v -0.089105 1.557505 -0.010349
v -0.086418 1.557158 -0.005450
v -0.075358 1.553822 -0.002367
v -0.072618 1.564177 0.005612
v -0.099516 1.420664 -0.028913
v -0.079299 1.536406 0.012884
v -0.082302 1.538030 0.008411
v -0.084430 1.543352 0.000266
v -0.085396 1.546972 -0.002949
v -0.087191 1.556879 -0.008359
v -0.087033 1.564293 -0.009808
v -0.080954 1.581606 0.010927
v -0.040089 1.582490 -0.074081
v -0.083646 1.579936 0.008710
v -0.085381 1.579372 -0.009003
v -0.086142 1.585310 0.004773
v -0.076001 1.578060 0.004936
v -0.081492 1.581375 0.005043
v -0.086878 1.581363 0.000845
v -0.089819 1.573674 -0.008281
v -0.080799 1.580033 0.002585
v -0.086444 1.571665 -0.008913
v -0.084021 1.580330 -0.001348
v -0.085044 1.570068 -0.005768
v -0.083164 1.578047 -0.001708
v -0.081121 1.577386 0.000277
v -0.084049 1.568715 -0.002870
v -0.085721 1.552535 -0.003475
v -0.086423 1.551362 -0.005830
v -0.087317 1.550908 -0.007847
v -0.081697 1.552424 -0.009478
v -0.078554 1.553420 -0.007062
v -0.084946 1.562943 -0.003617
v -0.074285 1.577645 -0.004709
v -0.075286 1.575678 -0.003064
v -0.076809 1.585329 0.006230
v -0.075979 1.584989 0.012438
v -0.074653 1.579863 0.017334
v -0.072676 1.571471 0.019200
v -0.072363 1.562732 0.020038
v -0.073311 1.554736 0.020165
v -0.072006 1.546718 0.020253
v -0.071151 1.539156 0.019536
v -0.070330 1.533243 0.018843
v -0.068360 1.530884 0.016995
v -0.065844 1.532365 0.013186
v -0.065322 1.535911 0.009759
v -0.067893 1.544136 -0.000582
v -0.069809 1.548739 -0.004706
v -0.071535 1.554475 -0.007181
v -0.073076 1.561237 -0.007289
v -0.074068 1.568474 -0.005378
v -0.072566 1.566715 0.006536
v -0.073088 1.565724 0.006611
v -0.082003 1.548875 0.002153
v -0.082891 1.550888 -0.000354
v -0.084890 1.557631 -0.003315
v -0.084032 1.553747 -0.001964
v -0.078921 1.554810 -0.003758
v -0.080683 1.551481 -0.001321
v -0.081456 1.554173 -0.002768
v -0.076536 1.576811 0.014271
v -0.079709 1.549874 0.001155
v -0.076895 1.548326 0.007608
v -0.075105 1.546951 0.010192
v -0.072850 1.550703 0.014931
v -0.076818 1.565490 -0.000763
v -0.080975 1.566882 -0.000610
v -0.077702 1.562014 -0.003375
v -0.081630 1.562081 -0.002441
v -0.078652 1.558239 -0.004274
v -0.081875 1.557760 -0.003309
v -0.072725 1.559425 0.011979
v -0.072686 1.556159 0.012819
v -0.072893 1.561890 0.009264
v -0.072742 1.553630 0.013471
v -0.073284 1.556319 0.012678
v -0.073347 1.560196 0.011835
v -0.073642 1.563805 0.009305
v -0.074435 1.572742 0.008337
v -0.074776 1.573104 0.006054
v -0.075678 1.571684 0.003339
v -0.077502 1.549768 -0.000516
v -0.077710 1.575435 -0.003059
v -0.073668 1.555065 -0.001185
v -0.069257 1.554482 0.002340
v -0.072744 1.560785 -0.002102
v -0.072670 1.559321 0.000065
v -0.070360 1.557475 0.003202
v -0.071961 1.565921 0.005303
v -0.072446 1.561447 0.007651
v -0.071910 1.560484 0.010091
v -0.071628 1.560323 0.006570
v -0.070799 1.559165 0.011874
v -0.069625 1.559934 0.008957
v -0.070831 1.555659 0.013666
v -0.068483 1.556509 0.004701
v -0.074361 1.547238 0.005055
v -0.070926 1.552361 0.015021
v -0.070965 1.546148 0.011675
v -0.074194 1.558176 -0.003043
v -0.073256 1.557264 -0.000942
v -0.070459 1.556288 0.001928
v -0.074336 1.562198 -0.003961
v -0.075907 1.558722 -0.004464
v -0.072928 1.565307 -0.001676
v -0.073560 1.568638 0.003940
v -0.076712 1.555595 -0.003845
v -0.071482 1.547782 0.002897
v -0.075317 1.550968 -0.001466
v -0.069615 1.550930 0.001988
v -0.074113 1.552925 -0.001384
v -0.070641 1.564705 0.003080
v -0.071456 1.560560 0.008897
v -0.067489 1.558781 0.012039
v -0.066766 1.554796 0.006515
v -0.067877 1.553311 0.004539
v -0.068141 1.550563 0.005063
v -0.066781 1.551549 0.008498
v -0.069616 1.546966 0.006141
v -0.067991 1.547783 0.010068
v -0.072710 1.545837 0.008046
v -0.077364 1.567805 -0.004644
v -0.076264 1.560523 -0.006340
v -0.074592 1.554106 -0.006472
v -0.073049 1.548957 -0.003947
v -0.071803 1.544660 0.000140
v -0.071274 1.538170 0.010326
v -0.071521 1.534284 0.012077
v -0.074554 1.531021 0.016114
v -0.075654 1.535639 0.017480
v -0.074417 1.541708 0.015757
v -0.074858 1.545813 0.013925
v -0.073280 1.546492 0.012817
v -0.070429 1.548681 0.015105
v -0.073903 1.569794 0.014988
v -0.065654 1.557069 0.009234
v -0.066643 1.549296 0.014313
v -0.064052 1.553220 0.012350
v -0.072868 1.567248 0.001453
v -0.070912 1.562975 0.000053
v -0.072218 1.561120 0.001887
v -0.067090 1.555650 0.015686
v -0.068187 1.552135 0.015936
v -0.078345 1.583870 0.005772
v -0.028623 1.585005 -0.081716
v -0.076696 1.582051 0.000402
v -0.081640 1.583484 -0.000721
v -0.086568 1.585343 -0.002224
v -0.090004 1.579646 -0.003549
v -0.085777 1.578141 -0.005842
v -0.083844 1.575513 -0.003941
v -0.082454 1.573795 -0.001552
v -0.079414 1.571580 0.000524
v -0.076550 1.568786 0.001915
v -0.070759 1.558918 0.005055
v -0.068407 1.558338 0.006906
v -0.075190 1.555682 -0.002715
v -0.072204 1.562716 0.003908
v -0.078485 1.551877 -0.002538
v -0.076507 1.552969 -0.002761
v -0.073814 1.548369 0.016974
v -0.074271 1.562335 0.016153
v -0.078349 1.581634 0.000283
v -0.075903 1.555347 0.016754
v -0.077759 1.582299 0.010936
v -0.073395 1.568393 0.007600
v -0.066980 1.549244 0.061313
v -0.067957 1.545355 0.052647
v -0.043787 1.574729 0.091513
v -0.059153 1.561005 0.078771
v -0.050893 1.566901 0.085118
v -0.055027 1.564102 0.082272
v -0.047666 1.569452 0.087983
v -0.043053 1.574797 0.089990
v -0.124870 1.384719 0.003018
v -0.068757 1.543726 0.042837
v -0.045808 1.571791 0.090387
v -0.044837 1.573736 0.091880
v -0.069578 1.543863 0.033521
v -0.062526 1.557479 0.074108
v -0.065215 1.553555 0.068382
v -0.082524 1.413244 -0.010512
v -0.049669 1.573504 0.084115
v -0.044851 1.576990 0.087167
v -0.055723 1.570566 0.078339
v -0.059287 1.568985 0.074817
v -0.069745 1.563317 0.051097
v -0.046393 1.576053 0.088340
v -0.071256 1.562636 0.034075
v -0.045348 1.576393 0.088190
v -0.067867 1.564438 0.058558
v -0.047666 1.574933 0.086723
v -0.052466 1.572065 0.081368
v -0.070939 1.562706 0.042748
v -0.065465 1.565870 0.064985
v -0.062603 1.567418 0.070393
v -0.077424 1.597401 0.007235
v -0.071330 1.638371 -0.030516
v -0.031739 1.660020 -0.060651
v -0.047320 1.655229 -0.053453
v -0.061633 1.647698 -0.042802
v -0.074314 1.580749 -0.007558
v -0.058145 1.575485 -0.053636
v -0.057605 1.614052 -0.059641
v -0.065899 1.607566 -0.046825
v -0.032304 1.624051 -0.079207
v -0.046041 1.619861 -0.070982
v -0.062625 1.507146 0.015179
v -0.141364 1.380190 0.011902
v -0.085497 1.428132 -0.027158
v -0.108686 1.390496 -0.006281
v -0.114660 1.413405 -0.028818
v -0.063799 1.448124 -0.018685
v -0.062252 1.503564 -0.003431
v -0.063705 1.516633 0.000665
v -0.129938 1.405581 -0.027846
v -0.145720 1.397819 -0.026109
v -0.070917 1.562368 -0.013397
v -0.019773 1.575998 0.093905
v -0.018461 1.574976 0.095023
v -0.018785 1.575217 0.094304
v -0.013243 1.575319 0.096642
v -0.021267 1.576887 0.093319
v -0.009859 1.574711 0.100545
v -0.018160 1.575231 0.095573
v -0.016663 1.575579 0.095552
v -0.006977 1.574444 0.105297
v -0.024381 1.573999 0.092939
v -0.022524 1.575732 0.092285
v -0.030511 1.570557 0.093932
v -0.034512 1.569879 0.093425
v -0.041777 1.572007 0.089820
v -0.044447 1.575711 0.086769
v -0.025418 1.583004 0.094705
v -0.037227 1.586451 0.094545
v -0.041085 1.585699 0.091956
v -0.043559 1.584206 0.089308
v -0.032484 1.586119 0.095985
v -0.045236 1.579936 0.086337
v -0.023365 1.580349 0.093386
v -0.028423 1.584915 0.095741
v -0.027188 1.572060 0.093702
v -0.038677 1.570407 0.091873
v -0.044732 1.582276 0.087539
v -0.043457 1.573825 0.088050
v -0.045166 1.577830 0.085888
v -0.022267 1.577845 0.092482
v 0.000067 1.555236 0.125402
v -0.017703 1.382458 -0.107325
v -0.018979 1.361150 -0.115420
v -0.015308 1.497228 0.026342
v -0.021342 1.505336 0.024129
v -0.024092 1.517101 0.023227
v -0.023962 1.527335 0.026612
v -0.320424 1.107542 -0.044642
v -0.309421 1.111260 0.002407
v -0.309498 1.139543 -0.054215
v -0.294551 1.141448 -0.003002
v -0.297341 1.172384 -0.062491
v -0.280495 1.173173 -0.004677
v -0.321853 1.079952 0.014655
v -0.337928 1.074488 -0.036109
v -0.347816 1.058512 -0.031978
v -0.328302 1.063478 0.019643
v -0.363904 1.025946 -0.023260
v -0.340189 1.029370 0.023962
v -0.374219 0.993743 -0.012884
v -0.350998 0.996892 0.028392
v -0.334152 1.046439 0.022403
v -0.356589 1.042442 -0.027425
v -0.315758 1.095836 0.008143
v -0.287414 1.157049 -0.003486
v -0.377600 0.978146 -0.008135
v -0.369722 1.009359 -0.018687
v -0.328223 1.091062 -0.040088
v -0.304308 1.155733 -0.058580
v -0.314802 1.123589 -0.049368
v -0.302246 1.126331 -0.001469
v -0.345672 1.012740 0.026024
v -0.356426 0.982174 0.030941
v -0.249476 1.138362 -0.089513
v -0.258368 1.124995 -0.087466
v -0.268290 1.112361 -0.085020
v -0.277881 1.099153 -0.084060
v -0.289184 1.086234 -0.084203
v -0.299334 1.070426 -0.081054
v -0.307654 1.052047 -0.075658
v -0.315325 1.033409 -0.070369
v -0.323434 1.016113 -0.064693
v -0.331665 1.000014 -0.058789
v -0.339319 0.984940 -0.052394
v -0.346839 0.971359 -0.045547
v -0.353006 0.958192 -0.038559
v -0.314283 0.956321 0.005717
v -0.305891 0.969171 0.001916
v -0.297154 0.982974 -0.001206
v -0.289061 0.998377 -0.004131
v -0.281964 1.014790 -0.008113
v -0.276929 1.031679 -0.012823
v -0.272075 1.047759 -0.017952
v -0.266629 1.063341 -0.021210
v -0.260783 1.078541 -0.022405
v -0.253836 1.092807 -0.021837
v -0.244925 1.105754 -0.019572
v -0.234475 1.118264 -0.015561
v -0.224919 1.131917 -0.012441
v -0.172336 1.241333 -0.022319
v -0.277755 1.090730 -0.008415
v -0.269259 1.084399 -0.013980
v -0.255454 1.073905 -0.035963
v -0.255397 1.071595 -0.052663
v -0.263343 1.073247 -0.067937
v -0.275677 1.078302 -0.078083
v -0.310390 1.102601 -0.074809
v -0.301188 1.095900 -0.083686
v -0.317455 1.105388 -0.060725
v -0.326249 1.112112 -0.031649
v -0.326542 1.114984 -0.019053
v -0.316533 1.113855 -0.001909
v -0.293174 1.102143 0.000916
v -0.285498 1.096690 -0.003620
v -0.259898 1.117128 -0.001738
v -0.251178 1.110250 -0.008122
v -0.241805 1.103110 -0.033492
v -0.242260 1.102059 -0.049393
v -0.246773 1.102579 -0.065704
v -0.256112 1.105968 -0.078569
v -0.294093 1.127957 -0.080210
v -0.281264 1.119923 -0.085901
v -0.304430 1.134874 -0.068977
v -0.311051 1.143147 -0.040260
v -0.310390 1.145427 -0.028096
v -0.301401 1.144513 -0.008971
v -0.278002 1.130952 0.002654
v -0.268867 1.124404 0.001127
v -0.241227 1.144667 0.009082
v -0.231281 1.136975 0.001459
v -0.223316 1.129377 -0.029197
v -0.225019 1.128500 -0.047029
v -0.228821 1.128764 -0.064557
v -0.236869 1.131710 -0.079934
v -0.264042 1.147403 -0.090956
v -0.278675 1.156979 -0.086469
v -0.290373 1.165670 -0.076244
v -0.300641 1.177096 -0.048155
v -0.299362 1.179292 -0.034824
v -0.288257 1.176993 -0.013263
v -0.262467 1.161004 0.008350
v -0.252000 1.153065 0.010741
v -0.331302 1.082776 0.009784
v -0.302613 1.071106 0.012534
v -0.294307 1.065681 0.007262
v -0.286880 1.060114 0.000551
v -0.279521 1.054237 -0.007474
v -0.267714 1.041909 -0.032413
v -0.268511 1.037962 -0.050063
v -0.278155 1.038850 -0.065609
v -0.292732 1.044308 -0.074247
v -0.331832 1.066347 -0.064161
v -0.320972 1.059715 -0.072025
v -0.336685 1.071018 -0.050899
v -0.341627 1.079187 -0.023177
v -0.342177 1.082634 -0.010434
v -0.350136 1.062846 -0.019434
v -0.349713 1.065957 -0.006891
v -0.345130 1.054064 -0.044917
v -0.328771 1.041048 -0.065713
v -0.339164 1.048256 -0.056652
v -0.300555 1.026362 -0.069922
v -0.286095 1.021781 -0.061716
v -0.275265 1.021024 -0.046359
v -0.272808 1.025128 -0.028032
v -0.291346 1.044027 0.006302
v -0.284042 1.038290 -0.001925
v -0.307636 1.054842 0.018146
v -0.298898 1.049501 0.013126
v -0.338247 1.066202 0.014212
v -0.364929 1.029820 -0.010855
v -0.362395 1.032084 0.000945
v -0.360241 1.021003 -0.034942
v -0.343178 1.007607 -0.053021
v -0.352912 1.014745 -0.044666
v -0.317124 0.993136 -0.058022
v -0.302324 0.988732 -0.050156
v -0.290663 0.988321 -0.035878
v -0.286473 0.992194 -0.018601
v -0.301897 1.011064 0.015292
v -0.294560 1.004826 0.007000
v -0.319952 1.021820 0.025485
v -0.310297 1.016778 0.021688
v -0.349331 1.031590 0.019018
v -0.374162 0.996798 -0.001753
v -0.371084 0.998602 0.008617
v -0.370858 0.989373 -0.023672
v -0.356761 0.978021 -0.040855
v -0.364606 0.984115 -0.033007
v -0.334108 0.964994 -0.044924
v -0.320622 0.960902 -0.037727
v -0.309671 0.960298 -0.025278
v -0.304558 0.963506 -0.010544
v -0.317046 0.980726 0.019798
v -0.310572 0.975075 0.011930
v -0.333218 0.990520 0.029355
v -0.324639 0.985989 0.025797
v -0.359332 0.998751 0.024583
v -0.202953 1.273241 0.021917
v -0.181098 1.225628 -0.087102
v -0.179588 1.221411 -0.069150
v -0.175215 1.224085 -0.052854
v -0.172789 1.231324 -0.037174
v -0.175488 1.244399 -0.004307
v -0.187689 1.250147 0.012610
v -0.313323 0.950929 -0.006510
v -0.318650 0.948204 -0.020407
v -0.295286 0.977099 -0.014613
v -0.300024 0.973565 -0.030436
v -0.278709 1.008243 -0.023560
v -0.282561 1.004251 -0.041474
v -0.261469 1.058074 -0.035000
v -0.261387 1.054761 -0.052001
v -0.249958 1.089282 -0.035382
v -0.249737 1.087551 -0.050971
v -0.233608 1.115449 -0.048232
v -0.232269 1.115989 -0.031188
v -0.340148 0.976398 0.030923
v -0.326498 1.005699 0.027830
v -0.313589 1.038324 0.022486
v -0.298227 1.086961 0.006086
v -0.286040 1.116793 -0.000066
v -0.270231 1.145605 0.006177
v -0.341415 0.952387 -0.038322
v -0.325661 0.978304 -0.051567
v -0.308743 1.009151 -0.064365
v -0.284196 1.061766 -0.077124
v -0.265645 1.092396 -0.077915
v -0.245842 1.118506 -0.079352
v -0.377512 0.981033 0.002162
v -0.374649 0.982771 0.011868
v -0.370250 1.012999 -0.006690
v -0.367365 1.015093 0.004642
v -0.358126 1.046466 -0.015209
v -0.356497 1.049066 -0.003065
v -0.334028 1.095878 -0.026972
v -0.334582 1.099234 -0.014352
v -0.317978 1.127452 -0.035947
v -0.318062 1.129998 -0.023771
v -0.306369 1.159900 -0.044267
v -0.304523 1.161914 -0.031618
v -0.374364 0.974111 -0.018106
v -0.365873 1.004534 -0.029941
v -0.353431 1.037639 -0.039673
v -0.327809 1.088837 -0.056851
v -0.311183 1.120103 -0.064776
v -0.297440 1.149724 -0.072417
v -0.362027 0.964052 -0.034219
v -0.368835 0.969438 -0.026864
v -0.350081 0.992159 -0.047397
v -0.358983 0.998778 -0.039379
v -0.335828 1.023731 -0.059234
v -0.346241 1.031102 -0.050327
v -0.322183 1.085582 -0.071222
v -0.312345 1.079470 -0.078933
v -0.301583 1.114776 -0.076913
v -0.290264 1.107406 -0.084643
v -0.286562 1.142052 -0.083708
v -0.272533 1.133236 -0.088615
v -0.343879 1.048915 0.017078
v -0.304394 1.033154 0.017938
v -0.296250 1.027599 0.011301
v -0.288626 1.021554 0.003072
v -0.294033 1.004868 -0.056206
v -0.311325 0.973997 -0.043926
v -0.255265 1.088325 -0.066658
v -0.323903 1.098548 0.003848
v -0.328933 0.948700 -0.031661
v -0.250448 1.130368 0.004589
v -0.240946 1.122969 -0.002651
v -0.294514 1.160377 -0.011064
v -0.317045 1.000797 0.024351
v -0.260474 1.138238 0.007039
v -0.237928 1.116032 -0.064838
v -0.270191 1.056163 -0.067376
v -0.325102 0.967446 0.022429
v -0.318943 0.962158 0.015181
v -0.283272 1.075780 -0.005082
v -0.275088 1.069555 -0.011957
v -0.309021 1.129125 -0.006083
v -0.308876 0.995207 0.017951
v -0.302059 0.989160 0.009502
v -0.332382 0.972247 0.027587
v -0.290650 1.081574 0.000931
v -0.354530 1.014779 0.021506
v -0.363826 0.983442 0.026753
v -0.269627 1.104724 -0.007478
v -0.261513 1.098375 -0.012941
v -0.277718 1.110953 -0.003228
v -0.241860 1.311850 -0.004122
v -0.238045 1.317963 -0.068986
v -0.179360 1.242504 -0.107707
v -0.220600 1.289641 0.018489
v -0.245207 1.318091 -0.020141
v -0.242651 1.320996 -0.052756
v -0.223001 1.301037 -0.103824
v -0.191987 1.268001 -0.111724
v -0.209417 1.285374 -0.115150
v -0.192349 1.274388 0.027366
v -0.159937 1.225737 -0.116383
v -0.173545 1.211556 -0.094574
v -0.177828 1.210654 -0.071183
v -0.173670 1.215280 -0.052348
v -0.169851 1.226899 -0.034491
v -0.168049 1.241875 -0.018602
v -0.170105 1.248469 -0.001111
v -0.179522 1.261335 0.018247
v -0.225421 1.339722 -0.070069
v -0.231409 1.334648 -0.002220
v -0.167152 1.270629 -0.132020
v -0.214249 1.312875 0.024166
v -0.230193 1.342736 -0.053358
v -0.209126 1.323842 -0.105278
v -0.181104 1.290590 -0.124583
v -0.234433 1.340739 -0.019352
v -0.196523 1.308903 -0.118597
v -0.191710 1.290301 0.035164
v -0.146923 1.253283 -0.138621
v -0.181846 1.279109 0.037080
v -0.162364 1.389114 -0.008053
v -0.155269 1.393500 -0.064456
v -0.103765 1.362856 -0.120345
v -0.061237 1.309453 0.072548
v -0.045682 1.307175 0.073812
v -0.089896 1.317677 0.067575
v -0.076087 1.313111 0.070661
v -0.157053 1.375690 0.019699
v -0.159341 1.393888 -0.050992
v -0.140601 1.387368 -0.090023
v -0.117983 1.372389 -0.112002
v -0.153601 1.365857 0.028289
v -0.163209 1.393014 -0.023454
v -0.074022 1.346782 -0.131890
v -0.058191 1.343169 -0.131148
v -0.130207 1.380870 -0.101657
v -0.149387 1.356575 0.033173
v -0.014857 1.303521 0.071772
v -0.020672 1.338469 -0.121246
v -0.040047 1.340588 -0.127216
v -0.124791 1.335420 0.049469
v -0.114501 1.328979 0.056784
v -0.102817 1.322923 0.062901
v -0.030196 1.305404 0.073789
v -0.134078 1.341914 0.042102
v -0.088810 1.354106 -0.128003
v -0.142562 1.348799 0.036776
v -0.181434 1.383133 -0.003903
v -0.171425 1.381339 -0.066835
v -0.190363 1.370815 -0.069376
v -0.209132 1.357636 -0.070548
v -0.201194 1.373389 -0.000660
v -0.218374 1.355880 -0.000329
v -0.117551 1.344201 -0.125761
v -0.132614 1.322804 -0.130257
v -0.148698 1.298517 -0.133267
v -0.164038 1.222148 -0.008918
v -0.158317 1.205295 0.005961
v -0.151503 1.195884 0.024374
v -0.140579 1.190678 0.045893
v -0.127322 1.187800 0.067139
v -0.110150 1.186799 0.085581
v -0.088235 1.188138 0.096776
v -0.064573 1.191115 0.100953
v -0.041581 1.193865 0.099192
v -0.020816 1.194804 0.092216
v -0.067670 1.291952 0.082763
v -0.050147 1.290020 0.083444
v -0.073389 1.273077 0.092790
v -0.053921 1.271993 0.093343
v -0.078591 1.253822 0.101394
v -0.057008 1.253671 0.102065
v -0.059186 1.236053 0.107846
v -0.060848 1.219540 0.109679
v -0.085295 1.218407 0.108336
v -0.062598 1.204288 0.107265
v -0.086776 1.202141 0.104519
v -0.066748 1.179302 0.092304
v -0.089628 1.175969 0.086119
v -0.069103 1.160956 0.090959
v -0.092694 1.157306 0.081150
v -0.097838 1.137241 0.079961
v -0.074232 1.141846 0.094779
v -0.101574 1.114878 0.076584
v -0.079021 1.118793 0.094097
v -0.081245 1.091032 0.087625
v -0.103510 1.089269 0.070132
v -0.081597 1.058623 0.081204
v -0.103583 1.060054 0.062671
v -0.079580 1.024416 0.073537
v -0.104918 1.028654 0.060365
v -0.079103 0.991762 0.073387
v -0.104727 0.996495 0.062181
v -0.077900 0.962432 0.072736
v -0.101446 0.965793 0.059548
v -0.077225 0.934885 0.070753
v -0.101448 0.936954 0.060005
v -0.078027 0.907014 0.071349
v -0.103769 0.909079 0.063569
v -0.080054 0.877822 0.073846
v -0.105989 0.881197 0.066568
v -0.082159 0.847140 0.073199
v -0.109164 0.852611 0.071521
v -0.099951 1.298891 0.076881
v -0.084564 1.294895 0.080739
v -0.109634 1.278309 0.084992
v -0.092256 1.275145 0.090071
v -0.117821 1.257510 0.091346
v -0.082514 1.235586 0.106972
v -0.127537 1.221049 0.094278
v -0.108102 1.219782 0.103431
v -0.128845 1.202597 0.084729
v -0.109586 1.202244 0.097333
v -0.110133 1.173448 0.071652
v -0.127603 1.171328 0.052354
v -0.114412 1.153898 0.066319
v -0.132701 1.151758 0.046773
v -0.134498 1.131292 0.040772
v -0.119267 1.133675 0.062523
v -0.136014 1.108775 0.036392
v -0.121440 1.111535 0.057367
v -0.122190 1.086888 0.051709
v -0.134701 1.084031 0.031954
v -0.123338 1.059260 0.047564
v -0.135864 1.056741 0.029205
v -0.126049 1.029250 0.047827
v -0.139897 1.027648 0.029637
v -0.125651 0.997571 0.048680
v -0.139693 0.996715 0.029073
v -0.121847 0.967623 0.047055
v -0.138386 0.966880 0.029252
v -0.122395 0.939697 0.049764
v -0.140689 0.939307 0.033417
v -0.125811 0.910935 0.052644
v -0.144788 0.911901 0.037465
v -0.128862 0.883652 0.056764
v -0.148820 0.885407 0.042639
v -0.132849 0.856281 0.063172
v -0.152422 0.858493 0.048308
v -0.114615 1.141519 -0.108666
v -0.107513 1.117945 -0.104365
v -0.085724 1.143382 -0.118527
v -0.080464 1.118948 -0.114486
v -0.141893 1.140321 -0.091988
v -0.133064 1.118558 -0.088052
v -0.159348 1.144039 -0.066065
v -0.151600 1.123884 -0.063218
v -0.164051 1.154498 -0.035367
v -0.158473 1.134962 -0.032369
v -0.153959 1.146433 -0.002232
v -0.156320 1.171561 0.000443
v -0.123443 1.238779 0.094592
v -0.152207 1.123170 -0.004552
v -0.152930 1.112805 -0.032573
v -0.125812 1.096990 -0.085051
v -0.101365 1.095998 -0.099987
v -0.118488 1.075935 -0.081563
v -0.095160 1.074955 -0.095477
v -0.090051 1.053327 -0.092398
v -0.112836 1.054288 -0.080589
v -0.109669 1.031651 -0.081608
v -0.086511 1.030003 -0.090967
v -0.109228 1.007311 -0.083519
v -0.085269 1.004808 -0.091630
v -0.111273 0.981647 -0.087572
v -0.086941 0.979119 -0.097159
v -0.114573 0.954823 -0.092766
v -0.090220 0.953039 -0.105017
v -0.117849 0.927381 -0.096987
v -0.094096 0.926396 -0.113614
v -0.120690 0.899716 -0.099607
v -0.098853 0.898739 -0.121890
v -0.122763 0.871403 -0.099276
v -0.102924 0.868205 -0.125358
v -0.128127 0.842599 -0.098007
v -0.108204 0.835841 -0.124747
v -0.146096 1.072991 -0.008909
v -0.146941 1.046673 -0.012124
v -0.143679 1.064618 -0.034400
v -0.142646 1.039940 -0.038395
v -0.131783 1.057702 -0.060315
v -0.129407 1.034848 -0.063562
v -0.066360 1.053071 -0.098529
v -0.063043 1.029114 -0.095355
v -0.062925 0.976474 -0.099494
v -0.065558 0.951390 -0.110540
v -0.132702 0.984947 -0.070213
v -0.136192 0.957456 -0.073081
v -0.146889 0.988614 -0.045842
v -0.150863 0.960844 -0.046772
v -0.150551 0.992040 -0.018491
v -0.154850 0.963827 -0.018091
v -0.203089 1.335014 0.026949
v -0.202599 1.300171 0.031554
v -0.188334 1.353622 0.027481
v -0.172844 1.367473 0.025642
v -0.214559 1.360791 -0.053947
v -0.196251 1.374458 -0.053803
v -0.176887 1.384228 -0.052298
v -0.192726 1.343714 -0.104442
v -0.173895 1.359326 -0.099897
v -0.155823 1.372299 -0.094254
v -0.165004 1.314325 -0.126026
v -0.148713 1.335801 -0.123429
v -0.132632 1.354960 -0.117589
v -0.167777 1.355566 0.033629
v -0.182890 1.387250 -0.020993
v -0.083154 1.326467 -0.138612
v -0.063878 1.320691 -0.138417
v -0.181800 1.340633 0.035476
v -0.194094 1.322376 0.034917
v -0.093812 1.301829 -0.142361
v -0.105307 1.273170 -0.145225
v -0.071108 1.294813 -0.142358
v -0.078308 1.265997 -0.141919
v -0.203726 1.378300 -0.019078
v -0.221198 1.361608 -0.018631
v -0.149431 1.098603 -0.006652
v -0.147297 1.089169 -0.033009
v -0.118756 1.240781 -0.139537
v -0.086858 1.234168 -0.139822
v -0.132748 1.203276 -0.123853
v -0.091949 1.201737 -0.133422
v -0.075227 1.096979 -0.108625
v -0.070419 1.075503 -0.102879
v -0.144119 1.102391 -0.061745
v -0.137762 1.080193 -0.060278
v -0.149233 1.019730 -0.016124
v -0.143729 1.014912 -0.042805
v -0.130310 1.010766 -0.067184
v -0.061444 1.003108 -0.094450
v -0.159341 0.935917 -0.015402
v -0.162046 0.908859 -0.011892
v -0.153564 0.932488 -0.045562
v -0.153004 0.904932 -0.042601
v -0.138048 0.929193 -0.073613
v -0.137616 0.901568 -0.071994
v -0.068386 0.925141 -0.121915
v -0.071769 0.896845 -0.134117
v -0.161633 0.882454 -0.007762
v -0.151260 0.878340 -0.038762
v -0.137785 0.874485 -0.069648
v -0.074697 0.863708 -0.140403
v -0.077991 0.827478 -0.138576
v -0.141643 0.847542 -0.067200
v -0.153681 0.851884 -0.035436
v -0.164371 0.856271 -0.003693
v -0.145358 1.364781 -0.107029
v -0.162946 1.349295 -0.114242
v -0.180501 1.330614 -0.118372
v -0.185009 1.310690 0.039854
v -0.174293 1.328928 0.040793
v -0.161714 1.344630 0.038600
v -0.024250 0.871221 0.088617
v -0.023858 0.903914 0.088791
v -0.024572 0.932068 0.093249
v -0.025284 0.957293 0.096425
v -0.026246 0.981014 0.099328
v -0.026063 1.050124 0.100423
v -0.027662 1.092816 0.104224
v -0.026899 1.123651 0.107834
v -0.024717 1.146489 0.105069
v -0.022634 1.164914 0.100155
v -0.021441 1.180046 0.094040
v -0.019000 1.208116 0.096520
v -0.018439 1.222387 0.098964
v -0.017923 1.237482 0.098892
v -0.017725 1.253558 0.094974
v -0.017174 1.270028 0.088099
v -0.016337 1.286505 0.079405
v -0.022297 1.313797 -0.125797
v -0.043685 1.316504 -0.133095
v -0.023906 1.287076 -0.128386
v -0.047891 1.290153 -0.136214
v -0.026971 1.258905 -0.129407
v -0.052976 1.261786 -0.134421
v -0.029025 1.229983 -0.127384
v -0.057143 1.231417 -0.133909
v -0.029590 1.201515 -0.123353
v -0.059229 1.201258 -0.130777
v -0.028475 1.148138 -0.114043
v -0.056471 1.145483 -0.121253
v -0.027114 1.124026 -0.109725
v -0.053437 1.121258 -0.116248
v -0.025290 1.100992 -0.105224
v -0.050098 1.098753 -0.110219
v -0.023257 1.078102 -0.100350
v -0.046624 1.076482 -0.105074
v -0.021633 1.053532 -0.097583
v -0.043604 1.053113 -0.100603
v -0.020075 1.027738 -0.096950
v -0.040923 1.028246 -0.097902
v -0.019320 1.001283 -0.100240
v -0.039607 1.001930 -0.098994
v -0.020030 0.974660 -0.103369
v -0.040487 0.974763 -0.100078
v -0.020865 0.947850 -0.108813
v -0.042460 0.949193 -0.110691
v -0.020987 0.921005 -0.118428
v -0.043507 0.923283 -0.122920
v -0.020689 0.891584 -0.128115
v -0.044410 0.894302 -0.135863
v -0.019703 0.856535 -0.133156
v -0.044950 0.859192 -0.142517
v -0.018717 0.816356 -0.125836
v -0.045879 0.819888 -0.137628
v -0.053860 0.840590 0.079710
v -0.051857 0.874166 0.082020
v -0.050358 0.905187 0.080281
v -0.051174 0.932963 0.083608
v -0.052189 0.958712 0.086524
v -0.053679 0.984942 0.089257
v -0.053918 1.016564 0.090384
v -0.055216 1.055379 0.095891
v -0.054811 1.092288 0.099184
v -0.053090 1.121825 0.104831
v -0.049365 1.144915 0.103468
v -0.045539 1.163068 0.097140
v -0.043381 1.179962 0.093806
v -0.136657 1.317960 0.055999
v -0.148382 1.298332 0.059389
v -0.158523 1.277677 0.058733
v -0.164030 1.258006 0.053317
v -0.164154 1.240371 0.042483
v -0.158455 1.223819 0.025904
v -0.163333 1.186888 -0.016980
v -0.168540 1.172183 -0.043051
v -0.165493 1.164080 -0.070385
v -0.150822 1.163369 -0.096970
v -0.123006 1.167740 -0.116463
v -0.090461 1.170791 -0.124531
v -0.058941 1.172176 -0.125809
v -0.029632 1.173834 -0.119196
v -0.126022 1.310497 0.063777
v -0.137879 1.289795 0.068525
v -0.148154 1.268154 0.070327
v -0.154021 1.248181 0.067616
v -0.155988 1.229734 0.059110
v -0.152860 1.213352 0.043851
v -0.165061 0.858680 0.025930
v -0.161633 0.885227 0.020777
v -0.158034 0.911406 0.015817
v -0.153860 0.938025 0.011456
v -0.149765 0.965603 0.007565
v -0.147753 0.994891 0.006695
v -0.147714 1.024367 0.008465
v -0.143388 1.052701 0.010136
v -0.142714 1.079672 0.012231
v -0.145164 1.105000 0.015114
v -0.146017 1.128677 0.018802
v -0.144213 1.150871 0.023207
v -0.143657 1.171318 0.031692
v -0.143311 1.205643 0.064796
v -0.143625 1.223231 0.077831
v -0.140352 1.241812 0.082344
v -0.134425 1.261677 0.081838
v -0.124958 1.283199 0.077557
v -0.113806 1.304144 0.071069
v -0.032874 1.288437 0.082582
v -0.034886 1.271341 0.091952
v -0.036176 1.254047 0.099972
v -0.037060 1.237108 0.105018
v -0.038036 1.221385 0.106717
v -0.039615 1.206997 0.104596
v -0.146035 1.326112 0.048724
v -0.157766 1.307769 0.051653
v -0.167779 1.288008 0.049762
v -0.172230 1.269169 0.041276
v -0.169812 1.251634 0.027635
v -0.164000 1.237207 0.009421
v -0.167948 1.205236 -0.028038
v -0.172336 1.191776 -0.049992
v -0.172194 1.187128 -0.073514
v -0.160958 1.188024 -0.099505
v -0.104290 1.236972 0.102568
v -0.099143 1.255154 0.097857
v -0.025970 1.008227 0.098901
v -0.100928 1.334553 -0.133621
v -0.114316 1.311462 -0.137290
v -0.129614 1.284838 -0.142153
v -0.176495 1.299054 0.044186
v -0.166370 1.318004 0.045492
v -0.154366 1.334895 0.042967
v -0.012149 0.761457 0.033703
v -0.007657 0.758110 -0.006368
v -0.012037 0.765224 -0.044824
v -0.086773 0.765797 -0.110808
v -0.090540 0.739079 -0.094573
v -0.094868 0.709169 -0.093630
v -0.099405 0.678285 -0.098055
v -0.104522 0.646213 -0.102926
v -0.110562 0.612923 -0.104772
v -0.117811 0.579641 -0.101677
v -0.123820 0.547676 -0.096888
v -0.129642 0.517187 -0.096974
v -0.134522 0.489056 -0.099484
v -0.137666 0.463775 -0.105693
v -0.139329 0.440389 -0.114992
v -0.141136 0.416844 -0.124326
v -0.143178 0.392223 -0.133178
v -0.145358 0.365787 -0.140350
v -0.147701 0.337231 -0.143922
v -0.149557 0.307844 -0.144351
v -0.152244 0.279200 -0.142837
v -0.155361 0.252287 -0.140386
v -0.158537 0.227490 -0.137530
v -0.160568 0.205987 -0.135619
v -0.164541 0.209861 -0.057080
v -0.163061 0.229504 -0.054216
v -0.161099 0.251389 -0.050057
v -0.158886 0.274522 -0.045451
v -0.156045 0.298823 -0.041165
v -0.152520 0.324002 -0.037757
v -0.148627 0.349072 -0.034511
v -0.144549 0.373452 -0.030470
v -0.139814 0.396780 -0.024626
v -0.134881 0.419848 -0.016251
v -0.127491 0.440451 -0.002813
v -0.118745 0.467746 0.009964
v -0.110212 0.498046 0.023430
v -0.104464 0.532058 0.032977
v -0.099581 0.567390 0.043602
v -0.097118 0.604621 0.053411
v -0.095733 0.641944 0.062191
v -0.094518 0.678973 0.069599
v -0.092778 0.715298 0.075249
v -0.090250 0.750256 0.079033
v -0.087869 0.783566 0.078981
v -0.056961 0.760579 -0.099510
v -0.061875 0.733407 -0.087863
v -0.065417 0.703267 -0.089055
v -0.070323 0.672911 -0.093327
v -0.076817 0.641435 -0.096402
v -0.084177 0.609045 -0.097781
v -0.093313 0.576935 -0.096089
v -0.101593 0.545638 -0.095012
v -0.108840 0.515513 -0.095862
v -0.114684 0.487442 -0.097536
v -0.118934 0.461709 -0.101462
v -0.120368 0.437949 -0.109654
v -0.121130 0.414063 -0.118590
v -0.121922 0.389277 -0.126718
v -0.122855 0.362822 -0.133810
v -0.124839 0.334372 -0.137831
v -0.127708 0.305234 -0.138325
v -0.132303 0.277099 -0.136450
v -0.137239 0.251120 -0.133892
v -0.142115 0.227174 -0.131673
v -0.145556 0.206192 -0.130431
v -0.153174 0.210291 -0.064242
v -0.150786 0.229907 -0.061397
v -0.148252 0.251815 -0.057661
v -0.145612 0.275236 -0.053917
v -0.142511 0.299667 -0.050063
v -0.138861 0.324886 -0.046958
v -0.135183 0.350040 -0.044122
v -0.131473 0.374590 -0.039761
v -0.126803 0.398135 -0.033122
v -0.121810 0.421834 -0.024801
v -0.113724 0.444939 -0.013010
v -0.103760 0.471213 -0.001070
v -0.093774 0.500351 0.011090
v -0.085534 0.532850 0.022197
v -0.078282 0.566831 0.032955
v -0.075652 0.604004 0.040662
v -0.073542 0.640713 0.047119
v -0.071396 0.676208 0.053084
v -0.068108 0.710147 0.059469
v -0.064878 0.742525 0.065026
v -0.061704 0.774356 0.068084
v -0.017399 0.746672 0.029104
v -0.020356 0.723800 0.024499
v -0.025866 0.697787 0.017179
v -0.032941 0.668510 0.009019
v -0.041651 0.636776 0.001312
v -0.049846 0.603583 -0.004705
v -0.056238 0.569319 -0.011168
v -0.063311 0.535961 -0.018023
v -0.074326 0.505838 -0.026182
v -0.081742 0.476352 -0.034012
v -0.089997 0.449299 -0.041405
v -0.099776 0.425377 -0.049722
v -0.106529 0.401693 -0.057580
v -0.107384 0.377172 -0.062186
v -0.106995 0.351342 -0.063293
v -0.108809 0.324810 -0.064459
v -0.113050 0.298545 -0.066777
v -0.117856 0.273134 -0.070184
v -0.122470 0.249058 -0.073422
v -0.127041 0.226591 -0.075876
v -0.132102 0.206825 -0.078517
v -0.175320 0.801795 0.033609
v -0.179386 0.768851 0.035352
v -0.182091 0.731927 0.035505
v -0.183903 0.692071 0.033662
v -0.184312 0.651025 0.028805
v -0.182080 0.611373 0.021172
v -0.177092 0.574394 0.011086
v -0.171964 0.539984 0.000014
v -0.170019 0.508058 -0.011052
v -0.173702 0.478206 -0.019696
v -0.179076 0.451643 -0.027226
v -0.183801 0.427171 -0.034542
v -0.190942 0.403517 -0.039884
v -0.197566 0.379445 -0.044158
v -0.202512 0.354381 -0.048721
v -0.205282 0.328354 -0.053595
v -0.206048 0.302176 -0.058584
v -0.205875 0.276481 -0.063125
v -0.204765 0.251576 -0.066815
v -0.203793 0.227967 -0.069500
v -0.202721 0.207495 -0.072252
v -0.205151 0.206795 -0.086498
v -0.206332 0.227900 -0.084770
v -0.207410 0.252504 -0.083100
v -0.208765 0.278321 -0.080504
v -0.210355 0.304722 -0.076792
v -0.210668 0.331508 -0.072143
v -0.208516 0.357906 -0.066812
v -0.202987 0.383110 -0.061972
v -0.195771 0.407186 -0.056972
v -0.188627 0.431063 -0.050866
v -0.183536 0.456006 -0.043994
v -0.179227 0.482783 -0.036875
v -0.177299 0.511710 -0.028044
v -0.178990 0.543118 -0.019178
v -0.183269 0.577338 -0.011300
v -0.188284 0.614211 -0.005023
v -0.190452 0.653562 -0.000502
v -0.190649 0.694025 0.002531
v -0.189477 0.733568 0.003590
v -0.186641 0.769948 0.003272
v -0.181070 0.801885 0.001803
v -0.037469 0.763980 0.053249
v -0.041253 0.733378 0.047769
v -0.046382 0.704450 0.040055
v -0.051822 0.673042 0.032161
v -0.056547 0.639448 0.025415
v -0.060158 0.604040 0.020031
v -0.063482 0.567906 0.013352
v -0.070784 0.533991 0.004677
v -0.082723 0.503851 -0.006488
v -0.092482 0.474933 -0.016945
v -0.101190 0.448124 -0.026447
v -0.109061 0.423589 -0.035694
v -0.115264 0.400040 -0.044368
v -0.118474 0.375861 -0.050084
v -0.120130 0.350671 -0.052103
v -0.122782 0.324857 -0.053407
v -0.126360 0.298973 -0.055677
v -0.129942 0.274058 -0.059343
v -0.133748 0.250433 -0.063347
v -0.137598 0.228451 -0.066954
v -0.141974 0.209043 -0.070549
v -0.134480 0.206257 -0.118780
v -0.130047 0.226747 -0.119050
v -0.124136 0.249794 -0.120305
v -0.117417 0.274958 -0.122453
v -0.111503 0.302329 -0.123433
v -0.108355 0.330914 -0.122193
v -0.108087 0.358652 -0.117431
v -0.107845 0.385151 -0.111365
v -0.108357 0.409979 -0.103861
v -0.107798 0.434135 -0.095888
v -0.103790 0.458742 -0.090182
v -0.096175 0.484885 -0.088367
v -0.088927 0.513135 -0.086539
v -0.081919 0.543321 -0.083556
v -0.073372 0.574347 -0.081167
v -0.063782 0.605669 -0.079850
v -0.054382 0.637063 -0.078291
v -0.045471 0.667648 -0.076246
v -0.038325 0.697288 -0.073794
v -0.034165 0.726755 -0.072525
v -0.034258 0.755549 -0.073976
v -0.129064 0.206020 -0.104797
v -0.174697 0.227782 -0.137199
v -0.174039 0.252866 -0.139973
v -0.173022 0.280254 -0.141990
v -0.172248 0.309361 -0.143477
v -0.102543 0.381454 -0.093637
v -0.101788 0.355159 -0.098305
v -0.102212 0.378854 -0.077122
v -0.101209 0.352688 -0.079692
v -0.105079 0.300056 -0.103102
v -0.111044 0.273564 -0.103836
v -0.105062 0.298659 -0.083357
v -0.111070 0.272833 -0.085548
v -0.102648 0.406515 -0.087428
v -0.166193 0.393567 -0.130453
v -0.169212 0.367229 -0.138311
v -0.206153 0.308847 -0.117383
v -0.204556 0.280508 -0.118568
v -0.192511 0.309697 -0.133957
v -0.191810 0.280778 -0.133943
v -0.202624 0.253100 -0.118783
v -0.200472 0.227288 -0.118273
v -0.191019 0.253205 -0.132957
v -0.189788 0.227557 -0.131318
v -0.207516 0.252893 -0.100920
v -0.206032 0.227508 -0.101657
v -0.209512 0.279584 -0.099465
v -0.211283 0.306927 -0.097071
v -0.204143 0.364923 -0.108954
v -0.190423 0.367040 -0.127281
v -0.199924 0.390993 -0.102156
v -0.186655 0.393355 -0.119605
v -0.194130 0.415020 -0.094045
v -0.181943 0.417562 -0.110408
v -0.162871 0.417810 -0.120747
v -0.117988 0.248867 -0.103717
v -0.124215 0.226149 -0.103794
v -0.117486 0.248472 -0.087421
v -0.122725 0.225820 -0.088910
v -0.127465 0.205799 -0.090844
v -0.175067 0.206001 -0.135175
v -0.198541 0.205583 -0.117318
v -0.204295 0.206023 -0.102231
v -0.188641 0.205736 -0.129398
v -0.007344 0.740482 -0.006844
v -0.009440 0.718636 -0.009711
v -0.120283 0.719984 0.082156
v -0.121198 0.681758 0.077035
v -0.146465 0.724494 0.077156
v -0.147544 0.685123 0.072873
v -0.168373 0.728602 0.061938
v -0.169714 0.688679 0.058788
v -0.165113 0.765846 0.061696
v -0.181731 0.767300 -0.030923
v -0.186299 0.732008 -0.030114
v -0.173698 0.798194 -0.032014
v -0.166946 0.761493 -0.060433
v -0.159256 0.791966 -0.062446
v -0.144621 0.753832 -0.080907
v -0.140615 0.783846 -0.087602
v -0.172436 0.727700 -0.059051
v -0.160991 0.799685 0.058679
v -0.141224 0.796426 0.076302
v -0.115841 0.791140 0.083291
v -0.144093 0.761877 0.078477
v -0.118353 0.756707 0.084544
v -0.188251 0.693702 -0.029939
v -0.175743 0.691332 -0.058435
v -0.176121 0.654145 -0.057646
v -0.188209 0.654537 -0.030724
v -0.186318 0.616208 -0.032458
v -0.167845 0.608621 0.041652
v -0.169534 0.647984 0.051938
v -0.175418 0.617361 -0.057905
v -0.159965 0.582311 -0.078634
v -0.158016 0.617156 -0.079269
v -0.173896 0.581800 -0.058538
v -0.182444 0.579844 -0.035260
v -0.155444 0.652456 -0.078225
v -0.153546 0.687543 -0.078697
v -0.149600 0.721716 -0.079250
v -0.123242 0.715314 -0.090513
v -0.118400 0.746014 -0.092123
v -0.128368 0.683264 -0.093228
v -0.147328 0.645334 0.065014
v -0.121510 0.643255 0.068349
v -0.121886 0.605535 0.057153
v -0.146679 0.606668 0.053666
v -0.145663 0.569733 0.040839
v -0.123277 0.568517 0.045624
v -0.144778 0.534576 0.028149
v -0.125678 0.532542 0.035332
v -0.164479 0.571504 0.029541
v -0.160061 0.537134 0.015900
v -0.129969 0.497964 0.026182
v -0.135958 0.465318 0.014192
v -0.148380 0.499653 0.019665
v -0.153467 0.466123 0.010890
v -0.162675 0.420345 -0.011741
v -0.158599 0.440881 -0.002847
v -0.148322 0.418672 -0.010749
v -0.143620 0.438741 -0.000079
v -0.068527 0.507216 -0.047355
v -0.075419 0.477847 -0.053570
v -0.054939 0.570414 -0.036434
v -0.061913 0.538085 -0.041854
v -0.033536 0.633725 -0.026032
v -0.022881 0.664394 -0.020261
v -0.039462 0.634046 -0.053757
v -0.028320 0.664080 -0.050867
v -0.051197 0.603477 -0.056588
v -0.045509 0.602722 -0.031227
v -0.060787 0.572165 -0.060102
v -0.137187 0.615797 -0.097251
v -0.141503 0.581681 -0.094608
v -0.132499 0.649860 -0.095725
v -0.068420 0.540727 -0.064540
v -0.014022 0.720350 -0.045842
v -0.019470 0.693225 -0.047795
v -0.013755 0.745436 -0.044351
v -0.014952 0.693332 -0.014440
v -0.116242 0.774682 -0.105143
v -0.173023 0.373986 -0.024731
v -0.167310 0.397942 -0.020103
v -0.158406 0.373056 -0.024807
v -0.153368 0.396485 -0.019189
v -0.180189 0.400135 -0.027540
v -0.187065 0.376235 -0.030620
v -0.196777 0.411050 -0.075271
v -0.203493 0.386974 -0.081680
v -0.186478 0.459610 -0.060060
v -0.190469 0.434764 -0.067874
v -0.174555 0.423478 -0.021463
v -0.171226 0.445919 -0.011958
v -0.208458 0.361389 -0.087447
v -0.192497 0.351265 -0.034430
v -0.197691 0.299827 -0.043987
v -0.198446 0.274709 -0.049065
v -0.172518 0.273563 -0.039435
v -0.186509 0.273634 -0.040790
v -0.170064 0.297970 -0.034694
v -0.184884 0.298307 -0.035488
v -0.178271 0.349122 -0.027293
v -0.162900 0.348443 -0.027754
v -0.096488 0.427809 -0.065259
v -0.085552 0.451552 -0.059123
v -0.102342 0.403821 -0.071914
v -0.091163 0.455252 -0.076354
v -0.099992 0.430831 -0.080727
v -0.080763 0.481219 -0.073777
v -0.074016 0.510102 -0.069363
v -0.153116 0.489718 -0.093875
v -0.148221 0.517862 -0.089508
v -0.159462 0.440879 -0.110744
v -0.156441 0.464314 -0.101125
v -0.175781 0.228406 -0.050151
v -0.187527 0.227949 -0.051472
v -0.174239 0.250441 -0.045105
v -0.187062 0.250142 -0.046363
v -0.196454 0.208081 -0.061845
v -0.197102 0.228006 -0.058181
v -0.197899 0.250678 -0.053916
v -0.187795 0.208281 -0.055556
v -0.176865 0.208797 -0.053635
v -0.144521 0.548865 -0.090095
v -0.173572 0.547992 -0.059568
v -0.161491 0.548841 -0.076882
v -0.176160 0.516762 -0.063450
v -0.180146 0.514613 -0.045835
v -0.179968 0.488448 -0.069066
v -0.183903 0.486066 -0.052977
v -0.179041 0.545922 -0.039504
v -0.187626 0.438064 -0.085001
v -0.176537 0.440268 -0.100203
v -0.182754 0.462260 -0.075969
v -0.171950 0.463827 -0.090467
v -0.168204 0.489540 -0.083054
v -0.164102 0.517767 -0.078280
v -0.161111 0.503597 0.005559
v -0.167239 0.471871 -0.001576
v -0.195789 0.325545 -0.038983
v -0.211028 0.334559 -0.092924
v -0.206522 0.337318 -0.114266
v -0.192397 0.338787 -0.131914
v -0.171451 0.338799 -0.142644
v -0.102027 0.327805 -0.101549
v -0.101484 0.325570 -0.081565
v -0.166817 0.323241 -0.030751
v -0.182172 0.323652 -0.030823
v -0.048624 0.783558 -0.122257
v -0.019367 0.776854 -0.093749
v -0.113462 0.803866 -0.118057
v -0.082349 0.792819 -0.129166
v -0.135665 0.813409 -0.094385
v -0.149666 0.820167 -0.064571
v -0.162112 0.825372 -0.033117
v -0.172448 0.829989 -0.000502
v -0.170029 0.831195 0.030462
v -0.112716 0.822819 0.077850
v -0.137354 0.827570 0.070714
v -0.156272 0.830105 0.053844
v -0.084949 0.815794 0.076762
v -0.056591 0.807095 0.069387
v -0.026487 0.833655 0.091948
v -0.027003 0.789437 0.077489
v -0.183427 1.366569 -0.084973
v -0.231496 1.311514 -0.086451
v -0.202115 1.352395 -0.087576
v -0.149090 1.391452 -0.077637
v -0.164665 1.377730 -0.080947
v -0.218457 1.333558 -0.087737
v -0.293709 1.197444 -0.038692
v -0.287193 1.216213 -0.042770
v -0.278504 1.235364 -0.046590
v -0.267063 1.254072 -0.050301
v -0.256892 1.274499 -0.052317
v -0.250478 1.297365 -0.052900
v -0.282145 1.194626 -0.016067
v -0.275049 1.212469 -0.019056
v -0.266827 1.230693 -0.022551
v -0.259059 1.249767 -0.024582
v -0.255394 1.271219 -0.023585
v -0.252227 1.294171 -0.021374
v -0.247977 1.287866 -0.006737
v -0.250321 1.265618 -0.011198
v -0.252194 1.244614 -0.014605
v -0.258607 1.225402 -0.013393
v -0.266453 1.207562 -0.009875
v -0.273802 1.190305 -0.007061
v -0.254966 1.177549 0.008167
v -0.247127 1.194052 0.006823
v -0.239644 1.210921 0.005000
v -0.233206 1.228710 0.004324
v -0.227827 1.247426 0.005646
v -0.224015 1.267989 0.010294
v -0.244058 1.169163 0.011980
v -0.235601 1.184963 0.011827
v -0.227788 1.201020 0.011459
v -0.220480 1.217565 0.011584
v -0.214143 1.235009 0.012258
v -0.208672 1.253421 0.012717
v -0.232832 1.160263 0.011536
v -0.223940 1.175449 0.011901
v -0.215332 1.190572 0.011799
v -0.206931 1.205474 0.011839
v -0.199674 1.220876 0.011964
v -0.193622 1.236312 0.012134
v -0.222483 1.151900 0.004066
v -0.213774 1.166607 0.004461
v -0.205230 1.180995 0.003460
v -0.196964 1.194876 0.002263
v -0.189455 1.208644 0.000990
v -0.182523 1.225038 -0.001682
v -0.216561 1.146248 -0.010983
v -0.208867 1.160466 -0.010785
v -0.201362 1.174352 -0.012067
v -0.194080 1.187782 -0.014265
v -0.187490 1.201098 -0.017038
v -0.179699 1.221944 -0.020418
v -0.215781 1.143448 -0.028896
v -0.208735 1.157402 -0.029205
v -0.202129 1.171041 -0.030610
v -0.195049 1.183683 -0.032965
v -0.187539 1.196423 -0.035664
v -0.178936 1.217034 -0.037137
v -0.179045 1.214243 -0.053261
v -0.187004 1.193434 -0.053979
v -0.195012 1.180118 -0.051945
v -0.203338 1.168429 -0.049645
v -0.210534 1.155647 -0.047855
v -0.217428 1.142042 -0.047124
v -0.220580 1.141709 -0.065304
v -0.212755 1.154585 -0.066869
v -0.203714 1.166206 -0.069535
v -0.194428 1.178207 -0.071814
v -0.187066 1.194580 -0.072648
v -0.181592 1.214523 -0.069813
v -0.228781 1.144886 -0.081251
v -0.219585 1.157262 -0.084379
v -0.209547 1.169632 -0.088125
v -0.200193 1.183303 -0.090874
v -0.192093 1.199736 -0.091627
v -0.185745 1.218354 -0.088359
v -0.240971 1.151985 -0.092193
v -0.231497 1.165056 -0.096391
v -0.221869 1.179276 -0.100460
v -0.212498 1.194397 -0.104085
v -0.202782 1.210336 -0.106263
v -0.191998 1.227756 -0.104213
v -0.255605 1.161950 -0.094985
v -0.246691 1.176668 -0.099431
v -0.237689 1.192161 -0.104343
v -0.228182 1.208695 -0.109200
v -0.217606 1.226190 -0.113046
v -0.205141 1.245107 -0.112729
v -0.221552 1.263223 -0.112089
v -0.233571 1.242950 -0.109509
v -0.244135 1.223734 -0.105367
v -0.253073 1.205722 -0.099252
v -0.261486 1.188868 -0.093948
v -0.270153 1.172678 -0.089919
v -0.282034 1.182257 -0.079824
v -0.273423 1.199321 -0.083477
v -0.266161 1.217467 -0.089517
v -0.256782 1.236993 -0.094430
v -0.245941 1.257113 -0.097760
v -0.234321 1.278304 -0.100664
v -0.289178 1.189449 -0.066099
v -0.282735 1.207636 -0.070964
v -0.275563 1.227035 -0.076392
v -0.264470 1.246536 -0.079820
v -0.252728 1.266711 -0.082120
v -0.241818 1.288510 -0.084367
v -0.246642 1.294402 -0.067916
v -0.255867 1.272054 -0.066664
v -0.267549 1.252061 -0.064631
v -0.279338 1.233038 -0.061148
v -0.287791 1.213606 -0.056892
v -0.294058 1.194803 -0.052287
v -0.020811 1.469300 0.098808
v -0.024348 1.472632 0.097765
v -0.026731 1.470906 0.092837
v -0.022545 1.467512 0.093780
v -0.015763 1.473689 0.105791
v -0.017944 1.476593 0.105102
v -0.025225 1.464862 0.067245
v -0.030259 1.468314 0.065631
v -0.018418 1.471570 0.102769
v -0.021317 1.474661 0.101801
v -0.023605 1.466531 0.088246
v -0.028273 1.469813 0.087312
v -0.060254 1.344127 0.049371
v -0.048924 1.341309 0.053002
v -0.035803 1.409940 0.027475
v -0.029443 1.407358 0.029968
v -0.026670 1.457417 0.042395
v -0.022306 1.454743 0.045733
v -0.014276 1.478161 0.107777
v -0.012941 1.475268 0.107999
v -0.041180 1.383043 0.024532
v -0.033889 1.380388 0.027851
v -0.023402 1.464038 0.056855
v -0.028340 1.466778 0.054674
v -0.038223 1.367985 0.034712
v -0.046492 1.370626 0.031295
v -0.025339 1.465137 0.072351
v -0.030473 1.468561 0.070938
v -0.010139 1.479364 0.109783
v -0.009490 1.476177 0.109600
v -0.038384 1.396124 0.025149
v -0.031923 1.393520 0.028621
v -0.025027 1.465487 0.077530
v -0.030185 1.468758 0.076307
v -0.026861 1.463969 0.048403
v -0.022091 1.461432 0.050984
v -0.005316 1.480168 0.110916
v -0.005044 1.476709 0.110516
v -0.024389 1.465959 0.082814
v -0.029415 1.469130 0.081769
v -0.043290 1.355254 0.043484
v -0.053087 1.358555 0.040723
v -0.024591 1.464603 0.062180
v -0.029587 1.467789 0.060295
v -0.055107 1.325701 0.062623
v -0.068048 1.328868 0.059636
v -0.038044 1.454020 0.030169
v -0.041347 1.442764 0.027006
v -0.044777 1.430334 0.023979
v -0.018657 1.442841 0.043650
v -0.019872 1.431241 0.039065
v -0.021268 1.418677 0.034787
v -0.054471 1.438912 0.015127
v -0.051290 1.451118 0.018656
v -0.048560 1.462829 0.022162
v -0.060364 1.489554 -0.006927
v -0.059192 1.475575 -0.010252
v -0.059896 1.461650 -0.013894
v -0.024304 1.478794 -0.054484
v -0.023327 1.493594 -0.053790
v -0.023369 1.508318 -0.054174
v -0.032938 1.450799 0.033777
v -0.035998 1.439416 0.030436
v -0.039082 1.426829 0.027360
v -0.057348 1.495760 -0.016914
v -0.055565 1.481024 -0.019569
v -0.056462 1.466683 -0.022704
v -0.037065 1.477097 -0.047388
v -0.035475 1.491456 -0.045734
v -0.035983 1.505708 -0.045273
v -0.061006 1.451956 -0.000319
v -0.059625 1.465333 0.003591
v -0.059194 1.478866 0.007310
v -0.043348 1.457991 0.026359
v -0.046458 1.446695 0.023040
v -0.049979 1.434416 0.019861
v -0.057822 1.443543 0.009979
v -0.055240 1.456124 0.013748
v -0.053169 1.468520 0.017435
v -0.030995 1.478209 -0.051445
v -0.029619 1.492779 -0.050233
v -0.029784 1.507232 -0.050178
v -0.060775 1.458826 -0.009679
v -0.060024 1.472488 -0.005819
v -0.060776 1.486224 -0.002330
v -0.014933 1.415893 0.036264
v -0.014187 1.428422 0.041062
v -0.013546 1.440245 0.045681
v -0.017075 1.479063 -0.056460
v -0.016410 1.494027 -0.056190
v -0.016422 1.508943 -0.056957
v -0.056791 1.474187 0.012376
v -0.057993 1.461070 0.008593
v -0.059905 1.448021 0.004747
v -0.007896 1.413441 0.037006
v -0.007599 1.426045 0.042176
v -0.007387 1.437964 0.046921
v -0.023354 1.445456 0.040725
v -0.025151 1.433945 0.036341
v -0.027186 1.421271 0.032659
v -0.028044 1.448091 0.037311
v -0.030517 1.436569 0.033461
v -0.033156 1.423854 0.030230
v -0.055166 1.646951 0.058270
v -0.053504 1.652967 0.053953
v -0.050577 1.659181 0.049374
v -0.046372 1.665495 0.044661
v -0.054043 1.543900 -0.042778
v -0.058995 1.542349 -0.034472
v -0.062750 1.541235 -0.026809
v -0.065384 1.540991 -0.019612
v -0.064299 1.571890 -0.042944
v -0.067887 1.568758 -0.033310
v -0.069706 1.565916 -0.025170
v -0.070569 1.563683 -0.018535
v -0.116977 1.398111 -0.098748
v -0.127084 1.403435 -0.087064
v -0.134830 1.405869 -0.074529
v -0.140372 1.406236 -0.062024
v -0.017051 1.666818 0.072158
v -0.017024 1.662391 0.077090
v -0.017269 1.657564 0.081482
v -0.017680 1.652541 0.085526
v -0.108939 1.423716 -0.053873
v -0.104048 1.425043 -0.063217
v -0.097426 1.425294 -0.072925
v -0.088859 1.424051 -0.082378
v -0.053249 1.449659 -0.051462
v -0.059265 1.448524 -0.046740
v -0.063998 1.446963 -0.041734
v -0.067450 1.444941 -0.036729
v -0.011909 1.668048 0.072886
v -0.011743 1.663342 0.078279
v -0.011792 1.658270 0.082898
v -0.012007 1.652988 0.087019
v -0.071056 1.601281 -0.034933
v -0.073746 1.595463 -0.025096
v -0.074802 1.589886 -0.017457
v -0.074767 1.584842 -0.011738
v -0.023830 1.651950 0.083380
v -0.023149 1.656762 0.079460
v -0.022510 1.661373 0.075357
v -0.022090 1.665474 0.071030
v -0.042999 1.650354 0.071279
v -0.041466 1.655538 0.067661
v -0.039090 1.660611 0.063940
v -0.035814 1.665423 0.060285
v -0.076129 1.629059 -0.018913
v -0.078049 1.620510 -0.009232
v -0.078654 1.612630 -0.001618
v -0.078352 1.605066 0.004026
v -0.074894 1.641348 -0.008431
v -0.077289 1.632073 0.000619
v -0.078173 1.623505 0.008290
v -0.078041 1.615096 0.014706
v -0.036696 1.651041 0.076359
v -0.035394 1.655959 0.072778
v -0.033512 1.660626 0.069098
v -0.031094 1.664849 0.065586
v -0.049149 1.649088 0.065193
v -0.047512 1.654677 0.061306
v -0.044781 1.660276 0.057266
v -0.040924 1.665806 0.053201
v -0.102912 1.412926 -0.092259
v -0.112265 1.416209 -0.081250
v -0.119318 1.417141 -0.069860
v -0.124607 1.416586 -0.058741
v -0.071755 1.633144 0.034291
v -0.070885 1.640421 0.027971
v -0.068629 1.648439 0.021109
v -0.064746 1.657138 0.013775
v -0.062870 1.440264 -0.060160
v -0.069833 1.439730 -0.054636
v -0.075206 1.438264 -0.048810
v -0.079183 1.436251 -0.043041
v -0.057706 1.513144 -0.020583
v -0.053416 1.514682 -0.026611
v -0.048813 1.516332 -0.032772
v -0.044251 1.517913 -0.039681
v -0.074335 1.615404 -0.027901
v -0.076477 1.608170 -0.018020
v -0.077270 1.601348 -0.010490
v -0.077040 1.595068 -0.005144
v -0.046291 1.461648 -0.045738
v -0.051389 1.459946 -0.041038
v -0.055493 1.457978 -0.036194
v -0.058642 1.455813 -0.031419
v -0.075775 1.624844 0.024957
v -0.075447 1.632816 0.018301
v -0.073920 1.641410 0.010924
v -0.070657 1.650623 0.002721
v -0.058509 1.661621 0.024666
v -0.062690 1.653615 0.031076
v -0.065329 1.646163 0.037143
v -0.066606 1.639337 0.042744
v -0.030240 1.651456 0.080384
v -0.029256 1.656206 0.076638
v -0.028025 1.660707 0.072824
v -0.026704 1.664642 0.069103
v -0.093450 1.429697 -0.048831
v -0.089006 1.431616 -0.056283
v -0.082860 1.432634 -0.063891
v -0.074879 1.432385 -0.071135
v -0.072289 1.574371 -0.015987
v -0.072106 1.577975 -0.022161
v -0.070961 1.582175 -0.030103
v -0.067973 1.586635 -0.039979
v -0.048548 1.531096 -0.040984
v -0.053604 1.529629 -0.033561
v -0.058012 1.528402 -0.026560
v -0.061559 1.527860 -0.019491
v -0.052262 1.664245 0.035064
v -0.056571 1.657066 0.040555
v -0.059441 1.650198 0.045796
v -0.061014 1.643788 0.050689
v -0.068454 1.552629 -0.019614
v -0.066731 1.553627 -0.026578
v -0.063906 1.555359 -0.034605
v -0.059597 1.557478 -0.043702
v -0.053824 1.468991 -0.027385
v -0.050603 1.471189 -0.032274
v -0.046777 1.473347 -0.037369
v -0.042316 1.475400 -0.042533
v -0.052694 1.483367 -0.024492
v -0.049212 1.485571 -0.029602
v -0.045296 1.487698 -0.035030
v -0.040761 1.489703 -0.040558
v -0.054318 1.498120 -0.022260
v -0.050263 1.500193 -0.027568
v -0.046089 1.502127 -0.033317
v -0.041541 1.503954 -0.039537
v -0.072731 1.429750 -0.014579
v -0.111548 1.399965 -0.014163
v -0.061381 1.496444 0.006168
v -0.073058 1.562914 0.006124
v -0.084426 1.544699 -0.007013
v -0.084205 1.431138 -0.032352
v -0.114164 1.417752 -0.036569
v -0.073555 1.564176 0.006937
v -0.077319 1.576658 0.009025
v -0.071717 1.554518 0.000358
v -0.073477 1.549308 0.000384
v -0.090719 1.583174 -0.002837
v -0.083559 1.539876 -0.002999
v -0.072165 1.559959 0.003250
v -0.079155 1.537172 0.001390
v -0.067005 1.530782 0.015369
v -0.084369 1.537730 0.002976
v -0.080702 1.533942 0.005694
v -0.071914 1.556605 0.000754
v -0.091218 1.577410 -0.009377
v -0.074137 1.566641 0.007531
v -0.062877 1.450827 -0.022616
v -0.072476 1.561561 0.004803
v -0.085631 1.550926 -0.010463
v -0.066097 1.540334 0.004868
v -0.083755 1.540395 0.004178
v -0.081942 1.543859 0.004880
v -0.061898 1.507555 -0.008553
v -0.075093 1.570989 0.008526
v -0.072021 1.551907 -0.000011
v -0.088888 1.582901 0.003099
v -0.126879 1.391940 -0.009184
v -0.089789 1.568279 -0.013483
v -0.071438 1.542128 0.006010
v -0.078527 1.549386 0.004448
v -0.071895 1.439852 -0.027742
v -0.063073 1.509835 0.009862
v -0.098597 1.424296 -0.035206
v -0.063851 1.521558 -0.004559
v -0.071986 1.558373 0.001706
v -0.087459 1.558724 -0.013181
v -0.064014 1.441923 -0.010169
v -0.077773 1.531807 0.009376
v -0.129923 1.410873 -0.037218
v -0.143372 1.388157 -0.000204
v -0.064781 1.521927 0.013154
v -0.082446 1.580533 0.006416
v -0.145576 1.402176 -0.037826
v -0.076143 1.539652 0.003622
v -0.075954 1.548853 0.002295
v -0.081239 1.547435 0.005484
v -0.072503 1.531465 0.013054
v -0.064373 1.532833 0.000480
v -0.084934 1.419487 -0.016233
v -0.097471 1.409526 -0.015971
v -0.306866 1.091790 0.008751
v -0.357111 1.032683 0.011352
v -0.286672 1.136865 0.000883
v -0.345860 1.067274 0.004952
v -0.342211 0.994153 0.029970
v -0.271808 1.167766 0.002582
v -0.201202 1.377844 -0.037277
v -0.233239 1.302067 0.009065
v -0.224152 1.325017 0.012646
v -0.180925 1.386801 -0.037180
v -0.317669 1.059578 0.020612
v -0.161985 1.393783 -0.037518
v -0.314798 1.130506 -0.013598
v -0.294735 1.179124 -0.023383
v -0.244766 1.320850 -0.036686
v -0.294499 1.122211 0.001117
v -0.219146 1.362722 -0.036879
v -0.338854 1.083968 0.001076
v -0.362030 1.015670 0.014375
v -0.307009 1.145932 -0.017497
v -0.351655 1.049971 0.008287
v -0.233568 1.343133 -0.036620
v -0.330831 1.099945 -0.003824
v -0.300380 1.162007 -0.020571
v -0.348324 0.979744 0.032148
v -0.210997 1.346598 0.014787
v -0.369928 0.983605 0.020227
v -0.322846 1.115386 -0.008993
v -0.177736 1.377632 0.012765
v -0.160239 1.383696 0.006997
v -0.323698 1.042834 0.024008
v -0.366275 0.999350 0.017900
v -0.311986 1.075925 0.015328
v -0.336218 1.009730 0.028046
v -0.194760 1.365347 0.015561
v -0.301383 1.107106 0.003148
v -0.330189 1.026112 0.026062
v -0.279195 1.152028 0.002283
v -0.264716 1.184580 0.000895
v -0.257135 1.201404 -0.001596
v -0.249422 1.218810 -0.004792
v -0.243143 1.237609 -0.005779
v -0.240314 1.257591 -0.001876
v -0.238082 1.278908 0.004319
v -0.289264 1.197280 -0.026692
v -0.282562 1.215750 -0.030006
v -0.273961 1.234402 -0.033600
v -0.264178 1.253211 -0.036768
v -0.256678 1.274273 -0.037901
v -0.252276 1.297271 -0.037363
v -0.058488 1.464237 -0.018197
v -0.057726 1.478427 -0.014809
v -0.059250 1.492823 -0.011740
v -0.060457 1.482735 0.002395
v -0.060235 1.469082 -0.001221
v -0.061206 1.455554 -0.005176
v -0.082521 1.536307 0.001377
v -0.427958 0.728916 0.025658
v -0.428914 0.728906 0.027396
v -0.429303 0.731996 0.027733
v -0.427860 0.731746 0.025537
v -0.428014 0.734952 0.026177
v -0.428846 0.735562 0.028497
v -0.428262 0.734957 0.030899
v -0.428930 0.732101 0.030656
v -0.429373 0.729645 0.029460
v -0.431746 0.727653 0.076706
v -0.431337 0.725899 0.074190
v -0.431231 0.722194 0.075541
v -0.431482 0.723704 0.078762
v -0.430614 0.720633 0.081137
v -0.431117 0.719494 0.078391
v -0.430445 0.728181 0.079519
v -0.429411 0.724963 0.081543
v -0.428807 0.722533 0.082528
v -0.436230 0.734477 0.109697
v -0.437084 0.732913 0.107422
v -0.437003 0.730071 0.109220
v -0.435802 0.731000 0.111966
v -0.435178 0.727958 0.113593
v -0.436731 0.727737 0.111236
v -0.433694 0.734917 0.112264
v -0.433053 0.731304 0.114070
v -0.433195 0.728486 0.114951
v -0.422844 0.749580 0.134714
v -0.423084 0.748394 0.131727
v -0.423394 0.750560 0.129961
v -0.423508 0.752184 0.133555
v -0.423837 0.755367 0.132031
v -0.423954 0.753735 0.129121
v -0.421755 0.755981 0.134830
v -0.420874 0.753245 0.136378
v -0.421022 0.750852 0.136953
v -0.368432 0.818196 0.144325
v -0.372491 0.817881 0.143341
v -0.373723 0.819497 0.139375
v -0.368886 0.820747 0.140615
v -0.373275 0.822142 0.135709
v -0.368862 0.823423 0.136311
v -0.364744 0.821603 0.136253
v -0.364362 0.818921 0.139726
v -0.364763 0.816992 0.143197
v -0.432493 0.732158 0.075073
v -0.430130 0.732232 0.080520
v -0.427552 0.726050 0.083689
v -0.427270 0.721762 0.083711
v -0.428460 0.719174 0.081575
v -0.429214 0.717948 0.077909
v -0.429018 0.720922 0.073143
v -0.430864 0.728211 0.071070
v -0.433424 0.736905 0.067144
v -0.435210 0.739197 0.072953
v -0.432298 0.740875 0.078438
v -0.428036 0.735934 0.064369
v -0.426176 0.727126 0.067382
v -0.424669 0.719550 0.071474
v -0.426603 0.741501 0.079446
v -0.424535 0.733395 0.081797
v -0.423368 0.726011 0.083575
v -0.420378 0.724890 0.080397
v -0.420480 0.732333 0.078442
v -0.422413 0.740456 0.076111
v -0.422964 0.736846 0.066567
v -0.421344 0.728307 0.069520
v -0.421158 0.721199 0.073695
v -0.419471 0.722931 0.076874
v -0.419171 0.730406 0.073771
v -0.421733 0.738564 0.071337
v -0.423418 0.749094 0.073855
v -0.429141 0.745196 0.061616
v -0.434972 0.745922 0.063835
v -0.428217 0.750039 0.076521
v -0.422482 0.747338 0.068820
v -0.423852 0.745810 0.063788
v -0.434119 0.749697 0.075558
v -0.436919 0.747957 0.069966
v -0.424358 0.784239 0.067404
v -0.430442 0.787653 0.064106
v -0.432604 0.787451 0.056290
v -0.427953 0.784110 0.050643
v -0.422148 0.781068 0.050252
v -0.417774 0.780008 0.053222
v -0.416919 0.780971 0.059198
v -0.418412 0.781832 0.065681
v -0.424843 0.744926 0.021328
v -0.419753 0.744273 0.021703
v -0.417274 0.744154 0.026547
v -0.418529 0.744482 0.031877
v -0.422014 0.744944 0.035559
v -0.427101 0.745581 0.034499
v -0.429935 0.746051 0.030136
v -0.428766 0.745648 0.024884
v -0.426962 0.765327 0.024635
v -0.428723 0.765879 0.031016
v -0.425127 0.764624 0.035893
v -0.419707 0.762763 0.036508
v -0.416247 0.761660 0.032441
v -0.414629 0.761252 0.027297
v -0.416345 0.761961 0.022350
v -0.421603 0.763645 0.020982
v -0.409043 0.784130 0.024820
v -0.412746 0.786234 0.023081
v -0.417134 0.789061 0.024533
v -0.420352 0.791363 0.029401
v -0.418481 0.790618 0.037122
v -0.415777 0.784133 0.041816
v -0.408221 0.783036 0.038807
v -0.407158 0.783300 0.030127
v -0.439136 0.744025 0.099024
v -0.425931 0.743355 0.098909
v -0.425365 0.745691 0.104282
v -0.434585 0.748520 0.109489
v -0.435252 0.741980 0.095336
v -0.429644 0.741590 0.094806
v -0.428264 0.747886 0.109015
v -0.438949 0.746943 0.104682
v -0.424264 0.785979 0.073377
v -0.430052 0.790857 0.074200
v -0.432297 0.796723 0.080665
v -0.426426 0.798049 0.087361
v -0.419527 0.794879 0.089292
v -0.415366 0.790668 0.086163
v -0.416090 0.787463 0.080356
v -0.418562 0.784603 0.075212
v -0.428900 0.767199 0.072157
v -0.423881 0.765285 0.069509
v -0.423363 0.763547 0.064306
v -0.418248 0.768884 0.133992
v -0.413492 0.767508 0.130970
v -0.421469 0.761641 0.118541
v -0.426143 0.763244 0.121502
v -0.427221 0.766027 0.127013
v -0.424426 0.762174 0.059346
v -0.428917 0.762065 0.056009
v -0.435878 0.763723 0.056608
v -0.440060 0.766773 0.063626
v -0.423913 0.768164 0.132260
v -0.413159 0.764814 0.125335
v -0.415792 0.762326 0.120107
v -0.436060 0.768349 0.070991
v -0.409431 0.811262 0.108199
v -0.415629 0.813671 0.105858
v -0.421292 0.813002 0.100019
v -0.420201 0.807533 0.092159
v -0.415615 0.798520 0.091538
v -0.406926 0.797997 0.093402
v -0.403985 0.802384 0.101136
v -0.405007 0.806942 0.106465
v -0.426025 0.798870 0.109331
v -0.425058 0.794235 0.102498
v -0.418918 0.790200 0.100343
v -0.411733 0.788503 0.102622
v -0.408081 0.791419 0.109255
v -0.408968 0.795844 0.115138
v -0.414391 0.799587 0.117363
v -0.421312 0.801015 0.115580
v -0.428060 0.774987 0.122272
v -0.426501 0.772076 0.116981
v -0.421658 0.770201 0.114692
v -0.415990 0.770231 0.116040
v -0.412988 0.772634 0.121139
v -0.413433 0.775697 0.126662
v -0.418271 0.777833 0.129745
v -0.424524 0.777395 0.127655
v -0.434855 0.759506 0.105449
v -0.428071 0.758347 0.104980
v -0.424556 0.755770 0.100627
v -0.425177 0.753372 0.095318
v -0.428433 0.751767 0.090856
v -0.434340 0.752412 0.090586
v -0.439682 0.754574 0.093707
v -0.439963 0.757796 0.100280
v -0.437092 0.777213 0.060124
v -0.433299 0.773909 0.053296
v -0.426384 0.771595 0.053260
v -0.420699 0.770577 0.055794
v -0.418977 0.771847 0.061821
v -0.420547 0.773919 0.068236
v -0.426911 0.776408 0.069826
v -0.434053 0.778444 0.067939
v -0.438414 0.757137 0.066806
v -0.435654 0.754864 0.060608
v -0.429508 0.753730 0.058805
v -0.424175 0.754085 0.061383
v -0.422665 0.755559 0.066598
v -0.423667 0.757341 0.071776
v -0.428946 0.758663 0.074274
v -0.435357 0.758805 0.072874
v -0.425861 0.754827 0.034370
v -0.421129 0.753775 0.035415
v -0.417602 0.753035 0.031913
v -0.416356 0.752752 0.026696
v -0.418440 0.753122 0.021897
v -0.423739 0.754189 0.021273
v -0.428488 0.755211 0.024966
v -0.429364 0.755497 0.030685
v -0.426919 0.775522 0.030431
v -0.423701 0.774040 0.036506
v -0.418045 0.771101 0.038749
v -0.413437 0.769341 0.034209
v -0.412148 0.769061 0.028154
v -0.414141 0.770171 0.023220
v -0.418814 0.772328 0.021273
v -0.424390 0.774619 0.023796
v -0.433281 0.738684 0.112904
v -0.437260 0.738785 0.107749
v -0.436809 0.735019 0.103735
v -0.436713 0.728599 0.106370
v -0.436615 0.725461 0.110120
v -0.434066 0.725475 0.113326
v -0.431750 0.727424 0.115287
v -0.431007 0.731788 0.116153
v -0.425146 0.717330 0.077383
v -0.422768 0.718468 0.077226
v -0.422452 0.719219 0.079191
v -0.422163 0.720777 0.080833
v -0.424117 0.720681 0.082709
v -0.427678 0.737531 0.033454
v -0.429109 0.739378 0.029252
v -0.426871 0.737304 0.025490
v -0.425715 0.731706 0.024804
v -0.426434 0.728010 0.025335
v -0.427539 0.727112 0.027935
v -0.428286 0.728576 0.030856
v -0.427824 0.731795 0.033478
v -0.424288 0.755630 0.125855
v -0.424921 0.759165 0.130267
v -0.421441 0.759471 0.135176
v -0.419346 0.754015 0.138102
v -0.419612 0.750134 0.137400
v -0.420805 0.747590 0.134958
v -0.421542 0.746541 0.130906
v -0.422253 0.749480 0.127316
v -0.417135 0.760696 0.136942
v -0.416210 0.754275 0.138489
v -0.413023 0.759714 0.134113
v -0.413361 0.753459 0.135849
v -0.420400 0.754103 0.121863
v -0.419059 0.748259 0.125151
v -0.414550 0.754943 0.123411
v -0.414451 0.749344 0.127044
v -0.411554 0.757396 0.128686
v -0.412324 0.751381 0.131489
v -0.416655 0.749612 0.137494
v -0.414588 0.749828 0.136092
v -0.414494 0.747807 0.133392
v -0.415380 0.746806 0.130108
v -0.418206 0.745590 0.129935
v -0.434988 0.733134 0.099598
v -0.429966 0.732412 0.098212
v -0.425178 0.733976 0.101794
v -0.424132 0.736353 0.107582
v -0.427102 0.738435 0.112477
v -0.427235 0.730696 0.114362
v -0.424757 0.728818 0.110182
v -0.425918 0.726556 0.104987
v -0.430455 0.725257 0.101761
v -0.435086 0.726224 0.103051
v -0.434373 0.722874 0.107509
v -0.431116 0.722573 0.105714
v -0.428557 0.723334 0.108509
v -0.427213 0.725422 0.111158
v -0.429139 0.725942 0.113771
v -0.424425 0.737214 0.022367
v -0.420411 0.736549 0.022306
v -0.417630 0.736343 0.026780
v -0.418320 0.736640 0.032461
v -0.422489 0.737134 0.035952
v -0.423793 0.730783 0.034999
v -0.420217 0.730367 0.032385
v -0.419481 0.730283 0.027801
v -0.421345 0.730642 0.023908
v -0.424250 0.731184 0.022893
v -0.424198 0.727511 0.025374
v -0.422335 0.727874 0.025895
v -0.421906 0.727262 0.028788
v -0.422129 0.727760 0.031578
v -0.424793 0.727209 0.032458
v -0.375986 0.823071 0.132880
v -0.376025 0.817252 0.138228
v -0.373385 0.815843 0.143571
v -0.368478 0.815664 0.144978
v -0.363943 0.814638 0.143367
v -0.362154 0.816275 0.138320
v -0.362223 0.822112 0.133052
v -0.368796 0.826380 0.133234
v -0.376685 0.828747 0.127104
v -0.369034 0.831143 0.129129
v -0.361484 0.828407 0.127889
v -0.370789 0.872093 0.067574
v -0.380793 0.847615 0.095871
v -0.386100 0.846849 0.093911
v -0.391436 0.842143 0.094640
v -0.406122 0.833731 0.092487
v -0.365868 0.808701 0.140131
v -0.373836 0.809728 0.140798
v -0.378691 0.814354 0.138153
v -0.370372 0.808512 0.134641
v -0.360670 0.812422 0.137041
v -0.363381 0.812044 0.127583
v -0.377609 0.812725 0.128097
v -0.380431 0.818107 0.130929
v -0.380829 0.823194 0.123800
v -0.378037 0.817542 0.120112
v -0.370340 0.815725 0.118867
v -0.362365 0.817240 0.119890
v -0.358181 0.822527 0.123864
v -0.378559 0.844936 0.100496
v -0.377035 0.853749 0.102564
v -0.368786 0.858291 0.104024
v -0.359466 0.855936 0.102978
v -0.355216 0.848829 0.099732
v -0.357136 0.840876 0.096352
v -0.365822 0.835461 0.094336
v -0.375755 0.836557 0.098356
v -0.358807 0.836973 0.112079
v -0.361376 0.831587 0.107733
v -0.368014 0.828500 0.105292
v -0.375040 0.830492 0.106677
v -0.377542 0.835763 0.110651
v -0.375681 0.841146 0.114806
v -0.369385 0.843883 0.117288
v -0.362156 0.842081 0.116181
v -0.361674 0.835394 0.122639
v -0.358343 0.829818 0.117952
v -0.362085 0.824676 0.113710
v -0.369530 0.823202 0.112499
v -0.376696 0.824389 0.113220
v -0.379440 0.829415 0.116908
v -0.376641 0.834901 0.121153
v -0.369509 0.837708 0.124044
v -0.367518 0.863228 0.093355
v -0.378231 0.859322 0.091606
v -0.387207 0.856172 0.082685
v -0.395740 0.847807 0.085651
v -0.399561 0.829465 0.097407
v -0.364136 0.811046 0.142389
v -0.369911 0.808509 0.140900
v -0.374409 0.812537 0.143149
v -0.375956 0.810188 0.135925
v -0.364501 0.809079 0.135056
v -0.358963 0.816475 0.130316
v -0.370550 0.810820 0.126785
v -0.411493 0.835841 0.085604
v -0.399438 0.849685 0.075769
v -0.392945 0.857697 0.071197
v -0.415164 0.832910 0.070058
v -0.405164 0.849944 0.060775
v -0.401307 0.858848 0.056939
v -0.417479 0.831592 0.062992
v -0.407635 0.849074 0.054254
v -0.403136 0.857659 0.050575
v -0.416098 0.824039 0.043932
v -0.408166 0.842710 0.036279
v -0.404374 0.851842 0.032925
v -0.413214 0.817757 0.030784
v -0.405523 0.836430 0.023978
v -0.401914 0.845908 0.020876
v -0.410253 0.814372 0.024656
v -0.402523 0.832555 0.018170
v -0.398957 0.842097 0.015407
v -0.405421 0.810594 0.020414
v -0.398075 0.828445 0.013782
v -0.394395 0.837852 0.011436
v -0.400770 0.806838 0.017457
v -0.392935 0.824264 0.011246
v -0.388952 0.833604 0.009280
v -0.395241 0.803684 0.018977
v -0.386812 0.820513 0.012978
v -0.382663 0.829653 0.010797
v -0.391074 0.802483 0.025053
v -0.380811 0.817722 0.018741
v -0.376152 0.826326 0.015990
v -0.390800 0.804082 0.033541
v -0.379094 0.818247 0.028205
v -0.373411 0.825783 0.025441
v -0.392718 0.806839 0.042028
v -0.381996 0.821357 0.036720
v -0.375864 0.828075 0.034433
v -0.394342 0.809332 0.050091
v -0.384242 0.823775 0.044925
v -0.378196 0.830035 0.042687
v -0.381674 0.837105 0.096066
v -0.378196 0.837895 0.096908
v -0.385768 0.833570 0.095773
v -0.393939 0.823594 0.096960
v -0.358546 0.860488 0.093086
v -0.364208 0.870704 0.070522
v -0.357424 0.867471 0.071458
v -0.363470 0.878905 0.059363
v -0.359009 0.874229 0.058527
v -0.360333 0.891236 0.052105
v -0.357211 0.886491 0.048516
v -0.358463 0.916477 -0.015234
v -0.363978 0.903734 -0.008823
v -0.370498 0.891510 -0.002727
v -0.358870 0.945901 -0.030963
v -0.363066 0.932819 -0.023667
v -0.366922 0.919643 -0.016041
v -0.353663 0.853388 0.091352
v -0.352154 0.860981 0.071138
v -0.354887 0.867019 0.056195
v -0.354954 0.881110 0.044084
v -0.372070 0.906916 -0.009230
v -0.378049 0.895114 -0.002112
v -0.389155 0.900312 0.001667
v -0.354328 0.844476 0.088972
v -0.351125 0.850779 0.070855
v -0.351118 0.853333 0.060049
v -0.384054 0.912906 -0.004388
v -0.379800 0.926732 -0.010377
v -0.392084 0.819142 0.091780
v -0.392371 0.816485 0.085402
v -0.394143 0.815422 0.078106
v -0.394973 0.814101 0.070761
v -0.418556 0.827262 0.082869
v -0.417022 0.809434 0.033097
v -0.384135 0.826237 0.067892
v -0.382678 0.826066 0.075248
v -0.380894 0.825337 0.082881
v -0.381714 0.827312 0.090928
v -0.376306 0.830162 0.091598
v -0.371795 0.833378 0.091975
v -0.417511 0.812184 0.040581
v -0.359835 0.837101 0.086808
v -0.366890 0.833273 0.084601
v -0.373800 0.830158 0.081673
v -0.376381 0.830600 0.073753
v -0.361900 0.834943 0.070659
v -0.355170 0.841237 0.070584
v -0.377591 0.830716 0.066350
v -0.362057 0.836236 0.062806
v -0.355171 0.843121 0.061640
v -0.368484 0.882235 0.059204
v -0.365677 0.895008 0.054752
v -0.376421 0.941125 -0.015732
v -0.373017 0.955491 -0.020685
v -0.380423 0.963038 -0.003815
v -0.393362 0.876686 0.049751
v -0.390358 0.887242 0.046358
v -0.395619 0.875673 0.044085
v -0.392705 0.886283 0.041004
v -0.387474 0.899073 0.042999
v -0.383448 0.948164 -0.000623
v -0.386467 0.933594 0.002193
v -0.388995 0.918919 0.007170
v -0.390101 0.898027 0.036969
v -0.392434 0.905661 0.012264
v -0.359622 0.877966 0.008820
v -0.397874 0.870330 0.027092
v -0.396868 0.881201 0.024009
v -0.395730 0.893122 0.018430
v -0.355269 0.879172 0.015872
v -0.351943 0.881828 0.024774
v -0.350993 0.883780 0.032094
v -0.396328 0.864974 0.015421
v -0.394756 0.875886 0.012015
v -0.393729 0.887613 0.006795
v -0.367000 0.950921 -0.027153
v -0.370502 0.937042 -0.020822
v -0.373891 0.923208 -0.014005
v -0.392521 0.861576 0.011043
v -0.391385 0.873265 0.008760
v -0.389151 0.884815 0.003505
v -0.378443 0.910012 -0.007191
v -0.383930 0.897468 -0.000940
v -0.355589 0.904255 0.045373
v -0.414253 0.806479 0.026708
v -0.409480 0.802853 0.022668
v -0.397365 0.818138 0.099758
v -0.394903 0.796210 0.036131
v -0.396593 0.798851 0.044812
v -0.350445 0.917084 0.040128
v -0.345059 0.929866 0.034108
v -0.387386 0.857809 0.007754
v -0.384712 0.869502 0.005746
v -0.382791 0.882489 0.002509
v -0.339176 0.942307 0.029748
v -0.332439 0.954698 0.026024
v -0.381401 0.854039 0.006618
v -0.378355 0.865640 0.004655
v -0.375907 0.878749 0.002389
v -0.374631 0.850073 0.007190
v -0.371590 0.861779 0.005363
v -0.368600 0.873719 0.003776
v -0.366972 0.846127 0.011014
v -0.364466 0.858084 0.010745
v -0.362752 0.869609 0.010689
v -0.362287 0.843244 0.020144
v -0.362977 0.841932 0.030139
v -0.364151 0.840775 0.038816
v -0.358350 0.847273 0.037580
v -0.358229 0.850541 0.029574
v -0.359295 0.854687 0.019798
v -0.358032 0.867182 0.021885
v -0.357266 0.858676 0.032107
v -0.356378 0.853427 0.037461
v -0.431666 0.723289 0.111353
v -0.425116 0.718254 0.080639
v -0.424567 0.726266 0.028846
v -0.417406 0.746509 0.134530
v -0.369126 0.811696 0.144764
v -0.353566 0.928774 -0.022758
v -0.348338 0.940904 -0.030879
v -0.336561 0.937365 -0.025450
v -0.343199 0.925980 -0.017995
v -0.349304 0.914131 -0.011101
v -0.354872 0.901335 -0.005025
v -0.360828 0.886462 0.001192
v -0.361012 0.907829 0.049166
v -0.356393 0.920486 0.044093
v -0.351494 0.933652 0.038369
v -0.345978 0.946617 0.034291
v -0.339451 0.959289 0.030890
v -0.351723 0.889921 0.008934
v -0.346829 0.901628 0.002634
v -0.340978 0.913813 -0.003167
v -0.333961 0.925475 -0.009169
v -0.326638 0.936774 -0.015381
v -0.398394 0.801422 0.052759
v -0.398712 0.806499 0.072542
v -0.397099 0.808083 0.080005
v -0.396041 0.810285 0.087709
v -0.385115 0.912396 0.038979
v -0.382340 0.926345 0.035562
v -0.378475 0.940660 0.033009
v -0.373729 0.954871 0.030849
v -0.368499 0.968985 0.028720
v -0.373898 0.968821 0.022406
v -0.378110 0.954241 0.024396
v -0.382089 0.939614 0.026193
v -0.385023 0.925083 0.029114
v -0.387643 0.911258 0.032612
v -0.348700 0.893239 0.033112
v -0.342072 0.907724 0.024250
v -0.335346 0.919900 0.018813
v -0.328642 0.931900 0.013862
v -0.321734 0.943887 0.009439
v -0.326370 0.949538 0.018932
v -0.333134 0.937291 0.023163
v -0.339395 0.925161 0.027889
v -0.345660 0.912905 0.034217
v -0.351792 0.899881 0.040600
v -0.381585 0.887144 0.056245
v -0.379016 0.899314 0.052936
v -0.376083 0.912672 0.049066
v -0.371567 0.926206 0.044927
v -0.366243 0.939464 0.040885
v -0.360668 0.952898 0.037713
v -0.354461 0.966125 0.034864
v -0.384457 0.876665 0.060791
v -0.375346 0.885148 0.058290
v -0.372504 0.897765 0.055145
v -0.368625 0.910838 0.050760
v -0.363986 0.923818 0.046061
v -0.358707 0.936928 0.040792
v -0.353282 0.950143 0.036987
v -0.346870 0.963121 0.033852
v -0.377857 0.875325 0.065318
v -0.408842 0.795249 0.086131
v -0.416495 0.799019 0.089096
v -0.421917 0.805892 0.084853
v -0.410586 0.784846 0.047982
v -0.417209 0.786239 0.045529
v -0.420934 0.792976 0.046298
v -0.384052 0.899595 0.048441
v -0.397875 0.858943 0.063636
v -0.404033 0.851421 0.068223
v -0.414276 0.835069 0.077730
v -0.428843 0.805159 0.076831
v -0.427424 0.796747 0.052752
v -0.415261 0.821133 0.037364
v -0.406930 0.839776 0.030332
v -0.403435 0.849114 0.026995
v -0.397599 0.867881 0.020901
v -0.397084 0.878586 0.017808
v -0.396091 0.890691 0.012424
v -0.391664 0.903092 0.006017
v -0.387605 0.915930 0.000396
v -0.384281 0.930282 -0.005067
v -0.381052 0.944876 -0.009008
v -0.377751 0.959529 -0.012783
v -0.386828 0.887568 0.051488
v -0.381568 0.912985 0.044708
v -0.377877 0.926836 0.041128
v -0.373134 0.940729 0.038178
v -0.367832 0.954523 0.035592
v -0.361938 0.968163 0.033260
v -0.389542 0.876977 0.055435
v -0.406386 0.817433 0.104188
v -0.410269 0.786638 0.057197
v -0.413108 0.820647 0.101529
v -0.401242 0.812522 0.102996
v -0.401033 0.788470 0.029391
v -0.408881 0.792629 0.022370
v -0.409549 0.792510 0.077551
v -0.413414 0.795876 0.024046
v -0.404407 0.789990 0.023853
v -0.399401 0.807574 0.097870
v -0.419332 0.821099 0.095658
v -0.426468 0.814620 0.072526
v -0.422080 0.816056 0.079799
v -0.417498 0.799011 0.028250
v -0.424139 0.806345 0.049616
v -0.419985 0.803395 0.043012
v -0.418231 0.800856 0.035230
v -0.420872 0.818300 0.087620
v -0.400378 0.788842 0.038007
v -0.399849 0.803474 0.090556
v -0.401289 0.800864 0.082546
v -0.402114 0.791205 0.046813
v -0.403907 0.793748 0.055000
v -0.403470 0.799235 0.074875
v -0.410215 0.827847 0.097434
v -0.403163 0.823531 0.100393
v -0.399608 0.796319 0.021788
v -0.404706 0.799330 0.020512
v -0.416561 0.829407 0.091139
v -0.422459 0.823397 0.067699
v -0.419716 0.824904 0.074978
v -0.420460 0.815402 0.046903
v -0.395174 0.813280 0.094735
v -0.395579 0.794917 0.027528
v -0.401252 0.840190 0.088633
v -0.395690 0.835739 0.095926
v -0.405669 0.842150 0.080254
v -0.410054 0.841168 0.065191
v -0.412551 0.840242 0.058431
v -0.412101 0.833175 0.040116
v -0.409244 0.826824 0.027532
v -0.406400 0.823169 0.021483
v -0.401611 0.819245 0.017205
v -0.396805 0.815260 0.014248
v -0.390925 0.811782 0.015792
v -0.385734 0.809791 0.021896
v -0.384976 0.811149 0.030952
v -0.387728 0.814352 0.039332
v -0.389678 0.816907 0.047431
v -0.390048 0.828749 0.095682
v -0.390233 0.820861 0.069283
v -0.388386 0.820684 0.076541
v -0.386786 0.820972 0.083873
v -0.387541 0.823961 0.090428
v -0.411014 0.830239 0.033941
v -0.409525 0.843127 0.072702
v -0.411991 0.805448 0.112632
v -0.423610 0.805975 0.104775
v -0.422575 0.800673 0.097809
v -0.416659 0.795546 0.095991
v -0.410040 0.794329 0.098923
v -0.406016 0.796948 0.105249
v -0.406968 0.801497 0.110841
v -0.418440 0.807520 0.110846
v -0.427598 0.779014 0.077074
v -0.436110 0.787870 0.085173
v -0.430672 0.789702 0.091967
v -0.423069 0.787063 0.092874
v -0.418019 0.782958 0.089781
v -0.418226 0.779345 0.083913
v -0.421403 0.777297 0.078554
v -0.434086 0.782790 0.078239
v -0.411413 0.777400 0.023796
v -0.423664 0.783863 0.029895
v -0.421495 0.782349 0.036538
v -0.416531 0.778569 0.040299
v -0.410954 0.776555 0.035886
v -0.409097 0.776139 0.029031
v -0.415799 0.779688 0.022159
v -0.420736 0.782280 0.024127
v -0.421757 0.770955 0.088095
v -0.424898 0.762845 0.092120
v -0.423994 0.765093 0.096952
v -0.421098 0.773922 0.093766
v -0.427272 0.768238 0.101137
v -0.425904 0.777678 0.097365
v -0.440351 0.768599 0.095428
v -0.439697 0.778532 0.090419
v -0.438070 0.773841 0.082801
v -0.439439 0.764646 0.088249
v -0.433079 0.761941 0.085662
v -0.430975 0.770530 0.081159
v -0.427159 0.761339 0.087515
v -0.424738 0.769256 0.083087
v -0.433728 0.780226 0.097202
v -0.434677 0.770332 0.101549
v -0.412680 0.783199 0.122624
v -0.411695 0.789876 0.118797
v -0.420913 0.784246 0.104900
v -0.421482 0.777796 0.109854
v -0.428908 0.783854 0.117785
v -0.428785 0.791781 0.113738
v -0.416451 0.793283 0.121912
v -0.417471 0.786155 0.125973
v -0.411444 0.786268 0.113178
v -0.412580 0.779846 0.117051
v -0.415587 0.777525 0.111807
v -0.414552 0.783645 0.107422
v -0.427111 0.787426 0.107052
v -0.427280 0.780119 0.111785
v -0.423853 0.794242 0.120230
v -0.424523 0.786310 0.123811
v -0.353240 0.854348 0.050365
v -0.354849 0.854130 0.042529
v -0.354913 0.863068 0.037726
v -0.354978 0.865572 0.045653
v -0.354435 0.872277 0.030700
v -0.353352 0.876318 0.038500
v -0.395959 0.811679 0.057158
v -0.395861 0.813073 0.063904
v -0.385231 0.825349 0.052804
v -0.385577 0.826642 0.060451
v -0.378945 0.830908 0.050788
v -0.378477 0.830816 0.058694
v -0.357824 0.845740 0.044928
v -0.356194 0.844375 0.052796
v -0.362942 0.837654 0.054676
v -0.363952 0.839243 0.046740
v -0.400363 0.805428 0.065948
v -0.399994 0.803646 0.059578
v -0.321036 0.939022 -0.002665
v -0.328424 0.927490 0.002339
v -0.335614 0.915820 0.007480
v -0.342225 0.904080 0.013001
v -0.347748 0.892477 0.019434
v -0.412830 0.787032 0.065570
v -0.412565 0.788630 0.070971
v -0.421787 0.789028 0.066867
v -0.422107 0.789126 0.069304
v -0.426466 0.798691 0.069038
v -0.425735 0.796301 0.061745
v -0.417252 0.829101 0.056393
v -0.417035 0.826740 0.050057
v -0.408728 0.845188 0.042091
v -0.407869 0.847016 0.048082
v -0.404722 0.854162 0.038701
v -0.404191 0.856034 0.044553
v -0.397698 0.872483 0.033011
v -0.396995 0.874262 0.038513
v -0.395705 0.883444 0.029805
v -0.394236 0.884942 0.035267
v -0.394241 0.895260 0.025098
v -0.392210 0.896753 0.031169
v -0.391435 0.907958 0.019570
v -0.389570 0.909717 0.026334
v -0.388500 0.921373 0.014884
v -0.386803 0.923296 0.022225
v -0.386502 0.936120 0.010559
v -0.384667 0.938050 0.018551
v -0.383491 0.950909 0.008347
v -0.381430 0.952916 0.016833
v -0.380598 0.965867 0.005639
v -0.378098 0.967741 0.014630
v -0.425140 0.810860 0.064789
v -0.423590 0.808083 0.057376
v -0.404459 0.796676 0.068429
v -0.404387 0.794791 0.062343
v -0.421813 0.820417 0.060561
v -0.421020 0.817782 0.053686
v -0.391555 0.820605 0.062100
v -0.391432 0.819293 0.054801
v -0.412643 0.835735 0.046066
v -0.412443 0.837902 0.052143
v -0.377317 0.840916 0.105279
v -0.375525 0.847249 0.108855
v -0.368966 0.850388 0.110600
v -0.361490 0.848708 0.109613
v -0.357430 0.843322 0.106315
v -0.360101 0.837288 0.102396
v -0.366803 0.833356 0.100142
v -0.374403 0.834888 0.101581
v -0.398960 0.866247 0.047340
v -0.400329 0.864782 0.041493
v -0.395269 0.851439 0.013418
v -0.378562 0.839531 0.009408
v -0.384938 0.843446 0.008620
v -0.400681 0.862870 0.035792
v -0.368331 0.834259 0.022657
v -0.381425 0.866625 0.073161
v -0.398553 0.855088 0.018388
v -0.400196 0.858206 0.024144
v -0.390492 0.847450 0.010087
v -0.392606 0.867011 0.059103
v -0.387213 0.866352 0.065540
v -0.371423 0.835651 0.013352
v -0.396834 0.867268 0.053288
v -0.374310 0.868014 0.079367
v -0.400587 0.860698 0.030079
v -0.352579 0.856976 0.081955
v -0.356649 0.839121 0.079001
v -0.365629 0.866689 0.081953
v -0.363171 0.833729 0.077816
v -0.357959 0.863357 0.082541
v -0.352462 0.847768 0.080448
v -0.368793 0.832132 0.076905
v -0.369207 0.832217 0.071656
v -0.369751 0.832592 0.064401
v -0.370636 0.833576 0.056668
v -0.371514 0.835004 0.048820
v -0.371436 0.835684 0.040670
v -0.369386 0.834685 0.032196
v -0.076319 1.371365 -0.123743
v -0.055619 1.363682 -0.124641
v 0.142144 0.103006 -0.078394
v 0.141019 0.094091 -0.079846
v 0.142200 0.103408 -0.088825
v 0.142574 0.093203 -0.090092
v 0.144588 0.103258 -0.099722
v 0.145501 0.092680 -0.100736
v 0.154575 0.102905 -0.127682
v 0.155588 0.092376 -0.128061
v 0.163159 0.103321 -0.130200
v 0.163722 0.092589 -0.130526
v 0.172017 0.103867 -0.125452
v 0.172052 0.092547 -0.125431
v 0.182410 0.105037 -0.121108
v 0.182318 0.093231 -0.120549
v 0.193413 0.107237 -0.116481
v 0.194490 0.096000 -0.116835
v 0.199914 0.109975 -0.106163
v 0.202380 0.099691 -0.106697
v 0.201701 0.112646 -0.093203
v 0.204294 0.103199 -0.093020
v 0.200497 0.115109 -0.079953
v 0.202555 0.106257 -0.079258
v 0.195949 0.116775 -0.067813
v 0.197901 0.108647 -0.066807
v 0.188535 0.117912 -0.057439
v 0.190042 0.110121 -0.056176
v 0.178431 0.118027 -0.050798
v 0.179823 0.110394 -0.048720
v 0.166281 0.115592 -0.052032
v 0.167355 0.107988 -0.048983
v 0.155488 0.111407 -0.058604
v 0.156429 0.103692 -0.055140
v 0.147284 0.106436 -0.066348
v 0.147769 0.099390 -0.062518
v 0.143420 0.101834 -0.071776
v 0.142699 0.095840 -0.070754
v 0.155367 0.119955 -0.062599
v 0.156161 0.130170 -0.065475
v 0.165720 0.123709 -0.055100
v 0.165774 0.132843 -0.057535
v 0.157916 0.096016 -0.052638
v 0.168566 0.100670 -0.046288
v 0.177404 0.125978 -0.053054
v 0.181213 0.103155 -0.046944
v 0.176906 0.134649 -0.054895
v 0.148955 0.091516 -0.060074
v 0.198217 0.120247 -0.105795
v 0.197480 0.130563 -0.105775
v 0.192630 0.118136 -0.116340
v 0.192136 0.128958 -0.116525
v 0.204129 0.089145 -0.106627
v 0.195534 0.084608 -0.116633
v 0.143709 0.083128 -0.090755
v 0.142757 0.114423 -0.087367
v 0.143669 0.126129 -0.086949
v 0.146246 0.114145 -0.073846
v 0.142011 0.084931 -0.080033
v 0.205668 0.093450 -0.092433
v 0.199289 0.122155 -0.093294
v 0.198173 0.132016 -0.093331
v 0.182287 0.116271 -0.122028
v 0.171990 0.115070 -0.126604
v 0.162477 0.114298 -0.130191
v 0.153583 0.113782 -0.127277
v 0.143275 0.114104 -0.098858
v 0.187167 0.126106 -0.058797
v 0.193899 0.125149 -0.068639
v 0.198133 0.123943 -0.080506
v 0.199361 0.100659 -0.065601
v 0.143214 0.087536 -0.069478
v 0.146588 0.081848 -0.101713
v 0.156473 0.082138 -0.128483
v 0.163937 0.082210 -0.131353
v 0.172081 0.081367 -0.127348
v 0.182565 0.079562 -0.121446
v 0.203628 0.097325 -0.078402
v 0.191545 0.102724 -0.054756
v 0.197305 0.133260 -0.080594
v 0.186594 0.134916 -0.059657
v 0.148195 0.127496 -0.075480
v 0.142236 0.125424 -0.098239
v 0.152557 0.125069 -0.126933
v 0.161697 0.125573 -0.130389
v 0.171901 0.126292 -0.127949
v 0.182192 0.127434 -0.123039
v 0.193160 0.134163 -0.068868
v 0.174412 0.189138 -0.133711
v 0.160741 0.189014 -0.134134
v 0.173311 0.175167 -0.132669
v 0.160291 0.174840 -0.132918
v 0.172456 0.162193 -0.131600
v 0.160122 0.161710 -0.131832
v 0.172044 0.149749 -0.130330
v 0.160521 0.149211 -0.131004
v 0.171901 0.137819 -0.129110
v 0.161048 0.137205 -0.130495
v 0.166081 0.143042 -0.059066
v 0.166301 0.154166 -0.059892
v 0.166373 0.166249 -0.059981
v 0.166316 0.179336 -0.059628
v 0.165754 0.193522 -0.058750
v 0.147357 0.189233 -0.129190
v 0.148355 0.174782 -0.128092
v 0.149251 0.161490 -0.127237
v 0.150384 0.148863 -0.126763
v 0.151499 0.136831 -0.126676
v 0.145040 0.192358 -0.073197
v 0.146842 0.177642 -0.075142
v 0.148086 0.164162 -0.076267
v 0.148806 0.151446 -0.076627
v 0.148879 0.139404 -0.076360
v 0.202193 0.191542 -0.075003
v 0.200437 0.165627 -0.078544
v 0.199022 0.153967 -0.079571
v 0.155083 0.193558 -0.065953
v 0.156109 0.178818 -0.066956
v 0.156605 0.165329 -0.067468
v 0.156851 0.152859 -0.067526
v 0.156718 0.141218 -0.066889
v 0.140860 0.137087 -0.097775
v 0.139173 0.149185 -0.097169
v 0.137137 0.161780 -0.096064
v 0.134593 0.175004 -0.094400
v 0.131611 0.189210 -0.092598
v 0.136347 0.190335 -0.081232
v 0.187252 0.189197 -0.128015
v 0.183260 0.150578 -0.125337
v 0.184280 0.162820 -0.126442
v 0.194247 0.163546 -0.117585
v 0.200092 0.164372 -0.105424
v 0.193085 0.151473 -0.117321
v 0.198638 0.152461 -0.105687
v 0.202899 0.190080 -0.103477
v 0.204304 0.190819 -0.088773
v 0.197037 0.189447 -0.117264
v 0.201475 0.165166 -0.091900
v 0.199571 0.153451 -0.092595
v 0.182500 0.138824 -0.124144
v 0.197680 0.141202 -0.105746
v 0.192261 0.139944 -0.116856
v 0.140736 0.162770 -0.085208
v 0.142441 0.150167 -0.086381
v 0.143476 0.138011 -0.086797
v 0.197841 0.143233 -0.080241
v 0.198373 0.142395 -0.093060
v 0.195426 0.166210 -0.067090
v 0.194556 0.154623 -0.067915
v 0.193693 0.143994 -0.068486
v 0.186672 0.144529 -0.059906
v 0.187046 0.155137 -0.059716
v 0.196329 0.192103 -0.064310
v 0.187963 0.192420 -0.057854
v 0.187400 0.166676 -0.059353
v 0.176855 0.144318 -0.056052
v 0.177024 0.155042 -0.056612
v 0.177273 0.166740 -0.056683
v 0.177451 0.192898 -0.055726
v 0.201517 0.178142 -0.077159
v 0.196054 0.178649 -0.065915
v 0.187678 0.179062 -0.058847
v 0.177443 0.179310 -0.056618
v 0.138846 0.175997 -0.083589
v 0.185670 0.175525 -0.127210
v 0.195585 0.176046 -0.117461
v 0.201575 0.176820 -0.104715
v 0.203291 0.177540 -0.090696
v 0.226911 0.056604 -0.031044
v 0.231713 0.048808 -0.039800
v 0.232942 0.047671 -0.027922
v 0.228830 0.052223 -0.023323
v 0.224133 0.058775 -0.024403
v 0.225016 0.055941 -0.018420
v 0.220168 0.062411 -0.023345
v 0.220727 0.059277 -0.014697
v 0.213960 0.065812 -0.019404
v 0.215461 0.062108 -0.011035
v 0.207845 0.067974 -0.015460
v 0.209347 0.063822 -0.007749
v 0.200864 0.069256 -0.013260
v 0.202457 0.064664 -0.005344
v 0.192658 0.068649 -0.012210
v 0.194935 0.064106 -0.004139
v 0.185041 0.065285 -0.012605
v 0.187817 0.061237 -0.004676
v 0.179292 0.060707 -0.014547
v 0.181870 0.056936 -0.006722
v 0.174275 0.055791 -0.018573
v 0.177175 0.051576 -0.010116
v 0.169175 0.049536 -0.023981
v 0.173357 0.045296 -0.014140
v 0.165147 0.041729 -0.029444
v 0.170277 0.038405 -0.017764
v 0.164691 0.033616 -0.033102
v 0.169895 0.031535 -0.020912
v 0.167207 0.027506 -0.035799
v 0.172018 0.026055 -0.023669
v 0.170651 0.023237 -0.038121
v 0.175235 0.022079 -0.026110
v 0.182719 0.015168 -0.044367
v 0.187574 0.014312 -0.032639
v 0.187280 0.013391 -0.046293
v 0.192190 0.012310 -0.034560
v 0.200918 0.008149 -0.051243
v 0.206204 0.008229 -0.039651
v 0.205547 0.007215 -0.053024
v 0.210919 0.007591 -0.041492
v 0.210162 0.006886 -0.054919
v 0.215613 0.007000 -0.043519
v 0.214761 0.006945 -0.056780
v 0.220338 0.006730 -0.045615
v 0.219390 0.007740 -0.058524
v 0.225156 0.007235 -0.047640
v 0.224022 0.009268 -0.060113
v 0.230045 0.008576 -0.049505
v 0.234704 0.026107 -0.060542
v 0.234062 0.020235 -0.062012
v 0.240965 0.019293 -0.051878
v 0.241366 0.024981 -0.050185
v 0.234357 0.032855 -0.057237
v 0.240298 0.030779 -0.046831
v 0.233212 0.040454 -0.050935
v 0.238728 0.036742 -0.041675
v 0.237376 0.042039 -0.035032
v 0.236401 0.044173 -0.029238
v 0.236317 0.042036 0.015103
v 0.241179 0.040190 0.011199
v 0.244103 0.037611 0.018946
v 0.239356 0.039405 0.022907
v 0.231109 0.043082 0.018518
v 0.234038 0.039937 0.026248
v 0.225676 0.043903 0.021565
v 0.228622 0.040894 0.029352
v 0.219747 0.043877 0.024076
v 0.222701 0.040535 0.031526
v 0.213497 0.043442 0.026005
v 0.216347 0.039075 0.033063
v 0.207293 0.044582 0.028251
v 0.210151 0.040158 0.035389
v 0.200749 0.044985 0.029807
v 0.203790 0.041935 0.037598
v 0.194219 0.042932 0.030112
v 0.197083 0.040872 0.038591
v 0.188427 0.039162 0.029610
v 0.191076 0.037218 0.038513
v 0.184204 0.033901 0.028311
v 0.186333 0.032192 0.037781
v 0.181728 0.027751 0.026416
v 0.182405 0.025833 0.036568
v 0.180357 0.021272 0.024155
v 0.180744 0.019104 0.034671
v 0.181703 0.015603 0.021592
v 0.182565 0.013282 0.032197
v 0.224133 0.003687 0.002890
v 0.207762 0.003458 0.009035
v 0.211764 0.001407 0.019188
v 0.228099 0.002358 0.012536
v 0.229254 0.003372 0.000540
v 0.233025 0.002457 0.009963
v 0.234439 0.002780 -0.002032
v 0.238091 0.001843 0.007345
v 0.239812 0.002216 -0.004775
v 0.243489 0.000877 0.004533
v 0.245645 0.002104 -0.007524
v 0.249621 0.001269 0.001723
v 0.252036 0.002608 -0.010332
v 0.256596 0.002613 -0.000710
v 0.266072 0.021441 -0.011977
v 0.266844 0.015569 -0.014134
v 0.270315 0.015551 -0.004370
v 0.269634 0.021208 -0.002691
v 0.263711 0.026409 -0.008936
v 0.267401 0.026210 -0.000075
v 0.260632 0.031041 -0.005504
v 0.264085 0.030676 0.003123
v 0.256072 0.033977 -0.001500
v 0.259177 0.032993 0.006805
v 0.250768 0.035669 0.002759
v 0.253803 0.034168 0.010746
v 0.245886 0.037910 0.007026
v 0.249023 0.036177 0.014868
v 0.234834 0.046822 -0.005849
v 0.238867 0.043136 -0.010384
v 0.242588 0.040582 -0.001521
v 0.238363 0.043853 0.002897
v 0.230464 0.049866 -0.001508
v 0.233480 0.045868 0.006961
v 0.225390 0.051677 0.002358
v 0.228243 0.047167 0.010722
v 0.219959 0.053073 0.005792
v 0.222724 0.048050 0.013928
v 0.213985 0.053818 0.008660
v 0.216816 0.048455 0.016588
v 0.207675 0.054513 0.011093
v 0.210631 0.048874 0.018840
v 0.200936 0.054830 0.012860
v 0.204247 0.049714 0.020873
v 0.194041 0.053139 0.013131
v 0.197539 0.048842 0.021676
v 0.187734 0.049744 0.012167
v 0.191201 0.045951 0.021285
v 0.182586 0.044982 0.010277
v 0.185793 0.041683 0.020115
v 0.179145 0.038998 0.007714
v 0.182088 0.036071 0.018175
v 0.177224 0.032534 0.004967
v 0.179926 0.029881 0.015866
v 0.177487 0.026347 0.002145
v 0.179573 0.023763 0.013329
v 0.178823 0.020990 -0.000474
v 0.180888 0.018375 0.010726
v 0.181586 0.016856 -0.003014
v 0.183954 0.014176 0.008121
v 0.195275 0.010102 -0.010014
v 0.198596 0.007158 0.000794
v 0.200316 0.008521 -0.012062
v 0.204077 0.006285 -0.001326
v 0.215596 0.006269 -0.017510
v 0.219964 0.005013 -0.007150
v 0.220630 0.005943 -0.019532
v 0.225116 0.004639 -0.009295
v 0.225652 0.005382 -0.021881
v 0.230252 0.004086 -0.011741
v 0.230837 0.005121 -0.024362
v 0.235513 0.003538 -0.014346
v 0.236251 0.005332 -0.026846
v 0.241110 0.003332 -0.016969
v 0.241827 0.006297 -0.029220
v 0.247098 0.004276 -0.019524
v 0.254325 0.022546 -0.030194
v 0.254444 0.017127 -0.032262
v 0.261234 0.016097 -0.023186
v 0.260871 0.021847 -0.021056
v 0.252775 0.027675 -0.027204
v 0.258749 0.026935 -0.018004
v 0.250408 0.032619 -0.023620
v 0.255976 0.031827 -0.014647
v 0.247517 0.037197 -0.019506
v 0.252291 0.035724 -0.010575
v 0.243414 0.040321 -0.014922
v 0.247273 0.037866 -0.006031
v 0.230295 0.011760 0.094995
v 0.225997 0.011810 0.096907
v 0.226659 0.015562 0.098856
v 0.230542 0.015695 0.097070
v 0.233112 0.016226 0.094254
v 0.233353 0.012779 0.092561
v 0.234359 0.016696 0.090703
v 0.234612 0.014144 0.090387
v 0.234420 0.016982 0.085725
v 0.234974 0.013063 0.086462
v 0.233239 0.017524 0.079634
v 0.234377 0.012352 0.079669
v 0.230648 0.018388 0.073652
v 0.231866 0.012646 0.072580
v 0.227923 0.019429 0.068530
v 0.228977 0.013683 0.066722
v 0.225452 0.020621 0.064231
v 0.225633 0.014683 0.062163
v 0.223459 0.021615 0.060222
v 0.222856 0.015268 0.058500
v 0.222918 0.021967 0.056183
v 0.222796 0.015187 0.055282
v 0.226054 0.021617 0.057473
v 0.227114 0.013546 0.055242
v 0.228010 0.020095 0.062271
v 0.229649 0.013407 0.059653
v 0.229711 0.018359 0.066688
v 0.231872 0.012369 0.063710
v 0.231338 0.016603 0.070649
v 0.233435 0.011176 0.067129
v 0.232208 0.014971 0.074666
v 0.233280 0.008543 0.071536
v 0.233652 0.014087 0.078702
v 0.234714 0.007807 0.076090
v 0.235872 0.014268 0.082400
v 0.237521 0.008824 0.080795
v 0.238596 0.014868 0.085437
v 0.240522 0.010813 0.085045
v 0.242003 0.015637 0.086799
v 0.243567 0.013353 0.086818
v 0.244741 0.016503 0.086396
v 0.245158 0.015155 0.086574
v 0.246859 0.016707 0.085347
v 0.246803 0.015094 0.085649
v 0.248709 0.016104 0.083939
v 0.248225 0.014908 0.084504
v 0.249996 0.015108 0.082091
v 0.248605 0.013120 0.083712
v 0.250568 0.014668 0.079262
v 0.248568 0.010435 0.081290
v 0.250431 0.014627 0.075709
v 0.248426 0.008566 0.076750
v 0.249193 0.014882 0.071996
v 0.247438 0.008572 0.071598
v 0.247484 0.015813 0.068363
v 0.245780 0.009831 0.067159
v 0.246085 0.017746 0.064672
v 0.243795 0.012058 0.063516
v 0.244901 0.019769 0.060373
v 0.242398 0.013672 0.059945
v 0.243009 0.021408 0.055505
v 0.241165 0.014366 0.055409
v 0.242265 0.022483 0.051841
v 0.239599 0.014218 0.050625
v 0.242418 0.022759 0.051634
v 0.242932 0.015343 0.047580
v 0.242952 0.022216 0.052342
v 0.243858 0.016562 0.049082
v 0.244249 0.020642 0.055123
v 0.245039 0.015709 0.051703
v 0.245326 0.018404 0.058992
v 0.246199 0.013985 0.055455
v 0.245791 0.015937 0.063076
v 0.246340 0.011042 0.059499
v 0.247149 0.013802 0.066561
v 0.247765 0.008838 0.063367
v 0.248976 0.012630 0.069552
v 0.250264 0.007963 0.066998
v 0.251279 0.011929 0.071762
v 0.252858 0.008350 0.070150
v 0.253767 0.011584 0.073076
v 0.255208 0.009481 0.072112
v 0.256137 0.012119 0.073304
v 0.256557 0.010620 0.072810
v 0.258277 0.012665 0.072635
v 0.258021 0.010740 0.072195
v 0.259962 0.012543 0.071212
v 0.259323 0.011037 0.071292
v 0.261077 0.012178 0.069119
v 0.259530 0.010078 0.069857
v 0.261721 0.012248 0.066555
v 0.259787 0.008827 0.067180
v 0.261537 0.012787 0.063711
v 0.259950 0.007951 0.063396
v 0.260637 0.013908 0.060360
v 0.259207 0.008582 0.058668
v 0.259503 0.015903 0.056887
v 0.258265 0.010786 0.054112
v 0.258051 0.018218 0.053508
v 0.256276 0.013683 0.051148
v 0.256733 0.020294 0.049568
v 0.254532 0.015608 0.048405
v 0.254951 0.021799 0.044939
v 0.252991 0.016706 0.044751
v 0.253567 0.022476 0.040566
v 0.251494 0.016405 0.039870
v 0.254299 0.022393 0.039660
v 0.253949 0.016096 0.036590
v 0.254341 0.022171 0.040183
v 0.254216 0.017110 0.038172
v 0.254943 0.020986 0.042514
v 0.254691 0.016573 0.040209
v 0.255425 0.019159 0.045950
v 0.254766 0.014834 0.043120
v 0.256172 0.017151 0.049397
v 0.255241 0.012310 0.047022
v 0.257047 0.015441 0.052344
v 0.256708 0.010731 0.050557
v 0.258254 0.013946 0.054712
v 0.258836 0.010107 0.053346
v 0.259933 0.013052 0.056386
v 0.261079 0.010567 0.055318
v 0.262032 0.013333 0.057177
v 0.262883 0.011657 0.056500
v 0.263925 0.013703 0.057240
v 0.263964 0.012557 0.056911
v 0.265254 0.013919 0.056915
v 0.264953 0.012502 0.056544
v 0.266303 0.013851 0.056308
v 0.265861 0.012668 0.056089
v 0.267296 0.013584 0.055249
v 0.266155 0.011817 0.055054
v 0.268420 0.013439 0.053130
v 0.266499 0.010824 0.052731
v 0.268948 0.014373 0.050356
v 0.266905 0.010404 0.049278
v 0.268697 0.015744 0.047272
v 0.267159 0.010840 0.045469
v 0.268168 0.016765 0.043982
v 0.266299 0.011989 0.041880
v 0.266920 0.017849 0.040558
v 0.264435 0.013506 0.039101
v 0.264791 0.019160 0.037499
v 0.262253 0.015431 0.037209
v 0.262867 0.020262 0.033481
v 0.260770 0.016441 0.033765
v 0.273867 0.016724 0.019322
v 0.273737 0.020551 0.020481
v 0.272779 0.020599 0.013790
v 0.272914 0.016328 0.013085
v 0.272027 0.021037 0.005900
v 0.272787 0.015862 0.004886
v 0.247684 0.023646 -0.039934
v 0.247565 0.018240 -0.041811
v 0.228034 0.026616 -0.071408
v 0.227527 0.020752 -0.072610
v 0.222188 0.026189 -0.083101
v 0.221684 0.020392 -0.083741
v 0.217600 0.024690 -0.095307
v 0.217185 0.018801 -0.095347
v 0.213351 0.022771 -0.107696
v 0.213100 0.016472 -0.106694
v 0.208050 0.020512 -0.118609
v 0.207667 0.014359 -0.117181
v 0.201198 0.018446 -0.127075
v 0.200878 0.012421 -0.125068
v 0.193252 0.017055 -0.133147
v 0.193289 0.011010 -0.130680
v 0.184659 0.016251 -0.136774
v 0.185054 0.010205 -0.133896
v 0.175993 0.016126 -0.137617
v 0.176812 0.010373 -0.134559
v 0.168395 0.016781 -0.135439
v 0.169587 0.011323 -0.132771
v 0.161912 0.017443 -0.131911
v 0.163543 0.012129 -0.129739
v 0.150536 0.018990 -0.114998
v 0.151811 0.012574 -0.114725
v 0.149285 0.019321 -0.106654
v 0.150171 0.013430 -0.106912
v 0.149786 0.020982 -0.096940
v 0.150795 0.015087 -0.097376
v 0.152432 0.023372 -0.086168
v 0.153972 0.017692 -0.086806
v 0.155156 0.025620 -0.074264
v 0.157859 0.020408 -0.075361
v 0.158123 0.027150 -0.061465
v 0.161595 0.022265 -0.063053
v 0.162361 0.027846 -0.048471
v 0.165716 0.023028 -0.050399
v 0.217348 0.012305 0.098058
v 0.216997 0.014849 0.098887
v 0.221999 0.015390 0.099692
v 0.221117 0.011996 0.098114
v 0.223572 0.007390 0.092375
v 0.217904 0.007907 0.094196
v 0.213484 0.010010 0.095251
v 0.211653 0.014186 0.095708
v 0.219458 0.003749 0.085671
v 0.212528 0.004159 0.088131
v 0.208034 0.007914 0.089943
v 0.206776 0.014039 0.090653
v 0.215295 0.002878 0.078347
v 0.207510 0.003799 0.081505
v 0.203329 0.008244 0.083857
v 0.203165 0.014894 0.084722
v 0.212549 0.003793 0.071802
v 0.204737 0.005153 0.074981
v 0.200571 0.009545 0.077435
v 0.200748 0.015776 0.078507
v 0.210474 0.006718 0.066052
v 0.204326 0.008433 0.068629
v 0.200358 0.011715 0.071025
v 0.199704 0.016831 0.072321
v 0.207411 0.007926 0.059967
v 0.202044 0.009362 0.062379
v 0.198607 0.012740 0.064627
v 0.197421 0.017507 0.066152
v 0.203423 0.004879 0.054312
v 0.197940 0.008312 0.056480
v 0.194456 0.012364 0.058336
v 0.193104 0.017810 0.060011
v 0.189434 0.011445 0.051095
v 0.187999 0.017564 0.052792
v 0.185176 0.011002 0.018900
v 0.178458 0.019297 -0.014406
v 0.175930 0.023626 -0.011958
v 0.257617 0.025566 0.044081
v 0.258480 0.023288 0.047503
v 0.258117 0.014934 0.038771
v 0.258673 0.012156 0.040520
v 0.265566 0.023817 0.039280
v 0.266601 0.022481 0.043427
v 0.262561 0.027056 0.042336
v 0.263202 0.024797 0.046434
v 0.247052 0.026372 0.058242
v 0.248491 0.023255 0.061728
v 0.249768 0.013255 0.049732
v 0.250843 0.012266 0.052624
v 0.257327 0.025437 0.052336
v 0.257875 0.022673 0.056888
v 0.253395 0.028804 0.056606
v 0.254233 0.025062 0.060563
v 0.232189 0.025622 0.068077
v 0.238762 0.030048 0.067042
v 0.240487 0.026027 0.071141
v 0.234002 0.023102 0.072364
v 0.237235 0.010973 0.061517
v 0.238306 0.009282 0.064312
v 0.244477 0.026497 0.063069
v 0.245556 0.023459 0.067566
v 0.216683 0.028843 0.074116
v 0.211378 0.028447 0.076102
v 0.206782 0.025816 0.077531
v 0.203293 0.021426 0.078329
v 0.220882 0.004769 0.068805
v 0.226796 0.007963 0.066842
v 0.225059 0.023588 0.070329
v 0.221363 0.026811 0.071982
v 0.220832 0.025168 0.089740
v 0.225699 0.025274 0.087549
v 0.216066 0.024737 0.082489
v 0.221127 0.024806 0.080102
v 0.216980 0.023253 0.091562
v 0.215585 0.023598 0.087759
v 0.212111 0.018575 0.094826
v 0.208749 0.019450 0.089274
v 0.228680 0.007582 0.090152
v 0.225993 0.004629 0.083030
v 0.233011 0.009307 0.088072
v 0.231344 0.007253 0.080927
v 0.232815 0.020149 0.085278
v 0.230688 0.021371 0.079659
v 0.228943 0.023667 0.086102
v 0.226174 0.023996 0.082580
v 0.241735 0.019547 0.081953
v 0.238138 0.019136 0.080763
v 0.242767 0.020956 0.077546
v 0.243579 0.020318 0.079570
v 0.236794 0.019769 0.078652
v 0.242266 0.021998 0.076369
v 0.244473 0.008538 0.083246
v 0.242456 0.005878 0.078406
v 0.240952 0.005356 0.072984
v 0.246175 0.019568 0.078261
v 0.247437 0.019308 0.075684
v 0.246949 0.020001 0.073733
v 0.160885 0.080543 -0.047357
v 0.159629 0.088417 -0.050374
v 0.171368 0.086401 -0.040534
v 0.169879 0.093740 -0.043499
v 0.162049 0.072745 -0.043274
v 0.172950 0.079301 -0.036061
v 0.162934 0.064261 -0.038027
v 0.172295 0.061712 -0.024657
v 0.164848 0.055722 -0.032095
v 0.177403 0.063993 -0.019774
v 0.179584 0.048324 -0.000002
v 0.176290 0.042084 -0.003244
v 0.184519 0.053444 0.002610
v 0.193983 0.035562 0.046661
v 0.188692 0.030945 0.046555
v 0.200309 0.038540 0.046145
v 0.197820 0.033707 0.053731
v 0.192282 0.029995 0.054445
v 0.203966 0.035737 0.052778
v 0.201694 0.032458 0.060329
v 0.196673 0.028865 0.061077
v 0.207617 0.034146 0.059188
v 0.204761 0.032372 0.066818
v 0.200484 0.028214 0.067222
v 0.211098 0.033631 0.065265
v 0.208165 0.030777 0.072083
v 0.203933 0.027199 0.072685
v 0.214183 0.031242 0.070099
v 0.213531 0.026902 0.079695
v 0.208908 0.024660 0.081964
v 0.219126 0.027209 0.077405
v 0.223579 0.024354 0.094441
v 0.219570 0.023135 0.095343
v 0.228523 0.024461 0.092371
v 0.226259 0.021543 0.097777
v 0.222716 0.020722 0.098840
v 0.229820 0.021494 0.095729
v 0.226698 0.019019 0.098672
v 0.222251 0.018550 0.099680
v 0.230268 0.019217 0.096840
v 0.223325 0.003897 0.075369
v 0.217388 0.006713 0.063335
v 0.213567 0.007862 0.058015
v 0.210646 0.004068 0.053186
v 0.219728 0.029400 0.054236
v 0.226215 0.028981 0.054210
v 0.221296 0.001922 0.041129
v 0.214305 0.001387 0.043527
v 0.216550 0.033983 0.049021
v 0.222869 0.033279 0.047086
v 0.213311 0.036981 0.042666
v 0.219613 0.036059 0.040534
v 0.204826 0.059741 0.002857
v 0.197713 0.059495 0.004299
v 0.200736 0.073506 -0.021420
v 0.190740 0.073042 -0.020389
v 0.188868 0.078094 -0.028546
v 0.186729 0.083991 -0.035614
v 0.184575 0.089907 -0.040843
v 0.182721 0.096304 -0.044862
v 0.188624 0.024089 0.054109
v 0.193586 0.023645 0.061010
v 0.263861 0.024580 0.034667
v 0.266587 0.020957 0.046891
v 0.266665 0.019807 0.049081
v 0.266212 0.019242 0.052419
v 0.266984 0.018554 0.054301
v 0.266766 0.017922 0.055524
v 0.266451 0.015185 0.056434
v 0.265372 0.015419 0.056931
v 0.264015 0.015013 0.057268
v 0.263038 0.017476 0.056557
v 0.262277 0.017795 0.055697
v 0.262057 0.018538 0.054185
v 0.259884 0.019105 0.052078
v 0.259356 0.020807 0.050034
v 0.256631 0.026682 0.040286
v 0.255235 0.026925 0.036320
v 0.252362 0.027967 0.040052
v 0.255309 0.027194 0.046804
v 0.258234 0.020106 0.060232
v 0.258911 0.018716 0.062388
v 0.259378 0.017807 0.063905
v 0.258456 0.018160 0.065969
v 0.260029 0.016929 0.068234
v 0.260284 0.015954 0.070430
v 0.258078 0.016418 0.072293
v 0.255843 0.015416 0.072823
v 0.254585 0.016292 0.071256
v 0.254191 0.017647 0.068954
v 0.251690 0.017622 0.068708
v 0.250774 0.018759 0.067124
v 0.249744 0.020352 0.064610
v 0.245536 0.028628 0.053949
v 0.243095 0.029180 0.048603
v 0.239273 0.029477 0.051444
v 0.242235 0.028527 0.057855
v 0.246088 0.020945 0.071050
v 0.249374 0.016917 0.080828
v 0.247993 0.018566 0.083321
v 0.246379 0.019015 0.084448
v 0.244562 0.018808 0.085154
v 0.242906 0.019224 0.084274
v 0.235383 0.021001 0.075804
v 0.229949 0.027663 0.062618
v 0.221329 0.027788 0.061063
v 0.223067 0.025516 0.065976
v 0.227861 0.022534 0.074598
v 0.233397 0.019206 0.090654
v 0.232385 0.019130 0.094241
v 0.217314 0.018162 0.098713
v 0.205842 0.020497 0.083748
v 0.201271 0.022207 0.072693
v 0.198048 0.022909 0.066933
v 0.232210 0.005787 0.049015
v 0.238993 0.003219 0.034894
v 0.166914 0.001219 -0.113405
v 0.163260 0.001599 -0.110662
v 0.247086 0.008339 0.040356
v 0.243627 0.004465 0.032043
v 0.257509 0.010006 0.027957
v 0.247772 0.004742 0.028650
v 0.259686 0.028636 0.031897
v 0.253990 0.031634 0.029265
v 0.258188 0.031079 0.025317
v 0.249518 0.031971 0.033086
v 0.248585 0.031335 0.044099
v 0.245121 0.033046 0.036976
v 0.239979 0.032598 0.040444
v 0.234970 0.033989 0.043993
v 0.232884 0.032939 0.053967
v 0.229305 0.035069 0.046485
v 0.213806 0.033672 0.057502
v 0.210377 0.035726 0.051397
v 0.231631 0.020776 0.093937
v 0.266564 0.027638 0.018528
v 0.266460 0.030177 0.011115
v 0.270133 0.026094 0.008124
v 0.270998 0.025012 0.015758
v 0.246479 0.028990 -0.036914
v 0.244461 0.034158 -0.032807
v 0.227640 0.033933 -0.068390
v 0.226706 0.043253 -0.062406
v 0.219657 0.043714 -0.076049
v 0.221313 0.033621 -0.080784
v 0.212723 0.041186 -0.090939
v 0.216078 0.032003 -0.093876
v 0.211533 0.030152 -0.107040
v 0.207647 0.038414 -0.104771
v 0.206344 0.028134 -0.118281
v 0.202688 0.036410 -0.116258
v 0.199684 0.026416 -0.127104
v 0.196508 0.035093 -0.125113
v 0.191989 0.025207 -0.133490
v 0.189598 0.034310 -0.131852
v 0.183616 0.024477 -0.137413
v 0.182070 0.033966 -0.136642
v 0.175043 0.024144 -0.138549
v 0.173928 0.033678 -0.138452
v 0.167266 0.024285 -0.136912
v 0.166285 0.033535 -0.137074
v 0.160633 0.024728 -0.133161
v 0.160071 0.033581 -0.133089
v 0.150478 0.026180 -0.114579
v 0.150776 0.034363 -0.113991
v 0.149789 0.026963 -0.106263
v 0.150500 0.035055 -0.105763
v 0.149906 0.027807 -0.096592
v 0.150737 0.036280 -0.096459
v 0.151555 0.029935 -0.085799
v 0.151445 0.037708 -0.085930
v 0.152995 0.032078 -0.073684
v 0.152086 0.040084 -0.074132
v 0.155289 0.033849 -0.060384
v 0.153826 0.042745 -0.060590
v 0.158365 0.046100 -0.043447
v 0.159633 0.034748 -0.046455
v 0.174369 0.035429 -0.006413
v 0.174569 0.029086 -0.009367
v 0.183533 0.018002 0.044312
v 0.184633 0.024703 0.045873
v 0.185143 0.011912 0.042172
v 0.152623 0.074913 -0.056267
v 0.150955 0.083426 -0.058387
v 0.154141 0.066526 -0.053300
v 0.155368 0.057309 -0.049208
v 0.204142 0.006182 -0.101781
v 0.200247 0.005085 -0.109845
v 0.162615 0.005026 -0.089154
v 0.159511 0.003267 -0.098499
v 0.167290 0.008309 -0.078792
v 0.208431 0.007801 -0.092183
v 0.217293 0.032528 0.062979
v 0.219691 0.010083 0.057508
v 0.230900 0.023271 0.090107
v 0.261139 0.004228 0.009661
v 0.201797 0.003796 0.011243
v 0.191458 0.012038 -0.021195
v 0.235944 0.008036 -0.039096
v 0.212959 0.009271 -0.081661
v 0.218004 0.010151 -0.070760
v 0.177410 0.013987 -0.056126
v 0.172395 0.011698 -0.067809
v 0.158254 0.003099 -0.104568
v 0.160295 0.002306 -0.107496
v 0.171338 0.001186 -0.115408
v 0.176545 0.001384 -0.116578
v 0.182334 0.001793 -0.117003
v 0.188257 0.002585 -0.116877
v 0.193678 0.003739 -0.116094
v 0.197376 0.004750 -0.114971
v 0.229250 0.006918 0.073214
v 0.223148 0.009299 0.061790
v 0.219481 0.029495 0.067758
v 0.206996 0.038919 0.044760
v 0.224154 0.025788 0.075467
v 0.190731 0.057236 0.004132
v 0.181742 0.068734 -0.020074
v 0.174906 0.071130 -0.028938
v 0.203945 0.068516 -0.103751
v 0.204369 0.078635 -0.105357
v 0.197221 0.064597 -0.113930
v 0.196764 0.074202 -0.115345
v 0.203537 0.058442 -0.102652
v 0.197657 0.055037 -0.113391
v 0.204632 0.048103 -0.102876
v 0.199268 0.045449 -0.114162
v 0.199825 0.004118 -0.100769
v 0.194911 0.002631 -0.100121
v 0.189662 0.001671 -0.099491
v 0.184433 0.000941 -0.098615
v 0.179425 0.000547 -0.097266
v 0.166526 0.002779 -0.090880
v 0.151384 0.046911 -0.086491
v 0.151294 0.044937 -0.096432
v 0.149530 0.055613 -0.087378
v 0.150726 0.053293 -0.096759
v 0.147272 0.064013 -0.088834
v 0.149330 0.060841 -0.098216
v 0.145280 0.073045 -0.090462
v 0.146588 0.066962 -0.078180
v 0.144168 0.075765 -0.079429
v 0.148938 0.058221 -0.076683
v 0.151336 0.049016 -0.075278
v 0.171145 0.005644 -0.080365
v 0.184316 0.002393 -0.086375
v 0.189207 0.002375 -0.088024
v 0.194270 0.002904 -0.089215
v 0.199245 0.004028 -0.090170
v 0.203981 0.005690 -0.091095
v 0.210150 0.052614 -0.088225
v 0.207968 0.063713 -0.088407
v 0.206763 0.073801 -0.089821
v 0.206078 0.083558 -0.091297
v 0.247695 0.001395 0.014664
v 0.253874 0.002311 0.011747
v 0.242554 0.002053 0.017769
v 0.237776 0.002374 0.020536
v 0.232776 0.001854 0.022917
v 0.216131 0.000751 0.029524
v 0.196240 0.010091 -0.023178
v 0.210983 0.007272 -0.028352
v 0.215874 0.006960 -0.030277
v 0.225705 0.006408 -0.034736
v 0.230776 0.006942 -0.036977
v 0.220758 0.006539 -0.032449
v 0.195251 0.006914 -0.063008
v 0.199946 0.006350 -0.064802
v 0.204587 0.006512 -0.066538
v 0.199244 0.004806 -0.078102
v 0.203977 0.005779 -0.079379
v 0.194426 0.004392 -0.076598
v 0.209147 0.007115 -0.068098
v 0.213647 0.008286 -0.069503
v 0.181733 0.012016 -0.057980
v 0.189627 0.004617 -0.074830
v 0.176376 0.009107 -0.069405
v 0.208575 0.007256 -0.080537
v 0.264441 0.011087 0.055575
v 0.263577 0.009761 0.053604
v 0.261495 0.008963 0.047245
v 0.260017 0.009704 0.043621
v 0.257305 0.014876 0.036077
v 0.262572 0.009010 0.050706
v 0.257381 0.009031 0.070912
v 0.256277 0.007379 0.068250
v 0.252902 0.006716 0.059916
v 0.251728 0.008814 0.055736
v 0.248654 0.013975 0.046944
v 0.254691 0.006306 0.064385
v 0.246291 0.012443 0.085566
v 0.239773 0.005977 0.068250
v 0.235409 0.011264 0.057341
v 0.203978 0.085823 -0.060573
v 0.201062 0.092999 -0.063717
v 0.208655 0.078970 -0.055820
v 0.214737 0.071910 -0.048442
v 0.220915 0.064488 -0.036546
v 0.226816 0.052387 -0.010357
v 0.222399 0.055361 -0.006365
v 0.236931 0.036501 0.033508
v 0.242337 0.036722 0.030249
v 0.261143 0.027676 0.037428
v 0.264876 0.018185 0.056365
v 0.264480 0.019109 0.055211
v 0.263916 0.019605 0.053064
v 0.263434 0.020972 0.050567
v 0.263219 0.022245 0.048834
v 0.251466 0.030801 0.050718
v 0.257242 0.017911 0.069781
v 0.256085 0.019231 0.066488
v 0.255782 0.019794 0.065909
v 0.255421 0.020700 0.064913
v 0.254945 0.022064 0.063360
v 0.236125 0.032099 0.061091
v 0.245230 0.019880 0.082813
v 0.241479 0.023162 0.074159
v 0.247087 0.035611 0.026318
v 0.251926 0.034912 0.022313
v 0.261036 0.031345 0.014409
v 0.261533 0.028357 0.021399
v 0.256329 0.033142 0.018212
v 0.231658 0.037721 0.036809
v 0.225903 0.037644 0.039111
v 0.242140 0.038852 -0.028022
v 0.239190 0.042317 -0.023311
v 0.235070 0.045238 -0.019241
v 0.230919 0.048892 -0.014799
v 0.217375 0.057741 -0.002701
v 0.211415 0.059003 0.000395
v 0.152337 0.052329 -0.062732
v 0.151170 0.043587 -0.105215
v 0.151073 0.043089 -0.113110
v 0.159517 0.043061 -0.132461
v 0.165404 0.043289 -0.136730
v 0.172885 0.043604 -0.138213
v 0.180577 0.043739 -0.135451
v 0.187110 0.043672 -0.129680
v 0.193201 0.044078 -0.122641
v 0.225138 0.054449 -0.052183
v 0.217740 0.059309 -0.068033
v 0.211788 0.070376 -0.027314
v 0.206924 0.071244 -0.021314
v 0.204182 0.077474 -0.033059
v 0.150059 0.061352 -0.065030
v 0.147609 0.070420 -0.066862
v 0.151401 0.051690 -0.104589
v 0.150940 0.057613 -0.104002
v 0.151651 0.051626 -0.111590
v 0.151335 0.059759 -0.108833
v 0.158800 0.052685 -0.131560
v 0.158021 0.062360 -0.130355
v 0.164706 0.053006 -0.135752
v 0.164247 0.062645 -0.134285
v 0.172102 0.053246 -0.136692
v 0.171652 0.062401 -0.133982
v 0.179163 0.052943 -0.133088
v 0.178196 0.061422 -0.130037
v 0.185152 0.052634 -0.127455
v 0.183802 0.060822 -0.125349
v 0.191083 0.053191 -0.120984
v 0.189818 0.062019 -0.120261
v 0.210798 0.070975 -0.072021
v 0.206406 0.079784 -0.074789
v 0.199871 0.083857 -0.042707
v 0.196322 0.089660 -0.048786
v 0.145226 0.078938 -0.068297
v 0.148562 0.069295 -0.102740
v 0.157295 0.072143 -0.129219
v 0.164058 0.072291 -0.132682
v 0.171726 0.071490 -0.130801
v 0.178530 0.069462 -0.126391
v 0.183138 0.066909 -0.123903
v 0.187934 0.070273 -0.120385
v 0.204498 0.088467 -0.077011
v 0.193509 0.095843 -0.052582
v 0.186855 0.008461 0.029437
v 0.205386 0.001276 0.021518
v 0.261799 0.021016 0.028175
v 0.260402 0.016188 0.027638
v 0.263172 0.021137 0.025868
v 0.262575 0.016091 0.025040
v 0.190253 0.011805 -0.007813
v 0.193276 0.006225 0.048870
v 0.189690 0.006755 0.039562
v 0.185540 0.013920 -0.005461
v 0.209467 0.000227 0.032012
v 0.262097 0.025163 0.028000
v 0.265862 0.024658 0.025055
v 0.251995 0.004569 0.024822
v 0.256843 0.005610 0.020972
v 0.163076 0.001633 -0.100399
v 0.175153 0.000000 -0.106973
v 0.180197 0.000408 -0.108123
v 0.185649 0.001120 -0.108764
v 0.191160 0.002113 -0.109039
v 0.196228 0.003412 -0.109197
v 0.225931 0.005941 0.051039
v 0.219472 0.006606 0.052965
v 0.242873 0.007568 0.044040
v 0.238030 0.006628 0.046802
v 0.250792 0.009399 0.036324
v 0.253883 0.009733 0.032363
v 0.261450 0.011958 0.023971
v 0.233185 0.012073 0.052930
v 0.247603 0.014187 0.043904
v 0.256973 0.014860 0.032266
v 0.271499 0.013051 0.019302
v 0.262645 0.007178 0.018282
v 0.271249 0.010712 0.005642
v 0.267402 0.006709 0.007646
v 0.156179 0.012686 -0.087439
v 0.159088 0.008383 -0.088097
v 0.185256 0.006702 -0.129324
v 0.186350 0.004024 -0.123281
v 0.154311 0.008184 -0.113804
v 0.157256 0.004637 -0.111689
v 0.165050 0.018224 -0.064673
v 0.168607 0.014718 -0.066246
v 0.188185 0.011026 0.005584
v 0.193187 0.008676 0.003109
v 0.258325 0.005177 -0.012941
v 0.263858 0.009545 -0.014343
v 0.228475 0.011575 -0.061503
v 0.232090 0.015219 -0.062305
v 0.263110 0.005289 -0.002795
v 0.267946 0.009791 -0.004283
v 0.169356 0.019336 -0.052308
v 0.173247 0.016343 -0.054206
v 0.234760 0.010797 -0.051120
v 0.238761 0.014281 -0.052156
v 0.177805 0.006673 -0.130200
v 0.179562 0.003907 -0.124410
v 0.245327 0.013307 -0.042177
v 0.241009 0.009961 -0.040975
v 0.152499 0.008686 -0.106711
v 0.155591 0.005067 -0.105866
v 0.215448 0.014135 -0.094637
v 0.212395 0.010524 -0.093452
v 0.205874 0.009888 -0.114272
v 0.203229 0.007177 -0.111753
v 0.247349 0.008334 -0.031324
v 0.252094 0.011930 -0.032681
v 0.253116 0.006630 -0.021862
v 0.258465 0.010501 -0.023423
v 0.225607 0.015980 -0.072671
v 0.222226 0.012469 -0.071928
v 0.160686 0.015835 -0.076475
v 0.163777 0.011743 -0.077540
v 0.195565 0.002874 0.036938
v 0.202412 0.000754 0.034473
v 0.171077 0.007247 -0.129169
v 0.173566 0.003745 -0.123364
v 0.152940 0.010022 -0.097663
v 0.155970 0.005985 -0.097850
v 0.199588 0.008479 -0.121700
v 0.198252 0.005940 -0.117742
v 0.192492 0.004743 0.026688
v 0.198750 0.002318 0.024043
v 0.190046 0.007439 0.016215
v 0.195737 0.005076 0.013644
v 0.174349 0.019986 -0.040267
v 0.178377 0.017357 -0.042347
v 0.211202 0.011835 -0.105265
v 0.207960 0.008622 -0.103397
v 0.219809 0.015776 -0.083462
v 0.216840 0.012068 -0.082704
v 0.182215 0.016263 -0.016786
v 0.186727 0.014073 -0.019058
v 0.178977 0.019083 -0.028379
v 0.183117 0.016563 -0.030561
v 0.165390 0.007970 -0.126855
v 0.168134 0.004014 -0.121861
v 0.192696 0.007417 -0.126668
v 0.192703 0.004859 -0.121449
v 0.268034 0.010125 0.016139
v 0.271249 0.012814 0.013883
v 0.206640 0.001261 0.045060
v 0.199328 0.002772 0.046510
v 0.175306 0.003842 -0.082275
v 0.179704 0.002826 -0.084359
v 0.152146 0.043002 -0.120418
v 0.155019 0.042998 -0.126966
v 0.184994 0.005512 -0.072940
v 0.180577 0.007032 -0.071115
v 0.137627 0.189397 -0.118634
v 0.132636 0.189302 -0.105773
v 0.151040 0.071061 -0.113586
v 0.152949 0.071696 -0.122340
v 0.152107 0.052056 -0.118849
v 0.154444 0.052406 -0.125786
v 0.146695 0.103047 -0.110090
v 0.149315 0.102849 -0.119773
v 0.139813 0.174789 -0.118552
v 0.135280 0.174785 -0.106666
v 0.227464 0.001356 0.025031
v 0.222052 0.001122 0.027242
v 0.155613 0.025115 -0.127986
v 0.152350 0.025582 -0.121758
v 0.227502 0.002033 0.038900
v 0.233504 0.002270 0.037017
v 0.151909 0.061195 -0.116380
v 0.153709 0.061897 -0.124074
v 0.148293 0.092434 -0.110916
v 0.150834 0.092289 -0.120321
v 0.191805 0.011538 -0.048011
v 0.196330 0.009669 -0.049608
v 0.143327 0.125016 -0.109073
v 0.146274 0.124906 -0.119048
v 0.155402 0.033728 -0.127707
v 0.152314 0.034010 -0.121297
v 0.218886 0.003840 0.004975
v 0.213456 0.003686 0.006979
v 0.190657 0.008469 -0.061359
v 0.186148 0.010200 -0.059707
v 0.141586 0.161359 -0.118453
v 0.137456 0.161381 -0.107541
v 0.196803 0.010438 -0.036317
v 0.201502 0.009162 -0.037976
v 0.147756 0.113660 -0.119350
v 0.144991 0.113824 -0.109458
v 0.143139 0.148668 -0.118614
v 0.139515 0.148735 -0.108240
v 0.156676 0.017873 -0.127411
v 0.152882 0.018391 -0.121839
v 0.217609 0.002122 0.017017
v 0.222965 0.002386 0.014824
v 0.205370 0.007230 -0.013967
v 0.210486 0.006525 -0.015740
v 0.144670 0.136574 -0.118818
v 0.141510 0.136625 -0.108689
v 0.174847 0.000702 -0.095341
v 0.170614 0.001429 -0.093071
v 0.201131 0.008609 -0.024986
v 0.206079 0.007739 -0.026650
v 0.209449 0.005653 -0.003317
v 0.214737 0.005246 -0.005225
v 0.158546 0.012538 -0.125933
v 0.154590 0.012742 -0.121105
v 0.149714 0.081770 -0.111922
v 0.151991 0.081889 -0.121097
v 0.170680 0.000010 -0.105207
v 0.166723 0.000575 -0.102887
v 0.160776 0.008165 -0.123541
v 0.157228 0.007836 -0.119087
v 0.163642 0.004078 -0.119389
v 0.160017 0.004321 -0.116030
v 0.225150 0.023105 0.096847
v 0.219744 0.021250 0.097294
v 0.229508 0.022995 0.094593
v 0.214940 0.020945 0.092650
v 0.213021 0.022504 0.086431
v 0.231893 0.021290 0.091202
v 0.230534 0.021545 0.085421
v 0.226354 0.023312 0.080111
v 0.218336 0.024900 0.085546
v 0.222975 0.024969 0.083327
v 0.255835 0.014133 0.073360
v 0.253550 0.014524 0.072823
v 0.262645 0.015907 0.057046
v 0.260638 0.015914 0.056242
v 0.265138 0.016990 0.056456
v 0.252825 0.016696 0.069970
v 0.260517 0.017824 0.053753
v 0.256174 0.018754 0.067094
v 0.243010 0.020501 0.078083
v 0.247489 0.018394 0.077265
v 0.263680 0.020076 0.051567
v 0.267280 0.018702 0.050883
v 0.268363 0.016376 0.053568
v 0.247875 0.018886 0.081103
v 0.248511 0.017517 0.083251
v 0.267308 0.016209 0.055672
v 0.246612 0.018040 0.084619
v 0.259818 0.017142 0.065454
v 0.261259 0.014794 0.068236
v 0.244385 0.018021 0.085521
v 0.260354 0.014538 0.070593
v 0.241698 0.017835 0.085395
v 0.258271 0.014670 0.072480
v 0.240002 0.018529 0.082326
v 0.263484 0.020441 0.027790
v 0.263410 0.015601 0.025776
v 0.263294 0.019606 0.029873
v 0.263507 0.014827 0.026672
v 0.263003 0.018608 0.032087
v 0.263211 0.013288 0.028120
v 0.263117 0.017127 0.034764
v 0.263011 0.011105 0.030962
v 0.263638 0.015865 0.037172
v 0.264008 0.010230 0.035144
v 0.264475 0.014992 0.038814
v 0.265382 0.010647 0.038274
v 0.265593 0.014588 0.040022
v 0.266513 0.011872 0.040267
v 0.266619 0.014639 0.040693
v 0.267130 0.012983 0.040962
v 0.267508 0.014806 0.040968
v 0.267580 0.013781 0.041116
v 0.268457 0.014830 0.041019
v 0.268420 0.013631 0.041148
v 0.269616 0.014683 0.040835
v 0.269450 0.013798 0.040967
v 0.270811 0.014519 0.040343
v 0.270146 0.013195 0.040679
v 0.272354 0.014702 0.039262
v 0.271438 0.012646 0.039819
v 0.273229 0.015344 0.037771
v 0.272810 0.012546 0.038192
v 0.273682 0.016146 0.036245
v 0.273923 0.012595 0.035979
v 0.274110 0.016910 0.034482
v 0.274614 0.012565 0.032937
v 0.274618 0.017341 0.032148
v 0.274300 0.012586 0.028663
v 0.274899 0.017444 0.029024
v 0.273089 0.013155 0.025689
v 0.274593 0.017243 0.024616
v 0.271890 0.013464 0.023514
v 0.267458 0.022419 0.031488
v 0.267630 0.020882 0.033637
v 0.267748 0.012202 0.024860
v 0.268233 0.010379 0.025912
v 0.273729 0.019931 0.030039
v 0.273364 0.019242 0.032772
v 0.271689 0.021910 0.031001
v 0.271402 0.020516 0.033306
v 0.274056 0.020592 0.025932
v 0.272950 0.018706 0.034665
v 0.272610 0.018066 0.036018
v 0.271191 0.017554 0.037171
v 0.271063 0.017051 0.038438
v 0.270151 0.016816 0.039361
v 0.269548 0.015531 0.040608
v 0.268561 0.015860 0.040656
v 0.267670 0.015762 0.040669
v 0.267483 0.017117 0.039345
v 0.267269 0.017664 0.038375
v 0.267661 0.018175 0.037111
v 0.266787 0.018838 0.036353
v 0.267174 0.019737 0.035245
v 0.267082 0.023735 0.028732
v 0.271235 0.023973 0.022477
v 0.268535 0.012362 0.040969
v 0.268906 0.010973 0.040228
v 0.269843 0.008535 0.034526
v 0.269004 0.008276 0.029405
v 0.267132 0.013026 0.024392
v 0.269617 0.009620 0.038125
v 0.271573 0.023290 0.027504
v 0.268761 0.017473 0.039410
v 0.269202 0.018185 0.038271
v 0.269552 0.018424 0.036818
v 0.270133 0.018947 0.035952
v 0.270803 0.019817 0.034892
v 0.265515 0.012295 0.022112
v 0.267179 0.016367 0.040101
v 0.266289 0.016850 0.039210
v 0.268658 0.016634 0.039893
v 0.266771 0.017949 0.037319
v 0.269809 0.018629 0.036360
v 0.272101 0.017155 0.037134
v 0.271995 0.015990 0.038791
v 0.270353 0.015923 0.039978
v 0.030370 1.592123 0.080175
v 0.029078 1.588166 0.075223
v 0.028941 1.583641 0.072652
v 0.030696 1.589316 0.093051
v 0.028805 1.591632 0.088851
v 0.027702 1.592101 0.084445
v 0.027164 1.591208 0.080580
v 0.027040 1.589480 0.077569
v 0.027179 1.587503 0.075533
v 0.027390 1.585865 0.074300
v 0.027630 1.584761 0.073600
v 0.027881 1.583949 0.073133
v 0.028159 1.583249 0.072773
v 0.026815 1.587639 0.093056
v 0.025127 1.589719 0.088940
v 0.024353 1.590178 0.084521
v 0.024337 1.589408 0.080640
v 0.024852 1.587935 0.077646
v 0.025592 1.586292 0.075627
v 0.026240 1.584951 0.074411
v 0.026733 1.584056 0.073716
v 0.027099 1.583378 0.073263
v 0.027413 1.582760 0.072921
v 0.023794 1.585217 0.092377
v 0.022155 1.586863 0.088609
v 0.021635 1.587357 0.084270
v 0.022097 1.586872 0.080423
v 0.023184 1.585837 0.077491
v 0.024421 1.584689 0.075548
v 0.025383 1.583746 0.074395
v 0.026027 1.583108 0.073749
v 0.026450 1.582656 0.073367
v 0.026772 1.582241 0.073087
v 0.021740 1.582166 0.091364
v 0.020183 1.583306 0.087971
v 0.019796 1.583827 0.083787
v 0.020617 1.583777 0.080009
v 0.022134 1.583366 0.077179
v 0.023700 1.582858 0.075350
v 0.024880 1.582415 0.074278
v 0.025642 1.582124 0.073692
v 0.026107 1.581972 0.073379
v 0.026393 1.581885 0.073202
v 0.020975 1.578664 0.090566
v 0.019371 1.579289 0.087151
v 0.019068 1.579877 0.083125
v 0.020056 1.580387 0.079450
v 0.021768 1.580718 0.076766
v 0.023451 1.580909 0.075067
v 0.024710 1.581016 0.074088
v 0.025543 1.581120 0.073545
v 0.026082 1.581238 0.073245
v 0.026527 1.581427 0.073037
v 0.030298 1.580803 0.071684
v 0.021338 1.575314 0.090043
v 0.019877 1.575155 0.086393
v 0.019581 1.575884 0.082337
v 0.020518 1.576975 0.078789
v 0.022145 1.578077 0.076269
v 0.023725 1.578950 0.074707
v 0.024909 1.579553 0.073815
v 0.025728 1.579977 0.073305
v 0.026332 1.580348 0.072990
v 0.026832 1.580656 0.072769
v 0.029998 1.581593 0.071855
v 0.022968 1.572016 0.089916
v 0.021569 1.571399 0.085729
v 0.021253 1.572281 0.081441
v 0.021981 1.573903 0.078024
v 0.023257 1.575641 0.075703
v 0.024534 1.577161 0.074261
v 0.025515 1.578169 0.073463
v 0.026241 1.578833 0.072997
v 0.026839 1.579350 0.072688
v 0.027340 1.579762 0.072474
v 0.029520 1.582296 0.072104
v 0.025707 1.569230 0.089965
v 0.024334 1.568311 0.084948
v 0.023950 1.569466 0.080438
v 0.024271 1.571507 0.077212
v 0.024992 1.573725 0.075087
v 0.025792 1.575736 0.073761
v 0.026462 1.577111 0.073059
v 0.026980 1.577997 0.072683
v 0.027414 1.578618 0.072447
v 0.027812 1.579077 0.072276
v 0.029166 1.582980 0.072377
v 0.029392 1.567210 0.089670
v 0.028082 1.566279 0.084036
v 0.027355 1.567704 0.079434
v 0.027098 1.570028 0.076396
v 0.027161 1.572536 0.074447
v 0.027375 1.574829 0.073243
v 0.027626 1.576497 0.072638
v 0.027841 1.577546 0.072375
v 0.028008 1.578282 0.072239
v 0.028111 1.578720 0.072175
v 0.029602 1.580302 0.071778
v 0.033860 1.566541 0.088856
v 0.032484 1.565652 0.083077
v 0.031179 1.567125 0.078514
v 0.030214 1.569559 0.075597
v 0.029558 1.572164 0.073784
v 0.029148 1.574537 0.072725
v 0.028920 1.576344 0.072231
v 0.028804 1.577455 0.072067
v 0.028709 1.578236 0.072013
v 0.028533 1.578841 0.072032
v 0.029259 1.581079 0.071945
v 0.038352 1.567554 0.087474
v 0.036939 1.566666 0.082126
v 0.035143 1.567895 0.077729
v 0.033426 1.570169 0.074855
v 0.032009 1.572644 0.073146
v 0.030953 1.574892 0.072234
v 0.030232 1.576603 0.071877
v 0.029799 1.577686 0.071792
v 0.029494 1.578447 0.071790
v 0.029187 1.579121 0.071840
v 0.028866 1.581832 0.072177
v 0.041793 1.569861 0.085945
v 0.040751 1.569119 0.081310
v 0.038832 1.570000 0.077193
v 0.036492 1.571861 0.074322
v 0.034338 1.573956 0.072649
v 0.032646 1.575865 0.071841
v 0.031458 1.577295 0.071601
v 0.030741 1.578234 0.071574
v 0.030285 1.578954 0.071604
v 0.029965 1.579604 0.071662
v 0.028451 1.582575 0.072477
v 0.043880 1.572653 0.084805
v 0.043404 1.572399 0.080864
v 0.041778 1.573158 0.076992
v 0.039094 1.574539 0.074089
v 0.036352 1.576046 0.072387
v 0.034094 1.577405 0.071634
v 0.032504 1.578412 0.071435
v 0.031527 1.579093 0.071446
v 0.030929 1.579646 0.071507
v 0.030607 1.580157 0.071574
v 0.028846 1.579775 0.071944
v 0.045065 1.575559 0.084252
v 0.044951 1.576038 0.080896
v 0.043618 1.576989 0.077232
v 0.040842 1.577950 0.074277
v 0.037774 1.578750 0.072467
v 0.035135 1.579401 0.071659
v 0.033256 1.579882 0.071436
v 0.032072 1.580225 0.071445
v 0.031338 1.580477 0.071511
v 0.030970 1.580585 0.071560
v 0.028515 1.580579 0.072101
v 0.045652 1.578735 0.084290
v 0.045578 1.580030 0.081451
v 0.044269 1.581184 0.077949
v 0.041502 1.581709 0.074910
v 0.038359 1.581769 0.072936
v 0.035593 1.581667 0.071960
v 0.033576 1.581553 0.071630
v 0.032278 1.581485 0.071586
v 0.031446 1.581360 0.071611
v 0.030856 1.581123 0.071639
v 0.028132 1.581448 0.072345
v 0.045486 1.582155 0.085080
v 0.045072 1.584162 0.082579
v 0.043584 1.585343 0.079115
v 0.040967 1.585383 0.075916
v 0.038002 1.584749 0.073712
v 0.035358 1.583941 0.072511
v 0.033396 1.583240 0.072011
v 0.032123 1.582743 0.071857
v 0.031285 1.582307 0.071808
v 0.030619 1.581936 0.071811
v 0.027708 1.582190 0.072652
v 0.044384 1.585424 0.086555
v 0.043310 1.587847 0.084101
v 0.041645 1.588876 0.080527
v 0.039324 1.588527 0.077127
v 0.036730 1.587320 0.074696
v 0.034436 1.585932 0.073234
v 0.032723 1.584729 0.072526
v 0.031622 1.583882 0.072232
v 0.030887 1.583261 0.072109
v 0.030200 1.582781 0.072082
v 0.028233 1.579396 0.072126
v 0.042224 1.588048 0.088429
v 0.040481 1.590553 0.085700
v 0.038744 1.591396 0.081935
v 0.036792 1.590797 0.078352
v 0.034734 1.589208 0.075695
v 0.032950 1.587382 0.074012
v 0.031633 1.585816 0.073092
v 0.030830 1.584733 0.072664
v 0.030338 1.583984 0.072441
v 0.029823 1.583435 0.072356
v 0.027840 1.580076 0.072292
v 0.039000 1.589634 0.090430
v 0.036872 1.592111 0.087177
v 0.035217 1.592803 0.083143
v 0.033695 1.592020 0.079412
v 0.032263 1.590224 0.076566
v 0.031090 1.588145 0.074706
v 0.030252 1.586368 0.073621
v 0.029804 1.585185 0.073072
v 0.029603 1.584372 0.072755
v 0.029467 1.583840 0.072582
v 0.027397 1.580957 0.072555
v 0.035003 1.590054 0.092116
v 0.032853 1.592479 0.088273
v 0.031413 1.593023 0.083986
v 0.029593 1.590289 0.077211
v 0.028764 1.586361 0.074033
v 0.028670 1.585159 0.073385
v 0.028746 1.584320 0.072974
v 0.027055 1.581733 0.072835
v 0.007772 1.512163 0.111417
v 0.010202 1.512004 0.110594
v 0.012659 1.511948 0.109446
v 0.015077 1.511906 0.107983
v 0.017416 1.511905 0.106266
v 0.019552 1.511970 0.104460
v 0.024836 1.510987 0.098758
v 0.025836 1.509664 0.097055
v 0.026211 1.508275 0.095988
v 0.026151 1.506920 0.095538
v 0.025870 1.505584 0.095385
v 0.025443 1.504459 0.095625
v 0.024663 1.503557 0.096619
v 0.023412 1.502717 0.098284
v 0.021547 1.501861 0.100388
v 0.019100 1.500902 0.102685
v 0.016155 1.499766 0.104846
v 0.012408 1.498240 0.106367
v 0.007225 1.496356 0.107372
v 0.014683 1.504348 0.107248
v 0.006167 1.503718 0.109276
v 0.020628 1.504815 0.102902
v 0.013412 1.508223 0.111651
v 0.015844 1.508090 0.109879
v 0.018139 1.507948 0.107780
v 0.020210 1.507909 0.105579
v 0.025499 1.506730 0.099444
v 0.024522 1.506304 0.099968
v 0.020662 1.506656 0.104942
v 0.014353 1.507228 0.109524
v 0.005780 1.507689 0.112403
v 0.007968 1.508304 0.114006
v 0.010883 1.504039 0.108596
v 0.010438 1.507464 0.111275
v 0.010778 1.508324 0.113064
v 0.025474 1.506662 0.097295
v 0.025053 1.505791 0.097333
v 0.024739 1.505035 0.097194
v 0.025515 1.507509 0.098941
v 0.025633 1.507516 0.097224
v 0.024031 1.504975 0.098506
v 0.017827 1.504538 0.105200
v 0.017600 1.506904 0.107329
v 0.024745 1.508283 0.100323
v 0.022858 1.506522 0.102519
v 0.022662 1.504939 0.100561
v 0.024319 1.575061 0.095073
v 0.021814 1.575085 0.093380
v 0.018952 1.574636 0.094531
v 0.019191 1.575677 0.094806
v 0.019570 1.574122 0.095101
v 0.024817 1.573901 0.096858
v 0.031067 1.573054 0.098346
v 0.034842 1.572829 0.097748
v 0.042041 1.573993 0.093788
v 0.026493 1.581304 0.097973
v 0.039744 1.581694 0.096541
v 0.043482 1.580023 0.093167
v 0.045183 1.578668 0.090392
v 0.018609 1.574270 0.095197
v 0.034680 1.582787 0.098613
v 0.023350 1.578943 0.096502
v 0.046041 1.577329 0.088000
v 0.019596 1.573736 0.095645
v 0.031182 1.573445 0.096363
v 0.034764 1.572837 0.095892
v 0.041355 1.573873 0.092002
v 0.044172 1.575910 0.088360
v 0.026597 1.581232 0.096246
v 0.038589 1.583022 0.095394
v 0.042112 1.581786 0.092318
v 0.044137 1.580507 0.089628
v 0.033976 1.583623 0.097419
v 0.045077 1.578106 0.087088
v 0.059311 1.523459 0.070428
v 0.023252 1.578485 0.094865
v 0.019774 1.572695 0.096071
v 0.018328 1.573790 0.095675
v 0.023328 1.579767 0.097446
v 0.026442 1.581964 0.099050
v 0.035255 1.583025 0.099632
v 0.040678 1.581770 0.097151
v 0.044646 1.579935 0.093619
v 0.046648 1.578489 0.090769
v 0.047607 1.577162 0.087828
v 0.042696 1.572638 0.094310
v 0.034873 1.571313 0.098268
v 0.030949 1.571570 0.098705
v 0.025223 1.572300 0.097245
v 0.044986 1.575639 0.089770
v 0.045884 1.574890 0.089882
v 0.019037 1.575856 0.095345
v 0.018688 1.576547 0.095717
v 0.009379 1.540118 0.120112
v 0.010693 1.540406 0.118550
v 0.012275 1.540006 0.115988
v 0.012305 1.538433 0.111213
v 0.006662 1.539608 0.121231
v 0.012975 1.538539 0.113640
v 0.007498 1.541413 0.120033
v 0.013055 1.539484 0.120189
v 0.010026 1.539834 0.122314
v 0.010341 1.536687 0.111091
v 0.010716 1.533103 0.111880
v 0.012875 1.535509 0.112344
v 0.014439 1.535238 0.113166
v 0.015311 1.536447 0.115247
v 0.069487 1.535481 0.025015
v 0.072314 1.573055 0.026019
v 0.073992 1.586279 0.025285
v 0.071343 1.553908 0.026060
v 0.026445 1.584750 0.098883
v 0.027496 1.476641 0.096241
v 0.033634 1.479807 0.089762
v 0.019068 1.538078 0.107730
v 0.019365 1.540741 0.110840
v 0.050177 1.643681 0.068923
v 0.074945 1.617697 0.031528
v 0.039896 1.496539 0.090175
v 0.017376 1.495485 0.110544
v 0.006481 1.495133 0.114044
v 0.018724 1.540155 0.105686
v 0.044978 1.566931 0.090890
v 0.039387 1.566964 0.094644
v 0.017153 1.498090 0.112721
v 0.006577 1.496867 0.116385
v 0.024297 1.517353 0.109004
v 0.017781 1.508502 0.112680
v 0.014954 1.508912 0.114706
v 0.008208 1.518681 0.118964
v 0.023113 1.513583 0.110809
v 0.022492 1.524181 0.108133
v 0.037741 1.646106 0.079878
v 0.059494 1.573344 0.073610
v 0.027991 1.547815 0.099273
v 0.026615 1.506700 0.101445
v 0.030287 1.481196 0.094505
v 0.030455 1.475065 0.091443
v 0.039772 1.545518 0.095925
v 0.052995 1.581375 0.085567
v 0.062894 1.562387 0.072010
v 0.023097 1.566848 0.096748
v 0.048931 1.576459 0.085721
v 0.053311 1.574691 0.080304
v 0.018780 1.535276 0.105164
v 0.018658 1.542912 0.107672
v 0.007320 1.528882 0.115107
v 0.059469 1.564961 0.076587
v 0.020365 1.507867 0.110346
v 0.043417 1.570355 0.093012
v 0.031021 1.551708 0.097459
v 0.023770 1.551245 0.099956
v 0.047027 1.589545 0.095613
v 0.039270 1.595441 0.101230
v 0.049684 1.593347 0.093996
v 0.016081 1.559095 0.103275
v 0.008802 1.568453 0.108099
v 0.008278 1.543964 0.126881
v 0.026624 1.506819 0.101356
v 0.032606 1.507844 0.102392
v 0.043977 1.508239 0.088225
v 0.022522 1.507083 0.107794
v 0.038207 1.506366 0.096019
v 0.036518 1.501953 0.096766
v 0.021766 1.484463 0.102871
v 0.014461 1.571748 0.097382
v 0.017090 1.572859 0.096075
v 0.032317 1.544608 0.098712
v 0.040518 1.556152 0.094397
v 0.035709 1.558648 0.095521
v 0.030977 1.561112 0.096419
v 0.055267 1.580305 0.081093
v 0.057700 1.581823 0.077836
v 0.059826 1.583344 0.074099
v 0.054019 1.586133 0.086895
v 0.056158 1.589321 0.084425
v 0.065663 1.599083 0.058526
v 0.076742 1.604848 0.020464
v 0.035784 1.619221 0.095616
v 0.047489 1.617368 0.087003
v 0.056413 1.612082 0.077390
v 0.021533 1.531784 0.105043
v 0.011150 1.583585 0.101651
v 0.005826 1.537709 0.122231
v 0.033367 1.596616 0.103988
v 0.035527 1.591277 0.101760
v 0.015281 1.582693 0.098748
v 0.041811 1.618641 0.091432
v 0.044085 1.645207 0.074804
v 0.065781 1.559664 0.066377
v 0.020034 1.515197 0.113257
v 0.030906 1.507031 0.102709
v 0.030167 1.505974 0.102235
v 0.028536 1.505172 0.102823
v 0.016688 1.501098 0.114074
v 0.006584 1.499167 0.118561
v 0.030928 1.499130 0.100455
v 0.054369 1.607300 0.081672
v 0.045530 1.611832 0.090557
v 0.040046 1.612867 0.094732
v 0.034173 1.613245 0.098625
v 0.058278 1.617072 0.073041
v 0.049029 1.622785 0.083488
v 0.043205 1.624290 0.088284
v 0.037081 1.625105 0.092806
v 0.018915 1.586302 0.101348
v 0.030419 1.587547 0.101755
v 0.044615 1.586424 0.096514
v 0.048767 1.585009 0.092591
v 0.051687 1.583303 0.088531
v 0.049879 1.563936 0.087474
v 0.050761 1.575609 0.083044
v 0.052933 1.579310 0.083777
v 0.020537 1.564849 0.097458
v 0.055320 1.583481 0.083242
v 0.057513 1.586014 0.080290
v 0.006300 1.490099 0.110807
v 0.017726 1.489355 0.106840
v 0.026474 1.554892 0.098105
v 0.035547 1.548706 0.096841
v 0.031774 1.522400 0.102274
v 0.024307 1.489776 0.102431
v 0.016779 1.485433 0.106413
v 0.045173 1.553235 0.093003
v 0.036406 1.541316 0.097884
v 0.028707 1.532787 0.101694
v 0.025286 1.528476 0.104518
v 0.032218 1.509796 0.103238
v 0.033962 1.511402 0.101768
v 0.036195 1.513154 0.099324
v 0.042337 1.502227 0.089015
v 0.007880 1.553643 0.122355
v 0.029303 1.592991 0.104197
v 0.014513 1.587853 0.104213
v 0.008324 1.548984 0.125641
v 0.019753 1.554999 0.101189
v 0.022171 1.558436 0.098882
v 0.016236 1.548577 0.107128
v 0.017620 1.578287 0.095882
v 0.009881 1.579125 0.100318
v 0.006594 1.579381 0.103747
v 0.024485 1.561423 0.097211
v 0.017290 1.546187 0.110874
v 0.018061 1.543494 0.114217
v 0.011344 1.528182 0.112837
v 0.012267 1.517904 0.117544
v 0.014973 1.542319 0.120046
v 0.018366 1.538034 0.113642
v 0.017930 1.535505 0.111191
v 0.017170 1.527645 0.109585
v 0.029278 1.518817 0.105056
v 0.067484 1.523063 0.023227
v 0.007325 1.539652 0.125279
v 0.022342 1.612527 0.104837
v 0.023347 1.618903 0.102085
v 0.024330 1.625221 0.099715
v 0.049379 1.549699 0.090908
v 0.054494 1.560788 0.084670
v 0.039856 1.490645 0.086565
v 0.036773 1.491230 0.091520
v 0.029818 1.493862 0.099713
v 0.025539 1.498484 0.104711
v 0.024343 1.500849 0.106501
v 0.023279 1.503302 0.107591
v 0.059243 1.588470 0.076728
v 0.057602 1.592666 0.080946
v 0.051575 1.597845 0.090782
v 0.041906 1.600547 0.098843
v 0.036260 1.601354 0.102083
v 0.030748 1.601823 0.104778
v 0.021678 1.596974 0.107959
v 0.010252 1.590839 0.107303
v 0.008392 1.509604 0.117692
v 0.011603 1.547523 0.121751
v 0.011625 1.543344 0.123370
v 0.024577 1.647086 0.087149
v 0.024912 1.536163 0.102213
v 0.020846 1.539869 0.102847
v 0.018377 1.544677 0.104110
v 0.007762 1.558176 0.118392
v 0.010993 1.551490 0.118559
v 0.010879 1.555524 0.114783
v 0.012583 1.563379 0.105739
v 0.014649 1.566260 0.100966
v 0.017056 1.568288 0.097507
v 0.025683 1.512116 0.108454
v 0.027183 1.515338 0.107144
v 0.020744 1.519546 0.111042
v 0.016440 1.521605 0.113088
v 0.007741 1.523650 0.116778
v 0.063684 1.595798 0.063745
v 0.055035 1.595683 0.085922
v 0.053546 1.591767 0.089343
v 0.051175 1.588171 0.091392
v 0.026719 1.563847 0.096870
v 0.049110 1.571403 0.085854
v 0.047094 1.573278 0.088326
v 0.065025 1.588005 0.060717
v 0.066988 1.590363 0.055017
v 0.016388 1.516730 0.115552
v 0.012244 1.500248 0.116934
v 0.012376 1.497303 0.115244
v 0.012302 1.494990 0.112940
v 0.012071 1.489579 0.109471
v 0.016694 1.466877 0.099393
v 0.017912 1.465094 0.094338
v 0.011852 1.522931 0.115243
v 0.011790 1.509295 0.116355
v 0.026316 1.521380 0.106569
v 0.028882 1.525383 0.103473
v 0.032199 1.529460 0.100810
v 0.052767 1.545564 0.087970
v 0.058655 1.557121 0.081192
v 0.055650 1.567337 0.080125
v 0.056325 1.574014 0.077185
v 0.052041 1.569492 0.083090
v 0.020179 1.501972 0.110874
v 0.020982 1.499212 0.109634
v 0.021745 1.496624 0.107613
v 0.033381 1.486151 0.092924
v 0.036711 1.485071 0.088059
v 0.012102 1.473388 0.107871
v 0.009436 1.473284 0.108747
v 0.005112 1.473323 0.109442
v 0.011701 1.465365 0.099678
v 0.006164 1.464724 0.099721
v 0.025130 1.636811 0.094099
v 0.038270 1.636059 0.086683
v 0.044487 1.634938 0.081660
v 0.050446 1.633242 0.076212
v 0.060837 1.627335 0.064218
v 0.071448 1.596805 0.040557
v 0.007354 1.584406 0.104474
v 0.011345 1.611073 0.107187
v 0.011894 1.617814 0.104936
v 0.012369 1.624427 0.102784
v 0.012737 1.636513 0.097652
v 0.012363 1.647577 0.090841
v 0.059747 1.578136 0.073246
v 0.057063 1.577744 0.076919
v 0.054361 1.577386 0.080182
v 0.051915 1.577462 0.082904
v 0.011752 1.570421 0.101357
v 0.070384 1.607417 0.046036
v 0.019897 1.570272 0.096317
v 0.030806 1.585908 0.099657
v 0.041874 1.584620 0.095959
v 0.049665 1.579265 0.086570
v 0.028864 1.558217 0.096753
v 0.033533 1.555332 0.096134
v 0.038194 1.552532 0.095418
v 0.042611 1.549452 0.094315
v 0.034763 1.569360 0.097520
v 0.025063 1.598526 0.107319
v 0.028226 1.613088 0.102141
v 0.029553 1.619251 0.099258
v 0.030760 1.625368 0.096754
v 0.031754 1.636625 0.090909
v 0.031168 1.646648 0.084001
v 0.030895 1.569956 0.097977
v 0.034490 1.567477 0.096580
v 0.023349 1.584697 0.100218
v 0.028169 1.570519 0.097662
v 0.028603 1.569312 0.097351
v 0.030734 1.568465 0.097288
v 0.052682 1.602561 0.086187
v 0.043607 1.606125 0.094607
v 0.038188 1.606990 0.098452
v 0.032551 1.607315 0.101984
v 0.026954 1.607059 0.105038
v 0.021438 1.606304 0.107274
v 0.010764 1.604388 0.108949
v 0.018224 1.562289 0.099927
v 0.013721 1.552172 0.110778
v 0.025555 1.506825 0.102268
v 0.021307 1.506980 0.106596
v 0.018340 1.507122 0.109503
v 0.015083 1.507360 0.112296
v 0.010974 1.507493 0.114700
v 0.005926 1.507159 0.116156
v 0.033666 1.497810 0.097910
v 0.015671 1.481596 0.107076
v 0.010938 1.482733 0.109367
v 0.005761 1.483575 0.110761
v 0.019964 1.480188 0.104019
v 0.013340 1.471664 0.106316
v 0.009865 1.470450 0.107008
v 0.005229 1.470025 0.107479
v 0.011506 1.486219 0.108896
v 0.006013 1.486915 0.110363
v 0.015647 1.533224 0.109951
v 0.069512 1.572019 0.051415
v 0.067373 1.572001 0.058307
v 0.065467 1.541706 0.064451
v 0.042873 1.496531 0.085320
v 0.066075 1.533057 0.055492
v 0.068818 1.533148 0.033193
v 0.047212 1.509537 0.083776
v 0.054215 1.512501 0.074203
v 0.064861 1.518427 0.053533
v 0.067210 1.520238 0.033197
v 0.052065 1.504377 0.074187
v 0.062370 1.506415 0.053819
v 0.064075 1.505672 0.034805
v 0.045662 1.489978 0.075924
v 0.038278 1.478080 0.078977
v 0.034186 1.473171 0.080479
v 0.019236 1.463560 0.083657
v 0.067926 1.556941 0.059520
v 0.069360 1.554681 0.051464
v 0.042048 1.483727 0.077378
v 0.049150 1.496817 0.074830
v 0.058190 1.496266 0.055400
v 0.052779 1.488122 0.057453
v 0.046899 1.481652 0.059585
v 0.041028 1.476547 0.061681
v 0.035542 1.472219 0.063717
v 0.020054 1.462272 0.068504
v 0.071890 1.572993 0.034674
v 0.071965 1.584718 0.036444
v 0.068360 1.581074 0.052631
v 0.066285 1.579865 0.058936
v 0.070648 1.553310 0.033769
v 0.030621 1.508239 0.103661
v 0.026363 1.506981 0.102122
v 0.056449 1.528353 0.077652
v 0.076098 1.591772 0.016078
v 0.028194 1.668507 0.062799
v 0.013256 1.676480 0.059202
v 0.015843 1.683432 0.040123
v 0.029827 1.676413 0.045569
v 0.029059 1.683510 0.018707
v 0.060650 1.631504 -0.052875
v 0.038400 1.678229 0.023807
v 0.036046 1.671292 0.049236
v 0.019647 1.687092 0.014878
v 0.031337 1.604151 -0.082923
v 0.047557 1.638582 -0.064203
v 0.032651 1.643282 -0.071955
v 0.030390 1.672608 -0.046114
v 0.045487 1.667928 -0.039448
v 0.059707 1.660594 -0.029836
v 0.064210 1.524096 0.009635
v 0.076559 1.589460 -0.001748
v 0.022899 1.680548 0.042450
v 0.054423 1.596437 -0.063644
v 0.043925 1.600790 -0.074471
v 0.046384 1.671515 0.029437
v 0.023959 1.671700 0.061077
v 0.014380 1.680224 0.050476
v 0.020585 1.677713 0.052021
v 0.031782 1.670006 0.056961
v 0.069734 1.651231 -0.018884
v 0.069649 1.623279 -0.039910
v 0.040580 1.547691 -0.059530
v 0.069531 1.552776 -0.013907
v 0.026536 1.674248 0.054180
v 0.047956 1.545724 -0.051340
v 0.062572 1.591502 -0.051539
v 0.064896 1.660296 -0.006362
v 0.054959 1.669195 -0.015753
v 0.041728 1.676051 -0.024089
v 0.027949 1.680637 -0.030056
v 0.072469 1.571716 -0.011322
v 0.053456 1.560045 -0.053385
v 0.076169 1.584830 -0.000081
v 0.072757 1.569843 -0.007809
v 0.070168 1.553833 -0.009642
v 0.068273 1.545998 -0.007852
v 0.045473 1.562836 -0.062832
v 0.036189 1.565398 -0.071051
v 0.025581 1.567424 -0.077252
v 0.058537 1.493465 0.038230
v 0.051668 1.484968 0.041987
v 0.045103 1.478752 0.045533
v 0.039103 1.473901 0.048894
v 0.033593 1.470040 0.051972
v 0.018640 1.461882 0.058413
v 0.061693 1.637909 0.055332
v 0.019586 1.462183 0.063592
v 0.034827 1.471518 0.058009
v 0.040407 1.475663 0.055471
v 0.046629 1.480538 0.052773
v 0.053206 1.486800 0.049968
v 0.059517 1.495221 0.047115
v 0.064101 1.506397 0.044662
v 0.066568 1.519348 0.043434
v 0.067722 1.532410 0.043244
v 0.070248 1.553437 0.042597
v 0.071098 1.572409 0.043464
v 0.070246 1.582761 0.045202
v 0.069104 1.593361 0.048341
v 0.067958 1.603036 0.052637
v 0.059727 1.622181 0.068621
v 0.049984 1.628072 0.079876
v 0.044077 1.629714 0.085029
v 0.037898 1.630730 0.089854
v 0.031493 1.631180 0.094016
v 0.024959 1.631211 0.097170
v 0.012678 1.630691 0.100523
v 0.039315 1.569410 0.095782
v 0.017357 1.540505 0.116760
v 0.014200 1.548908 0.114488
v 0.006608 1.534277 0.114856
v 0.015170 1.545798 0.117859
v 0.024482 1.594787 0.106607
v 0.028217 1.597771 0.106171
v 0.073966 1.600596 0.031585
v 0.072845 1.612139 0.038830
v 0.061494 1.632488 0.059808
v 0.050512 1.638425 0.072579
v 0.044534 1.640098 0.078284
v 0.038217 1.641145 0.083336
v 0.031617 1.641749 0.087547
v 0.024965 1.642078 0.090721
v 0.012592 1.642127 0.094382
v 0.010296 1.597884 0.109284
v 0.020975 1.600732 0.108336
v 0.025801 1.601649 0.106881
v 0.043455 1.541938 0.094343
v 0.039919 1.537753 0.096480
v 0.046580 1.545887 0.092524
v 0.049757 1.541817 0.089973
v 0.050640 1.510954 0.079138
v 0.048607 1.503603 0.079431
v 0.045974 1.496661 0.080215
v 0.042781 1.490276 0.081325
v 0.039505 1.484322 0.082793
v 0.036183 1.478818 0.084469
v 0.032572 1.473949 0.086035
v 0.018645 1.464215 0.088902
v 0.046367 1.537948 0.092123
v 0.042612 1.533908 0.094493
v 0.034960 1.526115 0.099542
v 0.052940 1.525432 0.081325
v 0.049283 1.522688 0.085021
v 0.045569 1.520043 0.088844
v 0.038808 1.515215 0.096157
v 0.055686 1.520702 0.075322
v 0.052134 1.518378 0.079721
v 0.036408 1.509629 0.098919
v 0.038830 1.510893 0.095755
v 0.045042 1.514295 0.088109
v 0.048540 1.516271 0.083936
v 0.034262 1.508687 0.101215
v 0.035738 1.505955 0.098967
v 0.033581 1.505889 0.100945
v 0.031943 1.505916 0.101841
v 0.033848 1.502428 0.099397
v 0.031599 1.503259 0.101011
v 0.030052 1.504243 0.101873
v 0.028742 1.500818 0.102218
v 0.027399 1.502763 0.103668
v 0.026246 1.504566 0.104732
v 0.023759 1.506827 0.104220
v 0.014847 1.538165 0.117816
v 0.006384 1.538900 0.113301
v 0.017529 1.685830 0.028169
v 0.025701 1.682636 0.031260
v 0.033780 1.677868 0.035360
v 0.040898 1.671884 0.039935
v 0.056087 1.641323 0.062381
v 0.056217 1.635990 0.066383
v 0.055907 1.630816 0.070310
v 0.055220 1.625649 0.074309
v 0.054128 1.620454 0.078352
v 0.052437 1.615221 0.082296
v 0.050370 1.609990 0.086195
v 0.048515 1.604658 0.090527
v 0.047143 1.599414 0.095109
v 0.044912 1.594486 0.097981
v 0.041930 1.590406 0.099104
v 0.039159 1.587088 0.099740
v 0.036447 1.585836 0.098732
v 0.041389 1.582832 0.097228
v 0.035806 1.584041 0.099703
v 0.030432 1.584146 0.100372
v 0.026432 1.583172 0.099409
v 0.049101 1.578323 0.087097
v 0.050097 1.577987 0.085194
v 0.050926 1.579066 0.085653
v 0.047939 1.580868 0.089576
v 0.047352 1.579426 0.090417
v 0.045730 1.582748 0.092373
v 0.045375 1.580901 0.093575
v 0.018799 1.674431 0.059945
v 0.018210 1.647404 0.089356
v 0.018519 1.642183 0.092954
v 0.018671 1.636699 0.096271
v 0.018558 1.630955 0.099221
v 0.018101 1.624813 0.101618
v 0.017404 1.618328 0.103897
v 0.016672 1.611751 0.106443
v 0.016001 1.605297 0.108506
v 0.015738 1.599327 0.109076
v 0.016591 1.594532 0.108086
v 0.019540 1.591576 0.105967
v 0.024154 1.589757 0.103291
v 0.019459 1.581458 0.097911
v 0.013619 1.578879 0.097018
v 0.025823 1.667356 0.066298
v 0.022448 1.668893 0.066468
v 0.017673 1.670815 0.066554
v 0.012495 1.672405 0.066601
v 0.012713 1.537251 0.112765
v 0.009791 1.541298 0.111247
v 0.011019 1.542775 0.114780
v 0.008863 1.542796 0.114013
v 0.004969 1.541655 0.118817
v 0.004241 1.539323 0.118327
v 0.004948 1.536696 0.118519
v 0.006431 1.492892 0.112145
v 0.012288 1.492486 0.110975
v 0.017722 1.492691 0.108492
v 0.022805 1.493764 0.105363
v 0.027299 1.496119 0.102580
v 0.036044 1.533563 0.098685
v 0.041984 1.517528 0.092614
v 0.041748 1.512470 0.092110
v 0.040965 1.507141 0.092371
v 0.039395 1.501885 0.093241
v 0.036789 1.496929 0.094465
v 0.033291 1.492249 0.095938
v 0.029341 1.487666 0.097376
v 0.026281 1.482871 0.098779
v 0.023920 1.478447 0.100382
v 0.015030 1.469274 0.103437
v 0.010727 1.467665 0.103986
v 0.005624 1.466939 0.104228
v 0.007987 1.562844 0.113895
v 0.011288 1.559541 0.110495
v 0.014535 1.555663 0.107031
v 0.017552 1.551624 0.103884
v 0.020907 1.547691 0.101849
v 0.024612 1.543915 0.101034
v 0.028642 1.540439 0.100556
v 0.032607 1.537054 0.099859
v 0.023444 1.581342 0.097734
v 0.023868 1.582936 0.097837
v 0.066104 1.538679 -0.004440
v 0.067146 1.542357 -0.013003
v 0.032027 1.549560 -0.066514
v 0.022453 1.551183 -0.071661
v 0.030227 1.583010 0.100172
v 0.027853 1.572062 0.098154
v 0.039043 1.571689 0.096703
v 0.030045 1.582611 0.099029
v 0.029758 1.582977 0.097414
v 0.027805 1.573544 0.097857
v 0.027978 1.574414 0.095939
v 0.038775 1.573171 0.096123
v 0.038466 1.573054 0.094280
v 0.006210 1.542668 0.116229
v 0.011062 1.539169 0.110022
v 0.012222 1.541083 0.111811
v 0.009028 1.542921 0.117964
v 0.030497 1.514842 0.089827
v 0.027971 1.520981 0.093539
v 0.017411 1.521052 0.104603
v 0.032156 1.509941 0.086401
v 0.019031 1.487651 0.094871
v 0.028573 1.498774 0.089171
v 0.009741 1.521120 0.109434
v 0.013734 1.520561 0.107445
v 0.030930 1.504507 0.087387
v 0.035233 1.521508 0.080389
v 0.036783 1.512343 0.077067
v 0.040528 1.514638 0.062912
v 0.039019 1.526686 0.065815
v 0.040029 1.503762 0.062274
v 0.036490 1.503904 0.076355
v 0.024642 1.493043 0.092096
v 0.023301 1.498231 0.096938
v 0.009438 1.488088 0.102018
v 0.025157 1.500246 0.094985
v 0.021212 1.496446 0.098868
v 0.018270 1.493925 0.100963
v 0.008228 1.516977 0.110908
v 0.010460 1.516590 0.110096
v 0.012917 1.516366 0.108841
v 0.015026 1.516284 0.107520
v 0.017328 1.516319 0.105849
v 0.019276 1.516472 0.104221
v 0.026110 1.514830 0.096873
v 0.027444 1.509490 0.094094
v 0.027300 1.507516 0.093532
v 0.027228 1.505786 0.093078
v 0.026320 1.501929 0.093637
v 0.027422 1.512079 0.094895
v 0.027212 1.504011 0.092765
v 0.028987 1.510494 0.091915
v 0.029152 1.508380 0.091011
v 0.028875 1.506303 0.090787
v 0.015467 1.483784 0.080626
v 0.027422 1.488565 0.079034
v 0.033457 1.495801 0.077339
v 0.036262 1.494389 0.063247
v 0.034749 1.493916 0.047253
v 0.038963 1.503660 0.045204
v 0.040276 1.516051 0.045106
v 0.038571 1.528612 0.047714
v 0.032147 1.537189 0.051190
v 0.032416 1.537459 0.069200
v 0.013017 1.524947 0.106013
v 0.014901 1.526523 0.103689
v 0.028581 1.531322 0.086245
v 0.015045 1.491337 0.102205
v 0.021601 1.540349 0.052615
v 0.018954 1.540256 0.084842
v 0.025942 1.489516 0.037574
v 0.016367 1.489876 0.032981
v 0.022209 1.534945 0.036995
v 0.030249 1.534101 0.038717
v 0.029025 1.494583 0.033749
v 0.032405 1.504007 0.030310
v 0.033882 1.516688 0.029810
v 0.033273 1.528000 0.032946
v 0.011307 1.529554 0.103477
v 0.027760 1.487210 0.048422
v 0.016544 1.483733 0.046604
v 0.028614 1.486928 0.063873
v 0.015832 1.483000 0.063461
v 0.011458 1.484087 0.091746
v 0.021226 1.543303 0.070476
v 0.008490 1.513626 0.119687
v 0.012327 1.513003 0.118075
v 0.016017 1.512264 0.116204
v 0.019279 1.511318 0.114003
v 0.022118 1.510237 0.111521
v 0.024485 1.509131 0.108896
v 0.028511 1.507217 0.103280
v 0.028705 1.506668 0.102553
v 0.028208 1.506364 0.102444
v 0.026994 1.506123 0.103245
v 0.024937 1.505970 0.105027
v 0.022117 1.505510 0.107473
v 0.019224 1.504911 0.110755
v 0.015971 1.504576 0.113998
v 0.011667 1.504101 0.116802
v 0.006217 1.503359 0.118425
v 0.038713 1.529937 0.097034
v 0.045367 1.502859 0.084349
v 0.023451 1.570405 0.096630
v 0.022428 1.572321 0.096423
v 0.021878 1.573628 0.096059
v 0.020940 1.580001 0.096123
v 0.020624 1.578100 0.096158
v 0.020698 1.577060 0.095751
v 0.062855 1.527110 0.064340
v 0.057936 1.514277 0.068681
v 0.025988 1.570603 0.097104
v 0.050882 1.580251 0.087115
v 0.049449 1.581746 0.089241
v 0.046786 1.583231 0.092472
v 0.042546 1.584910 0.095640
v 0.037212 1.585931 0.098288
v 0.030810 1.586064 0.099758
v 0.025778 1.584462 0.099143
v 0.022872 1.581969 0.097076
v 0.010246 1.526343 0.106720
v 0.021305 1.574349 0.095223
v 0.020237 1.574779 0.093906
v 0.020493 1.576675 0.094873
v 0.061726 1.516380 0.062010
v 0.052421 1.496894 0.069043
v 0.055569 1.496780 0.062652
v 0.017638 1.459190 0.052892
v 0.032039 1.466861 0.045299
v 0.037344 1.470371 0.041842
v 0.042903 1.475024 0.038043
v 0.048747 1.481236 0.033993
v 0.055091 1.489578 0.029547
v 0.061704 1.502768 0.023782
v 0.063561 1.512854 0.005365
v 0.064133 1.528680 -0.011007
v 0.042829 1.532597 -0.048588
v 0.035920 1.534184 -0.055569
v 0.028187 1.535685 -0.061389
v 0.019760 1.536956 -0.065642
v 0.037283 1.339302 0.055812
v 0.071508 1.348564 0.046335
v 0.082184 1.354150 0.042850
v 0.092291 1.359783 0.038055
v 0.101544 1.364289 0.031222
v 0.110608 1.367180 0.022650
v 0.122344 1.371857 0.014577
v 0.128950 1.399122 -0.018806
v 0.128348 1.414462 -0.047746
v 0.090878 1.406936 -0.101415
v 0.076323 1.398927 -0.109504
v 0.058175 1.386762 -0.115923
v 0.035664 1.385230 -0.112206
v 0.064259 1.414688 -0.096500
v 0.077708 1.420225 -0.090181
v 0.112411 1.421362 -0.044997
v 0.104620 1.383260 0.004189
v 0.097792 1.378839 0.014033
v 0.072283 1.367461 0.034041
v 0.062925 1.362756 0.037681
v 0.033243 1.352599 0.045579
v 0.114067 1.407692 -0.021374
v 0.048690 1.408565 -0.099828
v 0.081410 1.372153 0.029459
v 0.032099 1.404572 -0.099023
v 0.041260 1.423691 -0.084224
v 0.065346 1.430521 -0.077152
v 0.096811 1.427415 -0.041832
v 0.099532 1.416102 -0.022417
v 0.090160 1.393976 -0.002930
v 0.084431 1.387486 0.004111
v 0.070391 1.379549 0.017971
v 0.063075 1.376712 0.023129
v 0.055030 1.373581 0.027375
v 0.029757 1.365688 0.037087
v 0.053907 1.427285 -0.081711
v 0.028032 1.421028 -0.085114
v 0.077569 1.382746 0.011321
v 0.089953 1.375857 0.022708
v 0.082355 1.433875 -0.037447
v 0.029666 1.449889 -0.062152
v 0.031417 1.460380 0.038686
v 0.049079 1.386449 0.021527
v 0.052068 1.403377 0.018501
v 0.085985 1.424579 -0.021937
v 0.073512 1.433818 -0.019441
v 0.070136 1.442509 -0.032126
v 0.046244 1.450248 -0.055738
v 0.038231 1.450249 -0.059325
v 0.020735 1.449530 -0.064249
v 0.054712 1.439869 -0.064975
v 0.045116 1.438500 -0.068679
v 0.023958 1.435490 -0.072903
v 0.068735 1.396627 0.007994
v 0.062451 1.411557 0.008216
v 0.047303 1.473490 0.026906
v 0.058103 1.425740 0.011336
v 0.061139 1.453326 -0.026916
v 0.040420 1.462924 -0.050067
v 0.033671 1.463709 -0.053802
v 0.018530 1.463946 -0.058465
v 0.026836 1.378392 0.031577
v 0.025104 1.391069 0.031263
v 0.023141 1.404897 0.031696
v 0.018121 1.452345 0.048422
v 0.042107 1.413098 0.024340
v 0.061118 1.430111 0.005857
v 0.064177 1.445258 -0.014780
v 0.062924 1.434296 0.000408
v 0.055860 1.390587 0.017776
v 0.048267 1.416939 0.020840
v 0.036435 1.463734 0.034966
v 0.034763 1.436801 -0.071260
v 0.026325 1.463977 -0.056619
v 0.078858 1.406789 -0.004936
v 0.068840 1.420161 -0.003642
v 0.057167 1.487667 0.017044
v 0.062305 1.499883 0.001348
v 0.017701 1.523498 -0.060194
v 0.025176 1.522542 -0.056788
v 0.032188 1.521165 -0.052103
v 0.038735 1.519524 -0.046331
v 0.060705 1.511153 -0.014288
v 0.045277 1.399468 0.022052
v 0.074364 1.401192 0.001527
v 0.066046 1.415702 0.002182
v 0.052650 1.480408 0.022285
v 0.062482 1.393308 0.013373
v 0.057741 1.407499 0.013885
v 0.053777 1.421251 0.016486
v 0.041790 1.467966 0.031079
v 0.000166 1.318980 0.062514
v 0.041545 1.323789 0.064962
v 0.080612 1.333618 0.056645
v 0.092396 1.339254 0.052832
v 0.103348 1.345135 0.047418
v 0.112992 1.350772 0.040329
v 0.122120 1.355368 0.032369
v 0.131847 1.359958 0.027246
v 0.139689 1.370848 0.021133
v 0.140015 1.363348 0.027069
v 0.144927 1.393067 -0.013909
v 0.144060 1.405158 -0.049981
v 0.104813 1.390991 -0.109145
v 0.090653 1.382214 -0.118131
v 0.068662 1.361215 -0.127258
v 0.037878 1.363155 -0.120766
v 0.012560 1.463767 0.094599
v 0.006730 1.463318 0.094650
v 0.013620 1.462096 0.084233
v 0.007472 1.461436 0.084518
v 0.007976 1.459653 0.069594
v 0.014390 1.460533 0.069292
v 0.007701 1.459076 0.059473
v 0.013580 1.460234 0.059258
v 0.014142 1.460558 0.064414
v 0.007900 1.459674 0.064626
v 0.013160 1.462906 0.089326
v 0.007161 1.462404 0.089529
v 0.007298 1.455364 0.054983
v 0.012962 1.457155 0.054181
v 0.012678 1.334785 0.054331
v 0.025059 1.337022 0.056096
v 0.022802 1.350109 0.045585
v 0.011814 1.348655 0.044396
v 0.011010 1.362062 0.035498
v 0.020699 1.363583 0.037741
v 0.018864 1.376323 0.033084
v 0.010050 1.374412 0.031195
v 0.013416 1.450070 0.050337
v 0.007507 1.447966 0.051618
v 0.016322 1.402273 0.032713
v 0.008631 1.399696 0.033060
v 0.009179 1.386956 0.031025
v 0.017476 1.388725 0.031864
v 0.013591 1.320209 0.064230
v 0.027547 1.322114 0.065667
v 0.022074 1.508129 0.103571
v 0.023660 1.508182 0.101713
v 0.031490 1.516362 0.103736
v 0.033023 1.513927 0.102631
v 0.027750 1.510751 0.106480
v 0.029445 1.509449 0.104939
v 0.029409 1.513476 0.105575
v 0.031096 1.511670 0.104329
v 0.026261 1.508138 0.106462
v 0.027659 1.507625 0.104557
v 0.051813 1.537159 0.086889
v 0.052816 1.531747 0.083804
v 0.065033 1.572304 0.064256
v 0.062410 1.572771 0.069325
v 0.023828 1.522932 0.097690
v 0.020363 1.522740 0.101187
v 0.064179 1.579089 0.064346
v 0.062056 1.578565 0.069062
v 0.021473 1.516896 0.102022
v 0.023871 1.516471 0.099463
v 0.024232 1.506647 0.105365
v 0.025667 1.506757 0.103264
v 0.033915 1.519445 0.101130
v 0.035346 1.516404 0.100100
v 0.061989 1.593130 0.068393
v 0.060595 1.590808 0.072707
v 0.021502 1.529858 0.095473
v 0.017586 1.528190 0.100127
v 0.056213 1.535059 0.080837
v 0.055067 1.540731 0.084488
v 0.021497 1.512012 0.102584
v 0.023289 1.511740 0.100659
v 0.013119 1.531972 0.099426
v 0.015707 1.535157 0.093898
v 0.063222 1.586221 0.065630
v 0.061597 1.584767 0.070043
v 0.048271 1.533518 0.089474
v 0.049198 1.528484 0.086933
v 0.064152 1.547802 0.071118
v 0.061823 1.552814 0.076615
v 0.041594 1.522092 0.093712
v 0.040539 1.526165 0.095251
v 0.036911 1.522722 0.098186
v 0.038172 1.519140 0.097021
v 0.044459 1.529781 0.092327
v 0.045392 1.525225 0.090311
v 0.043585 1.677153 0.011250
v 0.049239 1.674391 -0.001950
v 0.071543 1.626651 0.040235
v 0.066907 1.633190 0.048002
v 0.022269 1.686967 0.000671
v 0.025105 1.685070 -0.014228
v 0.059669 1.607909 0.072542
v 0.062048 1.602487 0.067865
v 0.070205 1.621031 0.046140
v 0.066236 1.627644 0.053082
v 0.066268 1.611128 0.057662
v 0.063490 1.617450 0.063047
v 0.061705 1.612535 0.067892
v 0.064110 1.606556 0.062966
v 0.068310 1.615958 0.052003
v 0.065060 1.622498 0.058113
v 0.032959 1.682911 0.005165
v 0.037288 1.680716 -0.009067
v 0.058736 1.666232 0.005997
v 0.052421 1.669806 0.018003
v 0.058708 1.595872 0.076788
v 0.056026 1.599720 0.081500
v 0.060205 1.599019 0.072425
v 0.057618 1.603708 0.077006
v 0.049176 1.579804 0.087703
v 0.044838 1.579206 0.088043
v 0.047376 1.577845 0.089114
v 0.045749 1.577980 0.088764
v 0.048333 1.578825 0.088472
v 0.029971 1.567123 0.096982
v 0.028609 1.565698 0.096961
v 0.033858 1.565629 0.096239
v 0.032701 1.563568 0.096386
v 0.050969 1.489083 0.064163
v 0.048452 1.489647 0.070252
v 0.038769 1.564435 0.094588
v 0.037530 1.561701 0.095059
v 0.053422 1.557234 0.087034
v 0.051754 1.553494 0.089176
v 0.035709 1.472524 0.069291
v 0.035243 1.472758 0.074868
v 0.057407 1.553216 0.083675
v 0.055398 1.549338 0.085945
v 0.048740 1.560516 0.089550
v 0.047299 1.556935 0.091476
v 0.046000 1.482535 0.065885
v 0.044310 1.483173 0.071787
v 0.027408 1.568817 0.097102
v 0.025521 1.568039 0.096898
v 0.040833 1.477117 0.067599
v 0.039884 1.477555 0.073350
v 0.020097 1.462494 0.073457
v 0.019788 1.462908 0.078523
v 0.043898 1.563058 0.092098
v 0.042495 1.559649 0.093308
v 0.059368 1.505890 0.061752
v 0.055753 1.505143 0.068421
v 0.062965 1.535927 0.069136
v 0.059865 1.531705 0.073703
v 0.007912 1.459926 0.074507
v 0.007721 1.460516 0.079506
v 0.014034 1.461298 0.079195
v 0.014326 1.460786 0.074189
v 0.060223 1.548450 0.079320
v 0.057917 1.544442 0.081978
v 0.062069 1.542822 0.074398
v 0.059371 1.538653 0.077742
v 0.063847 1.438233 -0.004968
v 0.073157 1.437060 -0.023671
v 0.065917 1.521074 0.016894
v 0.071170 1.424947 -0.009195
v 0.070574 1.545014 0.025735
v 0.071458 1.562908 0.026152
v 0.073750 1.549895 0.015253
v 0.077827 1.545796 0.012487
v 0.078378 1.541250 0.012551
v 0.076030 1.533549 0.008020
v 0.063997 1.527803 0.005416
v 0.050105 1.579191 -0.064446
v 0.060053 1.492750 0.011384
v 0.076841 1.590109 0.007143
v 0.079783 1.532254 0.012265
v 0.073457 1.569195 0.006383
v 0.075080 1.561533 0.013156
v 0.075517 1.568458 0.012242
v 0.080285 1.546695 0.009476
v 0.080981 1.568699 -0.007830
v 0.084371 1.569743 -0.012438
v 0.075764 1.536117 0.006733
v 0.078292 1.534564 0.005026
v 0.082776 1.534922 0.007307
v 0.080904 1.542264 0.008752
v 0.077135 1.547737 -0.004894
v 0.076233 1.542984 -0.001101
v 0.080620 1.546195 -0.006390
v 0.086505 1.545531 -0.004730
v 0.079786 1.540999 -0.002717
v 0.085768 1.541218 -0.001001
v 0.075661 1.567504 0.009580
v 0.074106 1.560943 0.011888
v 0.074197 1.555945 0.012548
v 0.076474 1.555828 0.013809
v 0.094571 1.401695 -0.009538
v 0.078576 1.575102 0.012447
v 0.076835 1.578092 0.008060
v 0.078722 1.574769 0.009559
v 0.077584 1.575268 0.001948
v 0.090583 1.565869 -0.010382
v 0.081073 1.577343 -0.005668
v 0.081836 1.585082 0.005593
v 0.084886 1.549049 -0.000987
v 0.085951 1.563577 -0.006484
v 0.083129 1.546135 0.001433
v 0.071581 1.561804 -0.009618
v 0.080576 1.560316 -0.008131
v 0.083240 1.560209 -0.012191
v 0.089419 1.558145 -0.010534
v 0.086355 1.557342 -0.005619
v 0.075546 1.553808 -0.002331
v 0.072812 1.564178 0.005590
v 0.099763 1.420833 -0.028782
v 0.079637 1.535961 0.013320
v 0.082603 1.537986 0.008440
v 0.084578 1.543306 0.000323
v 0.085594 1.546967 -0.002920
v 0.087414 1.557295 -0.008431
v 0.087130 1.564312 -0.009699
v 0.081182 1.581542 0.010921
v 0.040268 1.582492 -0.074086
v 0.083736 1.579978 0.008726
v 0.085488 1.579332 -0.009039
v 0.086407 1.585197 0.004731
v 0.076424 1.577859 0.004920
v 0.081660 1.581228 0.004994
v 0.087612 1.581416 0.000873
v 0.090259 1.573540 -0.007899
v 0.080799 1.579995 0.002514
v 0.086340 1.571768 -0.008972
v 0.084381 1.580496 -0.001323
v 0.084942 1.570103 -0.005888
v 0.083107 1.578155 -0.001843
v 0.081202 1.577337 0.000263
v 0.084159 1.568732 -0.002860
v 0.085862 1.552520 -0.003532
v 0.086427 1.551435 -0.005938
v 0.087512 1.551046 -0.008007
v 0.081870 1.552464 -0.009444
v 0.078769 1.553407 -0.007027
v 0.085188 1.562963 -0.003433
v 0.074506 1.577677 -0.004827
v 0.075394 1.575679 -0.003011
v 0.076983 1.585348 0.006182
v 0.076164 1.585009 0.012394
v 0.074813 1.579909 0.017316
v 0.072885 1.571489 0.019209
v 0.072438 1.562734 0.020059
v 0.073099 1.554790 0.020478
v 0.072234 1.546704 0.020231
v 0.071311 1.539018 0.019544
v 0.070519 1.532977 0.018924
v 0.068583 1.530903 0.017176
v 0.065934 1.532355 0.013192
v 0.065332 1.535951 0.009816
v 0.068020 1.544156 -0.000560
v 0.069965 1.548690 -0.004781
v 0.071634 1.554544 -0.007070
v 0.073198 1.561273 -0.007266
v 0.074176 1.568454 -0.005300
v 0.072711 1.566699 0.006626
v 0.073343 1.565726 0.006570
v 0.082142 1.548797 0.002069
v 0.083131 1.550913 -0.000286
v 0.085122 1.557688 -0.003153
v 0.084173 1.553725 -0.001955
v 0.079087 1.554824 -0.003794
v 0.080853 1.551517 -0.001327
v 0.081623 1.554182 -0.002740
v 0.076691 1.576880 0.014272
v 0.079880 1.549750 0.001060
v 0.077029 1.548404 0.007616
v 0.075210 1.546976 0.010207
v 0.073000 1.550644 0.014836
v 0.076939 1.565395 -0.000653
v 0.081060 1.566870 -0.000563
v 0.077840 1.561954 -0.003248
v 0.081747 1.562086 -0.002334
v 0.078787 1.558238 -0.004200
v 0.082005 1.557762 -0.003238
v 0.072911 1.559353 0.011873
v 0.072938 1.556226 0.012803
v 0.073035 1.561972 0.009319
v 0.073043 1.553625 0.013535
v 0.073427 1.556415 0.012623
v 0.073519 1.560123 0.011779
v 0.073752 1.563843 0.009371
v 0.074347 1.572759 0.008292
v 0.074432 1.573213 0.005859
v 0.075686 1.571707 0.003234
v 0.077641 1.549742 -0.000525
v 0.077973 1.575409 -0.003100
v 0.073822 1.555045 -0.001203
v 0.069417 1.554484 0.002346
v 0.072786 1.560730 -0.002140
v 0.072772 1.559304 0.000063
v 0.070512 1.557488 0.003195
v 0.072109 1.565908 0.005364
v 0.072614 1.561504 0.007638
v 0.072114 1.560514 0.010143
v 0.071754 1.560316 0.006561
v 0.070993 1.559163 0.011834
v 0.069817 1.559902 0.008994
v 0.071057 1.555700 0.013712
v 0.068663 1.556488 0.004724
v 0.074499 1.547277 0.005073
v 0.071074 1.552277 0.014883
v 0.071144 1.546039 0.011696
v 0.074320 1.558154 -0.003076
v 0.073409 1.557249 -0.000953
v 0.070619 1.556276 0.001923
v 0.074481 1.562128 -0.003856
v 0.076035 1.558690 -0.004461
v 0.072962 1.565302 -0.001719
v 0.073895 1.568608 0.003879
v 0.076859 1.555594 -0.003847
v 0.071647 1.547749 0.002877
v 0.075489 1.550948 -0.001447
v 0.069793 1.550921 0.001978
v 0.074321 1.552920 -0.001317
v 0.071096 1.564643 0.003030
v 0.071636 1.560637 0.008970
v 0.067631 1.558898 0.012050
v 0.066956 1.554752 0.006533
v 0.067999 1.553304 0.004519
v 0.068293 1.550558 0.005059
v 0.066859 1.551527 0.008467
v 0.069792 1.546997 0.006182
v 0.068104 1.547708 0.010075
v 0.072832 1.545776 0.008068
v 0.077535 1.567769 -0.004542
v 0.076482 1.560537 -0.006389
v 0.074806 1.554139 -0.006349
v 0.073235 1.548894 -0.004019
v 0.072000 1.544624 0.000125
v 0.071492 1.538136 0.010390
v 0.071687 1.534246 0.011952
v 0.074785 1.531176 0.015953
v 0.076059 1.535182 0.017477
v 0.074538 1.541817 0.015715
v 0.075126 1.545843 0.013885
v 0.073502 1.546477 0.012764
v 0.070638 1.548606 0.015021
v 0.074283 1.569775 0.015032
v 0.065828 1.557037 0.009283
v 0.066890 1.549335 0.014215
v 0.064283 1.553203 0.012325
v 0.073121 1.567170 0.001514
v 0.071007 1.562896 0.000031
v 0.072228 1.561114 0.001886
v 0.067213 1.555649 0.015660
v 0.068279 1.552097 0.016028
v 0.078565 1.583808 0.005749
v 0.028782 1.584993 -0.081716
v 0.076721 1.581911 0.000544
v 0.081742 1.583501 -0.000792
v 0.086589 1.585218 -0.002333
v 0.089571 1.579284 -0.003664
v 0.085814 1.577788 -0.005591
v 0.083858 1.575500 -0.003990
v 0.082564 1.573793 -0.001576
v 0.079460 1.571566 0.000472
v 0.076736 1.568696 0.001956
v 0.070910 1.558895 0.005076
v 0.068678 1.558235 0.006973
v 0.075309 1.555645 -0.002786
v 0.072298 1.562720 0.003911
v 0.078646 1.551934 -0.002537
v 0.076681 1.552987 -0.002738
v 0.074078 1.548393 0.016877
v 0.074332 1.562204 0.016083
v 0.078570 1.581488 0.000375
v 0.075645 1.555622 0.017102
v 0.077870 1.582257 0.010876
v 0.073512 1.568400 0.007680
v 0.067111 1.549247 0.061303
v 0.068096 1.545374 0.052649
v 0.044018 1.574822 0.091611
v 0.059309 1.561030 0.078773
v 0.051114 1.566882 0.085174
v 0.055207 1.564112 0.082283
v 0.047806 1.569403 0.087959
v 0.043105 1.574849 0.089982
v 0.125123 1.383787 0.002262
v 0.068891 1.543736 0.042860
v 0.045893 1.571808 0.090389
v 0.044848 1.573733 0.091821
v 0.069743 1.543852 0.033529
v 0.062664 1.557496 0.074109
v 0.065346 1.553561 0.068382
v 0.082521 1.413278 -0.010643
v 0.049920 1.573449 0.084179
v 0.044970 1.577021 0.087299
v 0.055928 1.570594 0.078351
v 0.059446 1.569008 0.074812
v 0.069901 1.563329 0.051095
v 0.046611 1.575994 0.088343
v 0.071443 1.562680 0.034079
v 0.045693 1.576467 0.088372
v 0.068017 1.564444 0.058565
v 0.047926 1.574847 0.086723
v 0.052649 1.572055 0.081387
v 0.071092 1.562729 0.042744
v 0.065690 1.565890 0.065021
v 0.062756 1.567436 0.070393
v 0.077569 1.597419 0.007205
v 0.071402 1.638406 -0.030534
v 0.031904 1.660008 -0.060671
v 0.047455 1.655213 -0.053450
v 0.061734 1.647696 -0.042841
v 0.074513 1.580747 -0.007618
v 0.058315 1.575487 -0.053613
v 0.057801 1.614077 -0.059661
v 0.066069 1.607537 -0.046803
v 0.032415 1.624087 -0.079257
v 0.046214 1.619857 -0.071014
v 0.062761 1.507185 0.015181
v 0.141446 1.380558 0.011915
v 0.085713 1.428341 -0.027143
v 0.108817 1.390663 -0.005921
v 0.114805 1.413432 -0.028811
v 0.063874 1.448084 -0.018746
v 0.062455 1.503550 -0.003435
v 0.063867 1.516645 0.000662
v 0.130229 1.405654 -0.027793
v 0.145839 1.397783 -0.026133
v 0.071099 1.562385 -0.013416
v 0.019854 1.575914 0.093954
v 0.018454 1.575012 0.095118
v 0.018895 1.575246 0.094402
v 0.013305 1.575242 0.096950
v 0.021372 1.576995 0.093445
v 0.010168 1.574766 0.100639
v 0.018021 1.575154 0.095486
v 0.016400 1.575358 0.095735
v 0.007243 1.574498 0.105311
v 0.024618 1.574108 0.092858
v 0.022749 1.575441 0.092384
v 0.030710 1.570681 0.093933
v 0.034667 1.570048 0.093388
v 0.041843 1.571977 0.089838
v 0.044658 1.575723 0.086719
v 0.025543 1.583038 0.094780
v 0.037374 1.586439 0.094533
v 0.041240 1.585676 0.092017
v 0.043748 1.584135 0.089374
v 0.032712 1.586156 0.095974
v 0.045391 1.579898 0.086340
v 0.023474 1.580305 0.093411
v 0.028652 1.584993 0.095815
v 0.027332 1.572084 0.093643
v 0.038744 1.570508 0.091858
v 0.044950 1.582206 0.087481
v 0.043628 1.573815 0.088042
v 0.045284 1.577727 0.086006
v 0.022412 1.577841 0.092404
v 0.000071 1.460330 0.079563
v 0.000075 1.461318 0.084576
v 0.000079 1.462327 0.089575
v 0.000069 1.459386 0.069618
v 0.000169 1.459395 0.064557
v 0.000244 1.458739 0.059373
v 0.000085 1.463271 0.094637
v 0.000082 1.464689 0.099656
v 0.000043 1.466906 0.104223
v 0.000033 1.470076 0.107542
v 0.000065 1.473440 0.109562
v 0.000085 1.483889 0.111159
v 0.000072 1.487224 0.110807
v 0.000072 1.490412 0.111095
v 0.000082 1.493147 0.112357
v 0.000086 1.495233 0.114214
v 0.000100 1.496674 0.116434
v 0.000127 1.498483 0.118788
v 0.000091 1.502874 0.118761
v 0.000065 1.506860 0.116664
v 0.000066 1.507723 0.112880
v 0.000072 1.503559 0.109523
v 0.000072 1.495445 0.107908
v 0.000088 1.487071 0.101037
v 0.000149 1.483617 0.088758
v 0.000250 1.482314 0.076547
v 0.000134 1.482545 0.063084
v 0.000095 1.484126 0.045224
v 0.000103 1.491166 0.029928
v 0.000095 1.534974 0.036738
v 0.000080 1.541629 0.052902
v 0.000069 1.546945 0.071189
v 0.000078 1.544916 0.084431
v 0.000079 1.531898 0.103788
v 0.000075 1.528158 0.107677
v 0.000079 1.523350 0.110449
v 0.000085 1.518105 0.111766
v 0.000084 1.512559 0.112109
v 0.000094 1.508148 0.114575
v 0.000104 1.509683 0.118912
v 0.000116 1.514303 0.120837
v 0.000069 1.518904 0.118786
v 0.000094 1.523583 0.116932
v 0.000097 1.528639 0.115668
v 0.000046 1.532661 0.116331
v 0.000071 1.534389 0.119649
v 0.000095 1.536056 0.123746
v 0.000094 1.539220 0.127695
v 0.000046 1.544726 0.129929
v 0.000070 1.550138 0.128656
v 0.000080 1.560181 0.121492
v 0.000084 1.565287 0.117550
v 0.000086 1.570395 0.113376
v 0.000113 1.580038 0.106074
v 0.000077 1.584762 0.106341
v 0.000072 1.590463 0.108445
v 0.000083 1.596969 0.109681
v 0.000080 1.603655 0.109232
v 0.000085 1.610476 0.107545
v 0.000081 1.617301 0.105455
v 0.000083 1.624011 0.103474
v 0.000086 1.630374 0.101330
v 0.000093 1.636259 0.098606
v 0.000101 1.641927 0.095450
v 0.000101 1.647495 0.091993
v 0.000081 1.673759 0.066650
v 0.000082 1.678177 0.058572
v 0.000067 1.682191 0.049153
v 0.000060 1.685553 0.038250
v 0.000054 1.688018 0.025621
v 0.000053 1.689546 0.011819
v 0.000020 1.684243 -0.034513
v 0.000013 1.675773 -0.050863
v 0.000059 1.646344 -0.077327
v 0.000078 1.607036 -0.090175
v 0.000075 1.569186 -0.082249
v 0.000067 1.552679 -0.075585
v 0.000071 1.454624 0.055224
v 0.000085 1.538040 -0.068971
v 0.000020 1.333605 0.052896
v 0.017737 1.382396 -0.107215
v 0.000044 1.447021 0.052128
v 0.000037 1.398636 0.032859
v 0.000098 1.386153 0.029991
v 0.000150 1.373814 0.029062
v 0.000190 1.361729 0.032712
v 0.000171 1.348121 0.042921
v 0.000102 1.524166 -0.062920
v 0.000103 1.463933 -0.060220
v 0.000074 1.449407 -0.066462
v -0.000061 1.435389 -0.075327
v 0.000150 1.419962 -0.086962
v 0.000248 1.400996 -0.095833
v 0.019242 1.361111 -0.115092
v 0.000082 1.534665 0.099256
v 0.000085 1.538692 0.093306
v 0.000044 1.688565 -0.018056
v 0.000053 1.689961 -0.002645
v 0.000062 1.459689 0.074565
v 0.000076 1.587132 -0.088401
v 0.000019 1.662823 -0.065421
v 0.000059 1.627434 -0.085770
v 0.000076 1.575139 0.109171
v 0.015598 1.497163 0.026344
v 0.021608 1.505304 0.024058
v 0.024292 1.517122 0.023159
v 0.024179 1.527370 0.026653
v 0.000116 1.497046 0.024855
v 0.000037 1.506674 0.022031
v 0.000035 1.517419 0.020581
v 0.000068 1.527560 0.024886
v 0.000207 1.285933 -0.120959
v 0.000013 1.258472 -0.120993
v 0.000098 1.230534 -0.116777
v -0.000005 1.202638 -0.112390
v 0.000033 1.150546 -0.103470
v 0.000035 1.126302 -0.099497
v 0.000168 1.102928 -0.095990
v 0.000285 1.079303 -0.092857
v 0.000200 1.053883 -0.091424
v 0.000170 1.027347 -0.092579
v 0.000114 1.000775 -0.097041
v 0.000005 0.973971 -0.100765
v 0.000095 0.947045 -0.106254
v 0.000076 0.919304 -0.112779
v 0.000177 0.889642 -0.114577
v 0.000169 0.857203 -0.114769
v 0.000243 0.822099 -0.107432
v -0.000311 1.175786 -0.107862
v 0.321166 1.107767 -0.044799
v 0.309552 1.111245 0.002210
v 0.310196 1.139680 -0.054481
v 0.294690 1.141399 -0.003147
v 0.297322 1.172436 -0.062507
v 0.280805 1.173284 -0.004643
v 0.322100 1.079996 0.014596
v 0.338684 1.074831 -0.036114
v 0.348211 1.058618 -0.032139
v 0.328325 1.063467 0.019536
v 0.364230 1.026041 -0.023203
v 0.340284 1.029348 0.023922
v 0.374283 0.993636 -0.013056
v 0.351301 0.997006 0.028446
v 0.334366 1.046406 0.022268
v 0.356982 1.042456 -0.027831
v 0.315784 1.095712 0.008194
v 0.287549 1.157002 -0.003621
v 0.377661 0.978004 -0.008298
v 0.369897 1.009516 -0.018389
v 0.329615 1.091417 -0.040527
v 0.304242 1.155788 -0.058575
v 0.315340 1.123851 -0.049743
v 0.302315 1.126289 -0.001415
v 0.345809 1.012772 0.025958
v 0.356581 0.982182 0.030783
v 0.249583 1.138180 -0.089748
v 0.258519 1.124905 -0.087782
v 0.268516 1.112290 -0.085278
v 0.278265 1.099203 -0.084476
v 0.289187 1.086061 -0.084178
v 0.299150 1.069976 -0.081220
v 0.307701 1.051746 -0.076074
v 0.315604 1.033406 -0.070829
v 0.323938 1.016249 -0.064963
v 0.331896 1.000119 -0.058755
v 0.339565 0.985113 -0.052329
v 0.346752 0.971172 -0.045491
v 0.353352 0.958315 -0.038609
v 0.314550 0.956397 0.005724
v 0.306075 0.969155 0.002018
v 0.297194 0.982969 -0.001184
v 0.289173 0.998362 -0.004191
v 0.282327 1.014870 -0.008280
v 0.277208 1.031656 -0.012916
v 0.272328 1.047750 -0.017835
v 0.267290 1.063393 -0.021215
v 0.261391 1.078605 -0.022728
v 0.254331 1.092891 -0.022267
v 0.244964 1.105778 -0.019190
v 0.234432 1.118041 -0.015572
v 0.224869 1.131759 -0.012262
v 0.173286 1.240030 -0.022479
v 0.277860 1.090694 -0.008584
v 0.269513 1.084462 -0.014122
v 0.255652 1.073990 -0.035806
v 0.255616 1.071672 -0.052531
v 0.263232 1.073189 -0.068217
v 0.275816 1.078257 -0.078697
v 0.312194 1.102469 -0.074097
v 0.301936 1.095597 -0.083070
v 0.318123 1.105581 -0.060214
v 0.325029 1.111732 -0.031092
v 0.326954 1.114991 -0.019136
v 0.316745 1.113962 -0.001830
v 0.293300 1.102142 0.001164
v 0.285448 1.096650 -0.003193
v 0.260051 1.117375 -0.001942
v 0.251723 1.110783 -0.008181
v 0.242022 1.103138 -0.033492
v 0.242454 1.102009 -0.049394
v 0.247245 1.102809 -0.065132
v 0.256273 1.106009 -0.078443
v 0.294171 1.127966 -0.080136
v 0.281452 1.119965 -0.086031
v 0.304412 1.134833 -0.068840
v 0.311391 1.143136 -0.040118
v 0.310466 1.145425 -0.027923
v 0.301500 1.144377 -0.009195
v 0.278174 1.130942 0.002524
v 0.269020 1.124283 0.001367
v 0.241531 1.144790 0.008871
v 0.231570 1.137106 0.001373
v 0.222893 1.129092 -0.029131
v 0.224841 1.128315 -0.046965
v 0.229337 1.128921 -0.064518
v 0.237046 1.131640 -0.079942
v 0.264291 1.147369 -0.091442
v 0.278566 1.156970 -0.086324
v 0.290325 1.165675 -0.076396
v 0.300486 1.177026 -0.048294
v 0.299554 1.179228 -0.034983
v 0.288570 1.177097 -0.013110
v 0.262701 1.161138 0.008195
v 0.252309 1.153221 0.010609
v 0.331557 1.082848 0.009770
v 0.302738 1.071100 0.012520
v 0.294470 1.065722 0.007340
v 0.286924 1.060122 0.000677
v 0.279505 1.054136 -0.007432
v 0.267858 1.041883 -0.032164
v 0.269168 1.038194 -0.049771
v 0.278302 1.039010 -0.065521
v 0.292747 1.044201 -0.074403
v 0.331466 1.066398 -0.063802
v 0.320969 1.059461 -0.072351
v 0.337554 1.071414 -0.051072
v 0.341079 1.078984 -0.022860
v 0.342473 1.082692 -0.010460
v 0.349913 1.062765 -0.019247
v 0.349798 1.066021 -0.006771
v 0.345372 1.054053 -0.044993
v 0.328775 1.041021 -0.065888
v 0.339051 1.048139 -0.056881
v 0.300647 1.026364 -0.069977
v 0.286094 1.021732 -0.061647
v 0.275517 1.021056 -0.046273
v 0.273026 1.025207 -0.028094
v 0.291435 1.044046 0.006538
v 0.284198 1.038217 -0.001832
v 0.307716 1.054764 0.018138
v 0.299059 1.049500 0.013226
v 0.338293 1.066203 0.014251
v 0.364990 1.029830 -0.010793
v 0.362740 1.032192 0.000938
v 0.360059 1.020874 -0.034805
v 0.343603 1.007559 -0.053481
v 0.352785 1.014531 -0.044747
v 0.317281 0.993180 -0.058178
v 0.302415 0.988848 -0.050103
v 0.290857 0.988261 -0.035901
v 0.286838 0.992156 -0.018848
v 0.302132 1.011063 0.015295
v 0.294940 1.004895 0.006905
v 0.320049 1.021760 0.025444
v 0.310463 1.016732 0.021706
v 0.349472 1.031605 0.019034
v 0.374370 0.996807 -0.001825
v 0.371413 0.998634 0.008613
v 0.370622 0.989278 -0.023680
v 0.356993 0.977847 -0.041028
v 0.364676 0.984016 -0.033111
v 0.334024 0.964963 -0.044795
v 0.320552 0.960956 -0.037531
v 0.309817 0.960345 -0.025175
v 0.304827 0.963596 -0.010569
v 0.317125 0.980786 0.019872
v 0.310633 0.975065 0.011963
v 0.333445 0.990548 0.029299
v 0.324814 0.986034 0.025946
v 0.359530 0.998792 0.024407
v 0.203190 1.273159 0.022350
v 0.181071 1.224469 -0.088311
v 0.179729 1.221241 -0.069390
v 0.177186 1.223833 -0.052909
v 0.173995 1.230692 -0.037452
v 0.176096 1.243809 -0.003819
v 0.188202 1.250132 0.012529
v 0.313548 0.951004 -0.006469
v 0.318762 0.948152 -0.020273
v 0.295615 0.977117 -0.014792
v 0.300227 0.973569 -0.030354
v 0.279057 1.008350 -0.023466
v 0.282621 1.004205 -0.041331
v 0.261690 1.058102 -0.034733
v 0.262017 1.055052 -0.051841
v 0.249857 1.089170 -0.035380
v 0.249889 1.087456 -0.051069
v 0.233678 1.115242 -0.048242
v 0.232177 1.115769 -0.031328
v 0.340383 0.976435 0.030891
v 0.326634 1.005702 0.027700
v 0.313775 1.038304 0.022503
v 0.298284 1.086973 0.006233
v 0.286230 1.116789 0.000320
v 0.270195 1.145543 0.006067
v 0.341624 0.952489 -0.038302
v 0.325791 0.978435 -0.051527
v 0.308941 1.009216 -0.064460
v 0.284113 1.061615 -0.077333
v 0.266056 1.092557 -0.078438
v 0.246192 1.118696 -0.079016
v 0.377791 0.980994 0.002030
v 0.375024 0.982846 0.011780
v 0.370389 1.013115 -0.006403
v 0.367590 1.015188 0.004755
v 0.358091 1.046357 -0.015355
v 0.356705 1.049109 -0.003133
v 0.332907 1.095617 -0.026639
v 0.335008 1.099274 -0.014364
v 0.317992 1.127429 -0.035987
v 0.318205 1.129938 -0.023919
v 0.306517 1.159855 -0.044421
v 0.304804 1.161904 -0.031581
v 0.374252 0.974075 -0.018125
v 0.365832 1.004674 -0.029614
v 0.353229 1.037521 -0.039631
v 0.328414 1.089031 -0.056724
v 0.310585 1.120066 -0.064346
v 0.297688 1.149808 -0.072608
v 0.362431 0.964185 -0.034268
v 0.369138 0.969477 -0.026983
v 0.350558 0.992212 -0.047500
v 0.359074 0.998789 -0.039344
v 0.336439 1.023902 -0.059526
v 0.346139 1.031132 -0.050194
v 0.322231 1.085763 -0.069797
v 0.312492 1.079267 -0.078394
v 0.302282 1.114835 -0.077592
v 0.290462 1.107215 -0.084929
v 0.286657 1.142000 -0.083787
v 0.272808 1.133379 -0.088725
v 0.344083 1.048903 0.017002
v 0.304416 1.033120 0.018077
v 0.296211 1.027537 0.011299
v 0.288843 1.021519 0.002852
v 0.294085 1.004815 -0.056250
v 0.311406 0.974074 -0.043774
v 0.255501 1.088434 -0.066488
v 0.324106 1.098583 0.004016
v 0.329077 0.948817 -0.031550
v 0.250561 1.130359 0.004323
v 0.241170 1.123100 -0.002797
v 0.294653 1.160310 -0.011135
v 0.317252 1.000814 0.024363
v 0.260515 1.138113 0.007031
v 0.238297 1.116081 -0.064592
v 0.270269 1.056152 -0.067588
v 0.325280 0.967441 0.022401
v 0.319076 0.962087 0.015240
v 0.283104 1.075740 -0.004920
v 0.275278 1.069545 -0.011931
v 0.309075 1.129092 -0.006128
v 0.309071 0.995236 0.018057
v 0.302250 0.989231 0.009587
v 0.332506 0.972311 0.027656
v 0.290484 1.081617 0.001158
v 0.354614 1.014809 0.021506
v 0.363955 0.983449 0.026499
v 0.269700 1.104600 -0.007380
v 0.261593 1.098420 -0.013481
v 0.277907 1.110863 -0.003111
v 0.241587 1.311610 -0.004318
v 0.237798 1.317815 -0.068996
v 0.179497 1.242266 -0.108543
v 0.220572 1.289151 0.018667
v 0.245278 1.318058 -0.020325
v 0.242315 1.320856 -0.052840
v 0.223394 1.300981 -0.104060
v 0.192503 1.267746 -0.112020
v 0.209439 1.285611 -0.114667
v 0.192794 1.274325 0.027606
v 0.160830 1.225641 -0.117089
v 0.173833 1.211680 -0.094347
v 0.177996 1.210643 -0.070699
v 0.173937 1.216074 -0.051941
v 0.170901 1.227689 -0.034490
v 0.168243 1.241483 -0.019197
v 0.169337 1.248366 -0.001520
v 0.179729 1.261025 0.018190
v 0.225394 1.339541 -0.069911
v 0.231411 1.334632 -0.002471
v 0.167331 1.270407 -0.131888
v 0.214417 1.312778 0.024268
v 0.230482 1.342685 -0.053194
v 0.209660 1.323987 -0.105827
v 0.181460 1.290453 -0.124562
v 0.234619 1.340748 -0.019304
v 0.196643 1.309101 -0.118560
v 0.191982 1.290181 0.035153
v 0.146832 1.253449 -0.138429
v 0.182112 1.278924 0.036790
v 0.162592 1.389341 -0.008225
v 0.155431 1.393729 -0.064599
v 0.103965 1.363391 -0.121220
v 0.061358 1.309490 0.072572
v 0.045838 1.307167 0.073792
v 0.090003 1.317554 0.067459
v 0.076197 1.313048 0.070523
v 0.157233 1.375786 0.019705
v 0.159475 1.393864 -0.051022
v 0.140951 1.387545 -0.090411
v 0.118228 1.372830 -0.112596
v 0.153816 1.365824 0.028223
v 0.163357 1.392889 -0.023452
v 0.074366 1.346792 -0.131874
v 0.058440 1.343164 -0.130996
v 0.130611 1.381290 -0.102296
v 0.149521 1.356586 0.033301
v 0.000008 1.337337 -0.116048
v 0.015102 1.303487 0.071684
v 0.020787 1.338548 -0.121091
v 0.040333 1.340586 -0.127201
v 0.125062 1.335309 0.049514
v 0.114684 1.328877 0.056770
v 0.102934 1.322834 0.062813
v 0.030366 1.305343 0.073632
v 0.134235 1.341867 0.042138
v 0.088942 1.354288 -0.128466
v 0.142737 1.348756 0.036755
v 0.181564 1.383165 -0.003947
v 0.171684 1.381440 -0.066852
v 0.190284 1.370399 -0.069286
v 0.209115 1.357522 -0.070366
v 0.200827 1.373298 -0.000712
v 0.218513 1.356188 -0.000044
v 0.117660 1.344199 -0.125900
v 0.132805 1.322626 -0.130197
v 0.148984 1.298337 -0.133210
v 0.164069 1.222153 -0.008960
v 0.158348 1.205417 0.005922
v 0.151600 1.195918 0.024419
v 0.140751 1.190573 0.046096
v 0.127065 1.188165 0.067070
v 0.109993 1.187348 0.084976
v 0.088328 1.188512 0.096109
v 0.064805 1.191261 0.100195
v 0.042217 1.194150 0.097750
v 0.020663 1.194617 0.092556
v 0.067686 1.291873 0.082758
v 0.050216 1.289964 0.083452
v 0.073446 1.273152 0.092866
v 0.054014 1.272062 0.093453
v 0.078683 1.254001 0.101593
v 0.057086 1.253777 0.102316
v 0.059333 1.235961 0.108395
v 0.061150 1.219276 0.110203
v 0.085763 1.218724 0.108912
v 0.062939 1.204033 0.107270
v 0.087395 1.202294 0.104848
v 0.066933 1.178592 0.092469
v 0.089639 1.176081 0.085516
v 0.069637 1.160582 0.091492
v 0.092945 1.157150 0.081147
v 0.097902 1.137138 0.079763
v 0.074490 1.141421 0.094330
v 0.101876 1.114818 0.076608
v 0.079396 1.118494 0.093718
v 0.081879 1.090785 0.087731
v 0.103825 1.089273 0.070429
v 0.082126 1.058589 0.080659
v 0.103839 1.060266 0.062898
v 0.079342 1.024311 0.073222
v 0.105003 1.028571 0.060664
v 0.079370 0.991568 0.073541
v 0.104994 0.996377 0.062413
v 0.078473 0.962369 0.073201
v 0.101311 0.965921 0.059411
v 0.077215 0.934927 0.070725
v 0.101770 0.937024 0.060507
v 0.078345 0.907104 0.071932
v 0.103937 0.909130 0.063824
v 0.080140 0.877869 0.073843
v 0.106225 0.881192 0.066817
v 0.082261 0.847201 0.073531
v 0.109375 0.852632 0.071640
v 0.100078 1.298792 0.076769
v 0.084634 1.294720 0.080688
v 0.109713 1.278324 0.084995
v 0.092360 1.275105 0.090062
v 0.117925 1.257673 0.091565
v 0.082729 1.235600 0.107387
v 0.128284 1.222011 0.093001
v 0.108612 1.220968 0.103397
v 0.129238 1.202938 0.083864
v 0.110168 1.202707 0.097526
v 0.109854 1.173409 0.071625
v 0.127322 1.171525 0.052741
v 0.114673 1.153792 0.066351
v 0.132433 1.151433 0.046684
v 0.134583 1.130995 0.041148
v 0.119082 1.133497 0.062375
v 0.136235 1.108690 0.036709
v 0.121360 1.111624 0.057517
v 0.123061 1.087020 0.052591
v 0.135254 1.084109 0.032144
v 0.123229 1.059310 0.047686
v 0.135934 1.056874 0.029522
v 0.126343 1.029359 0.047681
v 0.140305 1.027667 0.029611
v 0.125802 0.997759 0.048657
v 0.139451 0.996911 0.029203
v 0.121663 0.967483 0.046751
v 0.138279 0.966770 0.029332
v 0.123235 0.938994 0.050127
v 0.140806 0.938942 0.033212
v 0.126005 0.910998 0.052954
v 0.144980 0.911991 0.037687
v 0.129136 0.883778 0.057046
v 0.148960 0.885457 0.042677
v 0.132939 0.856223 0.063228
v 0.152280 0.858283 0.048136
v 0.114912 1.141535 -0.108541
v 0.107578 1.118031 -0.104295
v 0.086099 1.143227 -0.118912
v 0.080615 1.118972 -0.114494
v 0.142007 1.140360 -0.091930
v 0.133261 1.118550 -0.088166
v 0.159786 1.144047 -0.066081
v 0.152124 1.123919 -0.062959
v 0.164236 1.154365 -0.035665
v 0.158384 1.134606 -0.032765
v 0.153817 1.145464 -0.002671
v 0.156934 1.171012 0.000558
v 0.123980 1.239372 0.094497
v 0.152467 1.122473 -0.004772
v 0.152903 1.112579 -0.032757
v 0.126095 1.097066 -0.084998
v 0.101198 1.096115 -0.099910
v 0.118525 1.076057 -0.081614
v 0.095111 1.075025 -0.095455
v 0.090126 1.053364 -0.092204
v 0.112904 1.054468 -0.080351
v 0.109852 1.031680 -0.081457
v 0.086756 1.029938 -0.091117
v 0.109295 1.007334 -0.083569
v 0.085396 1.004877 -0.091788
v 0.111276 0.981576 -0.087458
v 0.087123 0.979043 -0.096949
v 0.114753 0.954849 -0.092939
v 0.090377 0.953092 -0.105256
v 0.117859 0.927304 -0.096795
v 0.094116 0.926320 -0.113341
v 0.120902 0.899661 -0.099537
v 0.098966 0.898596 -0.121703
v 0.123392 0.871523 -0.099589
v 0.103220 0.868242 -0.125490
v 0.128480 0.842638 -0.098097
v 0.108439 0.835910 -0.124640
v 0.146511 1.072942 -0.009131
v 0.147449 1.046714 -0.012076
v 0.143795 1.064715 -0.034485
v 0.142942 1.040126 -0.038338
v 0.131951 1.057854 -0.060329
v 0.129558 1.034889 -0.063381
v 0.066518 1.053132 -0.098367
v 0.063362 1.029014 -0.095685
v 0.062979 0.976436 -0.099397
v 0.065662 0.951408 -0.110635
v 0.132645 0.984888 -0.070146
v 0.136421 0.957484 -0.073205
v 0.146660 0.988599 -0.045872
v 0.150955 0.960847 -0.046744
v 0.150411 0.992090 -0.018646
v 0.154851 0.963907 -0.018091
v 0.203317 1.334896 0.026751
v 0.202761 1.300216 0.031649
v 0.188949 1.353302 0.027626
v 0.173053 1.367315 0.025484
v 0.214804 1.360984 -0.054029
v 0.196439 1.374476 -0.053900
v 0.177037 1.384141 -0.052235
v 0.192983 1.343662 -0.104539
v 0.174189 1.359088 -0.099807
v 0.156132 1.372323 -0.094348
v 0.165171 1.314219 -0.125736
v 0.148713 1.335918 -0.123313
v 0.132658 1.354879 -0.117452
v 0.167793 1.355668 0.033639
v 0.183062 1.387142 -0.021050
v 0.083396 1.326350 -0.138625
v 0.064065 1.320493 -0.138054
v 0.181914 1.340714 0.035575
v 0.194247 1.322378 0.034917
v 0.093871 1.301822 -0.142575
v 0.105371 1.273129 -0.144714
v 0.071140 1.294740 -0.142047
v 0.078496 1.265938 -0.141948
v 0.203776 1.378018 -0.019239
v 0.221413 1.361544 -0.018534
v 0.149722 1.098359 -0.007018
v 0.147451 1.089118 -0.033209
v 0.118957 1.240958 -0.139808
v 0.087114 1.234197 -0.139560
v 0.133088 1.203436 -0.124106
v 0.092497 1.201722 -0.133069
v 0.075547 1.096875 -0.108707
v 0.070666 1.075402 -0.103001
v 0.144634 1.102550 -0.061407
v 0.137806 1.080348 -0.060130
v 0.149240 1.019823 -0.016206
v 0.143572 1.014975 -0.042809
v 0.130146 1.010722 -0.067122
v 0.061676 1.003095 -0.094625
v 0.159077 0.935880 -0.015370
v 0.161099 0.908730 -0.011774
v 0.153374 0.932453 -0.045323
v 0.153126 0.904835 -0.042497
v 0.138172 0.929200 -0.073570
v 0.138264 0.901578 -0.072280
v 0.068458 0.925048 -0.121677
v 0.071897 0.896759 -0.133922
v 0.161395 0.882372 -0.007690
v 0.151795 0.878348 -0.038856
v 0.138742 0.874558 -0.070040
v 0.074879 0.863687 -0.140470
v 0.078216 0.827491 -0.138407
v 0.142304 0.847495 -0.067396
v 0.153608 0.851901 -0.035354
v 0.164832 0.856304 -0.003723
v 0.145530 1.364818 -0.107052
v 0.162772 1.349135 -0.113644
v 0.180543 1.330610 -0.118310
v 0.185213 1.310482 0.040034
v 0.174433 1.328963 0.040770
v 0.161754 1.344658 0.038653
v -0.000041 1.312586 -0.118729
v 0.024523 0.871183 0.088804
v 0.023964 0.903913 0.088747
v 0.024853 0.932075 0.093474
v 0.025477 0.957452 0.096466
v 0.026362 0.981380 0.099395
v 0.026387 1.049580 0.099686
v 0.027190 1.092205 0.104396
v 0.026585 1.123414 0.107640
v 0.024632 1.146379 0.104394
v 0.022863 1.165069 0.100350
v 0.021489 1.180245 0.094890
v 0.019979 1.208505 0.094864
v 0.018826 1.222351 0.098056
v 0.018192 1.237351 0.098516
v 0.017926 1.253453 0.094876
v 0.017324 1.269997 0.088054
v 0.016463 1.286562 0.079480
v 0.022491 1.313800 -0.125241
v 0.043971 1.316333 -0.132770
v 0.024314 1.287147 -0.128241
v 0.048186 1.289986 -0.135799
v 0.026873 1.259004 -0.129387
v 0.053339 1.261613 -0.134636
v 0.028909 1.230003 -0.127677
v 0.057450 1.231502 -0.133830
v 0.029902 1.201503 -0.123519
v 0.059968 1.201287 -0.130763
v 0.028655 1.148230 -0.113827
v 0.056626 1.145564 -0.121008
v 0.027161 1.124045 -0.109512
v 0.053519 1.121168 -0.116160
v 0.025216 1.100979 -0.105300
v 0.050258 1.098658 -0.110292
v 0.023399 1.078015 -0.100687
v 0.046797 1.076497 -0.105192
v 0.021823 1.053517 -0.097690
v 0.043927 1.053245 -0.100395
v 0.020188 1.027693 -0.097105
v 0.041179 1.028227 -0.097866
v 0.019539 1.001305 -0.100246
v 0.039882 1.001907 -0.098542
v 0.020043 0.974602 -0.103239
v 0.040592 0.974812 -0.100214
v 0.020953 0.947915 -0.108919
v 0.042657 0.949182 -0.110615
v 0.021197 0.920915 -0.118256
v 0.043659 0.923203 -0.122757
v 0.020974 0.891433 -0.127465
v 0.044658 0.894228 -0.135736
v 0.019974 0.856549 -0.132734
v 0.045208 0.859210 -0.142433
v 0.019026 0.816409 -0.125546
v 0.046131 0.819861 -0.137709
v 0.054081 0.840594 0.079965
v 0.051953 0.874180 0.081847
v 0.050536 0.905188 0.080395
v 0.051386 0.932972 0.083718
v 0.052271 0.958805 0.086324
v 0.053932 0.985028 0.089502
v 0.053877 1.016544 0.090231
v 0.055474 1.054856 0.095648
v 0.054836 1.091976 0.099410
v 0.053121 1.121634 0.104829
v 0.049175 1.144670 0.102919
v 0.045744 1.163099 0.097978
v 0.043529 1.179404 0.095523
v 0.136852 1.317910 0.056026
v 0.148492 1.298322 0.059425
v 0.158729 1.277590 0.058927
v 0.164197 1.258018 0.053581
v 0.164316 1.240555 0.042924
v 0.158561 1.224140 0.026145
v 0.163839 1.186747 -0.016801
v 0.168826 1.171980 -0.042904
v 0.165854 1.163948 -0.070515
v 0.150943 1.163401 -0.096922
v 0.122758 1.167971 -0.115949
v 0.090520 1.170758 -0.124525
v 0.059048 1.172196 -0.126037
v 0.029398 1.173947 -0.118735
v 0.126202 1.310495 0.063715
v 0.138051 1.289761 0.068586
v 0.148503 1.268041 0.070372
v 0.154345 1.248269 0.067712
v 0.156187 1.229919 0.059087
v 0.152596 1.213534 0.043513
v 0.165540 0.858667 0.026021
v 0.161731 0.885171 0.020914
v 0.157847 0.911382 0.015826
v 0.153514 0.937955 0.011304
v 0.149522 0.965786 0.007612
v 0.147296 0.994923 0.006614
v 0.148151 1.024440 0.008485
v 0.143838 1.052658 0.010421
v 0.142864 1.079690 0.012224
v 0.145498 1.104813 0.015355
v 0.146187 1.128258 0.019267
v 0.144799 1.150169 0.023773
v 0.143109 1.171110 0.031644
v 0.142984 1.206023 0.063789
v 0.144032 1.223318 0.077127
v 0.140738 1.242038 0.082542
v 0.134588 1.261660 0.082132
v 0.125123 1.283165 0.077662
v 0.113977 1.304120 0.070976
v 0.033033 1.288419 0.082589
v 0.035040 1.271326 0.092026
v 0.036351 1.253991 0.100077
v 0.037226 1.237082 0.105293
v 0.038187 1.221306 0.106928
v 0.039780 1.206689 0.104572
v 0.146239 1.326010 0.048770
v 0.157892 1.307778 0.051618
v 0.167748 1.288162 0.049746
v 0.172419 1.269038 0.041722
v 0.170320 1.251231 0.028018
v 0.163718 1.236651 0.009842
v 0.168466 1.205946 -0.027882
v 0.172673 1.191873 -0.049525
v 0.172728 1.186749 -0.073205
v 0.161197 1.188108 -0.099084
v 0.104345 1.237452 0.102804
v 0.099227 1.255349 0.098032
v 0.026161 1.008921 0.098666
v 0.000292 1.003709 0.099723
v 0.101258 1.334491 -0.133881
v 0.114599 1.311149 -0.137374
v 0.129713 1.284644 -0.141694
v 0.176618 1.298986 0.044146
v 0.166499 1.318024 0.045506
v 0.154582 1.334803 0.042952
v 0.012554 0.762022 0.033148
v 0.007496 0.757999 -0.005730
v 0.011762 0.765431 -0.044695
v 0.086839 0.765833 -0.110727
v 0.090571 0.739303 -0.094294
v 0.094987 0.709108 -0.093639
v 0.099402 0.678226 -0.098304
v 0.104321 0.646097 -0.102043
v 0.109730 0.612838 -0.101663
v 0.116293 0.579757 -0.098108
v 0.123094 0.547826 -0.094401
v 0.129622 0.517415 -0.096136
v 0.134662 0.489220 -0.099807
v 0.137927 0.463717 -0.105743
v 0.139451 0.440437 -0.115342
v 0.141263 0.416860 -0.124577
v 0.143283 0.392210 -0.133356
v 0.145516 0.365674 -0.140306
v 0.147743 0.337222 -0.144020
v 0.149822 0.307801 -0.144351
v 0.152404 0.279128 -0.142583
v 0.155526 0.252229 -0.140189
v 0.158643 0.227479 -0.137560
v 0.160688 0.206015 -0.135517
v 0.164639 0.209868 -0.057256
v 0.163167 0.229472 -0.054216
v 0.161217 0.251405 -0.050118
v 0.159007 0.274558 -0.045473
v 0.156182 0.298859 -0.041257
v 0.152724 0.323983 -0.037771
v 0.148937 0.349099 -0.034604
v 0.144634 0.373422 -0.030420
v 0.140212 0.397011 -0.024834
v 0.135033 0.419592 -0.015977
v 0.127125 0.440615 -0.002995
v 0.118556 0.467518 0.010556
v 0.110612 0.498908 0.023363
v 0.104331 0.533809 0.034393
v 0.099895 0.569463 0.045224
v 0.097323 0.605725 0.054154
v 0.096030 0.642294 0.062297
v 0.094686 0.678947 0.069693
v 0.092982 0.715333 0.075043
v 0.090531 0.750264 0.079092
v 0.088086 0.783591 0.079107
v 0.057128 0.760257 -0.099586
v 0.062141 0.733516 -0.087553
v 0.065479 0.703162 -0.088949
v 0.070031 0.672964 -0.092580
v 0.076032 0.641730 -0.094474
v 0.083384 0.609471 -0.094987
v 0.092324 0.577164 -0.093757
v 0.101370 0.545659 -0.094227
v 0.108839 0.515616 -0.095782
v 0.114757 0.487527 -0.097654
v 0.119246 0.461724 -0.101274
v 0.120655 0.437909 -0.109256
v 0.121303 0.414062 -0.118339
v 0.122020 0.389275 -0.126834
v 0.123090 0.362772 -0.133834
v 0.124837 0.334405 -0.138058
v 0.127862 0.305233 -0.138292
v 0.132349 0.277095 -0.136495
v 0.137609 0.251125 -0.133604
v 0.142277 0.227173 -0.131667
v 0.145668 0.206246 -0.130378
v 0.153180 0.210227 -0.064044
v 0.150916 0.229836 -0.061158
v 0.148288 0.251782 -0.057532
v 0.145537 0.275122 -0.053609
v 0.142395 0.299580 -0.049690
v 0.139015 0.324870 -0.046790
v 0.135310 0.350071 -0.043864
v 0.131443 0.374571 -0.039598
v 0.126992 0.398190 -0.033137
v 0.122210 0.421897 -0.024902
v 0.113293 0.444533 -0.012665
v 0.104149 0.471366 -0.001228
v 0.093438 0.500060 0.011521
v 0.085885 0.533419 0.022381
v 0.079240 0.568595 0.033868
v 0.076340 0.605556 0.040594
v 0.073910 0.641902 0.046678
v 0.071585 0.676638 0.052796
v 0.068273 0.710211 0.059645
v 0.065006 0.742560 0.065250
v 0.061684 0.774715 0.067683
v 0.017314 0.746535 0.029290
v 0.020270 0.724097 0.024557
v 0.024988 0.698300 0.017111
v 0.031744 0.668769 0.009217
v 0.041330 0.637411 0.001754
v 0.050719 0.604676 -0.004312
v 0.057091 0.570368 -0.010063
v 0.063664 0.536201 -0.017657
v 0.074321 0.505810 -0.026390
v 0.082201 0.476519 -0.034135
v 0.090394 0.449467 -0.041544
v 0.099774 0.425218 -0.049519
v 0.106501 0.401742 -0.057463
v 0.107936 0.377219 -0.062263
v 0.107323 0.351305 -0.063180
v 0.108795 0.324749 -0.064157
v 0.113292 0.298530 -0.066819
v 0.118079 0.273154 -0.070158
v 0.122537 0.248997 -0.073301
v 0.127260 0.226597 -0.075942
v 0.132587 0.206976 -0.078603
v 0.175256 0.801738 0.033502
v 0.179484 0.768791 0.035366
v 0.182252 0.732111 0.035730
v 0.183857 0.692840 0.034765
v 0.183900 0.652266 0.030523
v 0.182157 0.612475 0.022511
v 0.177575 0.575445 0.012387
v 0.173612 0.541371 0.001537
v 0.170879 0.509909 -0.009484
v 0.172659 0.480559 -0.019156
v 0.177932 0.453055 -0.027070
v 0.183734 0.427404 -0.034512
v 0.191087 0.403456 -0.039749
v 0.197650 0.379383 -0.044186
v 0.202643 0.354311 -0.048689
v 0.205425 0.328379 -0.053653
v 0.206256 0.302148 -0.058584
v 0.205897 0.276447 -0.063153
v 0.204860 0.251574 -0.066863
v 0.203925 0.227934 -0.069627
v 0.202868 0.207463 -0.072322
v 0.205202 0.206798 -0.086519
v 0.206450 0.227902 -0.084791
v 0.207474 0.252494 -0.083178
v 0.209252 0.278270 -0.080499
v 0.210788 0.304732 -0.076759
v 0.210872 0.331489 -0.072199
v 0.208546 0.357882 -0.066847
v 0.203286 0.383165 -0.061963
v 0.195653 0.407093 -0.056905
v 0.188721 0.431074 -0.050778
v 0.183263 0.456502 -0.043783
v 0.179108 0.483440 -0.036483
v 0.177776 0.512243 -0.027458
v 0.179497 0.543617 -0.018892
v 0.183684 0.577683 -0.011083
v 0.188449 0.614600 -0.004603
v 0.190546 0.653986 0.000221
v 0.190532 0.694348 0.002918
v 0.189350 0.733551 0.003623
v 0.186489 0.769838 0.003275
v 0.180935 0.801859 0.001775
v 0.037394 0.764115 0.052965
v 0.041210 0.733310 0.047910
v 0.046002 0.704577 0.040016
v 0.051042 0.673767 0.031866
v 0.056723 0.640699 0.025006
v 0.061358 0.605430 0.019584
v 0.064333 0.568666 0.013779
v 0.071324 0.534099 0.004853
v 0.082727 0.503768 -0.006659
v 0.092396 0.474750 -0.016764
v 0.101434 0.448128 -0.026468
v 0.109539 0.423645 -0.035925
v 0.115117 0.399884 -0.044115
v 0.118803 0.375920 -0.050394
v 0.120775 0.350736 -0.052651
v 0.123323 0.324889 -0.053825
v 0.126622 0.299057 -0.056194
v 0.130178 0.274079 -0.059673
v 0.133888 0.250470 -0.063531
v 0.137872 0.228460 -0.067040
v 0.142162 0.209052 -0.070581
v 0.134789 0.206308 -0.118705
v 0.130331 0.226708 -0.119017
v 0.124454 0.249770 -0.120394
v 0.117561 0.274985 -0.122386
v 0.111850 0.302357 -0.123380
v 0.108874 0.330869 -0.121964
v 0.108117 0.358667 -0.117493
v 0.108224 0.385078 -0.111339
v 0.108382 0.410033 -0.103855
v 0.108033 0.434198 -0.095717
v 0.103921 0.458736 -0.090302
v 0.096256 0.484843 -0.088527
v 0.089058 0.513076 -0.086375
v 0.081772 0.543205 -0.083413
v 0.072775 0.574466 -0.080793
v 0.062851 0.606382 -0.078514
v 0.053416 0.637824 -0.076249
v 0.045099 0.668305 -0.074205
v 0.038182 0.697452 -0.073207
v 0.034450 0.727039 -0.072676
v 0.034868 0.755839 -0.074396
v 0.129238 0.206035 -0.104752
v 0.174875 0.227751 -0.137420
v 0.174212 0.252886 -0.140191
v 0.173213 0.280288 -0.142278
v 0.172611 0.309339 -0.143530
v 0.102568 0.381441 -0.093666
v 0.102061 0.355199 -0.098236
v 0.102688 0.378862 -0.077027
v 0.101577 0.352704 -0.079564
v 0.105112 0.300056 -0.103161
v 0.111038 0.273589 -0.103863
v 0.104949 0.298614 -0.083234
v 0.111245 0.272932 -0.085501
v 0.102969 0.406516 -0.087391
v 0.166300 0.393580 -0.130468
v 0.169354 0.367290 -0.138351
v 0.206347 0.308786 -0.117299
v 0.204601 0.280476 -0.118531
v 0.192746 0.309715 -0.134022
v 0.192012 0.280862 -0.134030
v 0.202850 0.253009 -0.118873
v 0.200685 0.227349 -0.118216
v 0.191159 0.253233 -0.133029
v 0.190027 0.227583 -0.131278
v 0.207727 0.252875 -0.100946
v 0.206196 0.227522 -0.101610
v 0.209643 0.279630 -0.099444
v 0.211437 0.307047 -0.096981
v 0.204603 0.364998 -0.109052
v 0.190601 0.367023 -0.127173
v 0.200042 0.390898 -0.102178
v 0.186821 0.393328 -0.119594
v 0.194572 0.415188 -0.094007
v 0.181980 0.417426 -0.110270
v 0.162950 0.417812 -0.120925
v 0.118252 0.248891 -0.103813
v 0.124420 0.226150 -0.103837
v 0.117840 0.248564 -0.087528
v 0.122963 0.225764 -0.089005
v 0.127783 0.205768 -0.090722
v 0.175155 0.206008 -0.135191
v 0.198695 0.205640 -0.117331
v 0.204510 0.206047 -0.102234
v 0.188777 0.205728 -0.129426
v 0.007572 0.740423 -0.006703
v 0.009453 0.718749 -0.009713
v 0.120269 0.720037 0.082089
v 0.121388 0.681792 0.076951
v 0.146552 0.724529 0.077137
v 0.147804 0.685122 0.073094
v 0.168518 0.728663 0.061926
v 0.169629 0.688974 0.059116
v 0.165526 0.765982 0.061677
v 0.181907 0.767285 -0.030948
v 0.186329 0.732045 -0.029915
v 0.173900 0.798233 -0.032127
v 0.167331 0.761441 -0.060555
v 0.159682 0.792013 -0.062541
v 0.144769 0.753788 -0.080830
v 0.140795 0.783978 -0.087459
v 0.172733 0.727701 -0.059311
v 0.161206 0.799682 0.058705
v 0.141155 0.796328 0.075940
v 0.115897 0.791054 0.083109
v 0.144362 0.761955 0.078333
v 0.118469 0.756714 0.084499
v 0.188195 0.694147 -0.029014
v 0.175553 0.691414 -0.057930
v 0.175847 0.654506 -0.056269
v 0.188144 0.655241 -0.029450
v 0.186277 0.616951 -0.031561
v 0.167361 0.609929 0.043233
v 0.168859 0.649033 0.053437
v 0.174484 0.617926 -0.056221
v 0.159614 0.582947 -0.077253
v 0.158589 0.617610 -0.078692
v 0.173484 0.582471 -0.057342
v 0.182276 0.580685 -0.034682
v 0.156357 0.652563 -0.078615
v 0.153824 0.687525 -0.079061
v 0.149965 0.721690 -0.079348
v 0.123412 0.715247 -0.090133
v 0.118516 0.746184 -0.092029
v 0.128192 0.683121 -0.092822
v 0.147105 0.645744 0.065371
v 0.121705 0.643447 0.068500
v 0.122019 0.606132 0.057834
v 0.146129 0.607770 0.054893
v 0.145229 0.571334 0.043027
v 0.123067 0.570172 0.047729
v 0.144800 0.536946 0.030461
v 0.125477 0.534870 0.037430
v 0.164280 0.573129 0.031198
v 0.161391 0.538976 0.018435
v 0.129645 0.500314 0.027088
v 0.135782 0.465860 0.015004
v 0.147360 0.502815 0.020115
v 0.153477 0.468145 0.011009
v 0.163365 0.420415 -0.011652
v 0.158410 0.440813 -0.001887
v 0.148849 0.418656 -0.010562
v 0.142715 0.438962 0.000155
v 0.068648 0.507127 -0.047468
v 0.075610 0.477793 -0.053406
v 0.054728 0.570819 -0.035872
v 0.061939 0.538273 -0.041673
v 0.033681 0.634238 -0.025485
v 0.022827 0.664768 -0.019675
v 0.038793 0.635117 -0.052124
v 0.027898 0.665082 -0.048979
v 0.049919 0.604336 -0.055727
v 0.045446 0.603070 -0.030750
v 0.059572 0.572567 -0.059666
v 0.136837 0.615780 -0.095927
v 0.140424 0.581872 -0.092213
v 0.132644 0.649879 -0.095521
v 0.067994 0.540707 -0.064462
v 0.014064 0.720621 -0.045665
v 0.019155 0.693795 -0.046500
v 0.013974 0.745680 -0.044170
v 0.014593 0.693600 -0.014116
v 0.116407 0.774773 -0.104982
v 0.173112 0.373935 -0.024762
v 0.167496 0.398011 -0.020477
v 0.158555 0.373088 -0.025036
v 0.153656 0.396453 -0.018636
v 0.180329 0.400091 -0.027421
v 0.187121 0.376174 -0.030836
v 0.196955 0.411107 -0.075239
v 0.203461 0.386860 -0.081765
v 0.186667 0.460462 -0.059416
v 0.190948 0.434969 -0.067722
v 0.174723 0.423554 -0.021550
v 0.171304 0.446837 -0.011497
v 0.208452 0.361374 -0.087514
v 0.192520 0.351220 -0.034536
v 0.197824 0.299832 -0.043997
v 0.198577 0.274684 -0.048990
v 0.172783 0.273627 -0.039717
v 0.186662 0.273632 -0.040822
v 0.170272 0.298023 -0.034860
v 0.185045 0.298285 -0.035576
v 0.178476 0.349098 -0.027215
v 0.163143 0.348473 -0.027902
v 0.096317 0.427729 -0.065109
v 0.085577 0.451461 -0.059045
v 0.102685 0.403867 -0.071974
v 0.091029 0.455084 -0.076593
v 0.099730 0.430829 -0.080747
v 0.080822 0.481125 -0.073823
v 0.074167 0.510003 -0.069376
v 0.153071 0.489903 -0.093665
v 0.147609 0.518438 -0.087911
v 0.159664 0.440897 -0.110938
v 0.156608 0.464259 -0.101146
v 0.175920 0.228437 -0.050170
v 0.187598 0.228011 -0.051525
v 0.174403 0.250394 -0.045236
v 0.187223 0.250094 -0.046331
v 0.196604 0.208082 -0.061842
v 0.197293 0.228007 -0.058181
v 0.198073 0.250647 -0.053894
v 0.187888 0.208358 -0.055604
v 0.177000 0.208861 -0.053743
v 0.143616 0.549350 -0.087435
v 0.173139 0.548930 -0.058413
v 0.160348 0.549568 -0.074651
v 0.175352 0.517782 -0.062261
v 0.179609 0.515608 -0.044774
v 0.179384 0.489373 -0.068412
v 0.184172 0.487210 -0.052056
v 0.178653 0.546913 -0.038733
v 0.188105 0.438244 -0.084911
v 0.176608 0.440160 -0.100002
v 0.182833 0.462599 -0.075748
v 0.171933 0.463784 -0.090334
v 0.167887 0.489788 -0.082574
v 0.162763 0.518308 -0.076131
v 0.160699 0.506629 0.006733
v 0.165213 0.475539 -0.002167
v 0.196041 0.325577 -0.039013
v 0.210995 0.334582 -0.093032
v 0.206800 0.337313 -0.114415
v 0.192650 0.338747 -0.131990
v 0.171737 0.338821 -0.142769
v 0.102423 0.327763 -0.101509
v 0.101649 0.325539 -0.081434
v 0.166983 0.323204 -0.030869
v 0.182345 0.323686 -0.030947
v 0.048584 0.783406 -0.122212
v 0.019720 0.776766 -0.093602
v 0.113708 0.803984 -0.118053
v 0.082375 0.792993 -0.129031
v 0.000150 0.790103 -0.081329
v 0.135801 0.813516 -0.094412
v 0.150223 0.820230 -0.064891
v 0.162415 0.825493 -0.033291
v 0.172961 0.830113 -0.000616
v 0.170331 0.831254 0.030342
v 0.112781 0.822824 0.077862
v 0.137410 0.827535 0.070620
v 0.156401 0.830005 0.053767
v 0.085238 0.815765 0.076529
v 0.056381 0.807157 0.069772
v 0.000080 0.776527 -0.042661
v 0.000089 0.767149 -0.005570
v 0.000008 0.762260 0.036478
v 0.026694 0.833675 0.092169
v 0.027661 0.789065 0.077769
v -0.000085 0.789643 0.086851
v 0.000128 0.870065 0.091478
v 0.000017 0.957731 0.099253
v 0.000073 0.903460 0.091975
v 0.000079 0.932103 0.096193
v 0.000160 0.831098 0.096812
v 0.000036 0.980245 0.101798
v 0.000074 1.268555 0.084339
v -0.000074 1.123546 0.106171
v 0.000079 1.165269 0.099535
v 0.000075 1.236332 0.092556
v 0.000181 1.045307 0.097942
v 0.000130 1.302403 0.069927
v 0.000054 1.252228 0.090145
v -0.000195 1.091733 0.103708
v -0.000023 1.146600 0.103134
v 0.000084 1.285254 0.076756
v 0.000066 1.180326 0.093651
v 0.000051 1.194650 0.089877
v 0.000050 1.221890 0.090847
v -0.000080 1.208561 0.089519
v 0.183573 1.366362 -0.085051
v 0.232071 1.311651 -0.086753
v 0.202278 1.352377 -0.087620
v 0.149265 1.391669 -0.077917
v 0.164874 1.377777 -0.080998
v 0.218600 1.333554 -0.087842
v 0.293894 1.197406 -0.038627
v 0.287455 1.216246 -0.042709
v 0.278535 1.235335 -0.046647
v 0.267031 1.253992 -0.050227
v 0.257131 1.274522 -0.052116
v 0.250468 1.297350 -0.053069
v 0.282461 1.194708 -0.015820
v 0.275321 1.212566 -0.018987
v 0.267045 1.230730 -0.022605
v 0.259244 1.249756 -0.024504
v 0.255851 1.271193 -0.023360
v 0.252152 1.294246 -0.021673
v 0.247914 1.287948 -0.006926
v 0.250384 1.265476 -0.011079
v 0.252584 1.244610 -0.014345
v 0.258862 1.225437 -0.013352
v 0.266768 1.207698 -0.009837
v 0.274126 1.190385 -0.006908
v 0.255089 1.177535 0.008016
v 0.247221 1.193982 0.006577
v 0.239711 1.210793 0.004762
v 0.233311 1.228676 0.003986
v 0.228012 1.247349 0.005631
v 0.224254 1.267740 0.010829
v 0.244254 1.169240 0.011848
v 0.235861 1.185055 0.011662
v 0.228042 1.201126 0.011185
v 0.220888 1.217748 0.011417
v 0.214562 1.235056 0.011749
v 0.208724 1.253353 0.012715
v 0.232889 1.160229 0.011135
v 0.224143 1.175470 0.011621
v 0.215517 1.190550 0.011495
v 0.207252 1.205488 0.011576
v 0.199919 1.220822 0.011877
v 0.193990 1.236098 0.011768
v 0.222580 1.151857 0.003672
v 0.213837 1.166485 0.004147
v 0.205236 1.180869 0.003375
v 0.196954 1.194655 0.002327
v 0.189651 1.208116 0.000965
v 0.182669 1.225967 -0.001643
v 0.216414 1.146078 -0.010904
v 0.208589 1.160328 -0.010936
v 0.201110 1.174167 -0.012107
v 0.193996 1.187254 -0.014278
v 0.187459 1.201429 -0.017151
v 0.179451 1.224085 -0.020670
v 0.215347 1.143106 -0.028681
v 0.208427 1.157060 -0.029308
v 0.201895 1.170582 -0.030527
v 0.195231 1.183072 -0.032958
v 0.187590 1.197130 -0.035590
v 0.178816 1.218652 -0.037062
v 0.179139 1.215323 -0.053035
v 0.186884 1.194806 -0.053467
v 0.195590 1.179603 -0.051904
v 0.203486 1.168286 -0.049696
v 0.210695 1.155429 -0.048123
v 0.217345 1.141818 -0.046911
v 0.221022 1.141890 -0.065015
v 0.213267 1.154751 -0.066652
v 0.204328 1.166586 -0.069205
v 0.195149 1.178187 -0.071730
v 0.187045 1.195940 -0.071733
v 0.181641 1.215311 -0.069778
v 0.228822 1.144676 -0.081304
v 0.220013 1.157419 -0.084085
v 0.209892 1.169641 -0.088077
v 0.200479 1.182973 -0.090941
v 0.192084 1.200177 -0.091095
v 0.186148 1.219105 -0.087492
v 0.241122 1.151901 -0.091955
v 0.231541 1.164968 -0.096451
v 0.222039 1.179073 -0.100827
v 0.212730 1.194094 -0.104296
v 0.202953 1.210144 -0.106155
v 0.192890 1.228115 -0.103588
v 0.255771 1.161862 -0.095158
v 0.246983 1.176504 -0.099714
v 0.237946 1.192119 -0.104494
v 0.228349 1.208610 -0.109142
v 0.217791 1.226058 -0.113013
v 0.205454 1.245036 -0.112319
v 0.221711 1.263292 -0.111887
v 0.233718 1.242892 -0.109464
v 0.244425 1.223798 -0.105224
v 0.253371 1.205703 -0.099396
v 0.261754 1.188726 -0.094193
v 0.270277 1.172685 -0.089922
v 0.282053 1.182217 -0.079891
v 0.273772 1.199308 -0.083755
v 0.266392 1.217601 -0.089238
v 0.256997 1.236971 -0.094450
v 0.245980 1.257030 -0.097786
v 0.234355 1.278243 -0.100512
v 0.289562 1.189454 -0.066124
v 0.282881 1.207614 -0.070917
v 0.275880 1.227141 -0.076330
v 0.264623 1.246475 -0.079874
v 0.252815 1.266642 -0.081981
v 0.242454 1.288554 -0.084567
v 0.247108 1.294499 -0.068206
v 0.255991 1.272077 -0.066363
v 0.267634 1.252011 -0.064587
v 0.279519 1.233034 -0.061170
v 0.288081 1.213679 -0.056837
v 0.294050 1.194686 -0.052107
v 0.020953 1.469330 0.098783
v 0.024511 1.472642 0.097753
v 0.026902 1.470905 0.092841
v 0.022728 1.467501 0.093779
v 0.015926 1.473706 0.105768
v 0.018114 1.476596 0.105085
v 0.025381 1.464862 0.067248
v 0.030451 1.468281 0.065620
v 0.018564 1.471592 0.102737
v 0.021477 1.474666 0.101777
v 0.023772 1.466528 0.088241
v 0.028454 1.469807 0.087312
v 0.000083 1.480427 0.111254
v 0.000076 1.476892 0.110743
v 0.060474 1.344231 0.049629
v 0.049117 1.341416 0.053174
v 0.035939 1.409944 0.027409
v 0.029608 1.407349 0.029962
v 0.026821 1.457440 0.042379
v 0.022463 1.454765 0.045725
v 0.014431 1.478161 0.107745
v 0.013112 1.475263 0.108008
v 0.041423 1.383061 0.024663
v 0.034075 1.380453 0.028129
v 0.023560 1.464038 0.056862
v 0.028486 1.466793 0.054669
v 0.038347 1.367778 0.034410
v 0.046700 1.370467 0.031140
v 0.025506 1.465148 0.072343
v 0.030646 1.468551 0.070932
v 0.010316 1.479349 0.109805
v 0.009674 1.476157 0.109644
v 0.038559 1.396209 0.025216
v 0.032037 1.393536 0.028627
v 0.025212 1.465457 0.077527
v 0.030352 1.468747 0.076302
v 0.027008 1.463949 0.048408
v 0.022225 1.461409 0.050980
v 0.005503 1.480154 0.110963
v 0.005222 1.476699 0.110531
v 0.024576 1.465908 0.082820
v 0.029580 1.469133 0.081764
v 0.043446 1.355362 0.043667
v 0.053324 1.358639 0.040886
v 0.024751 1.464585 0.062178
v 0.029744 1.467792 0.060284
v 0.055228 1.325657 0.062499
v 0.068238 1.328972 0.059637
v 0.038212 1.453986 0.030200
v 0.041523 1.442735 0.027056
v 0.044947 1.430362 0.023974
v 0.000065 1.412334 0.037326
v 0.000123 1.425059 0.042468
v 0.000068 1.437015 0.047333
v 0.018780 1.442825 0.043625
v 0.019993 1.431242 0.039017
v 0.021422 1.418669 0.034786
v 0.054641 1.438940 0.015078
v 0.051458 1.451168 0.018636
v 0.048739 1.462808 0.022189
v 0.060524 1.489586 -0.006919
v 0.059349 1.475575 -0.010238
v 0.059999 1.461631 -0.013899
v 0.024490 1.478799 -0.054480
v 0.023488 1.493576 -0.053779
v 0.023517 1.508331 -0.054175
v 0.033055 1.450778 0.033766
v 0.036161 1.439391 0.030458
v 0.039267 1.426835 0.027404
v 0.057504 1.495768 -0.016906
v 0.055733 1.481032 -0.019563
v 0.056626 1.466669 -0.022686
v 0.037238 1.477066 -0.047375
v 0.035604 1.491442 -0.045715
v 0.036100 1.505716 -0.045251
v 0.061070 1.451954 -0.000357
v 0.059793 1.465320 0.003616
v 0.059339 1.478848 0.007310
v 0.043528 1.457952 0.026410
v 0.046666 1.446709 0.023085
v 0.050157 1.434471 0.019807
v 0.057944 1.443548 0.009930
v 0.055412 1.456134 0.013753
v 0.053366 1.468496 0.017466
v 0.031166 1.478192 -0.051422
v 0.029777 1.492759 -0.050219
v 0.029955 1.507242 -0.050172
v 0.060882 1.458817 -0.009703
v 0.060189 1.472488 -0.005815
v 0.060921 1.486241 -0.002333
v 0.015093 1.415891 0.036269
v 0.014343 1.428438 0.041013
v 0.013670 1.440223 0.045665
v 0.000077 1.509233 -0.058777
v 0.000072 1.494344 -0.057438
v 0.000090 1.479275 -0.057522
v 0.017262 1.479060 -0.056411
v 0.016582 1.494026 -0.056188
v 0.016558 1.508962 -0.056981
v 0.056949 1.474149 0.012388
v 0.058157 1.461035 0.008628
v 0.059988 1.448007 0.004703
v 0.008045 1.413445 0.037001
v 0.007797 1.426081 0.042132
v 0.007504 1.437975 0.046908
v 0.023485 1.445447 0.040723
v 0.025290 1.433944 0.036332
v 0.027345 1.421253 0.032647
v 0.028177 1.448070 0.037328
v 0.030673 1.436564 0.033457
v 0.033322 1.423844 0.030242
v 0.055345 1.646960 0.058256
v 0.053670 1.652967 0.053939
v 0.050754 1.659186 0.049355
v 0.046537 1.665519 0.044645
v 0.000088 1.669057 0.073532
v 0.000108 1.664033 0.079338
v 0.000109 1.658673 0.084189
v 0.000108 1.653110 0.088284
v 0.054192 1.543900 -0.042761
v 0.059139 1.542359 -0.034472
v 0.062904 1.541236 -0.026804
v 0.065534 1.540955 -0.019610
v 0.064456 1.571904 -0.042951
v 0.068051 1.568736 -0.033286
v 0.069868 1.565909 -0.025130
v 0.070712 1.563690 -0.018531
v 0.116991 1.398163 -0.098564
v 0.127167 1.403205 -0.086916
v 0.134880 1.405657 -0.074589
v 0.140469 1.406255 -0.062153
v 0.017211 1.666808 0.072155
v 0.017191 1.662353 0.077101
v 0.017416 1.657522 0.081523
v 0.017796 1.652498 0.085570
v 0.109041 1.423647 -0.053870
v 0.104071 1.424970 -0.063228
v 0.097402 1.425188 -0.072875
v 0.088782 1.423788 -0.082160
v 0.053358 1.449656 -0.051494
v 0.059352 1.448524 -0.046750
v 0.064072 1.446918 -0.041808
v 0.067549 1.444937 -0.036763
v 0.012063 1.668026 0.072902
v 0.011887 1.663281 0.078313
v 0.011918 1.658201 0.082954
v 0.012105 1.652923 0.087060
v 0.071224 1.601247 -0.034902
v 0.073925 1.595374 -0.025065
v 0.074946 1.589797 -0.017421
v 0.074872 1.584806 -0.011735
v 0.023996 1.651945 0.083396
v 0.023325 1.656749 0.079475
v 0.022682 1.661362 0.075354
v 0.022246 1.665478 0.071025
v 0.043177 1.650359 0.071264
v 0.041641 1.655550 0.067638
v 0.039262 1.660626 0.063924
v 0.036000 1.665430 0.060280
v 0.076265 1.629105 -0.018947
v 0.078225 1.620603 -0.009254
v 0.078803 1.612727 -0.001630
v 0.078495 1.605126 0.003999
v 0.075032 1.641333 -0.008442
v 0.077429 1.632053 0.000636
v 0.078311 1.623455 0.008308
v 0.078168 1.615051 0.014705
v 0.036879 1.651038 0.076357
v 0.035572 1.655937 0.072766
v 0.033694 1.660605 0.069097
v 0.031281 1.664829 0.065604
v 0.049330 1.649090 0.065194
v 0.047692 1.654670 0.061305
v 0.044958 1.660274 0.057256
v 0.041091 1.665807 0.053183
v 0.102859 1.412615 -0.091928
v 0.112323 1.415894 -0.081065
v 0.119465 1.416900 -0.069728
v 0.124768 1.416416 -0.058606
v 0.071913 1.633114 0.034274
v 0.071039 1.640384 0.027942
v 0.068805 1.648413 0.021097
v 0.064932 1.657138 0.013755
v 0.063166 1.440362 -0.060140
v 0.070177 1.439884 -0.054596
v 0.075519 1.438465 -0.048922
v 0.079445 1.436393 -0.043095
v 0.057849 1.513127 -0.020579
v 0.053558 1.514686 -0.026573
v 0.049082 1.516323 -0.032796
v 0.044452 1.517887 -0.039715
v 0.074502 1.615386 -0.027886
v 0.076645 1.608145 -0.018020
v 0.077418 1.601335 -0.010507
v 0.077202 1.595041 -0.005151
v 0.046396 1.461603 -0.045734
v 0.051465 1.459878 -0.041036
v 0.055546 1.457897 -0.036179
v 0.058693 1.455736 -0.031433
v 0.075886 1.624895 0.024992
v 0.075580 1.632867 0.018328
v 0.074044 1.641425 0.010933
v 0.070808 1.650622 0.002700
v 0.058653 1.661610 0.024664
v 0.062866 1.653593 0.031086
v 0.065517 1.646144 0.037150
v 0.066768 1.639340 0.042755
v 0.030447 1.651463 0.080369
v 0.029442 1.656212 0.076631
v 0.028201 1.660720 0.072811
v 0.026879 1.664647 0.069106
v 0.093693 1.429920 -0.048754
v 0.089247 1.431779 -0.056148
v 0.083122 1.432732 -0.063755
v 0.075181 1.432426 -0.070970
v 0.072461 1.574395 -0.015986
v 0.072278 1.577987 -0.022167
v 0.071120 1.582204 -0.030154
v 0.068109 1.586692 -0.040012
v 0.048733 1.531085 -0.040986
v 0.053718 1.529647 -0.033541
v 0.058156 1.528438 -0.026545
v 0.061746 1.527896 -0.019472
v 0.052428 1.664268 0.035071
v 0.056744 1.657061 0.040562
v 0.059622 1.650187 0.045812
v 0.061194 1.643787 0.050712
v 0.068608 1.552651 -0.019633
v 0.066890 1.553644 -0.026582
v 0.064075 1.555362 -0.034605
v 0.059754 1.557491 -0.043705
v 0.053987 1.468977 -0.027367
v 0.050748 1.471192 -0.032253
v 0.046942 1.473367 -0.037360
v 0.042478 1.475399 -0.042517
v 0.052843 1.483381 -0.024477
v 0.049370 1.485584 -0.029595
v 0.045437 1.487695 -0.035027
v 0.040884 1.489689 -0.040539
v 0.054438 1.498140 -0.022238
v 0.050453 1.500214 -0.027559
v 0.046309 1.502132 -0.033362
v 0.041663 1.503957 -0.039537
v 0.072885 1.429700 -0.014563
v 0.111876 1.399912 -0.013724
v 0.061569 1.496440 0.006177
v 0.073187 1.562909 0.006107
v 0.084495 1.544722 -0.007043
v 0.084487 1.431256 -0.032195
v 0.114274 1.417856 -0.036539
v 0.073656 1.564178 0.006982
v 0.077568 1.576587 0.009012
v 0.071867 1.554499 0.000346
v 0.073659 1.549268 0.000396
v 0.090921 1.582746 -0.002840
v 0.083700 1.539842 -0.002976
v 0.072347 1.559954 0.003285
v 0.079305 1.537218 0.001433
v 0.067149 1.530746 0.015411
v 0.084582 1.537726 0.003001
v 0.080981 1.533904 0.005631
v 0.072141 1.556553 0.000805
v 0.091132 1.577264 -0.009329
v 0.074446 1.566608 0.007470
v 0.062916 1.450759 -0.022671
v 0.072691 1.561524 0.004799
v 0.085726 1.551020 -0.010684
v 0.066084 1.540527 0.004984
v 0.083938 1.540408 0.004214
v 0.082062 1.543826 0.004867
v 0.062032 1.507533 -0.008542
v 0.075036 1.571033 0.008682
v 0.072180 1.551897 0.000003
v 0.089061 1.582760 0.002867
v 0.126992 1.391397 -0.009293
v 0.089718 1.568294 -0.013223
v 0.071576 1.542158 0.006014
v 0.078684 1.549369 0.004414
v 0.072019 1.439856 -0.027747
v 0.063183 1.509893 0.009872
v 0.098828 1.424475 -0.035141
v 0.063999 1.521539 -0.004562
v 0.072176 1.558356 0.001738
v 0.087645 1.559136 -0.013280
v 0.064152 1.441925 -0.010195
v 0.077889 1.531840 0.009447
v 0.130162 1.410855 -0.037287
v 0.143448 1.388046 -0.000511
v 0.064883 1.521943 0.013119
v 0.082601 1.580553 0.006425
v 0.145782 1.402153 -0.037874
v 0.076209 1.539559 0.003551
v 0.076146 1.548675 0.002260
v 0.081448 1.547489 0.005533
v 0.072700 1.531587 0.013044
v 0.064621 1.532787 0.000484
v 0.085001 1.419546 -0.016293
v 0.097803 1.409660 -0.015866
v 0.306961 1.091769 0.008894
v 0.357190 1.032668 0.011209
v 0.286866 1.136833 0.000772
v 0.345853 1.067166 0.004978
v 0.342438 0.994222 0.030008
v 0.272018 1.167813 0.002468
v 0.201519 1.377909 -0.037424
v 0.233166 1.301790 0.009205
v 0.224550 1.325063 0.012628
v 0.181147 1.386845 -0.037158
v 0.317695 1.059525 0.020620
v 0.162096 1.393557 -0.037512
v 0.314791 1.130457 -0.013698
v 0.295040 1.179167 -0.023196
v 0.244666 1.320830 -0.036811
v 0.294661 1.122154 0.000939
v 0.219434 1.362785 -0.036942
v 0.338841 1.083953 0.001084
v 0.362036 1.015662 0.014269
v 0.307114 1.145865 -0.017593
v 0.351815 1.049903 0.008152
v 0.233779 1.343148 -0.036492
v 0.331016 1.100000 -0.003730
v 0.300660 1.162054 -0.020458
v 0.348485 0.979812 0.032282
v 0.211548 1.346883 0.015093
v 0.370235 0.983657 0.020081
v 0.322966 1.115401 -0.008984
v 0.177716 1.377089 0.012697
v 0.160348 1.383940 0.007033
v 0.323954 1.042828 0.024019
v 0.366301 0.999276 0.017560
v 0.312134 1.075927 0.015298
v 0.336362 1.009695 0.027959
v 0.194817 1.365402 0.015814
v 0.301594 1.107299 0.003569
v 0.330275 1.026044 0.026059
v 0.279301 1.151994 0.002167
v 0.264863 1.184545 0.001025
v 0.257412 1.201526 -0.001492
v 0.249612 1.218737 -0.004521
v 0.243527 1.237623 -0.005416
v 0.240484 1.257465 -0.001576
v 0.238138 1.278943 0.004295
v 0.289496 1.197277 -0.026414
v 0.282787 1.215779 -0.029967
v 0.274018 1.234403 -0.033674
v 0.264089 1.253114 -0.036759
v 0.257589 1.274301 -0.037655
v 0.252648 1.297348 -0.037449
v 0.058633 1.464227 -0.018187
v 0.057900 1.478429 -0.014799
v 0.059438 1.492842 -0.011735
v 0.060605 1.482735 0.002387
v 0.060398 1.469091 -0.001217
v 0.061302 1.455567 -0.005207
v 0.082660 1.536390 0.001433
v 0.428122 0.728937 0.025643
v 0.429205 0.728903 0.027380
v 0.429412 0.731989 0.027732
v 0.427900 0.731737 0.025573
v 0.428122 0.734916 0.026191
v 0.428979 0.735555 0.028484
v 0.428490 0.734928 0.030861
v 0.429041 0.732065 0.030712
v 0.429509 0.729619 0.029563
v 0.431861 0.727673 0.076832
v 0.431374 0.725927 0.074322
v 0.431074 0.722277 0.075737
v 0.431521 0.723776 0.078817
v 0.430689 0.720681 0.081035
v 0.430942 0.719570 0.078345
v 0.430703 0.728243 0.079705
v 0.429975 0.725114 0.081562
v 0.429569 0.722217 0.082831
v 0.436347 0.734452 0.109795
v 0.437172 0.732931 0.107402
v 0.437274 0.729928 0.109156
v 0.435950 0.730978 0.111942
v 0.435487 0.728022 0.113537
v 0.437164 0.727351 0.111201
v 0.434118 0.734822 0.112355
v 0.433427 0.731402 0.114100
v 0.433444 0.728686 0.114874
v 0.422864 0.749361 0.134651
v 0.423000 0.748209 0.131747
v 0.423433 0.750602 0.130009
v 0.423603 0.752134 0.133580
v 0.424002 0.755388 0.132110
v 0.424109 0.753807 0.129161
v 0.422057 0.756040 0.135015
v 0.421298 0.753266 0.136590
v 0.421488 0.750770 0.136869
v 0.368642 0.818095 0.144362
v 0.372483 0.817561 0.143132
v 0.373851 0.819416 0.139369
v 0.369008 0.820943 0.140731
v 0.373372 0.822078 0.135631
v 0.368958 0.823472 0.136274
v 0.364858 0.821739 0.136365
v 0.364395 0.819157 0.139920
v 0.364954 0.817035 0.143270
v 0.432567 0.732222 0.075152
v 0.430175 0.732206 0.080429
v 0.427577 0.726030 0.083531
v 0.427820 0.721639 0.083832
v 0.428584 0.719144 0.081430
v 0.429078 0.718062 0.077806
v 0.429479 0.720972 0.073286
v 0.431099 0.728176 0.071058
v 0.433548 0.736867 0.067169
v 0.435341 0.739195 0.072968
v 0.432489 0.740914 0.078466
v 0.428163 0.735927 0.064391
v 0.426339 0.727166 0.067571
v 0.425075 0.719833 0.071790
v 0.426768 0.741513 0.079476
v 0.424648 0.733472 0.081927
v 0.423099 0.726076 0.083969
v 0.420465 0.724896 0.080480
v 0.420623 0.732386 0.078538
v 0.422511 0.740479 0.076156
v 0.423116 0.736855 0.066610
v 0.421516 0.728341 0.069641
v 0.421435 0.721313 0.073764
v 0.419628 0.722967 0.076939
v 0.419332 0.730447 0.073871
v 0.421893 0.738577 0.071360
v 0.423601 0.749106 0.073879
v 0.429306 0.745173 0.061598
v 0.435144 0.745901 0.063865
v 0.428389 0.750045 0.076519
v 0.422672 0.747357 0.068879
v 0.424003 0.745815 0.063816
v 0.434260 0.749703 0.075550
v 0.437042 0.747954 0.069991
v 0.424564 0.784199 0.067344
v 0.430491 0.787550 0.064116
v 0.432804 0.787479 0.056334
v 0.428175 0.784096 0.050526
v 0.422277 0.780996 0.050136
v 0.417913 0.779974 0.053208
v 0.417035 0.780961 0.059265
v 0.418601 0.781820 0.065698
v 0.424980 0.744943 0.021293
v 0.419886 0.744296 0.021755
v 0.417506 0.744169 0.026576
v 0.418681 0.744478 0.031897
v 0.422210 0.744960 0.035568
v 0.427250 0.745591 0.034496
v 0.430098 0.746068 0.030178
v 0.428964 0.745652 0.024887
v 0.427133 0.765328 0.024603
v 0.428859 0.765866 0.031002
v 0.425313 0.764643 0.035863
v 0.419915 0.762798 0.036512
v 0.416416 0.761678 0.032458
v 0.414835 0.761271 0.027321
v 0.416496 0.761976 0.022368
v 0.421722 0.763647 0.020940
v 0.409146 0.784104 0.024763
v 0.412940 0.786261 0.023001
v 0.417368 0.789113 0.024525
v 0.420492 0.791347 0.029458
v 0.418418 0.790637 0.037170
v 0.415940 0.784172 0.041559
v 0.408396 0.783052 0.038868
v 0.407297 0.783279 0.030147
v 0.439292 0.744000 0.099001
v 0.426210 0.743342 0.098943
v 0.425295 0.745682 0.104304
v 0.434800 0.748526 0.109556
v 0.435379 0.742000 0.095387
v 0.429814 0.741601 0.094833
v 0.428404 0.747884 0.109076
v 0.439058 0.746925 0.104644
v 0.424496 0.785860 0.073307
v 0.430332 0.790869 0.074135
v 0.432471 0.796728 0.080738
v 0.426584 0.798010 0.087435
v 0.419767 0.794836 0.089322
v 0.415534 0.790637 0.086150
v 0.416194 0.787384 0.080373
v 0.418710 0.784572 0.075276
v 0.429029 0.767177 0.072121
v 0.424028 0.765256 0.069478
v 0.423553 0.763551 0.064306
v 0.418451 0.768887 0.133974
v 0.413553 0.767551 0.131053
v 0.421640 0.761618 0.118506
v 0.426316 0.763242 0.121593
v 0.427393 0.766021 0.127054
v 0.424575 0.762184 0.059380
v 0.429062 0.762041 0.055950
v 0.436056 0.763765 0.056646
v 0.440106 0.766751 0.063635
v 0.424090 0.768153 0.132248
v 0.413161 0.764814 0.125332
v 0.415902 0.762321 0.120104
v 0.436165 0.768320 0.070912
v 0.409611 0.811234 0.108201
v 0.415824 0.813661 0.105891
v 0.421430 0.812969 0.100085
v 0.420374 0.807536 0.092218
v 0.415676 0.798790 0.091709
v 0.407219 0.798139 0.093450
v 0.404237 0.802397 0.101158
v 0.405160 0.806909 0.106507
v 0.426226 0.798829 0.109314
v 0.425193 0.794205 0.102505
v 0.419085 0.790216 0.100377
v 0.411919 0.788493 0.102613
v 0.408289 0.791390 0.109235
v 0.409105 0.795827 0.115126
v 0.414501 0.799614 0.117384
v 0.421482 0.801023 0.115583
v 0.428225 0.775005 0.122279
v 0.426667 0.772068 0.116993
v 0.421829 0.770198 0.114673
v 0.416177 0.770260 0.116085
v 0.413198 0.772648 0.121147
v 0.413606 0.775731 0.126696
v 0.418467 0.777846 0.129711
v 0.424648 0.777427 0.127672
v 0.435025 0.759510 0.105465
v 0.428272 0.758333 0.104924
v 0.424636 0.755781 0.100658
v 0.425410 0.753393 0.095336
v 0.428617 0.751783 0.090879
v 0.434561 0.752414 0.090606
v 0.439819 0.754603 0.093803
v 0.440106 0.757799 0.100291
v 0.437367 0.777266 0.060160
v 0.433530 0.773939 0.053211
v 0.426510 0.771579 0.053190
v 0.420824 0.770571 0.055821
v 0.419155 0.771830 0.061867
v 0.420758 0.773901 0.068167
v 0.427091 0.776359 0.069758
v 0.434202 0.778390 0.067935
v 0.438577 0.757152 0.066839
v 0.435859 0.754861 0.060600
v 0.429686 0.753722 0.058765
v 0.424327 0.754085 0.061359
v 0.422782 0.755564 0.066593
v 0.423841 0.757328 0.071796
v 0.429086 0.758646 0.074240
v 0.435497 0.758805 0.072869
v 0.426007 0.754834 0.034376
v 0.421297 0.753779 0.035404
v 0.417719 0.753031 0.031928
v 0.416527 0.752752 0.026694
v 0.418586 0.753132 0.021903
v 0.423891 0.754197 0.021266
v 0.428661 0.755227 0.024965
v 0.429517 0.755518 0.030684
v 0.427056 0.775478 0.030478
v 0.423840 0.774014 0.036439
v 0.418223 0.771098 0.038682
v 0.413574 0.769313 0.034219
v 0.412272 0.769058 0.028150
v 0.414276 0.770166 0.023186
v 0.418980 0.772311 0.021233
v 0.424567 0.774602 0.023842
v 0.433328 0.738610 0.112742
v 0.437356 0.738880 0.107711
v 0.437101 0.735057 0.103781
v 0.436730 0.728323 0.106194
v 0.436502 0.725479 0.109976
v 0.434129 0.725666 0.113320
v 0.431882 0.727559 0.115324
v 0.431121 0.731706 0.115679
v 0.425321 0.717494 0.077295
v 0.422940 0.718601 0.077190
v 0.422532 0.719281 0.079267
v 0.422256 0.720825 0.080980
v 0.424135 0.720638 0.082979
v 0.427850 0.737520 0.033366
v 0.429276 0.739392 0.029260
v 0.427124 0.737293 0.025430
v 0.425807 0.731721 0.024916
v 0.426617 0.728116 0.025400
v 0.427711 0.727131 0.027910
v 0.428382 0.728512 0.031028
v 0.427964 0.731775 0.033498
v 0.424435 0.755626 0.125837
v 0.424926 0.759232 0.130216
v 0.421416 0.759500 0.135117
v 0.419238 0.753986 0.137606
v 0.419919 0.750165 0.137444
v 0.420865 0.747795 0.134797
v 0.421593 0.746664 0.130891
v 0.422596 0.749411 0.127269
v 0.417229 0.760735 0.136978
v 0.416182 0.754314 0.138608
v 0.413127 0.759751 0.134181
v 0.413407 0.753466 0.135909
v 0.420525 0.754102 0.121861
v 0.419155 0.748342 0.125311
v 0.414704 0.754945 0.123394
v 0.414646 0.749372 0.127074
v 0.411646 0.757406 0.128667
v 0.412414 0.751386 0.131473
v 0.416890 0.749614 0.137496
v 0.414684 0.749786 0.136114
v 0.414664 0.747795 0.133380
v 0.415549 0.746856 0.130113
v 0.418381 0.745802 0.130024
v 0.435233 0.733132 0.099558
v 0.430118 0.732440 0.098243
v 0.425371 0.733988 0.101784
v 0.424319 0.736363 0.107548
v 0.427192 0.738459 0.112554
v 0.427143 0.730637 0.114412
v 0.425010 0.728812 0.110092
v 0.426067 0.726528 0.104931
v 0.430701 0.725438 0.101887
v 0.435515 0.726150 0.102821
v 0.434405 0.722938 0.107511
v 0.431337 0.722662 0.105752
v 0.428770 0.723341 0.108520
v 0.427373 0.725390 0.111150
v 0.429208 0.726032 0.113850
v 0.424539 0.737199 0.022309
v 0.420541 0.736519 0.022398
v 0.417822 0.736314 0.026811
v 0.418478 0.736607 0.032476
v 0.422734 0.737128 0.035994
v 0.423961 0.730814 0.035085
v 0.420271 0.730370 0.032348
v 0.419670 0.730304 0.027767
v 0.421495 0.730644 0.023972
v 0.424359 0.731199 0.022962
v 0.424372 0.727511 0.025322
v 0.422525 0.727872 0.025867
v 0.422026 0.727238 0.028747
v 0.422250 0.727686 0.031581
v 0.425045 0.727136 0.032533
v 0.376102 0.823088 0.132915
v 0.376457 0.817744 0.138587
v 0.373642 0.815819 0.143636
v 0.368740 0.815473 0.145225
v 0.364045 0.814817 0.143446
v 0.362173 0.816385 0.138458
v 0.362502 0.821999 0.132912
v 0.368919 0.826351 0.133248
v 0.376831 0.828733 0.127102
v 0.369173 0.831163 0.129070
v 0.361647 0.828413 0.127871
v 0.371033 0.872164 0.067639
v 0.380919 0.847597 0.095871
v 0.386231 0.846826 0.093901
v 0.391571 0.842095 0.094637
v 0.406240 0.833755 0.092521
v 0.366006 0.808836 0.140121
v 0.373894 0.809952 0.140750
v 0.378613 0.814417 0.138100
v 0.370505 0.808610 0.134662
v 0.360702 0.812492 0.137112
v 0.363506 0.812042 0.127576
v 0.377731 0.812785 0.128150
v 0.380560 0.818126 0.130990
v 0.380987 0.823191 0.123805
v 0.378224 0.817551 0.120162
v 0.370520 0.815716 0.118866
v 0.362488 0.817233 0.119900
v 0.358341 0.822520 0.123875
v 0.378704 0.844956 0.100520
v 0.377170 0.853746 0.102550
v 0.368929 0.858277 0.104009
v 0.359641 0.855936 0.102954
v 0.355352 0.848859 0.099733
v 0.357315 0.840861 0.096342
v 0.365998 0.835446 0.094343
v 0.375880 0.836580 0.098321
v 0.358973 0.836971 0.112071
v 0.361522 0.831596 0.107750
v 0.368176 0.828501 0.105293
v 0.375214 0.830513 0.106659
v 0.377712 0.835788 0.110659
v 0.375830 0.841134 0.114800
v 0.369561 0.843878 0.117301
v 0.362304 0.842074 0.116187
v 0.361812 0.835382 0.122612
v 0.358500 0.829808 0.117946
v 0.362205 0.824691 0.113688
v 0.369655 0.823203 0.112501
v 0.376861 0.824388 0.113204
v 0.379613 0.829438 0.116902
v 0.376787 0.834887 0.121173
v 0.369663 0.837728 0.124049
v 0.367685 0.863237 0.093378
v 0.378360 0.859303 0.091588
v 0.387381 0.856209 0.082702
v 0.395874 0.847823 0.085664
v 0.399709 0.829444 0.097323
v 0.364317 0.811184 0.142419
v 0.370030 0.808731 0.140839
v 0.374384 0.812666 0.142936
v 0.376027 0.810340 0.135941
v 0.364627 0.809113 0.135070
v 0.359059 0.816513 0.130322
v 0.370709 0.810846 0.126802
v 0.411658 0.835883 0.085636
v 0.399599 0.849694 0.075755
v 0.393120 0.857692 0.071211
v 0.415357 0.832931 0.070072
v 0.405291 0.849902 0.060770
v 0.401424 0.858790 0.056925
v 0.417590 0.831596 0.063007
v 0.407809 0.849058 0.054244
v 0.403323 0.857663 0.050584
v 0.416286 0.824039 0.043909
v 0.408333 0.842692 0.036278
v 0.404529 0.851848 0.032924
v 0.413454 0.817779 0.030754
v 0.405698 0.836421 0.024004
v 0.402098 0.845901 0.020892
v 0.410452 0.814379 0.024645
v 0.402708 0.832571 0.018181
v 0.399147 0.842088 0.015411
v 0.405599 0.810609 0.020435
v 0.398253 0.828457 0.013745
v 0.394580 0.837857 0.011397
v 0.400940 0.806819 0.017432
v 0.393099 0.824264 0.011210
v 0.389129 0.833610 0.009244
v 0.395393 0.803657 0.018955
v 0.386951 0.820511 0.013007
v 0.382802 0.829646 0.010832
v 0.391281 0.802508 0.025080
v 0.380962 0.817706 0.018727
v 0.376270 0.826295 0.015949
v 0.391003 0.804121 0.033553
v 0.379315 0.818277 0.028176
v 0.373663 0.825827 0.025406
v 0.392894 0.806850 0.042021
v 0.382189 0.821380 0.036706
v 0.376036 0.828072 0.034402
v 0.394519 0.809345 0.050096
v 0.384388 0.823770 0.044917
v 0.378363 0.830059 0.042677
v 0.381792 0.837133 0.096027
v 0.378298 0.837949 0.096892
v 0.385969 0.833574 0.095696
v 0.394163 0.823634 0.096919
v 0.358683 0.860503 0.093084
v 0.364367 0.870736 0.070533
v 0.357592 0.867485 0.071436
v 0.363525 0.878898 0.059376
v 0.359196 0.874228 0.058591
v 0.360447 0.891182 0.052038
v 0.357222 0.886476 0.048422
v 0.358616 0.916261 -0.015286
v 0.364126 0.903529 -0.008821
v 0.370535 0.891575 -0.002697
v 0.358978 0.946015 -0.031090
v 0.363191 0.932978 -0.023661
v 0.367049 0.919444 -0.015956
v 0.353805 0.853413 0.091359
v 0.352318 0.861001 0.071141
v 0.354972 0.867043 0.056225
v 0.355175 0.881122 0.044030
v 0.372245 0.906687 -0.009155
v 0.378604 0.895190 -0.002131
v 0.388837 0.899876 0.001747
v 0.354486 0.844460 0.088984
v 0.351260 0.850753 0.070859
v 0.351264 0.853358 0.060062
v 0.384164 0.912687 -0.004416
v 0.380017 0.926669 -0.010337
v 0.392259 0.819104 0.091829
v 0.392561 0.816475 0.085425
v 0.394278 0.815436 0.078111
v 0.395056 0.814077 0.070767
v 0.418786 0.827317 0.082861
v 0.417028 0.809416 0.033142
v 0.384284 0.826216 0.067873
v 0.382784 0.826035 0.075254
v 0.381000 0.825297 0.082905
v 0.381938 0.827411 0.090877
v 0.376483 0.830217 0.091587
v 0.371991 0.833417 0.091975
v 0.417726 0.812214 0.040550
v 0.360025 0.837114 0.086782
v 0.367057 0.833248 0.084574
v 0.373910 0.830082 0.081664
v 0.376561 0.830611 0.073734
v 0.362054 0.834921 0.070655
v 0.355344 0.841230 0.070587
v 0.377782 0.830724 0.066338
v 0.362188 0.836231 0.062808
v 0.355322 0.843100 0.061635
v 0.368698 0.882201 0.059133
v 0.365732 0.894954 0.054672
v 0.376661 0.941298 -0.015688
v 0.373238 0.955632 -0.020851
v 0.380577 0.962975 -0.003927
v 0.393500 0.876721 0.049769
v 0.390529 0.887292 0.046471
v 0.395747 0.875695 0.044029
v 0.392904 0.886324 0.041073
v 0.387645 0.899068 0.042810
v 0.383345 0.948271 -0.000547
v 0.386635 0.933532 0.002618
v 0.389563 0.919024 0.007426
v 0.390231 0.898052 0.036887
v 0.392651 0.905710 0.012519
v 0.359794 0.878071 0.008910
v 0.398008 0.870344 0.027021
v 0.397110 0.881212 0.024027
v 0.396167 0.893312 0.018697
v 0.355435 0.879246 0.015811
v 0.352121 0.881961 0.024690
v 0.351148 0.883830 0.032084
v 0.396553 0.865004 0.015333
v 0.395232 0.875939 0.012174
v 0.393345 0.887705 0.006705
v 0.367192 0.951099 -0.027260
v 0.370745 0.937216 -0.020764
v 0.374123 0.923098 -0.013908
v 0.392777 0.861603 0.010952
v 0.391047 0.872929 0.008326
v 0.389123 0.885326 0.004021
v 0.378687 0.909775 -0.007184
v 0.384230 0.897427 -0.000654
v 0.355849 0.904206 0.045402
v 0.414457 0.806494 0.026701
v 0.409711 0.802896 0.022643
v 0.397578 0.818174 0.099731
v 0.395041 0.796182 0.036150
v 0.396740 0.798830 0.044820
v 0.350639 0.917064 0.040067
v 0.345203 0.929840 0.034231
v 0.387638 0.857856 0.007696
v 0.384806 0.869391 0.005656
v 0.382928 0.882578 0.002816
v 0.339278 0.942327 0.029918
v 0.332392 0.954673 0.026108
v 0.381589 0.854028 0.006574
v 0.378617 0.865670 0.004487
v 0.375867 0.878598 0.002337
v 0.374739 0.850042 0.007075
v 0.371685 0.861797 0.005299
v 0.368540 0.873746 0.003883
v 0.367066 0.846103 0.011026
v 0.364687 0.858084 0.010801
v 0.362914 0.869658 0.010730
v 0.362540 0.843284 0.020175
v 0.363177 0.841965 0.030156
v 0.364326 0.840797 0.038840
v 0.358517 0.847251 0.037579
v 0.358425 0.850532 0.029581
v 0.359418 0.854676 0.019799
v 0.358212 0.867201 0.021871
v 0.357413 0.858643 0.032102
v 0.356470 0.853387 0.037443
v 0.431928 0.723380 0.111684
v 0.425220 0.718300 0.080699
v 0.424707 0.726180 0.028754
v 0.417751 0.746615 0.134550
v 0.369295 0.811701 0.144437
v 0.353641 0.928767 -0.022851
v 0.348447 0.940995 -0.030953
v 0.336766 0.937456 -0.025396
v 0.343294 0.925946 -0.018072
v 0.349434 0.913970 -0.011260
v 0.355134 0.901158 -0.005165
v 0.361117 0.886542 0.001210
v 0.361304 0.907800 0.049296
v 0.356594 0.920625 0.044193
v 0.351599 0.933674 0.038524
v 0.346049 0.946604 0.034392
v 0.339423 0.959300 0.030990
v 0.351917 0.889995 0.009059
v 0.346891 0.901580 0.002661
v 0.341036 0.913758 -0.003236
v 0.334141 0.925386 -0.009231
v 0.326753 0.936710 -0.015322
v 0.398561 0.801412 0.052765
v 0.398844 0.806519 0.072558
v 0.397231 0.808083 0.080011
v 0.396131 0.810216 0.087725
v 0.385396 0.912174 0.038784
v 0.382514 0.926186 0.035514
v 0.378370 0.940546 0.032878
v 0.373783 0.954850 0.030789
v 0.368695 0.968956 0.028638
v 0.374183 0.968818 0.022349
v 0.378242 0.954219 0.024304
v 0.382047 0.939599 0.026281
v 0.385173 0.925031 0.029090
v 0.387911 0.911167 0.032639
v 0.348804 0.893278 0.033076
v 0.342399 0.907834 0.024534
v 0.335622 0.920023 0.018614
v 0.328981 0.932028 0.013750
v 0.322038 0.943991 0.009299
v 0.326426 0.949533 0.018930
v 0.333306 0.937370 0.023254
v 0.339587 0.925250 0.027888
v 0.345921 0.912824 0.034060
v 0.352015 0.899885 0.040460
v 0.381763 0.887154 0.056251
v 0.379204 0.899300 0.052905
v 0.376285 0.912559 0.048907
v 0.371792 0.926065 0.044860
v 0.366301 0.939436 0.040957
v 0.360713 0.952876 0.037692
v 0.354614 0.966145 0.034842
v 0.384566 0.876684 0.060813
v 0.375378 0.885190 0.058377
v 0.372523 0.897741 0.055141
v 0.368664 0.910828 0.050909
v 0.364166 0.923793 0.046142
v 0.358837 0.936940 0.040881
v 0.353299 0.950134 0.037056
v 0.346983 0.963123 0.033859
v 0.378132 0.875447 0.065425
v 0.409088 0.795350 0.085999
v 0.416518 0.799048 0.088720
v 0.422099 0.805773 0.084711
v 0.410704 0.784940 0.048037
v 0.417360 0.786175 0.045631
v 0.421272 0.793017 0.046210
v 0.384269 0.899564 0.048236
v 0.398108 0.858966 0.063663
v 0.404215 0.851415 0.068225
v 0.414436 0.835060 0.077743
v 0.428966 0.805099 0.076832
v 0.427666 0.796771 0.052792
v 0.415359 0.821110 0.037373
v 0.407098 0.839757 0.030339
v 0.403588 0.849120 0.026992
v 0.397880 0.867914 0.020960
v 0.397128 0.878672 0.017658
v 0.396077 0.890719 0.012138
v 0.392166 0.903123 0.006347
v 0.388240 0.915956 0.000613
v 0.384583 0.930271 -0.004869
v 0.381115 0.945067 -0.008857
v 0.377764 0.959576 -0.012906
v 0.386963 0.887640 0.051635
v 0.381861 0.912772 0.044433
v 0.378120 0.926696 0.041070
v 0.373137 0.940613 0.038056
v 0.367888 0.954507 0.035580
v 0.362082 0.968118 0.033058
v 0.389679 0.877002 0.055411
v 0.406559 0.817419 0.104198
v 0.410432 0.786674 0.057210
v 0.413269 0.820606 0.101491
v 0.401445 0.812528 0.102998
v 0.401183 0.788432 0.029417
v 0.409066 0.792652 0.022323
v 0.409806 0.792560 0.077568
v 0.413616 0.795898 0.024036
v 0.404516 0.789950 0.023801
v 0.399558 0.807574 0.097878
v 0.419400 0.821079 0.095637
v 0.426552 0.814632 0.072547
v 0.422136 0.816041 0.079846
v 0.417729 0.799003 0.028254
v 0.424338 0.806371 0.049733
v 0.420256 0.803414 0.043050
v 0.418265 0.800850 0.035332
v 0.420958 0.818300 0.087677
v 0.400590 0.788856 0.038006
v 0.400012 0.803459 0.090556
v 0.401433 0.800814 0.082563
v 0.402327 0.791243 0.046802
v 0.404074 0.793735 0.055014
v 0.403611 0.799188 0.074895
v 0.410366 0.827811 0.097396
v 0.403324 0.823517 0.100364
v 0.399762 0.796298 0.021727
v 0.404907 0.799355 0.020474
v 0.416719 0.829416 0.091126
v 0.422615 0.823422 0.067709
v 0.419855 0.824903 0.075001
v 0.420680 0.815426 0.046891
v 0.395335 0.813278 0.094795
v 0.395699 0.794895 0.027554
v 0.401370 0.840206 0.088645
v 0.395804 0.835697 0.095859
v 0.405810 0.842171 0.080248
v 0.410229 0.841148 0.065187
v 0.412715 0.840237 0.058440
v 0.412233 0.833203 0.040111
v 0.409388 0.826804 0.027550
v 0.406569 0.823163 0.021484
v 0.401761 0.819222 0.017166
v 0.396942 0.815218 0.014197
v 0.391035 0.811740 0.015793
v 0.385913 0.809793 0.021902
v 0.385198 0.811182 0.030942
v 0.387886 0.814353 0.039323
v 0.389852 0.816916 0.047435
v 0.390228 0.828778 0.095694
v 0.390410 0.820870 0.069280
v 0.388541 0.820703 0.076556
v 0.386986 0.820990 0.083921
v 0.387762 0.823956 0.090461
v 0.411195 0.830259 0.033926
v 0.409689 0.843127 0.072703
v 0.412152 0.805480 0.112685
v 0.423759 0.805908 0.104756
v 0.422754 0.800633 0.097845
v 0.416892 0.795571 0.096032
v 0.410116 0.794146 0.098848
v 0.406126 0.796859 0.105233
v 0.407043 0.801465 0.110853
v 0.418710 0.807538 0.110835
v 0.427779 0.778945 0.077004
v 0.436268 0.787865 0.085200
v 0.430780 0.789660 0.091984
v 0.423248 0.787038 0.092849
v 0.418158 0.782909 0.089824
v 0.418354 0.779289 0.083950
v 0.421525 0.777235 0.078548
v 0.434303 0.782809 0.078239
v 0.411519 0.777387 0.023758
v 0.423814 0.783809 0.029925
v 0.421581 0.782301 0.036459
v 0.416641 0.778695 0.040249
v 0.411176 0.776566 0.035927
v 0.409246 0.776157 0.029079
v 0.415979 0.779704 0.022100
v 0.420943 0.782291 0.024139
v 0.421969 0.771010 0.088158
v 0.424949 0.762834 0.092061
v 0.424037 0.765115 0.096976
v 0.421379 0.773941 0.093759
v 0.427421 0.768264 0.101192
v 0.426080 0.777671 0.097387
v 0.440350 0.768562 0.095394
v 0.439943 0.778525 0.090468
v 0.438215 0.773848 0.082761
v 0.439544 0.764658 0.088288
v 0.433211 0.761955 0.085716
v 0.431128 0.770546 0.081158
v 0.427350 0.761330 0.087502
v 0.424929 0.769319 0.083159
v 0.433875 0.780261 0.097258
v 0.434843 0.770272 0.101450
v 0.412809 0.783208 0.122681
v 0.411869 0.789848 0.118794
v 0.421038 0.784244 0.104901
v 0.421686 0.777813 0.109896
v 0.428908 0.783807 0.117752
v 0.429045 0.791852 0.113715
v 0.416561 0.793295 0.121938
v 0.417683 0.786142 0.125948
v 0.411731 0.786288 0.113186
v 0.412605 0.779832 0.117019
v 0.415716 0.777473 0.111717
v 0.414798 0.783763 0.107494
v 0.427236 0.787413 0.107043
v 0.427364 0.780141 0.111832
v 0.423956 0.794272 0.120235
v 0.424661 0.786282 0.123756
v 0.353347 0.854347 0.050377
v 0.355039 0.854131 0.042544
v 0.355064 0.863028 0.037733
v 0.355134 0.865526 0.045635
v 0.354555 0.872327 0.030725
v 0.353557 0.876323 0.038502
v 0.396119 0.811678 0.057162
v 0.395978 0.813038 0.063908
v 0.385404 0.825347 0.052798
v 0.385745 0.826623 0.060436
v 0.379103 0.830909 0.050775
v 0.378653 0.830827 0.058682
v 0.357954 0.845706 0.044924
v 0.356356 0.844380 0.052799
v 0.363093 0.837657 0.054682
v 0.364095 0.839226 0.046754
v 0.400485 0.805408 0.065956
v 0.400140 0.803645 0.059596
v 0.321326 0.939071 -0.002656
v 0.328740 0.927458 0.002168
v 0.335891 0.915788 0.007244
v 0.342380 0.903944 0.012898
v 0.347921 0.892439 0.019422
v 0.413062 0.787128 0.065434
v 0.412833 0.788667 0.070954
v 0.421942 0.788976 0.066770
v 0.422026 0.789570 0.069568
v 0.426764 0.798600 0.069075
v 0.425733 0.796221 0.061664
v 0.417440 0.829117 0.056402
v 0.417180 0.826714 0.050062
v 0.408894 0.845167 0.042099
v 0.408019 0.846992 0.048076
v 0.404895 0.854162 0.038708
v 0.404336 0.856021 0.044554
v 0.397928 0.872494 0.033062
v 0.397133 0.874279 0.038483
v 0.395698 0.883434 0.029634
v 0.394310 0.884916 0.035151
v 0.394388 0.895309 0.025084
v 0.392324 0.896792 0.031097
v 0.391605 0.907943 0.019743
v 0.389840 0.909720 0.026434
v 0.388747 0.921425 0.015055
v 0.387091 0.923381 0.022377
v 0.386409 0.936116 0.010881
v 0.384703 0.938100 0.018833
v 0.383472 0.950885 0.008298
v 0.381602 0.952884 0.016746
v 0.380690 0.965813 0.005531
v 0.378329 0.967754 0.014483
v 0.425386 0.810870 0.064815
v 0.423663 0.808048 0.057496
v 0.404628 0.796650 0.068452
v 0.404514 0.794767 0.062380
v 0.422057 0.820480 0.060555
v 0.421130 0.817784 0.053730
v 0.391732 0.820598 0.062105
v 0.391617 0.819304 0.054809
v 0.412779 0.835738 0.046073
v 0.412631 0.837913 0.052150
v 0.377476 0.840935 0.105295
v 0.375671 0.847238 0.108847
v 0.369129 0.850387 0.110588
v 0.361654 0.848705 0.109598
v 0.357595 0.843324 0.106316
v 0.360258 0.837270 0.102393
v 0.366987 0.833329 0.100122
v 0.374552 0.834883 0.101580
v 0.399147 0.866260 0.047322
v 0.400476 0.864779 0.041470
v 0.395447 0.851447 0.013399
v 0.378694 0.839512 0.009391
v 0.385108 0.843444 0.008598
v 0.400813 0.862863 0.035762
v 0.368557 0.834296 0.022658
v 0.381546 0.866484 0.073072
v 0.398721 0.855082 0.018339
v 0.400355 0.858204 0.024096
v 0.390678 0.847462 0.010060
v 0.392793 0.867056 0.059113
v 0.387434 0.866318 0.065497
v 0.371584 0.835635 0.013354
v 0.397003 0.867290 0.053277
v 0.374498 0.868056 0.079399
v 0.400762 0.860696 0.030064
v 0.352725 0.857007 0.081971
v 0.356789 0.839098 0.079002
v 0.365792 0.866696 0.081942
v 0.363361 0.833753 0.077797
v 0.358150 0.863376 0.082569
v 0.352598 0.847756 0.080466
v 0.368987 0.832213 0.076879
v 0.369400 0.832265 0.071651
v 0.369954 0.832637 0.064401
v 0.370812 0.833586 0.056664
v 0.371685 0.834996 0.048819
v 0.371606 0.835690 0.040670
v 0.369599 0.834733 0.032166
v 0.076555 1.371378 -0.123849
v 0.000139 1.359601 -0.110937
v 0.055923 1.363578 -0.124617
v 0.008750 1.500302 0.023709
v -0.008523 1.500381 0.023732
v -0.014242 1.683353 -0.033435
v -0.015454 1.586622 -0.086615
v 0.006870 1.630479 0.101168
v 0.016481 1.662237 -0.064340
v -0.016399 1.662248 -0.064323
v -0.006728 1.630474 0.101172
v -0.000024 1.380741 -0.104041
v 0.000071 1.499955 0.023411
v -0.003385 1.534802 0.119364
v -0.006596 1.673424 0.066643
v -0.004252 1.554864 0.124646
v -0.006496 1.647591 0.091684
v -0.004078 1.518942 0.119382
v -0.006341 1.668830 0.073353
v -0.003851 1.523721 0.117120
v -0.004462 1.549837 0.127956
v -0.003694 1.528804 0.115819
v -0.007522 1.681729 0.049506
v -0.005503 1.603846 0.109177
v -0.011010 1.449289 -0.065506
v -0.011942 1.552281 -0.074654
v -0.015783 1.402091 -0.096924
v -0.005061 1.597191 0.109543
v -0.010632 1.506405 0.022251
v -0.006741 1.636337 0.098388
v -0.006964 1.677757 0.058748
v -0.004670 1.512438 0.111913
v -0.016787 1.606303 -0.088256
v -0.004380 1.570013 0.112223
v -0.010719 1.541273 0.052841
v -0.017212 1.626574 -0.084063
v -0.003325 1.579893 0.105555
v -0.004939 1.517780 0.111479
v -0.006429 1.531229 0.103679
v -0.012091 1.517265 0.020927
v -0.005911 1.610637 0.107473
v -0.004308 1.564771 0.116589
v -0.009008 1.687540 0.026239
v -0.007313 1.533986 0.099235
v -0.004510 1.509659 0.118596
v -0.008272 1.685084 0.038728
v -0.004087 1.539262 0.127106
v -0.011369 1.689248 -0.001910
v -0.012035 1.527389 0.024891
v -0.003669 1.584704 0.105930
v 0.015609 1.586591 -0.086618
v -0.017143 1.645619 -0.076048
v -0.005423 1.522827 0.110104
v -0.010515 1.546091 0.070982
v 0.006659 1.647574 0.091705
v -0.009988 1.688989 0.012513
v -0.006272 1.617451 0.105365
v -0.010493 1.537745 -0.068147
v 0.004232 1.518935 0.119161
v -0.003775 1.574923 0.108238
v -0.009403 1.523997 -0.062251
v -0.009801 1.463941 -0.059714
v -0.012733 1.435088 -0.074098
v -0.012818 1.687660 -0.017163
v -0.008464 1.537923 0.093352
v 0.003528 1.534833 0.119354
v -0.006639 1.642024 0.095189
v -0.006555 1.624148 0.103365
v -0.011071 1.534850 0.036633
v -0.009073 1.479212 -0.057353
v -0.009627 1.543992 0.084434
v -0.004312 1.514058 0.120494
v -0.003450 1.533049 0.116044
v -0.003629 1.536236 0.123447
v -0.004157 1.559700 0.120676
v -0.015527 1.675088 -0.049755
v -0.013654 1.568737 -0.080988
v -0.004536 1.590597 0.108143
v -0.004561 1.544407 0.129290
v -0.005860 1.527601 0.107357
v -0.004591 1.508213 0.114483
v -0.014211 1.419893 -0.086063
v -0.008645 1.494248 -0.057290
v 0.006754 1.673433 0.066634
v -0.008697 1.509179 -0.058413
v -0.006217 1.663920 0.079053
v -0.006234 1.658647 0.083834
v 0.004629 1.549875 0.127971
v -0.006349 1.653144 0.087948
v 0.014401 1.683373 -0.033454
v 0.004026 1.523698 0.117088
v 0.003842 1.528787 0.115749
v 0.007665 1.681735 0.049498
v 0.005665 1.603844 0.109145
v 0.011174 1.449366 -0.065692
v 0.012086 1.552279 -0.074652
v 0.016025 1.402086 -0.096971
v 0.005238 1.597181 0.109521
v 0.010817 1.506367 0.022216
v 0.006895 1.636352 0.098394
v 0.007126 1.677763 0.058742
v 0.004825 1.512423 0.111893
v 0.016918 1.606322 -0.088249
v 0.004552 1.569993 0.112211
v 0.010900 1.541290 0.052857
v 0.017315 1.626588 -0.084085
v 0.003526 1.579845 0.105562
v 0.005096 1.517787 0.111486
v 0.006591 1.531236 0.103677
v 0.012239 1.517255 0.020957
v 0.006072 1.610640 0.107480
v 0.004462 1.564763 0.116583
v 0.009140 1.687548 0.026253
v 0.007479 1.533990 0.099239
v 0.004699 1.509681 0.118592
v 0.008405 1.685071 0.038711
v 0.004275 1.539295 0.127095
v 0.011528 1.689262 -0.001889
v 0.012220 1.527409 0.024942
v 0.003823 1.584724 0.105891
v 0.017212 1.645658 -0.076045
v 0.005580 1.522846 0.110105
v 0.010665 1.546091 0.070958
v 0.010142 1.689004 0.012551
v 0.006420 1.617446 0.105355
v 0.010682 1.537772 -0.068131
v 0.003969 1.574950 0.108271
v 0.009592 1.523992 -0.062237
v 0.010010 1.463913 -0.059681
v 0.012765 1.435264 -0.074477
v 0.012988 1.687681 -0.017154
v 0.008634 1.537914 0.093356
v 0.009262 1.479205 -0.057323
v 0.006802 1.642014 0.095192
v 0.006699 1.624143 0.103347
v 0.011279 1.534877 0.036696
v 0.004318 1.559736 0.120716
v 0.009785 1.543985 0.084428
v 0.004500 1.514090 0.120625
v 0.003571 1.532976 0.116101
v 0.003805 1.536278 0.123415
v 0.006502 1.668812 0.073365
v 0.015669 1.675116 -0.049787
v 0.013803 1.568740 -0.080986
v 0.004692 1.590597 0.108115
v 0.004706 1.544456 0.129285
v 0.006017 1.527611 0.107353
v 0.004754 1.508191 0.114439
v 0.014509 1.420061 -0.086058
v 0.008803 1.494264 -0.057285
v 0.008833 1.509187 -0.058423
v 0.006392 1.663877 0.079070
v 0.006407 1.658601 0.083860
v 0.006517 1.653122 0.087962
v 0.004392 1.554890 0.124664
s 1
f 6 1131 1119 5
f 54 56 1 3
f 122 1144 1122 123
f 123 162 141 122
f 5 1119 1148 65
f 7 8 10 9
f 10 12 11 9
f 50 140 138 85
f 93 95 138 127
f 15 17 47 49
f 19 59 47 17
f 19 21 68 59
f 23 67 68 21
f 921 993 1003 922
f 147 150 153 146
f 43 45 79 66
f 630 631 687 686
f 157 161 100 101
f 31 32 34 33
f 33 34 36 35
f 30 28 44 42
f 30 42 41 32
f 629 631 630 628
f 686 687 1003 993
f 108 116 117 109
f 31 33 56 37
f 32 41 46 34
f 99 100 161 156
f 97 119 118 98
f 39 43 27 29
f 502 504 1067 1091
f 523 525 526 524
f 111 143 142 110
f 857 858 874 875
f 499 774 775 501
f 58 881 1002 76
f 851 852 854 853
f 816 860 1019 817
f 51 52 850 848
f 525 527 528 526
f 121 1150 1144 122
f 55 80 56 54
f 126 163 164 135
f 14 75 52 16
f 9 11 62 63
f 7 9 63 64
f 71 1167 1131 6
f 856 1023 1022 857
f 25 27 43 66
f 114 144 148 147
f 23 24 26 25
f 34 46 70 36
f 48 60 145 139
f 4 6 5 3
f 120 121 142 143
f 8 1132 1168 72
f 8 72 73 10
f 10 73 74 12
f 13 14 16 15
f 89 91 128 163
f 795 796 798 797
f 21 22 24 23
f 152 160 161 157
f 78 86 148 144
f 45 154 149 79
f 501 775 777 503
f 120 143 55 81
f 122 141 142 121
f 64 82 1136 1147
f 63 83 82 64
f 62 84 83 63
f 84 85 138 95
f 128 129 164 163
f 165 166 134 133
f 87 88 90 89
f 117 118 110 109
f 91 92 94 93
f 93 94 96 95
f 95 96 83 84
f 630 686 685 633
f 41 42 631 629
f 31 37 39 29
f 40 45 43 39
f 102 103 90 88
f 87 89 163 126
f 104 105 94 92
f 105 106 96 94
f 96 106 82 83
f 633 685 684 846
f 38 119 97 40
f 28 30 29 27
f 98 99 156 155
f 847 848 850 849
f 48 50 49 47
f 132 137 136 130
f 526 528 1045 1075
f 874 873 903 899
f 199 1090 1098 200
f 130 136 166 165
f 167 925 967 168
f 66 79 86 67
f 921 991 990 923
f 923 924 971 992
f 921 922 1002 991
f 110 118 119 111
f 13 15 49 61
f 103 104 92 90
f 107 115 116 108
f 38 80 111 119
f 1 56 33 35
f 106 1157 1136 82
f 975 977 995 866
f 1149 1157 106 105
f 123 1122 1114 124
f 104 1143 1149 105
f 54 65 81 55
f 67 86 78 68
f 685 686 993 992
f 1135 1158 120 81
f 5 65 54 3
f 129 130 165 164
f 81 65 1148 1135
f 55 143 111 80
f 800 871 958 802
f 89 90 92 91
f 17 18 20 19
f 11 12 14 13
f 123 124 125 162
f 129 131 132 130
f 776 853 854 778
f 499 501 502 500
f 796 862 861 798
f 61 62 11 13
f 999 1000 1001 75
f 78 144 145 60
f 141 162 108 109
f 132 131 140 139
f 861 862 864 863
f 851 853 878 879
f 524 526 1075 1039
f 857 1022 1021 858
f 44 687 631 42
f 16 52 51 18
f 875 897 898 876
f 521 795 797 523
f 153 156 161 160
f 26 77 44 28
f 69 922 1003 77
f 969 971 924 925
f 127 131 129 128
f 138 140 131 127
f 37 56 80 38
f 103 1121 1143 104
f 49 50 85 61
f 149 150 147 148
f 100 116 115 101
f 146 153 160 159
f 24 69 77 26
f 79 149 148 86
f 25 26 28 27
f 828 1074 1094 827
f 113 158 166 136
f 133 135 164 165
f 120 1158 1150 121
f 62 61 85 84
f 74 75 14 12
f 501 503 504 502
f 870 972 958 871
f 856 857 875 876
f 775 776 778 777
f 865 867 869 868
f 167 168 169 170
f 167 170 172 171
f 171 172 174 173
f 173 174 176 175
f 175 176 178 177
f 177 178 180 179
f 179 180 182 181
f 181 182 184 183
f 183 184 186 185
f 186 188 187 185
f 187 188 190 189
f 189 190 192 191
f 191 192 194 193
f 193 194 196 195
f 195 196 198 197
f 829 830 1046 1056
f 199 200 202 201
f 201 202 1145 1133
f 203 204 206 205
f 205 206 208 207
f 207 208 210 209
f 209 210 212 211
f 211 212 214 213
f 744 1173 1174 745
f 215 216 217 218
f 218 220 219 215
f 219 220 222 221
f 168 221 222 223
f 109 110 142 141
f 225 226 227 228
f 225 228 230 229
f 229 230 232 231
f 231 232 234 233
f 233 234 236 235
f 235 236 238 237
f 237 238 240 239
f 239 240 242 241
f 241 242 244 243
f 243 244 246 245
f 245 246 248 247
f 247 248 250 249
f 249 250 252 251
f 255 1153 1140 254
f 253 256 258 257
f 257 258 260 259
f 259 260 262 261
f 261 262 264 263
f 264 266 265 263
f 267 268 269 270
f 267 270 272 271
f 271 272 274 273
f 273 274 276 275
f 275 276 278 277
f 277 278 280 279
f 226 279 280 227
f 281 282 283 284
f 281 284 286 285
f 285 286 288 287
f 287 288 290 289
f 289 290 292 291
f 291 292 294 293
f 293 294 296 295
f 295 296 298 297
f 298 300 299 297
f 299 300 302 301
f 301 302 304 303
f 303 304 306 305
f 305 306 308 307
f 307 308 310 309
f 309 310 312 311
f 816 817 1082 1040
f 313 314 316 315
f 315 316 1163 1155
f 318 320 319 317
f 319 320 322 321
f 321 322 324 323
f 323 324 326 325
f 325 326 328 327
f 314 1048 1088 824
f 329 330 331 332
f 329 332 334 333
f 333 334 336 335
f 335 336 338 337
f 337 338 340 339
f 282 339 340 283
f 342 343 344 341
f 341 344 345 346
f 345 347 348 346
f 543 547 548 544
f 349 351 352 350
f 351 353 354 352
f 547 551 552 548
f 355 598 734 357
f 357 359 360 358
f 359 361 362 360
f 361 363 364 362
f 363 365 366 364
f 365 367 368 366
f 367 369 370 368
f 369 371 372 370
f 371 373 374 372
f 373 375 376 374
f 375 377 378 376
f 377 379 380 378
f 379 381 382 380
f 381 383 384 382
f 383 385 386 384
f 385 387 388 386
f 387 389 390 388
f 391 392 390 389
f 391 393 394 392
f 393 395 396 394
f 395 397 398 396
f 399 400 398 397
f 399 401 402 400
f 401 403 404 402
f 403 405 406 404
f 405 407 408 406
f 407 409 410 408
f 409 411 412 410
f 411 413 414 412
f 413 415 416 414
f 415 417 418 416
f 417 419 420 418
f 419 421 422 420
f 421 423 424 422
f 423 425 426 424
f 425 427 428 426
f 427 429 430 428
f 429 431 432 430
f 431 433 434 432
f 433 435 436 434
f 435 437 438 436
f 437 439 440 438
f 439 441 442 440
f 441 443 444 442
f 443 445 446 444
f 445 447 448 446
f 447 449 450 448
f 449 451 452 450
f 451 453 454 452
f 453 455 456 454
f 455 457 458 456
f 457 459 460 458
f 459 461 462 460
f 461 463 464 462
f 463 465 466 464
f 465 467 468 466
f 467 469 470 468
f 469 471 472 470
f 471 473 474 472
f 473 475 476 474
f 475 477 478 476
f 477 479 480 478
f 479 481 482 480
f 481 483 484 482
f 483 485 486 484
f 488 489 490 487
f 489 491 492 490
f 269 492 491 270
f 268 267 332 331
f 329 493 494 330
f 217 494 493 218
f 215 495 496 216
f 495 497 498 496
f 497 772 774 499
f 879 990 991 880
f 503 505 506 504
f 505 507 508 506
f 507 509 510 508
f 511 512 510 509
f 511 513 514 512
f 513 515 516 514
f 515 1151 1165 516
f 519 520 518 517
f 519 521 522 520
f 868 973 972 870
f 523 797 799 525
f 1005 1086 1078 1014
f 527 529 530 528
f 195 197 530 529
f 531 532 533 534
f 341 346 610 608
f 531 534 536 537
f 341 608 535 342
f 539 540 536 535
f 537 541 542 538
f 539 543 544 540
f 541 545 546 542
f 349 347 736 612
f 598 735 843 599
f 547 596 669 551
f 552 553 549 548
f 551 555 556 552
f 553 557 558 554
f 559 560 556 555
f 557 561 562 558
f 563 564 562 561
f 310 251 565 312
f 566 567 309 311
f 196 567 566 198
f 568 569 453 451
f 570 910 450 452
f 486 910 570 484
f 481 573 572 483
f 573 575 574 572
f 568 574 575 569
f 409 576 577 411
f 412 414 915 579
f 914 915 414 416
f 439 581 580 441
f 580 581 583 582
f 576 582 583 577
f 584 585 586 587
f 584 587 369 367
f 370 372 919 589
f 400 402 920 588
f 399 397 591 590
f 585 590 591 586
f 606 738 532 538
f 546 550 595 739
f 601 661 659 600
f 593 594 654 653
f 556 560 561 557
f 347 349 350 348
f 356 358 840 597
f 592 599 843 658
f 592 655 841 599
f 355 357 358 356
f 597 840 669 596
f 614 822 661 601
f 600 1183 1184 601
f 543 668 596 547
f 600 604 605 1183
f 606 607 1179 1178
f 550 554 740 595
f 538 542 607 606
f 545 549 550 546
f 354 356 597 839
f 535 608 609 539
f 612 736 1180 1181
f 608 610 611 609
f 560 1011 563 561
f 540 544 545 541
f 600 659 660 604
f 349 612 613 351
f 594 595 740 654
f 1181 1182 613 612
f 593 656 657 594
f 614 601 1184 615
f 617 618 1193 1208
f 617 620 621 618
f 375 617 1208 377
f 373 620 617 375
f 623 624 374 376
f 392 394 624 623
f 396 919 624 394
f 389 1194 626 391
f 391 626 627 393
f 618 626 1194 1193
f 621 627 626 618
f 628 630 633 632
f 29 30 32 31
f 635 846 845 637
f 635 636 634 846
f 168 223 224 169
f 189 636 635 187
f 187 635 637 185
f 188 638 639 190
f 186 640 638 188
f 301 303 639 638
f 299 301 638 640
f 243 245 304 302
f 241 243 302 300
f 244 641 642 246
f 242 643 641 244
f 644 645 642 641
f 641 643 646 644
f 644 647 648 645
f 646 649 647 644
f 647 650 651 648
f 647 649 652 650
f 650 653 654 651
f 650 652 655 653
f 592 658 656 593
f 353 355 356 354
f 602 1179 657 656
f 656 658 603 602
f 662 663 1176 1175
f 662 1175 1177 664
f 665 666 663 662
f 662 664 667 665
f 343 533 666 665
f 343 665 667 344
f 343 342 534 533
f 606 1178 1176 738
f 539 609 668 543
f 353 735 598 355
f 669 670 555 551
f 555 670 671 559
f 361 672 673 363
f 674 675 1026 1025
f 672 676 677 673
f 678 679 677 676
f 238 236 679 678
f 235 237 296 294
f 180 680 681 182
f 295 681 680 293
f 682 683 684 971
f 179 181 683 682
f 149 154 155 150
f 688 689 562 564
f 572 690 485 483
f 479 691 573 481
f 477 692 691 479
f 477 475 1196 692
f 475 473 1197 1196
f 473 471 1200 1197
f 469 696 1200 471
f 467 697 696 469
f 465 698 697 467
f 463 1187 698 465
f 461 1188 1187 463
f 461 459 1191 1188
f 457 702 1191 459
f 455 703 702 457
f 453 569 703 455
f 451 449 704 568
f 447 705 704 449
f 447 445 706 705
f 443 707 706 445
f 441 580 707 443
f 439 437 708 581
f 437 435 709 708
f 435 433 710 709
f 431 1202 710 433
f 431 429 1203 1202
f 427 1205 1203 429
f 427 425 1207 1205
f 423 1185 1207 425
f 423 421 1186 1185
f 419 1190 1186 421
f 417 718 1190 419
f 415 719 718 417
f 413 720 719 415
f 411 577 720 413
f 407 721 576 409
f 405 722 721 407
f 405 403 723 722
f 401 724 723 403
f 399 590 724 401
f 395 725 591 397
f 393 627 725 395
f 726 1194 389 387
f 385 1199 726 387
f 383 1201 1199 385
f 383 381 1204 1201
f 381 379 1206 1204
f 379 377 1208 1206
f 371 731 620 373
f 369 587 731 371
f 365 732 584 367
f 363 673 732 365
f 361 359 733 672
f 357 734 733 359
f 596 668 839 597
f 351 613 735 353
f 345 737 736 347
f 344 667 737 345
f 532 738 666 533
f 542 546 739 607
f 598 599 841 734
f 554 558 741 740
f 689 741 558 562
f 648 689 688 645
f 742 1028 1128 1127
f 516 1165 1171 1099
f 1171 1173 1100 1099
f 743 886 1123 1128
f 746 1029 749 747
f 746 747 743 1027
f 487 490 1104 1035
f 705 751 752 750
f 706 753 751 705
f 706 754 755 753
f 754 722 756 755
f 722 723 757 756
f 758 759 757 723
f 673 677 759 758
f 672 760 761 676
f 646 761 760 649
f 664 762 737 667
f 663 666 738 1176
f 657 1179 607 739
f 348 350 610 346
f 651 654 740 741
f 648 651 741 689
f 464 466 468 906
f 482 484 570 571
f 480 482 571 909
f 478 480 909 908
f 763 764 765 766
f 489 766 765 491
f 274 272 765 764
f 270 491 765 272
f 271 273 336 334
f 271 334 332 267
f 333 335 768 767
f 333 767 493 329
f 767 768 222 220
f 218 493 767 220
f 221 770 769 219
f 219 769 495 215
f 769 770 771 772
f 495 769 772 497
f 771 968 878 773
f 878 968 990 879
f 880 991 1002 881
f 1 35 36 2
f 855 856 876 877
f 777 778 780 779
f 503 777 779 505
f 780 782 781 779
f 505 779 781 507
f 781 782 784 783
f 507 781 783 509
f 784 786 785 783
f 509 783 785 511
f 785 786 788 787
f 511 785 787 513
f 788 790 789 787
f 513 787 789 515
f 789 790 1137 1125
f 791 517 1152 1126
f 791 792 794 793
f 517 791 793 519
f 793 794 796 795
f 519 793 795 521
f 814 855 877 819
f 521 523 524 522
f 1039 1081 522 524
f 20 22 21 19
f 113 136 137 114
f 859 1020 1169 1159
f 801 802 803 804
f 527 801 804 529
f 193 804 803 191
f 193 195 529 804
f 192 805 806 194
f 196 194 806 567
f 307 806 805 305
f 307 309 567 806
f 247 249 308 306
f 249 251 310 308
f 250 248 808 807
f 807 809 252 250
f 807 808 688 564
f 563 809 807 564
f 628 810 811 629
f 628 632 812 810
f 634 813 812 632
f 634 636 803 813
f 189 191 803 636
f 190 639 805 192
f 303 305 805 639
f 245 247 306 304
f 246 642 808 248
f 645 688 808 642
f 776 773 878 853
f 2 57 53 4
f 816 818 872 860
f 855 1024 1023 856
f 672 733 820 760
f 327 328 1071 1069
f 649 760 820 652
f 664 1177 1180 762
f 214 1057 1051 213
f 815 814 1092 1068
f 815 1068 1084 838
f 313 1010 1048 314
f 1080 1100 833 834
f 313 825 1096 1010
f 818 1076 1046 830
f 823 1036 1103 1038
f 200 1098 1096 825
f 816 1040 1076 818
f 819 827 1094 1066
f 265 1049 1071 328
f 1060 1080 834 835
f 837 1102 1042 836
f 265 266 1053 1049
f 327 1069 1062 826
f 814 819 1066 1092
f 199 829 1056 1090
f 1014 1078 1105 675
f 671 1026 675 1105
f 877 905 827 819
f 404 1028 742 1032
f 594 657 739 595
f 609 611 839 668
f 670 669 840 821
f 733 734 841 820
f 761 842 678 676
f 643 842 761 646
f 240 842 643 242
f 737 762 1180 736
f 544 548 549 545
f 549 553 554 550
f 613 1182 843 735
f 603 658 843 1182
f 820 841 655 652
f 238 678 842 240
f 237 239 298 296
f 239 241 300 298
f 182 681 844 184
f 295 297 844 681
f 184 844 640 186
f 297 299 640 844
f 683 845 846 684
f 181 183 845 683
f 637 845 183 185
f 632 633 846 634
f 98 155 154 97
f 99 98 118 117
f 847 849 852 851
f 51 58 20 18
f 2 36 70 57
f 859 873 874 858
f 70 994 869 57
f 58 76 22 20
f 134 166 158 112
f 107 108 162 125
f 830 904 872 818
f 868 869 994 973
f 799 800 802 801
f 868 870 863 865
f 876 898 905 877
f 53 867 995 71
f 847 851 879 880
f 51 848 881 58
f 873 1108 1111 903
f 771 773 774 772
f 213 1051 1074 828
f 132 139 145 137
f 814 815 1024 855
f 71 995 1115 1167
f 1 2 4 3
f 556 557 553 552
f 536 540 541 537
f 262 882 883 264
f 264 883 823 266
f 260 884 882 262
f 260 258 885 884
f 256 886 885 258
f 887 1124 1153 255
f 1155 1161 888 315
f 204 889 890 206
f 891 892 212 210
f 263 265 328 326
f 261 324 322 259
f 261 263 326 324
f 325 327 826 892
f 323 325 892 891
f 253 257 320 318
f 257 259 322 320
f 321 323 891 893
f 208 893 891 210
f 890 893 208 206
f 319 321 893 890
f 317 319 890 889
f 253 318 1164 1139
f 314 824 254 316
f 200 825 888 202
f 315 888 825 313
f 1146 1162 889 204
f 203 205 895 894
f 205 207 896 895
f 875 874 899 897
f 114 137 145 144
f 895 896 897 899
f 896 900 898 897
f 207 209 900 896
f 209 211 901 900
f 212 892 826 214
f 199 201 902 829
f 203 894 1141 1134
f 1111 1141 894 903
f 894 895 899 903
f 47 59 60 48
f 15 16 18 17
f 898 900 901 905
f 828 827 905 901
f 213 828 901 211
f 902 904 830 829
f 460 462 907 911
f 352 354 839 611
f 470 472 906 468
f 476 911 907 474
f 472 474 907 906
f 908 909 456 458
f 478 908 911 476
f 460 911 908 458
f 452 454 571 570
f 420 913 917 418
f 440 579 915 438
f 422 424 426 912
f 912 913 420 422
f 432 434 917 913
f 442 444 916 578
f 428 430 912 426
f 914 917 434 436
f 430 432 913 912
f 440 442 578 579
f 410 412 579 578
f 438 915 914 436
f 622 623 376 378
f 368 370 589 588
f 384 386 388 918
f 390 392 623 622
f 366 368 588 920
f 374 624 919 372
f 398 589 919 396
f 380 382 384 918
f 408 410 578 916
f 531 537 538 532
f 350 352 611 610
f 592 593 653 655
f 22 76 69 24
f 172 926 927 174
f 285 287 927 926
f 225 229 288 286
f 229 231 290 288
f 228 929 928 230
f 755 756 928 929
f 750 930 704 705
f 698 1187 1189 697
f 700 932 931 699
f 700 701 933 932
f 702 934 1195 1191
f 702 703 935 934
f 569 575 935 703
f 568 704 930 574
f 696 697 1189 1200
f 695 931 932 694
f 693 694 932 933
f 934 692 1196 1195
f 692 934 935 691
f 573 691 935 575
f 572 574 930 690
f 722 754 936 721
f 716 937 714 715
f 716 717 1192 937
f 938 1190 718 939
f 718 719 940 939
f 719 720 941 940
f 583 941 720 577
f 721 936 582 576
f 706 707 936 754
f 712 713 714 937
f 712 937 1192 711
f 938 939 710 1202
f 710 939 940 709
f 709 940 941 708
f 581 708 941 583
f 580 582 936 707
f 673 758 942 732
f 728 729 730 943
f 616 619 943 730
f 731 944 621 620
f 587 586 944 731
f 732 942 585 584
f 724 942 758 723
f 727 728 943 1198
f 625 1198 943 619
f 627 621 944 725
f 591 725 944 586
f 590 585 942 724
f 227 280 946 945
f 751 753 945 946
f 763 948 947 764
f 752 949 947 948
f 751 946 949 752
f 753 755 929 945
f 756 757 950 928
f 757 759 951 950
f 677 679 951 759
f 276 947 949 278
f 280 278 949 946
f 274 764 947 276
f 232 950 951 234
f 234 951 679 236
f 227 945 929 228
f 230 928 950 232
f 231 233 292 290
f 233 235 294 292
f 273 275 338 336
f 275 277 340 338
f 277 279 283 340
f 226 284 283 279
f 225 286 284 226
f 335 337 952 768
f 339 953 952 337
f 282 954 953 339
f 282 281 955 954
f 172 170 955 926
f 281 285 926 955
f 174 927 956 176
f 287 289 956 927
f 176 956 957 178
f 289 291 957 956
f 178 957 680 180
f 291 293 680 957
f 768 952 223 222
f 223 952 953 224
f 169 224 953 954
f 169 954 955 170
f 48 139 140 50
f 796 794 959 862
f 792 960 959 794
f 960 792 1138 1109
f 790 788 962 961
f 788 786 963 962
f 784 964 963 786
f 782 965 964 784
f 780 966 965 782
f 854 966 780 778
f 221 168 967 770
f 113 146 159 158
f 167 171 173 925
f 924 968 967 925
f 175 969 925 173
f 175 177 970 969
f 682 970 177 179
f 812 972 973 810
f 812 813 958 972
f 863 864 866 865
f 864 974 975 866
f 862 959 974 864
f 976 977 975 974
f 959 960 976 974
f 1117 1129 977 976
f 961 978 1118 1110
f 978 980 981 979
f 961 962 980 978
f 982 983 981 980
f 962 963 982 980
f 984 985 983 982
f 964 984 982 963
f 984 986 987 985
f 965 986 984 964
f 986 988 989 987
f 965 966 988 986
f 849 989 988 852
f 852 988 966 854
f 57 869 867 53
f 847 880 881 848
f 923 990 968 924
f 114 147 146 113
f 23 25 66 67
f 923 992 993 921
f 44 77 1003 687
f 684 685 992 971
f 810 973 994 811
f 797 798 800 799
f 91 93 127 128
f 1116 1130 979 996
f 979 981 997 996
f 981 983 998 997
f 983 985 999 998
f 985 987 1000 999
f 987 989 1001 1000
f 850 1001 989 849
f 1065 1093 498 500
f 69 76 1002 922
f 770 967 968 771
f 803 802 958 813
f 99 117 116 100
f 150 155 156 153
f 41 629 811 46
f 37 38 40 39
f 865 866 995 867
f 497 499 500 498
f 214 826 1062 1057
f 46 811 994 70
f 4 53 71 6
f 72 996 997 73
f 73 997 998 74
f 998 999 75 74
f 75 1001 850 52
f 799 801 527 525
f 158 159 151 112
f 151 159 160 152
f 197 198 1097 1089
f 311 312 1047 1013
f 1007 1009 1283 1031
f 398 400 588 589
f 390 622 918 388
f 360 362 1026 821
f 416 418 917 914
f 456 909 571 454
f 462 464 906 907
f 217 1058 1061 494
f 496 498 1093 1073
f 859 1159 1108 873
f 870 871 861 863
f 773 776 775 774
f 831 1064 1082 817
f 68 78 60 59
f 859 858 1021 1020
f 311 1013 1095 566
f 360 821 840 358
f 252 1004 565 251
f 1044 1064 831 832
f 254 824 1005 255
f 485 1006 1007 486
f 1008 1009 1007 1006
f 559 1106 1011 560
f 809 1012 1004 252
f 838 1084 1102 837
f 1006 1015 1016 1008
f 485 690 1015 1006
f 490 492 1037 1104
f 674 1025 742 1127
f 743 1128 1028 1027
f 763 1016 1015 948
f 948 1015 750 752
f 1005 824 1088 1086
f 1005 1014 887 255
f 690 930 750 1015
f 565 1004 1085 1087
f 746 1033 446 1029
f 1012 1077 1085 1004
f 378 380 918 622
f 817 1019 832 831
f 833 744 1169 1020
f 833 1020 1021 834
f 834 1021 1022 835
f 835 1022 1023 836
f 836 1023 1024 837
f 815 838 837 1024
f 406 1033 746 1027
f 404 406 1027 1028
f 920 1032 364 366
f 402 404 1032 920
f 446 1033 916 444
f 916 1033 406 408
f 748 1034 1007 1031
f 364 1032 742 1025
f 486 1007 1034 910
f 910 1034 448 450
f 748 1030 448 1034
f 446 448 1030 1029
f 1011 1106 1077 1012
f 836 1042 1060 835
f 559 671 1105 1106
f 1077 1106 1105 1078
f 1011 1012 809 563
f 823 1038 1053 266
f 887 1014 675 674
f 674 1127 1124 887
f 743 747 885 886
f 747 749 884 885
f 749 1017 882 884
f 882 1017 1018 883
f 823 883 1018 1036
f 535 536 534 342
f 798 861 871 800
f 1172 1174 1173 1171
f 1037 1038 1103 1104
f 1077 1078 1086 1085
f 1085 1086 1088 1087
f 1095 1097 198 566
f 1096 1098 1097 1095
f 1013 1010 1096 1095
f 312 565 1087 1047
f 1047 1087 1088 1048
f 197 1089 1055 530
f 1089 1090 1056 1055
f 528 530 1055 1045
f 1055 1056 1046 1045
f 522 1081 1063 520
f 1063 1081 1082 1064
f 518 520 1063 1043
f 1063 1064 1044 1043
f 518 1043 1172 1166
f 1043 1044 1174 1172
f 514 516 1099 1079
f 1079 1099 1100 1080
f 512 514 1079 1059
f 1079 1080 1060 1059
f 510 512 1059 1041
f 1059 1060 1042 1041
f 508 510 1041 1101
f 1042 1102 1101 1041
f 508 1101 1083 506
f 1083 1101 1102 1084
f 504 506 1083 1067
f 1067 1083 1084 1068
f 1073 1093 1094 1074
f 216 496 1073 1052
f 1073 1074 1051 1052
f 1057 1062 1061 1058
f 330 494 1061 1070
f 1062 1069 1070 1061
f 268 331 1072 1050
f 1050 1072 1071 1049
f 269 1054 1037 492
f 1037 1054 1053 1038
f 1070 1072 331 330
f 1069 1071 1072 1070
f 1013 1047 1048 1010
f 268 1050 1054 269
f 1049 1053 1054 1050
f 216 1052 1058 217
f 1051 1057 1058 1052
f 1089 1097 1098 1090
f 1065 1066 1094 1093
f 500 502 1091 1065
f 1065 1091 1092 1066
f 1039 1040 1082 1081
f 1039 1075 1076 1040
f 1046 1076 1075 1045
f 1067 1068 1092 1091
f 1166 1172 1171 1165
f 1123 1124 1127 1128
f 745 832 1019 1170
f 745 1170 1169 744
f 832 745 1174 1044
f 872 1107 1160 860
f 1107 1108 1159 1160
f 996 72 1168 1116
f 1115 1116 1168 1167
f 977 1129 1115 995
f 1129 1130 1116 1115
f 960 1109 1117 976
f 1109 1110 1118 1117
f 978 979 1130 1118
f 1117 1118 1130 1129
f 790 961 1110 1137
f 1109 1138 1137 1110
f 902 1142 1112 904
f 1112 1142 1141 1111
f 201 1133 1142 902
f 1141 1142 1133 1134
f 202 888 1161 1145
f 1145 1161 1162 1146
f 1140 1163 316 254
f 1140 1139 1164 1163
f 317 889 1162 1156
f 1155 1156 1162 1161
f 886 256 1154 1123
f 1123 1154 1153 1124
f 904 1112 1107 872
f 1107 1112 1111 1108
f 860 1160 1170 1019
f 1159 1169 1170 1160
f 789 1125 1151 515
f 1125 1126 1152 1151
f 791 1126 1138 792
f 1125 1137 1138 1126
f 517 518 1166 1152
f 1151 1152 1166 1165
f 1156 1164 318 317
f 1155 1163 1164 1156
f 253 1139 1154 256
f 1139 1140 1153 1154
f 1134 1146 204 203
f 1133 1145 1146 1134
f 1121 1122 1144 1143
f 102 1113 1121 103
f 1113 1114 1122 1121
f 1144 1150 1149 1143
f 1149 1150 1158 1157
f 1157 1158 1135 1136
f 1135 1148 1147 1136
f 1131 1167 1168 1132
f 7 64 1147 1120
f 1119 1120 1147 1148
f 7 1120 1132 8
f 1131 1132 1120 1119
f 1100 1173 744 833
f 1031 1036 1018 748
f 749 1029 1030 1017
f 748 1018 1017 1030
f 1175 1176 660 659
f 661 1177 1175 659
f 604 1178 1179 605
f 661 822 1180 1177
f 614 615 1182 1181
f 822 614 1181 1180
f 602 603 1184 1183
f 602 1183 605 1179
f 603 1182 615 1184
f 1176 1178 604 660
f 715 1185 1186 716
f 699 1187 1188 700
f 699 931 1189 1187
f 716 1186 1190 717
f 700 1188 1191 701
f 717 1190 938 1192
f 619 1193 1194 625
f 701 1191 1195 933
f 693 933 1195 1196
f 693 1196 1197 694
f 726 1199 727 1198
f 1197 1200 695 694
f 727 1199 1201 728
f 711 1202 1203 712
f 711 1192 938 1202
f 695 1200 1189 931
f 728 1201 1204 729
f 712 1203 1205 713
f 729 1204 1206 730
f 713 1205 1207 714
f 726 1198 625 1194
f 616 730 1206 1208
f 616 1208 1193 619
f 715 714 1207 1185
f 1211 1213 1214 1212
f 1209 1211 1212 1210
f 1008 1209 1210 1009
f 1213 1215 1216 1214
f 1215 1217 1218 1216
f 1217 1219 1220 1218
f 1219 1221 1222 1220
f 1221 1223 1224 1222
f 1223 1225 1226 1224
f 1225 1227 1228 1226
f 1227 1229 1230 1228
f 1229 1231 1232 1230
f 1231 1233 1234 1232
f 1233 1235 1236 1234
f 1235 1237 1238 1236
f 1237 1239 1240 1238
f 1239 1241 1242 1240
f 1241 1243 1244 1242
f 1243 1245 1246 1244
f 1211 1247 1248 1213
f 1212 1249 1275 1210
f 1244 1246 1275 1249
f 1241 1252 1251 1243
f 1251 1252 1254 1253
f 1247 1253 1254 1248
f 1243 1251 1255 1245
f 1239 1256 1252 1241
f 1237 1257 1256 1239
f 1235 1289 1257 1237
f 1233 1290 1289 1235
f 1231 1291 1290 1233
f 1229 1261 1291 1231
f 1227 1262 1261 1229
f 1227 1225 1263 1262
f 1223 1284 1263 1225
f 1221 1285 1284 1223
f 1219 1287 1285 1221
f 1217 1267 1287 1219
f 1215 1268 1267 1217
f 1248 1268 1215 1213
f 1209 1269 1247 1211
f 1008 1016 1269 1209
f 763 766 1270 1016
f 1224 1226 1228 1271
f 1249 1250 1242 1244
f 1250 1274 1240 1242
f 1240 1274 1273 1238
f 1272 1276 1220 1222
f 1228 1230 1232 1271
f 1236 1276 1272 1234
f 1232 1234 1272 1271
f 1216 1218 1273 1274
f 1236 1238 1273 1276
f 1218 1220 1276 1273
f 1212 1214 1250 1249
f 1016 1270 1277 1269
f 1263 1284 1286 1262
f 1264 1265 1279 1278
f 1265 1266 1280 1279
f 1267 1281 1288 1287
f 1268 1282 1281 1267
f 1248 1254 1282 1268
f 1247 1269 1277 1253
f 1261 1262 1286 1291
f 1259 1260 1278 1279
f 1258 1259 1279 1280
f 1257 1289 1288 1281
f 1256 1257 1281 1282
f 1256 1282 1254 1252
f 1253 1277 1255 1251
f 1214 1216 1274 1250
f 1222 1224 1271 1272
f 487 1035 1246 1245
f 487 1245 1255 488
f 488 1270 766 489
f 488 1255 1277 1270
f 1035 1283 1275 1246
f 1275 1283 1009 1210
f 1284 1285 1265 1264
f 1278 1286 1284 1264
f 1265 1285 1287 1266
f 1266 1287 1288 1280
f 1288 1289 1258 1280
f 1289 1290 1259 1258
f 1259 1290 1291 1260
f 1260 1291 1286 1278
f 1025 1026 362 364
f 670 821 1026 671
f 1103 1283 1035 1104
f 1031 1283 1103 1036
f 682 971 969 970
f 40 97 154 45
f 1300 1293 1504 1301
f 1301 1504 1505 1302
f 1302 1505 1506 1303
f 1500 1501 1296 1295
f 1303 1506 1294 1304
f 1296 1501 1502 1297
f 1292 1298 1297 1502
f 1298 1292 1503 1299
f 1293 1300 1299 1503
f 1301 1302 1312 1311
f 1302 1303 1313 1312
f 1296 1306 1305 1295
f 1303 1304 1314 1313
f 1296 1297 1307 1306
f 1297 1298 1308 1307
f 1298 1299 1309 1308
f 1299 1300 1310 1309
f 1301 1311 1310 1300
f 1312 1313 1323 1322
f 1306 1316 1315 1305
f 1313 1314 1324 1323
f 1306 1307 1317 1316
f 1308 1318 1317 1307
f 1308 1309 1319 1318
f 1309 1310 1320 1319
f 1310 1311 1321 1320
f 1311 1312 1322 1321
f 1322 1323 1333 1332
f 1315 1316 1326 1325
f 1323 1324 1334 1333
f 1316 1317 1327 1326
f 1317 1318 1328 1327
f 1319 1329 1328 1318
f 1319 1320 1330 1329
f 1320 1321 1331 1330
f 1321 1322 1332 1331
f 1325 1326 1336 1335
f 1333 1334 1344 1343
f 1326 1327 1337 1336
f 1328 1338 1337 1327
f 1329 1339 1338 1328
f 1330 1340 1339 1329
f 1330 1331 1341 1340
f 1331 1332 1342 1341
f 1332 1333 1343 1342
f 1343 1344 1355 1354
f 1336 1337 1348 1347
f 1337 1338 1349 1348
f 1338 1339 1350 1349
f 1340 1351 1350 1339
f 1340 1341 1352 1351
f 1341 1342 1353 1352
f 1342 1343 1354 1353
f 1335 1336 1347 1346
f 1348 1349 1360 1359
f 1345 1454 1443 1432
f 1349 1350 1361 1360
f 1350 1351 1362 1361
f 1352 1363 1362 1351
f 1352 1353 1364 1363
f 1354 1365 1364 1353
f 1346 1347 1358 1357
f 1354 1355 1366 1365
f 1347 1348 1359 1358
f 1359 1360 1371 1370
f 1389 1421 1410 1433
f 1360 1361 1372 1371
f 1361 1362 1373 1372
f 1363 1374 1373 1362
f 1363 1364 1375 1374
f 1364 1365 1376 1375
f 1357 1358 1369 1368
f 1365 1366 1377 1376
f 1358 1359 1370 1369
f 1345 1432 1421 1389
f 1377 1477 1399 1388
f 1371 1372 1383 1382
f 1372 1373 1384 1383
f 1373 1374 1385 1384
f 1374 1375 1386 1385
f 1376 1387 1386 1375
f 1368 1369 1380 1379
f 1376 1377 1388 1387
f 1369 1370 1381 1380
f 1399 1477 1433 1410
f 1370 1371 1382 1381
f 1382 1383 1394 1393
f 1383 1384 1395 1394
f 1384 1385 1396 1395
f 1385 1386 1397 1396
f 1386 1387 1398 1397
f 1379 1380 1391 1390
f 1387 1388 1399 1398
f 1380 1381 1392 1391
f 1356 1465 1454 1345
f 1381 1382 1393 1392
f 1345 1389 1400 1356
f 1395 1406 1405 1394
f 1395 1396 1407 1406
f 1396 1397 1408 1407
f 1398 1409 1408 1397
f 1390 1391 1402 1401
f 1398 1399 1410 1409
f 1391 1392 1403 1402
f 1389 1433 1444 1400
f 1392 1393 1404 1403
f 1433 1477 1488 1444
f 1393 1394 1405 1404
f 1407 1418 1417 1406
f 1408 1419 1418 1407
f 1408 1409 1420 1419
f 1401 1402 1413 1412
f 1410 1421 1420 1409
f 1403 1414 1413 1402
f 1377 1366 1488 1477
f 1403 1404 1415 1414
f 1356 1367 1476 1465
f 1404 1405 1416 1415
f 1405 1406 1417 1416
f 1417 1418 1429 1428
f 1419 1430 1429 1418
f 1419 1420 1431 1430
f 1412 1413 1424 1423
f 1420 1421 1432 1431
f 1414 1425 1424 1413
f 1400 1411 1367 1356
f 1414 1415 1426 1425
f 1400 1444 1455 1411
f 1415 1416 1427 1426
f 1416 1417 1428 1427
f 1430 1441 1440 1429
f 1431 1442 1441 1430
f 1423 1424 1435 1434
f 1431 1432 1443 1442
f 1424 1425 1436 1435
f 1444 1488 1499 1455
f 1426 1437 1436 1425
f 1355 1499 1488 1366
f 1426 1427 1438 1437
f 1427 1428 1439 1438
f 1428 1429 1440 1439
f 1440 1441 1452 1451
f 1441 1442 1453 1452
f 1434 1435 1446 1445
f 1442 1443 1454 1453
f 1435 1436 1447 1446
f 1378 1487 1476 1367
f 1436 1437 1448 1447
f 1367 1411 1422 1378
f 1438 1449 1448 1437
f 1438 1439 1450 1449
f 1439 1440 1451 1450
f 1452 1453 1464 1463
f 1445 1446 1457 1456
f 1454 1465 1464 1453
f 1446 1447 1458 1457
f 1455 1466 1422 1411
f 1447 1448 1459 1458
f 1455 1499 1507 1466
f 1448 1449 1460 1459
f 1450 1461 1460 1449
f 1450 1451 1462 1461
f 1451 1452 1463 1462
f 1456 1457 1468 1467
f 1464 1465 1476 1475
f 1457 1458 1469 1468
f 1344 1507 1499 1355
f 1458 1459 1470 1469
f 1294 1498 1487 1378
f 1459 1460 1471 1470
f 1460 1461 1472 1471
f 1462 1473 1472 1461
f 1462 1463 1474 1473
f 1463 1464 1475 1474
f 1475 1476 1487 1486
f 1468 1469 1480 1479
f 1294 1378 1422 1304
f 1469 1470 1481 1480
f 1304 1422 1466 1314
f 1470 1471 1482 1481
f 1472 1483 1482 1471
f 1472 1473 1484 1483
f 1473 1474 1485 1484
f 1475 1486 1485 1474
f 1468 1479 1478 1467
f 1479 1480 1491 1490
f 1314 1466 1507 1324
f 1481 1492 1491 1480
f 1324 1507 1344 1334
f 1482 1493 1492 1481
f 1482 1483 1494 1493
f 1483 1484 1495 1494
f 1484 1485 1496 1495
f 1485 1486 1497 1496
f 1478 1479 1490 1489
f 1486 1487 1498 1497
f 1491 1492 1292 1502
f 1292 1492 1493 1503
f 1493 1494 1293 1503
f 1293 1494 1495 1504
f 1495 1496 1505 1504
f 1497 1506 1505 1496
f 1490 1501 1500 1489
f 1497 1498 1294 1506
f 1490 1491 1502 1501
f 1925 1987 2401 2398
f 2520 4012 3992 1925
f 1813 3989 3996 2038
f 1621 1828 2035 2036
f 2036 2037 1645 1621
f 2394 2404 7969 7973
f 1895 2136 7975 7976
f 1620 1644 1621 1645
f 2400 2401 1987 1985
f 2405 2416 8048 8044
f 1925 3992 4028 1987
f 1913 2036 2035 1918
f 1913 1914 2037 2036
f 2421 7511 8046 2407
f 1832 1833 2136 2135
f 2399 2405 8044 7972
f 2402 2399 7972 7971
f 2134 3994 3986 1812
f 1987 4028 4008 1985
f 1923 1989 1988 1924
f 1920 1992 1991 1921
f 1891 1897 1896 1890
f 2275 2276 2358 2328
f 1918 2515 2519 1913
f 1894 2135 2136 1895
f 1831 1895 7976 7977
f 2274 2351 2415 2406
f 1912 1918 2035 2034
f 1621 1644 1827 1828
f 2034 2035 1828 1766
f 2276 2277 2377 2358
f 2321 2412 2413 2348
f 1912 2034 2033 1919
f 1891 7978 7979 1897
f 2350 2417 4071 4037
f 1922 1990 1989 1923
f 1703 7984 7985 2247
f 2503 2515 1918 1912
f 1724 1811 1896 1897
f 2132 2133 1892 1672
f 1830 1894 1895 1831
f 1984 1988 1989 1983
f 1827 1644 2132 2131
f 1812 1832 2135 2134
f 1766 1828 1827 1767
f 1729 2122 2123 1768
f 1831 7977 9283 4023
f 2134 2135 1894 1893
f 1984 2275 4020 4009
f 1983 2276 2275 1984
f 2119 2120 1811 1724
f 1724 7980 7981 2119
f 1982 1983 1989 1990
f 1912 1919 2272 2503
f 1909 2525 2272 1919
f 1730 1896 1811 1725
f 1725 1729 1672 1730
f 1909 1919 2033 2032
f 1615 1904 2764 2540
f 1890 4014 4022 1891
f 1730 1889 1890 1896
f 1829 4005 3990 1893
f 1922 1921 1991 1990
f 1766 1902 2033 2034
f 1766 1767 1626 1902
f 2342 2377 2277 2278
f 1889 4004 4014 1890
f 1730 1672 1892 1889
f 1893 1894 1830 1829
f 1905 2051 2047 2031
f 1704 2123 1769 2059
f 1671 2128 2129 1888
f 2275 2328 4002 4020
f 1983 1982 2277 2276
f 1982 1981 2278 2277
f 1628 2119 7981 7982
f 1628 7982 7983 1633
f 2031 2047 2046 1906
f 1906 1909 2032 2031
f 1626 1767 2130 2129
f 1767 1827 2131 2130
f 1980 1981 1991 1992
f 2131 2132 1672 1729
f 1768 1888 2129 2130
f 1981 1980 2279 2278
f 1626 2129 2128 1738
f 2130 2131 1729 1768
f 1902 2249 2032 2033
f 1982 1990 1991 1981
f 1633 7983 7984 1703
f 1906 2046 1582 2257
f 1910 1993 1992 1920
f 1903 1995 1994 1907
f 2031 2032 2249 1905
f 1627 2121 2120 1810
f 1670 2127 2128 1671
f 1738 2249 1902 1626
f 1704 1888 1768 2123
f 1668 1905 2249 1738
f 1769 2123 2122 1826
f 1627 1826 2122 2121
f 1628 1633 1809 1810
f 2305 2306 2320 2319
f 2278 2279 2373 2342
f 1907 1994 1993 1910
f 1582 2046 1933 2527
f 1633 1703 1808 1809
f 1627 1810 1809 1632
f 1632 1809 1808 1702
f 2042 2047 2051 2043
f 1671 1888 1704 2056
f 1725 2121 2122 1729
f 1668 2050 2051 1905
f 1980 1911 2280 2279
f 1933 2046 2047 2042
f 1904 1995 2761 2764
f 1668 1738 2128 2127
f 2434 2451 1933 2042
f 1702 2245 2244 1824
f 2043 2044 2468 2460
f 2043 2051 2050 2044
f 2433 2459 2039 2030
f 1651 1822 2770 2778
f 1770 2060 2059 1769
f 1908 1911 1993 1994
f 1824 2244 2243 1771
f 2280 2363 2373 2279
f 1903 2753 2761 1995
f 1648 1655 2771 2781
f 1887 7986 7987 1538
f 1703 2247 2246 1808
f 1916 1917 2753 2752
f 1904 1908 1994 1995
f 1917 2772 2779 1996
f 1933 2451 2535 2527
f 1764 1819 2030 2029
f 1702 1808 2246 2245
f 1886 2246 2247 1887
f 1885 2245 2246 1886
f 1825 1826 1627 1632
f 1632 1702 1824 1825
f 1668 2127 2126 2050
f 2244 2245 1885 1884
f 2050 2126 2125 2044
f 1670 2053 2048 2049
f 1769 1826 1825 1770
f 1704 2059 2057 2056
f 1908 1759 2280 1911
f 1770 1825 1824 1771
f 2027 2029 2030 2039
f 1670 1671 2056 2053
f 2538 4262 4253 2793
f 1670 2049 2126 2127
f 1764 2507 2511 1819
f 1798 2476 2482 1684
f 8042 8043 10453 10504
f 1541 1886 1887 1538
f 2125 2126 2049 2045
f 1818 2124 2248 2041
f 1737 2045 2049 2048
f 2054 2057 2058 2055
f 1658 1857 1858 1727
f 1681 2458 2440 1846
f 1615 1759 1908 1904
f 1950 2546 2800 2281
f 1646 1859 2029 2027
f 1770 1771 2061 2060
f 2463 2468 2044 2125
f 2280 2793 2548 2363
f 1540 1541 1538 1528
f 1901 2461 2766 2752
f 1737 2446 2466 2045
f 2774 2779 1997 1926
f 1916 2776 2772 1917
f 1899 1928 1998 1997
f 1524 1527 1540 1525
f 1764 2029 1859 1731
f 1618 1930 2774 2541
f 1641 2771 2770 1822
f 1900 1929 1928 1899
f 1821 2757 2756 1823
f 1528 1538 7987 7988
f 2028 2124 2144 1732
f 1676 1731 1859 1858
f 1885 1886 1541 1537
f 1978 1979 2150 2149
f 1642 1658 1727 1675
f 1976 2148 2282 2147
f 2027 2028 1732 1646
f 2048 2052 1736 1737
f 1727 1858 1859 1646
f 1700 2055 2058 1701
f 2053 2056 2057 2054
f 1883 2243 2244 1884
f 2048 2053 2054 2052
f 1963 2148 1976 1975
f 2286 10485 10488 2365
f 2150 10453 10485 2286
f 1928 1929 1805 1806
f 1820 1765 2757 2755
f 1527 1549 1550 1537
f 1839 1927 1998 1999
f 1526 1528 7988 7989
f 1926 1997 1998 1927
f 1630 1718 2512 2522
f 1928 1806 1999 1998
f 8012 10441 10500 8011
f 2181 7990 7991 2230
f 2181 2230 2168 2214
f 2756 2758 1803 1823
f 1525 1540 1528 1526
f 1527 1537 1541 1540
f 2058 2060 2061 1701
f 2052 2054 2055 1667
f 1701 2061 2242 2241
f 1536 1883 1884 1550
f 1963 4201 4096 2148
f 2365 2366 2285 2286
f 2317 2304 2325 2324
f 2281 2800 2799 2364
f 1851 2000 2479 2483
f 1616 1926 1927 1617
f 1846 2440 2436 1641
f 1822 1847 1846 1641
f 1525 1526 2181 2214
f 1684 1806 1805 1798
f 1526 7989 7990 2181
f 1962 1977 1978 2149
f 1977 2547 2597 1978
f 1803 1804 2777 2768
f 1598 1804 2762 2763
f 1676 1858 1857 1677
f 1550 1884 1885 1537
f 1523 1549 1527 1524
f 1675 1727 1646 1732
f 1675 1732 2144 2143
f 1818 1733 2144 2124
f 2040 2248 2124 2028
f 1736 2052 1667 1735
f 1736 2426 2446 1737
f 1667 2055 1700 1699
f 1552 2062 1883 1536
f 1726 1856 1857 1658
f 1536 1550 1549 1529
f 1882 2241 2242 2062
f 8042 10504 10434 8066
f 1522 1529 1549 1523
f 1733 1818 1817 1734
f 2149 2285 2284 1962
f 1965 1962 2284 2283
f 1974 1971 2803 2582
f 2283 2368 4164 4193
f 1798 1805 2457 2447
f 1749 1802 1678 1856
f 1617 1927 1839 2015
f 1806 1684 2000 1999
f 1684 2482 2479 2000
f 1709 2073 2072 2001
f 1679 1680 1847 1848
f 1651 1848 1847 1822
f 1676 1677 2505 2523
f 1681 1846 1847 1680
f 1522 1523 2183 2180
f 1803 2768 2778 1823
f 1677 1857 1856 1678
f 1868 2500 2498 1872
f 2501 2505 1677 1678
f 2158 2159 1574 1562
f 1525 2214 2184 1524
f 1953 2789 2792 1954
f 2201 2229 2228 2202
f 1733 1784 2143 2144
f 2597 2730 1979 1978
f 1758 1816 1817 1728
f 8040 10479 10437 8067
f 2201 2230 7991 7992
f 2227 2229 7993 7994
f 2201 7992 7993 2229
f 1943 2065 10470 10483
f 2217 2221 2205 2226
f 1659 1726 1658 1642
f 1659 1743 1744 1726
f 1700 1701 2241 2240
f 1700 2240 2239 1699
f 1791 1792 1721 1880
f 1534 1543 1547 1546
f 1749 1856 1726 1744
f 8040 8068 10463 10479
f 1666 2240 2241 1882
f 2011 2064 1610 1611
f 1944 1954 2792 2791
f 2011 2118 2117 2064
f 2311 2323 10509 10454
f 2284 2285 2366 2367
f 2788 1972 4204 4097
f 2248 2464 2465 2041
f 1688 1705 2075 2074
f 1851 2016 2015 1839
f 1723 1772 1681 1680
f 1688 2074 2073 1709
f 2441 2442 2437 2438
f 1630 1657 2762 2758
f 1695 1711 1710 1687
f 1683 1773 1772 1723
f 8020 8021 10477 10464
f 2498 2516 1871 1872
f 1630 1631 2008 1657
f 1651 1719 1849 1848
f 1593 1657 2008 2153
f 1649 1802 1749 1721
f 1852 1584 2251 2250
f 1745 2140 2141 1786
f 1654 10449 10500 2011
f 1637 1797 1814 1753
f 1611 1898 1757 1752
f 1524 2184 2183 1523
f 1654 1797 10447 10449
f 1790 2138 2137 1664
f 8019 10461 10469 8018
f 1747 2809 2812 1748
f 2204 2228 2226 2205
f 2226 2228 2229 2227
f 2217 2226 2227 2218
f 1744 1880 1721 1749
f 2173 2176 2210 2213
f 1742 1781 1782 1665
f 1757 1796 1814 1752
f 1745 1786 1653 1750
f 1639 1734 1817 1816
f 1758 2425 2429 1794
f 1793 1794 2429 2427
f 1667 1699 1931 1735
f 1535 1882 2062 1552
f 1699 2239 2238 1931
f 1529 1553 1552 1536
f 1534 1666 1882 1535
f 1948 1969 1970 1947
f 2784 2785 1948 1947
f 1512 1513 2190 2189
f 1972 1977 1962 1965
f 1947 1970 10433 10503
f 2284 2367 2368 2283
f 2787 4124 4189 1971
f 1685 1934 1617 2015
f 1625 1685 2015 2016
f 2165 2437 2442 2191
f 1837 2018 2070 2071
f 1774 2077 2076 1873
f 1705 1873 2076 2075
f 1561 2158 2153 1594
f 1860 1868 1872 1867
f 1679 1848 1849 1720
f 1647 1722 1679 1720
f 1631 1868 1860 2008
f 1654 1752 1814 1797
f 1654 2011 1611 1752
f 1650 2777 2773 1592
f 2754 2763 1593 1562
f 2153 2158 1562 1593
f 1970 2474 10491 10433
f 1560 1561 1594 1595
f 1780 2232 2233 1815
f 1748 2812 10487 10464
f 8008 8009 10447 10445
f 1637 2232 10499 10445
f 1780 10472 10499 2232
f 8012 8013 10501 10441
f 1787 2137 2138 1789
f 8021 8022 10505 10477
f 2177 2204 2205 2206
f 2168 2179 2183 2184
f 2227 7994 7995 2218
f 1659 2141 2140 1743
f 1634 1638 1698 1795
f 1784 1785 2142 2143
f 2179 2169 2182 2180
f 1733 1734 1689 1784
f 2141 2142 1785 1786
f 1534 1546 1643 1666
f 1639 1816 1634 1795
f 1535 1552 1553 1548
f 1758 1794 1634 1816
f 1609 1760 1665 1782
f 1520 1548 1553 1521
f 1793 2427 2431 2237
f 1514 1551 1546 1515
f 1517 1543 1544 1518
f 1843 10495 10438 2007
f 1937 1952 1958 1957
f 1948 2785 2786 1949
f 1838 2071 2070 2017
f 1711 1712 2004 2003
f 1934 1685 2782 2549
f 1625 4173 4140 1685
f 1687 1710 2073 2074
f 1838 2001 2072 2071
f 1695 1707 1708 1686
f 2016 1851 2483 2477
f 1710 2002 2072 2073
f 2016 2477 2471 1625
f 1837 2071 2072 2002
f 1716 1801 1682 1717
f 8061 10471 10492 8062
f 1687 1706 1707 1695
f 2019 2020 1640 1696
f 2532 2534 2535 2533
f 1679 1722 1723 1680
f 1647 1720 2088 2259
f 1683 1800 1799 1773
f 1720 1849 2087 2088
f 1800 1801 1660 1662
f 1650 2087 1849 1719
f 1682 1683 1723 1722
f 1594 2153 2008 1860
f 1592 2086 2087 1650
f 1597 2775 2773 1598
f 2769 2775 1597 1575
f 1870 2152 1595 1867
f 1792 1852 1649 1721
f 8013 8014 10474 10501
f 1584 1585 1567 1571
f 1953 1966 2790 2789
f 1870 1867 1872 1871
f 1796 1807 1753 1814
f 1753 2233 2232 1637
f 1795 1796 1757 1639
f 1612 1613 1756 1898
f 1610 2161 1604 1612
f 1941 1939 2485 2469
f 1652 1689 1757 1898
f 1610 1612 1898 1611
f 2833 8017 10502 10443
f 2114 2115 2160 2163
f 2024 1779 10505 10455
f 1664 1850 1791 1790
f 2807 2809 1747 2107
f 2168 2184 2214
f 1746 2811 2807 2107
f 1690 1741 1713 1694
f 1743 1663 1880 1744
f 2182 2169 2195
f 2173 2174 2175 2176
f 2177 2178 2203 2204
f 2202 2203 2169 2179
f 2175 2177 2206 2207
f 2167 2172 2178 2174
f 1629 1653 1786 1785
f 2145 1586 2254 2253
f 1516 1547 1543 1517
f 1742 1739 1788 1781
f 1689 1734 1639 1757
f 2180 2182 1521 1522
f 1634 1794 1793 1638
f 1761 2100 2099 1762
f 1533 1669 2443 2423
f 1544 1545 1519 1518
f 1551 1932 1643 1546
f 1643 1932 2238 2239
f 1534 1535 1544 1543
f 1520 2195 2197 1519
f 1520 1521 2182 2195
f 1519 1545 1548 1520
f 1544 1535 1548 1545
f 1937 10473 10470 2065
f 1753 1807 2234 2233
f 1970 1969 2486 2474
f 1624 4145 4089 2069
f 8028 8029 10457 10438
f 8026 8027 10495 10484
f 1949 1960 1967 1968
f 1949 2786 2783 1960
f 2006 1763 2098 2097
f 4177 4197 1955 2488
f 2069 4089 4200 1986
f 2018 2019 1696 1624
f 1687 2074 2075 1706
f 2216 10498 10492 2456
f 1710 1711 2003 2002
f 1706 2075 2076 1874
f 1708 1876 1877 1862
f 1640 2020 2021 1866
f 1799 1800 1662 1774
f 1539 10508 10472 1780
f 1579 1566 2496 2494
f 1647 2259 2260 1717
f 1647 1717 1682 1722
f 1855 2088 2087 2086
f 1674 1852 1792 1673
f 1574 2759 2754 1562
f 1560 1572 1573 1561
f 1591 2090 2497 2495
f 1594 1860 1867 1595
f 2461 2534 2532 2462
f 1586 2145 2085 1587
f 1584 1852 1674 1585
f 2098 2099 1842 1843
f 1795 1698 1807 1796
f 1789 2138 2139 1881
f 2212 2450 2455 2225
f 1605 1609 1601 1607
f 1610 2064 2113 2161
f 1613 2112 1606 1614
f 8014 8015 10506 10474
f 2209 2215 2231 2210
f 2064 2117 2116 2160
f 2113 2162 1604 2161
f 1665 10506 10448 1742
f 1787 1789 1788 1739
f 2833 10443 10448 8016
f 1663 1790 1791 1880
f 1605 1691 1760 1609
f 2139 2140 1745 1881
f 1791 1850 1673 1792
f 1663 1743 2140 2139
f 8029 8030 10494 10457
f 1694 2107 1747 1690
f 1690 1840 1779 1741
f 1567 1585 2810 2805
f 1557 1599 2255 2270
f 1879 2024 10455 10451
f 8026 10484 10468 8025
f 2169 2172 2197 2195
f 2169 2203 2178 2172
f 1741 1779 2103 2104
f 2174 2178 2177 2175
f 2102 2103 1779 2024
f 2235 2236 1656 1635
f 1622 1629 1785 1652
f 1656 2236 2237 1669
f 1932 2444 2432 2238
f 1515 1516 2192 2196
f 1515 1546 1547 1516
f 1516 1517 2193 2192
f 1517 1518 2194 2193
f 1518 1519 2197 2194
f 2179 2180 2183
f 2099 2100 1841 1842
f 8031 9388 10516 10444
f 1624 2069 2070 2018
f 1836 1837 2002 2003
f 1939 1941 2067 2066
f 1843 2007 2097 2098
f 2094 2095 2023 1845
f 1686 1712 1711 1695
f 1986 2017 2070 2069
f 1834 2022 2021 1865
f 1835 2004 2005 1865
f 1836 2019 2018 1837
f 1682 1801 1800 1683
f 1712 1864 2005 2004
f 1874 1875 1707 1706
f 2082 2092 1590 1589
f 2076 2077 1775 1874
f 2493 2497 2090 2089
f 1566 1591 2495 2496
f 2259 2493 2089 2260
f 1588 2083 2082 1589
f 1591 1590 2092 2090
f 1561 1573 2159 2158
f 1571 2252 2251 1584
f 1559 2156 2152 1596
f 1539 1780 1815 1542
f 1870 2258 1596 2152
f 1606 1603 2063 1614
f 1508 10459 10508 1539
f 2116 2117 1605 1607
f 1698 2235 2234 1807
f 2113 2115 2114 2162
f 1755 1614 2063 2009
f 1755 1756 1613 1614
f 1512 1532 1533 1513
f 2231 10481 10498 2216
f 1761 1762 1863 1862
f 1788 1789 1881 2010
f 1778 2013 2104 2103
f 1638 2236 2235 1698
f 1694 2106 1746 2107
f 1777 2014 1861 2026
f 1741 2104 2105 1713
f 1674 2811 2810 1585
f 1746 2253 2254 1600
f 2205 2221 2222 2206
f 1861 2014 2013 1778
f 2175 2207 2208 2176
f 2199 2200 2172 2167
f 2164 2167 2174 2173
f 1622 1623 1653 1629
f 1762 2099 2098 1763
f 1878 2025 2102 2101
f 1879 2101 2102 2024
f 1778 2025 2026 1861
f 1513 1533 2423 2453
f 2191 2442 2454 1514
f 2165 2191 2196 2164
f 1879 10451 10468 1841
f 1937 1957 10450 10473
f 1694 1713 1869 2106
f 1844 2096 2097 2007
f 8033 8034 10450 10458
f 1952 1938 1964 1958
f 1942 4148 4132 1959
f 1941 2469 2488 1955
f 1941 1955 2068 2067
f 1834 2006 2097 2096
f 1686 1863 1864 1712
f 1835 1865 2021 2020
f 2261 2262 1715 1716
f 1835 2020 2019 1836
f 2003 2004 1835 1836
f 2110 4105 4117 2111
f 1661 1692 1776 1775
f 1661 1775 2077 2078
f 1956 2093 1958 1964
f 1662 2078 2077 1774
f 1661 2078 2079 1693
f 1660 2079 2078 1662
f 1660 1801 1716 1715
f 1565 1590 1591 1566
f 2089 2091 2261 2260
f 1564 1577 1580 1568
f 2089 2090 2092 2091
f 1560 2156 2157 1572
f 2152 2156 1560 1595
f 1554 2268 2269 1555
f 8003 8004 10459 10465
f 1571 1558 2268 2252
f 10465 10480 8002 8003
f 1636 1815 2233 2234
f 1569 2255 2254 1586
f 1558 1571 1567 1556
f 10462 10481 2231 2215
f 2166 2212 2211 2171
f 8001 10507 10466 8000
f 1601 1609 1608 1602
f 8001 8002 10480 10507
f 2170 2186 2187 2171
f 1622 1756 1755 1623
f 1602 1603 2114 2163
f 1511 1512 2189 2188
f 2209 2220 2219 2215
f 1606 2112 1604 2162
f 2210 2231 2216 2213
f 10462 10496 7996 7997
f 2010 2012 1781 1788
f 2025 1778 2103 2102
f 1714 1869 1713 2105
f 1556 2806 2804 2269
f 1853 2081 2083 2084
f 2081 1853 2264 2263
f 2254 2255 1599 1600
f 1508 1509 2186 2185
f 1587 2151 2154 1563
f 2506 2507 2513 2512
f 1841 2100 2101 1879
f 2172 2200 2194 2197
f 1761 1878 2101 2100
f 1653 1623 1751 1750
f 1862 1877 1878 1761
f 2170 2171 2211 2267
f 2166 2171 2188 2189
f 1750 1751 2012 2010
f 1531 1635 1656 1532
f 1781 2012 1754 1782
f 1514 1515 2196 2191
f 2164 2196 2192 2198
f 2193 2194 2200 2199
f 2192 2193 2199 2198
f 2164 2198 2199 2167
f 1762 1763 1864 1863
f 1958 2093 1936 1957
f 1844 2023 2095 2096
f 1834 1865 2005 2006
f 1938 1952 2066 2067
f 1763 2006 2005 1864
f 1707 1875 1876 1708
f 1686 1708 1862 1863
f 1716 1717 2260 2261
f 1775 1776 1875 1874
f 1776 1777 1876 1875
f 1564 1565 1578 1577
f 1854 2262 2261 2091
f 1565 1566 1579 1578
f 1568 2154 2151 1588
f 1564 1589 1590 1565
f 1588 2151 2084 2083
f 2270 1583 2808 2804
f 1596 2251 2252 1559
f 2521 2520 2531 2530
f 1925 2398 2531 2520
f 1508 1539 1542 1509
f 1542 1815 1636 1530
f 2165 2213 2449 2437
f 2166 2189 2190
f 2168 2230 2201
f 1602 1608 2063 1603
f 1608 1754 2009 2063
f 1603 1606 2162 2114
f 1623 1755 2009 1751
f 1754 2012 1751 2009
f 2264 2265 1869 1714
f 1619 2146 2266 2265
f 1619 2085 2145 2146
f 1740 2013 2014 1692
f 1869 2265 2266 2106
f 1783 4125 4181 1866
f 1619 2265 2264 1853
f 2084 2151 1587 2085
f 2805 2806 1556 1567
f 2176 2208 2209 2210
f 2164 2173 2213 2165
f 1783 2022 2095 2094
f 2171 2187 2188
f 2109 4128 4105 2110
f 2021 2022 1783 1866
f 2080 2263 2264 1714
f 1936 2093 2110 2111
f 1938 2067 2068 1942
f 1834 2096 2095 2022
f 1959 1964 1938 1942
f 1696 1640 4141 4129
f 1692 2014 1777 1776
f 1854 2081 2263 2262
f 1583 2270 2255 1569
f 1693 2079 2080 1714
f 1660 1715 2080 2079
f 1854 2091 2092 2082
f 1854 2082 2083 2081
f 1564 1568 1588 1589
f 1556 2269 2268 1558
f 1509 1542 1530 1510
f 1509 1510 2187 2186
f 1510 1511 2188 2187
f 2170 2185 2186
f 1693 1714 2105 1740
f 2408 2409 2307 2287
f 1853 2084 2085 1619
f 1820 2462 2532 2510
f 1563 2154 2155 1576
f 1715 2262 2263 2080
f 1956 2109 2110 2093
f 1935 2108 2109 1956
f 4144 4184 2108 1935
f 1777 2026 1877 1876
f 1661 1693 1740 1692
f 2318 2319 2356 2374
f 1580 2155 2154 1568
f 2288 2379 4031 3998
f 2252 2268 1554 1559
f 1569 1586 1587 1563
f 1935 1956 1964 1959
f 2528 2531 2398 2397
f 1521 1553 1529 1522
f 1771 2243 2242 2061
f 1883 2062 2242 2243
f 2057 2059 2060 2058
f 1638 1793 2237 2236
f 2125 2045 2466 2463
f 1604 2112 1613 1612
f 2532 2533 2511 2510
f 2223 2224 2208 2207
f 1511 1531 1532 1512
f 2222 2223 2207 2206
f 1906 2257 2525 1909
f 1718 1765 2506 2512
f 2250 2251 1596 2258
f 2528 2529 2530 2531
f 2253 2266 2146 2145
f 2166 2190 2441 2438
f 1608 1609 1782 1754
f 2211 2212 2225 2267
f 2396 7968 7969 2404
f 1620 2133 2132 1644
f 1914 4025 3997 2037
f 7974 7975 2136 1833
f 1620 1645 3988 3987
f 1913 2519 2509 1914
f 2328 4047 4086 4002
f 1724 1897 7979 7980
f 1893 3990 3994 2134
f 1911 1980 1992 1993
f 1725 1811 2120 2121
f 2027 2039 2040 2028
f 2149 2150 2286 2285
f 2310 2318 2324 2325
f 1965 2283 4193 4093
f 1642 1675 2143 2142
f 1728 1817 1818 2041
f 2202 2228 2204 2203
f 2168 2201 2202 2179
f 1652 1785 1784 1689
f 2782 4136 4168 1951
f 1663 2139 2138 1790
f 1787 10502 10469 2137
f 1659 1642 2142 2141
f 2239 2240 1666 1643
f 1972 2788 2547 1977
f 1605 2117 2118 1691
f 1690 1747 1748 1840
f 1948 1949 1968 1969
f 2064 2160 2115 2113
f 1652 1898 1756 1622
f 1943 1939 2066 2065
f 1937 2065 2066 1952
f 1601 1602 2163 1607
f 1607 2163 2160 2116
f 1532 1656 1669 1533
f 1746 2106 2266 2253
f 2111 10442 10458 1936
f 2225 2455 10471 10466
f 1750 2010 1881 1745
f 1740 2105 2104 2013
f 2208 2224 2220 2209
f 2023 10494 10444 1845
f 1636 2234 2235 1635
f 1877 2026 2025 1878
f 2287 2378 2422 2408
f 1531 1530 1636 1635
f 2307 2409 2412 2321
f 1510 1530 1531 1511
f 2407 8046 8053 2410
f 2396 2529 7967 7968
f 2327 2360 2347 2336
f 2289 2305 2310 2290
f 2345 4053 4065 2346
f 2293 2385 2386 2384
f 2336 2339 2359 2327
f 2292 2293 2384 2383
f 4260 4264 2802 2801
f 2291 2325 2304 2292
f 2297 2298 5132 2390
f 2302 2314 4185 4109
f 2292 2304 2303 2293
f 2298 2299 2392 5133
f 2834 2835 2392 2299
f 2293 2760 2794 2385
f 2303 2796 2760 2293
f 2298 2309 2311 2299
f 4101 4149 2296 2389
f 2296 2297 2390 2389
f 2294 2308 2797 2801
f 2295 2302 4109 4152
f 2288 3998 4027 2306
f 2418 2419 8050 8049
f 2348 2413 2420 2349
f 4032 4047 2328 2358
f 2414 8051 8050 2419
f 1628 1810 2120 2119
f 2352 2370 4016 4000
f 2330 2357 2376 2375
f 2353 4062 4079 2355
f 1910 2524 2271 1907
f 2329 2370 2330 2356
f 2377 4059 4032 2358
f 2329 4006 4016 2370
f 2318 2374 2340 2324
f 2343 2376 4061 4038
f 2375 2376 2343 2341
f 2352 2357 2330 2370
f 2321 2348 4007 4010
f 2305 2319 2318 2310
f 2330 2375 2374 2356
f 2410 8053 8052 2411
f 2290 2381 2380 2289
f 2288 2306 2305 2289
f 4010 4026 2307 2321
f 2340 2374 2375 2341
f 2343 2353 2372 2341
f 2319 2320 2329 2356
f 2343 4038 4062 2353
f 2317 2324 2340 2371
f 1887 2247 7985 7986
f 8054 9363 10512 10488
f 2290 2291 2382 2381
f 2291 2292 2383 2382
f 2340 2341 2372 2371
f 2361 2371 2372 2362
f 1731 2513 2507 1764
f 2335 2327 2359 2338
f 2355 2362 2372 2353
f 2363 2548 4058 4077
f 2536 2539 2362 2355
f 1839 1999 2000 1851
f 2290 2310 2325 2291
f 2303 2304 2317 2316
f 2799 4041 4070 2364
f 2365 4076 4046 2366
f 2537 2795 2331 2332
f 2347 10489 10452 2336
f 1971 1974 2618 2787
f 2316 2317 2371 2361
f 2323 2339 10490 10509
f 2336 10452 10490 2339
f 4055 4216 4164 2368
f 2571 2796 2303 2316
f 8071 10526 10431 8070
f 2332 2354 2798 2537
f 2589 2797 2308 2315
f 2316 2361 2767 2571
f 2326 2333 4116 4160
f 2362 2539 2767 2361
f 2334 4113 4169 2345
f 2300 2322 2312 2309
f 2334 2345 2346 2335
f 2312 2322 2338 2359
f 2312 2359 2339 2323
f 2331 2795 2589 2315
f 2309 2312 2323 2311
f 2337 2338 2322 2313
f 2313 4188 4157 2337
f 2334 2335 2338 2337
f 2300 2309 2298 2297
f 2300 2301 2313 2322
f 2297 2296 2301 2300
f 1833 2394 7973 7974
f 1915 2521 2530 2395
f 2346 4065 4044 2360
f 1915 2395 2403 2038
f 2335 2346 2360 2327
f 2411 8052 8051 2414
f 2418 8049 9321 4080
f 2349 2420 2417 2350
f 2288 2289 2380 2379
f 1985 2274 2406 2400
f 1812 1813 2393 1832
f 2397 2402 7971 7970
f 2406 2415 2416 2405
f 2401 2402 2397 2398
f 2414 2419 2420 2413
f 2400 2406 2405 2399
f 2407 2408 2422 2421
f 2415 4073 4082 2416
f 2410 2411 2412 2409
f 2412 2411 2414 2413
f 1832 2393 2394 1833
f 2418 2417 2420 2419
f 2393 2403 2404 2394
f 2395 2396 2404 2403
f 2399 2402 2401 2400
f 2407 2410 2409 2408
f 2396 2395 2530 2529
f 1813 2038 2403 2393
f 2463 2466 2465 2464
f 2166 2438 2450 2212
f 2437 2449 2450 2438
f 1513 2453 2441 2190
f 2441 2453 2454 2442
f 1514 2454 2424 1551
f 2423 2424 2454 2453
f 2431 2443 1669 2237
f 2431 2432 2444 2443
f 2213 2216 2456 2449
f 2450 2449 2456 2455
f 1551 2424 2444 1932
f 2423 2443 2444 2424
f 1931 2238 2432 2428
f 2427 2428 2432 2431
f 2428 2430 1735 1931
f 2427 2429 2430 2428
f 1735 2430 2426 1736
f 2425 2426 2430 2429
f 1772 2448 2458 1681
f 2447 2457 2458 2448
f 1758 1728 2445 2425
f 2425 2445 2446 2426
f 1900 2435 2439 1929
f 2435 2436 2440 2439
f 1728 2041 2465 2445
f 2445 2465 2466 2446
f 1820 2755 2765 2462
f 2765 2766 2461 2462
f 2040 2467 2464 2248
f 2463 2464 2467 2468
f 1805 1929 2439 2457
f 2439 2440 2458 2457
f 1819 2511 2533 2452
f 2451 2452 2533 2535
f 1697 2780 2776 1916
f 1648 2781 2780 1697
f 2042 2043 2460 2434
f 2433 2434 2460 2459
f 2039 2459 2467 2040
f 2459 2460 2468 2467
f 2030 1819 2452 2433
f 2434 2433 2452 2451
f 1967 2487 2470 1968
f 2469 2470 2487 2488
f 4153 4173 1625 2471
f 2487 4156 4177 2488
f 1943 2473 2485 1939
f 2473 2474 2486 2485
f 1968 2470 2486 1969
f 2485 2486 2470 2469
f 2472 2478 2017 1986
f 2471 2477 2478 2472
f 1838 2017 2478 2484
f 2483 2484 2478 2477
f 8037 8064 10475 10483
f 8063 10491 10475 8064
f 2480 2481 1709 2001
f 2479 2482 2481 2480
f 1838 2484 2480 2001
f 2479 2480 2484 2483
f 1688 1709 2481 2475
f 2475 2481 2482 2476
f 1772 1773 2489 2448
f 2448 2489 2491 2447
f 1798 2447 2491 2476
f 1773 1799 2490 2489
f 2489 2490 2492 2491
f 2475 2476 2491 2492
f 1873 2490 1799 1774
f 1705 2492 2490 1873
f 1688 2475 2492 1705
f 2088 1855 2493 2259
f 1855 2086 2497 2493
f 2494 2496 1570 1581
f 1592 2495 2497 2086
f 1570 2496 2495 1592
f 1554 2157 2156 1559
f 1563 1576 1583 1569
f 2271 2524 2525 2257
f 2397 7970 8065 2528
f 2528 8065 7967 2529
f 1923 1924 2508 2518
f 2509 2519 2518 2508
f 1649 2517 2499 1802
f 2498 2499 2517 2516
f 1868 1631 2504 2500
f 2500 2504 2505 2501
f 1678 1802 2499 2501
f 2498 2500 2501 2499
f 1631 1630 2522 2504
f 2504 2522 2523 2505
f 1676 2523 2513 1731
f 2512 2513 2523 2522
f 1765 1820 2510 2506
f 2510 2511 2507 2506
f 1901 2526 2534 2461
f 2526 2527 2535 2534
f 2256 2526 1901 1903
f 1582 2527 2526 2256
f 1903 1907 2271 2256
f 2256 2271 2257 1582
f 1910 1920 2273 2524
f 2272 2525 2524 2273
f 1920 1921 2502 2273
f 2272 2273 2502 2503
f 1921 1922 2514 2502
f 2502 2514 2515 2503
f 1922 1923 2518 2514
f 2514 2518 2519 2515
f 2521 1915 4024 4018
f 2521 4018 4012 2520
f 1870 1871 2516 2258
f 2250 2258 2516 2517
f 1852 2250 2517 1649
f 1648 1697 2766 2765
f 1648 2765 2755 1655
f 1575 1597 2754 2759
f 1598 2763 2754 1597
f 2758 2762 1804 1803
f 1593 2763 2762 1657
f 1718 1630 2758 2756
f 2755 2757 1821 1655
f 2756 2757 1765 1718
f 1916 2752 2766 1697
f 1901 2752 2753 1903
f 1996 2761 2753 1917
f 1930 2764 2761 1996
f 1618 2540 2764 1930
f 2780 2781 2436 2435
f 2776 2780 2435 1900
f 1570 2775 2769 1581
f 1592 2773 2775 1570
f 1598 2773 2777 1804
f 1651 2778 2768 1719
f 1719 2768 2777 1650
f 1821 2770 2771 1655
f 2541 2774 1926 1616
f 2772 2776 1900 1899
f 1996 2779 2774 1930
f 1899 1997 2779 2772
f 1641 2436 2781 2771
f 1823 2778 2770 1821
f 2783 4133 4137 1960
f 1940 1961 2783 2786
f 1951 1973 2549 2782
f 1940 2786 2785 1945
f 1945 2785 2784 1946
f 2784 1947 10503 10437
f 1951 2787 2618 1973
f 1940 2789 2790 1961
f 2790 4121 4165 1961
f 1946 2791 2792 1945
f 8041 10460 10463 8068
f 1940 1945 2792 2789
f 2331 4270 4217 2332
f 2315 4271 4270 2331
f 4218 4271 2315 2308
f 2332 4217 4258 2354
f 2536 4056 4327 4258
f 2308 2294 4248 4218
f 2760 4248 4261 2794
f 2548 2793 4253 4219
f 1759 2538 2793 2280
f 2314 4254 4222 2326
f 2589 4254 4223 2797
f 4238 4252 2537 2798
f 2326 4222 4252 2333
f 2369 4050 4324 4244
f 2797 4223 4260 2801
f 2294 2801 2802 2387
f 2282 2369 4244 4255
f 2800 2546 4269 4255
f 1953 2547 2788 1966
f 1971 4189 4100 2803
f 1944 2730 2597 1954
f 2582 2803 1963 1975
f 8041 8066 10434 10460
f 1953 1954 2597 2547
f 1557 2806 2805 1599
f 2269 2804 2808 1555
f 1557 2270 2804 2806
f 1600 2810 2811 1746
f 2805 2810 1600 1599
f 2807 2811 1674 1673
f 1673 1850 2809 2807
f 1664 10461 10487 2812
f 1664 2812 2809 1850
f 1581 2824 2829 2494
f 2157 2827 2815 1572
f 1581 2769 2831 2824
f 1573 2816 2828 2159
f 1574 2159 2828 2817
f 1576 2819 2825 1583
f 1578 1579 2822 2821
f 2155 2826 2819 1576
f 1583 2825 2832 2808
f 2823 2826 2155 1580
f 1572 2815 2816 1573
f 2808 2832 2814 1555
f 1575 2818 2831 2769
f 2494 2829 2822 1579
f 1577 2820 2823 1580
f 1554 1555 2814 2813
f 1575 2759 2830 2818
f 1574 2817 2830 2759
f 1554 2813 2827 2157
f 1577 1578 2821 2820
f 1315 2819 2826 1305
f 1315 1325 2825 2819
f 1335 2832 2825 1325
f 2814 2832 1335 1346
f 1357 2813 2814 1346
f 1357 1368 2827 2813
f 2815 2827 1368 1379
f 1379 1390 2816 2815
f 1390 1401 2828 2816
f 2817 2828 1401 1412
f 1412 1423 2830 2817
f 1423 1434 2818 2830
f 1434 1445 2831 2818
f 1445 1456 2824 2831
f 1456 1467 2829 2824
f 2822 2829 1467 1478
f 2821 2822 1478 1489
f 1500 2820 2821 1489
f 1500 1295 2823 2820
f 1295 1305 2826 2823
f 2218 2836 2221 2217
f 2218 7995 8074 2836
f 2221 2836 2837 2222
f 8075 10456 10432 10440
f 2222 2837 2838 2223
f 2837 10456 10467 2838
f 2223 2838 2839 2224
f 2838 10467 10476 2839
f 2224 2839 2219 2220
f 2219 2839 10476 10496
f 2626 2627 1615 2540
f 2659 2675 2698 2676
f 2543 2554 2560 2544
f 2543 2649 2648 2554
f 2557 2545 2558
f 2714 4268 4232 2629
f 2639 2640 2579 2581
f 2658 2661 2662 2657
f 2561 2710 2711 2562
f 1974 2636 2619 2618
f 1759 2628 2629 2538
f 2557 2558 4231 4265
f 2630 2631 2546 1950
f 2662 2663 2659 2657
f 2640 2642 2612 2579
f 2566 4233 4242 2592
f 2658 2660 2661
f 2544 2560 2591 2590
f 2625 2749 2746 2626
f 2700 2721 2741 2681
f 1616 1617 2622 2623
f 2670 4226 4246 2695
f 4237 4245 2664 2751
f 2586 2612 2642 2641
f 2717 2718 2649 2543
f 2684 2718 2650 2719
f 2553 2572 2574 2567
f 2622 2646 2720 2623
f 4232 4262 2538 2629
f 2578 2600 2598 2596
f 2583 2584 2556 2555
f 2648 4251 4267 2554
f 2550 2590 2591 2559
f 2712 2713 2545 2557
f 2640 2644 2645 2642
f 2584 4257 4249 2556
f 2603 2734 2735 2607
f 2643 2655 2656 2645
f 2642 2645 2656 2641
f 2633 2710 2709 2634
f 2631 2712 4250 4241
f 2600 2733 4228 4247
f 1615 2627 2628 1759
f 2628 2715 2714 2629
f 2697 2725 2726 2743
f 2567 2663 2662 2568
f 2554 4267 4243 2560
f 2613 2614 2564 2593
f 2732 2748 2668 2577
f 1973 2731 2620 2549
f 2575 2738 2739 2666
f 2596 2598 2574 2572
f 2575 2610 2737 2738
f 2680 2683 2660 2658
f 2561 2562 2565 2563
f 2552 2570 2749 2747
f 2731 2748 2729 2620
f 2578 2596 2750 2729
f 2669 2742 2587 2696
f 2707 2708 2583 2555
f 2671 2688 2689 2685
f 2598 2600 4247 4263
f 2588 4220 4224 2638
f 2544 2590 2715 2716
f 2679 2698 2675 2677
f 2588 2638 2637 2674
f 4230 4256 2673 2740
f 2643 2645 2644 2744
f 2632 2633 1976 2147
f 2551 2637 2638 2751
f 2565 4229 4221 2563
f 2587 2745 2694 2696
f 2643 2692 2689 2655
f 1974 2582 2635 2636
f 2577 2599 2733 2732
f 2674 2691 2724 2697
f 2647 4251 4266 2667
f 2575 2666 2665 2601
f 1616 2623 2624 2541
f 2678 2679 2699
f 2572 2646 2750 2596
f 2617 2641 2656 2654
f 2603 2607 2605 2602
f 2605 2610 2575 2601
f 2578 2732 2733 2600
f 2574 2598 4263 4225
f 2573 2602 2605 2601
f 2604 4236 4249 2576
f 2568 2569 2570 2552
f 2579 2612 2613 2593
f 2551 2665 2666 2691
f 2606 2608 2736 2735
f 2677 4239 4230 2740
f 2722 2728 2727 2723
f 2594 2595 2576 2585
f 2649 2706 2682 2648
f 2671 2672 2726 2725
f 2692 2742 2685 2689
f 2577 2668 2707 2555
f 2604 2606 2735 2734
f 2583 2708 2709 2616
f 2580 2586 2641 2617
f 2556 2599 2577 2555
f 2640 2639 2647 2644
f 2147 4269 4241 2632
f 2630 2713 2712 2631
f 2632 2711 2710 2633
f 2573 2601 2665 2664
f 2542 2570 2569 2650
f 2557 4265 4250 2712
f 2635 2708 2707 2636
f 2586 2594 2613 2612
f 2716 2717 2543 2544
f 2716 2746 2542 2717
f 2586 2580 2595 2594
f 4221 4240 2615 2563
f 2584 2615 4240 4257
f 2687 2673 4256 4235
f 2616 2709 2710 2561
f 2673 2687 2670 2681
f 2583 2616 2615 2584
f 2651 2652 2654 2653
f 2609 2610 2605 2607
f 2699 2721 2723 2727
f 2651 2739 2738 2652
f 2654 2656 2655 2653
f 2628 2627 2716 2715
f 2569 2568 2662 2661
f 2581 2579 2593 2592
f 2608 2580 2617 2611
f 2643 2744 2745 2692
f 2653 2655 2689 2688
f 2690 2724 2739 2651
f 2623 2720 2747 2624
f 2678 2680 2658 2657
f 4229 4328 4233 2566
f 2619 2668 2748 2731
f 1618 2541 2624 2625
f 2660 2683 2719 2650
f 2608 2611 2737 2736
f 2688 2690 2651 2653
f 2667 4266 4227 2694
f 2673 2681 2741 2740
f 2669 4226 4235 2686
f 2682 2706 2704 2693
f 2677 2740 2741 2679
f 2552 2747 2720 2553
f 2578 2729 2748 2732
f 2727 2728 2683 2680
f 2685 2742 2669 2686
f 2679 2741 2721 2699
f 1975 1976 2633 2634
f 2697 2724 2690 2725
f 2688 2671 2725 2690
f 2704 2706 2684 2705
f 2683 2728 2722 2719
f 2551 2691 2674 2637
f 2553 2720 2646 2572
f 2620 2729 2750 2621
f 2588 2674 2697 2743
f 2684 2719 2722 2705
f 2670 2695 2702 2701
f 2621 2750 2646 2622
f 2700 2701 2702 2703
f 2657 2659 2676 2678
f 2702 2704 2705 2703
f 2693 2704 2702 2695
f 2607 2735 2736 2609
f 2659 2663 4237 4224
f 2615 2616 2561 2563
f 2542 2650 2718 2717
f 2722 2723 2703 2705
f 4227 4246 2696 2694
f 2580 2608 2606 2595
f 2635 2634 2709 2708
f 2626 2746 2716 2627
f 2700 2703 2723 2721
f 2611 2652 2738 2737
f 2734 4228 4236 2604
f 2587 2742 2692 2745
f 2644 2647 2667 2744
f 2650 2569 2661 2660
f 2671 2685 2686 2672
f 2736 2737 2610 2609
f 2567 2574 4225 4245
f 2611 2617 2654 2652
f 2667 2694 2745 2744
f 2619 2636 2707 2668
f 1975 2634 2635 2582
f 2552 2553 2567 2568
f 2675 4220 4239 2677
f 2624 2747 2749 2625
f 2678 2699 2727 2680
f 2542 2746 2749 2570
f 2545 4259 4234 2558
f 2681 2670 2701 2700
f 2551 2751 2664 2665
f 2592 2593 2564 2566
f 1973 2618 2619 2731
f 2550 2714 2715 2590
f 1934 2549 2620 2621
f 2581 2592 4242 4243
f 4259 4268 2714 2550
f 2594 2585 2614 2613
f 1617 1934 2621 2622
f 2625 2626 2540 1618
f 2576 2595 2606 2604
f 2691 2666 2739 2724
f 2649 2718 2684 2706
f 2904 3059 2856 2841
f 2849 2854 4302 4282
f 2903 3029 4294 4299
f 2948 4289 4294 3029
f 3370 3424 3423 3371
f 3364 8078 8079 3366
f 3372 8082 8083 3374
f 3366 8079 8080 3368
f 3378 8085 8086 3380
f 8087 8088 3384 3382
f 3386 8089 8090 3388
f 8091 8092 3392 3390
f 3394 8093 8094 3396
f 3398 3870 3345 3399
f 3396 8094 9119 3857
f 3345 3870 9140 9136
f 3347 3348 3402 3401
f 3357 3358 3453 3454
f 3366 3368 3369 3367
f 8083 8084 3376 3374
f 3370 8081 8095 3424
f 3475 3562 3711 3476
f 3372 3424 8095 8082
f 3352 3353 3408 3407
f 3160 3162 3163 3161
f 3378 3379 3377 3376
f 8084 8085 3378 3376
f 3386 3387 3385 3384
f 3380 8086 8087 3382
f 3384 8088 8089 3386
f 8090 8091 3390 3388
f 3392 8092 8093 3394
f 3457 3473 3472 3458
f 3454 3455 3356 3357
f 3353 3354 3409 3408
f 3162 3200 3164 3163
f 3357 3356 9155 9154
f 3520 3856 3857 3666
f 2920 3065 3015 2919
f 2840 2862 3038 2901
f 2840 2860 3028 2902
f 2842 2861 3039 2915
f 2902 2903 3031 3030
f 3032 3033 2931 2930
f 2847 2946 2951 2848
f 2948 3029 3028 2947
f 2932 3063 2857 2845
f 2951 2953 3045 3036
f 2902 3028 3029 2903
f 2840 2902 3030 2862
f 2907 3079 3080 2908
f 2841 2863 3072 2904
f 2842 2862 3030 2916
f 2843 2857 3063 2918
f 2846 2935 2962 2849
f 2916 3030 3031 2917
f 2848 2951 3036 2855
f 2931 3033 4295 4285
f 2847 2848 2949 2947
f 2936 3013 4272 4304
f 2851 4308 4302 2854
f 2963 3026 2855 2850
f 2965 3036 3045 2967
f 2976 3077 2864 2851
f 2852 2858 3022 2977
f 2990 3078 2865 2853
f 3086 3107 4293 4286
f 2978 4303 4290 3025
f 2864 4305 4308 2851
f 2933 4277 4309 3015
f 2844 2861 3032 2930
f 2847 2947 3028 2860
f 2859 3035 2979 2852
f 2866 2926 3021 2867
f 2868 2867 3021 2912
f 2915 2913 3048 3038
f 2868 2912 3020 2869
f 2870 2869 3020 2898
f 2870 2898 3019 2871
f 2873 2874 3044 2952
f 2876 3017 2982 2877
f 2880 2879 2998 2985
f 2887 2895 3006 2888
f 2911 3066 3008 2910
f 2909 3009 2890 2889
f 2920 3081 3079 2907
f 2893 3079 3081 2906
f 2941 2942 3067 3005
f 2894 3080 3079 2893
f 2895 2896 3007 3006
f 2897 2898 3020 3058
f 2957 3002 3003 2956
f 2896 3005 3067 2897
f 2901 3038 3048 2899
f 2944 2945 2952 2953
f 2944 2953 2951 2946
f 2943 2954 2873 2872
f 2842 2915 3038 2862
f 2905 3014 4287 4307
f 2905 2906 3081 3014
f 2841 2856 4272 4307
f 2905 3013 3076 2906
f 2916 3032 2861 2842
f 2907 3061 3065 2920
f 2890 3009 2923 2891
f 2911 2912 3021 3066
f 2909 3006 3007 2910
f 2910 3007 3058 2911
f 2911 3058 3020 2912
f 2913 3050 3051 2914
f 2916 2917 3033 3032
f 4274 4309 2857 2843
f 2919 4274 4287 3014
f 3061 3062 2922 2921
f 2925 3066 3021 2926
f 2870 2900 3049 2869
f 2962 2935 4289 4275
f 2937 2938 3070 3076
f 2844 2929 3039 2861
f 2936 4304 4282 2960
f 2962 3052 2854 2849
f 2855 3036 2965 2850
f 2850 2965 3035 2859
f 2938 2958 2959 2939
f 2963 2964 3027 3026
f 2939 3071 3070 2938
f 2889 2888 3006 2909
f 2944 2946 3037 3046
f 2942 2943 3019 3067
f 2874 2875 2966 3044
f 2954 3018 2874 2873
f 2874 3018 2968 2875
f 3026 3027 2950 2949
f 2976 4273 4290 3077
f 2949 2950 2948 2947
f 2936 2937 3076 3013
f 2950 3027 4292 4275
f 2965 2967 3043 3035
f 2954 2955 3056 3018
f 2986 2987 3074 3073
f 2875 2968 3017 2876
f 2972 2975 3064 3073
f 2975 3053 3012 2974
f 2958 2961 3053 3054
f 2960 3012 3053 2961
f 2886 3004 2895 2887
f 2963 3024 3025 2964
f 2853 2865 4296 4276
f 2980 2981 3043 3042
f 2977 2978 3025 3024
f 2966 3042 3043 2967
f 2968 3018 3056 2969
f 2982 3016 2878 2877
f 2970 2971 3000 3001
f 2884 2885 2939 2959
f 2981 3041 3034 2979
f 2972 3073 3074 2973
f 2853 4276 4305 2864
f 2974 3011 3064 2975
f 2859 3024 2963 2850
f 2966 2967 3045 3044
f 2977 3022 3023 2978
f 2864 3077 2990 2853
f 3035 3043 2981 2979
f 2980 3040 3041 2981
f 3017 3057 2983 2982
f 2984 2983 3057 3001
f 2984 3001 3000 2985
f 2986 3073 3064 2989
f 3068 3069 2987 2986
f 2988 3010 3075 2989
f 2973 3074 2881 2882
f 3104 3288 3142 3100
f 3085 3103 4280 4279
f 3112 3124 3298 3139
f 3087 3104 3100 3083
f 2992 3084 3092 3093
f 2994 3095 3096 2995
f 2942 2941 2956 2955
f 2942 2955 2954 2943
f 2913 2914 3049 3048
f 2892 2995 3096 3097
f 3091 3109 3285 2991
f 2852 2979 3034 2858
f 2851 2854 3052 2976
f 2918 3072 2863 2843
f 2937 2961 2958 2938
f 2890 2891 2922 3062
f 2840 2901 3037 2860
f 2856 3059 2935 2846
f 3014 3081 2920 2919
f 2847 2860 3037 2946
f 3015 3065 2934 2933
f 2871 3019 2943 2872
f 2868 2869 3049 2914
f 2964 4273 4292 3027
f 2998 2999 2984 2985
f 2978 3023 4298 4303
f 2852 2977 3024 2859
f 2877 2878 3040 2980
f 2968 2969 3057 3017
f 2936 2960 2961 2937
f 2875 2876 3042 2966
f 2982 2983 3060 3016
f 2903 4299 4284 3031
f 2871 3047 2900 2870
f 2868 2914 3051 2867
f 2867 3051 2927 2866
f 3093 3094 2993 2992
f 3103 3284 4297 4280
f 2889 2890 3062 2908
f 3109 3342 3302 3285
f 3090 3108 3106 3089
f 2997 3099 3091 2991
f 2958 3054 3055 2959
f 2885 2940 3004 2886
f 2955 2956 3003 3056
f 2972 2973 3055 3054
f 2848 2855 3026 2949
f 2927 3051 3050 2928
f 3097 3098 2996 2892
f 2970 3003 3002 2971
f 2913 2915 3039 3050
f 2899 2900 3047 3046
f 2971 3002 2883 2882
f 2923 3009 3008 2924
f 2895 3004 3005 2896
f 3008 3009 2909 2910
f 2886 3071 2939 2885
f 2882 2883 3055 2973
f 2897 3067 3019 2898
f 3106 3108 3341 3294
f 3094 3095 2994 2993
f 2928 3050 3039 2929
f 2871 2872 2945 3047
f 2899 3048 3049 2900
f 2944 3046 3047 2945
f 2970 2969 3056 3003
f 2989 3075 3068 2986
f 2876 2877 2980 3042
f 2879 2880 2987 3069
f 2887 2888 3080 2894
f 2934 3065 3061 2921
f 2924 3008 3066 2925
f 2907 2908 3062 3061
f 2988 2989 3064 3011
f 2917 3031 4284 4291
f 2899 3046 3037 2901
f 2872 2873 2952 2945
f 2918 3063 4295 4291
f 2952 3044 3045 2953
f 2969 2970 3001 3057
f 2983 2984 2999 3060
f 2880 2881 3074 2987
f 2881 3000 2971 2882
f 2880 2985 3000 2881
f 2975 2972 3054 3053
f 2884 2959 3055 2883
f 2885 2884 2957 2940
f 2883 3002 2957 2884
f 2940 2957 2956 2941
f 2886 2887 2894 3071
f 2888 2889 2908 3080
f 2896 2897 3058 3007
f 2893 2906 3076 3070
f 2893 3070 3071 2894
f 2996 3098 3099 2997
f 3085 2991 3285 3103
f 3088 3873 3877 3105
f 3082 3101 3107 3086
f 3088 3105 3108 3090
f 3095 3094 3464 3463
f 3111 3472 3342 3109
f 2940 2941 3005 3004
f 3291 3292 3340 3341
f 3104 4293 4288 3288
f 3417 3462 3463 3418
f 3099 3098 3461 3460
f 3096 3462 3148 3097
f 3412 3457 3458 3413
f 3093 3465 3464 3094
f 3101 3144 3308 3107
f 3110 3311 3313 3092
f 3134 3449 3195 3117
f 3313 3465 3093 3092
f 3095 3463 3462 3096
f 3140 3290 3120 3113
f 3142 3874 3877 3100
f 3091 3099 3111 3109
f 3099 3460 3459 3111
f 3113 3875 3876 3140
f 3115 3158 3159 3116
f 3117 3195 3196 3118
f 3297 3301 3343 3344
f 9143 9150 3353 3352
f 3157 9153 9155 3356
f 3112 3139 4300 4301
f 3300 3305 3303 3299
f 3125 3126 3300 3299
f 3129 3361 9151 9147
f 3130 3362 3363 3131
f 3350 9146 9149 3351
f 3448 3449 3425 3426
f 3133 3425 3449 3134
f 3132 3411 3425 3133
f 3360 3359 9148 9142
f 3358 3357 9154 9145
f 3158 3160 3161 3159
f 3128 3344 3474 3138
f 3130 8385 8602 3362
f 3411 3412 3426 3425
f 3136 3456 3411 3132
f 3358 9145 9148 3359
f 3116 3159 3450 3135
f 3360 9142 9151 3361
f 3139 3298 3307 3143
f 3354 9144 9152 3355
f 3282 3436 3437 3319
f 3103 3285 3302 3284
f 3143 3307 3308 3144
f 3295 3340 3339 3296
f 3290 4281 4283 3120
f 3135 3450 3361 3129
f 3413 3458 3459 3414
f 3353 9150 9144 3354
f 3146 3470 3471 3147
f 3362 3364 3365 3363
f 3142 3288 3289 3141
f 3144 4297 4306 3143
f 3368 3370 3371 3369
f 3121 3127 3339 3293
f 3114 3137 3469 3145
f 3150 3151 3444 3430
f 3295 3294 3341 3340
f 3102 3147 3471 3110
f 3419 3464 3465 3420
f 3244 3309 3440 3441
f 3205 3207 3172 3170
f 3165 3164 3200 3166
f 3157 3156 3410 3355
f 3172 3207 3210 3173
f 3197 3198 3196 3195
f 3165 3454 3453 3164
f 3160 3198 3467 3162
f 3161 3163 3452 3451
f 3165 3166 3168 3167
f 3170 3172 3171 3169
f 3172 3173 3174 3171
f 3157 3356 3455 3156
f 3166 3202 3204 3168
f 3408 3409 3171 3174
f 3177 3178 3180 3179
f 3179 3181 3404 3405
f 3185 3187 3401 3402
f 3181 3182 3184 3183
f 3178 3213 3215 3180
f 3176 3177 3406 3407
f 3180 3215 3217 3182
f 3217 3219 3184 3182
f 3221 3223 3188 3186
f 3184 3219 3221 3186
f 3189 3191 3399 3400
f 3188 3223 3225 3190
f 3191 3193 3398 3399
f 3199 3447 3446 3243
f 3211 3209 3441 3440
f 3206 3443 3442 3208
f 3202 3466 3243 3201
f 3154 3153 3205 3170
f 3208 3442 3441 3209
f 3214 3211 3440 3439
f 3343 3473 3474 3344
f 3214 3439 3438 3216
f 3268 3309 3310 3270
f 3216 3438 3437 3218
f 3269 3438 3439 3268
f 3220 3218 3437 3436
f 3269 3271 3320 3319
f 3222 3435 3434 3224
f 3286 3301 3297 3287
f 3226 3224 3434 3433
f 3856 3859 3335 3397
f 3326 3328 3333 3332
f 3364 3362 8602 8078
f 3228 3432 3431 3230
f 3324 3326 3332 3331
f 3231 3232 3236 3235
f 3421 3422 3233 3231
f 3246 3317 3238 3236
f 3237 3419 3420 3235
f 3722 3862 3861 3724
f 3241 3442 3443 3242
f 3209 3211 3212 3210
f 3175 3178 3177 3176
f 3153 3152 3206 3205
f 3245 3310 3309 3244
f 3303 3304 3471 3470
f 3206 3208 3207 3205
f 3238 3317 3245 3240
f 3315 3316 3249 3247
f 3250 3249 3316 3274
f 3252 3254 3321 3273
f 3276 3387 3389 3277
f 3259 3261 3260 3258
f 3257 3276 3277 3259
f 3329 3391 3393 3330
f 3255 3322 3276 3257
f 3258 3260 3327 3279
f 3260 3262 3328 3327
f 3281 3325 3323 3283
f 3277 3389 3391 3329
f 3266 3267 3858 3860
f 3263 3330 3334 3265
f 3335 3859 3858 3267
f 3220 3436 3435 3222
f 3183 3184 3186 3185
f 3225 3226 3228 3227
f 3268 3439 3440 3309
f 3253 3275 3322 3255
f 3276 3322 3385 3387
f 3256 3257 3259 3258
f 3261 3329 3330 3263
f 3280 3320 3321 3278
f 3279 3327 3325 3281
f 3263 3265 3264 3262
f 3280 3282 3319 3320
f 3228 3230 3229 3227
f 3301 3302 3342 3343
f 3187 3188 3190 3189
f 3140 3141 3289 3290
f 3296 3339 3127 3122
f 3105 3291 3341 3108
f 3084 3102 3110 3092
f 3289 4278 4281 3290
f 3289 3288 4288 4278
f 3351 9149 9143 3352
f 3106 3294 3147 3102
f 3339 3340 3292 3293
f 3145 3146 3295 3296
f 3145 3469 3470 3146
f 3342 3472 3473 3343
f 3345 9136 9138 3346
f 3346 9138 9139 3347
f 3123 3297 3344 3128
f 3241 3244 3441 3442
f 3154 3155 3167 3168
f 3163 3164 3453 3452
f 3409 3410 3169 3171
f 3284 3302 3301 3286
f 3303 3305 3306 3304
f 3141 3872 3874 3142
f 3148 3462 3417 3149
f 3212 3213 3178 3175
f 3270 3272 3273 3271
f 3214 3216 3215 3213
f 3181 3183 3403 3404
f 3338 3863 3864 3431
f 3201 3203 3204 3202
f 3245 3317 3318 3310
f 3315 3377 3379 3316
f 3145 3296 3122 3114
f 3274 3275 3253 3250
f 3256 3278 3321 3254
f 3235 3236 3238 3237
f 3251 3252 3273 3272
f 3240 3245 3244 3241
f 3375 3377 3315 3234
f 3252 3253 3255 3254
f 3246 3247 3249 3248
f 3248 3251 3272 3318
f 3126 3131 3363 3300
f 3216 3218 3217 3215
f 3222 3224 3223 3221
f 3189 3400 3401 3187
f 3337 3862 3863 3338
f 3256 3258 3279 3278
f 3261 3263 3262 3260
f 3230 3867 3866 3229
f 3327 3328 3326 3325
f 3194 3865 3868 3193
f 3192 3227 3229 3194
f 3332 3337 3338 3331
f 3324 3433 3434 3323
f 3325 3326 3324 3323
f 3264 3266 3336 3333
f 3860 3861 3336 3266
f 3264 3265 3267 3266
f 3223 3224 3226 3225
f 3189 3190 3192 3191
f 3226 3433 3432 3228
f 3279 3281 3280 3278
f 3259 3277 3329 3261
f 3323 3434 3435 3283
f 3229 3866 3865 3194
f 3233 3373 3375 3234
f 3316 3379 3381 3274
f 3190 3225 3227 3192
f 3330 3393 3395 3334
f 3282 3283 3435 3436
f 3264 3333 3328 3262
f 3334 3335 3267 3265
f 3333 3336 3337 3332
f 3232 3234 3315 3247
f 3230 3431 3864 3867
f 3254 3255 3257 3256
f 3381 3383 3275 3274
f 3336 3861 3862 3337
f 3217 3218 3220 3219
f 3220 3222 3221 3219
f 3179 3405 3406 3177
f 3275 3383 3385 3322
f 3166 3200 3466 3202
f 3294 3295 3146 3147
f 3365 3367 3306 3305
f 3125 3299 3469 3137
f 3304 3306 3312 3311
f 3212 3211 3214 3213
f 3303 3470 3469 3299
f 3369 3371 3314 3312
f 3444 3445 3429 3430
f 3348 3347 9139 9137
f 3368 8080 8081 3370
f 3364 3366 3367 3365
f 3345 3346 3400 3399
f 3346 3347 3401 3400
f 3350 3351 3406 3405
f 3349 3403 3402 3348
f 3354 3355 3410 3409
f 3452 3453 3358 3359
f 3157 3355 9152 9153
f 3360 3451 3452 3359
f 3426 3427 3447 3448
f 3372 3373 3423 3424
f 3372 3374 3375 3373
f 3388 3390 3391 3389
f 3724 3861 3860 3726
f 3394 3396 3397 3395
f 3478 3520 3521 3479
f 3398 3869 3871 3870
f 3456 3457 3412 3411
f 3136 3138 3474 3456
f 3414 3428 3427 3413
f 3162 3467 3466 3200
f 3414 3415 3429 3428
f 3415 3460 3461 3416
f 3150 3242 3443 3151
f 3149 3417 3242 3150
f 3463 3464 3419 3418
f 3420 3465 3313 3421
f 3233 3422 3423 3373
f 3415 3416 3430 3429
f 3168 3204 3153 3154
f 3248 3318 3317 3246
f 3239 3242 3417 3418
f 3240 3241 3242 3239
f 3250 3253 3252 3251
f 3268 3270 3271 3269
f 3231 3233 3234 3232
f 3250 3251 3248 3249
f 3331 3338 3431 3432
f 3432 3433 3324 3331
f 3271 3273 3321 3320
f 3201 3243 3446 3445
f 3428 3446 3447 3427
f 3429 3445 3446 3428
f 3871 9135 9140 3870
f 3413 3427 3426 3412
f 3563 3712 3711 3562
f 3349 9141 8727 3468
f 3349 3468 3404 3403
f 3866 3867 3728 3729
f 3386 3388 3389 3387
f 3382 3384 3385 3383
f 3140 3876 3872 3141
f 3458 3472 3111 3459
f 3306 3367 3369 3312
f 3151 3152 3203 3444
f 3149 3416 3461 3148
f 3287 3297 3123 3119
f 3314 3371 3423 3422
f 3118 3196 3158 3115
f 3313 3314 3422 3421
f 3456 3474 3473 3457
f 3152 3153 3204 3203
f 3151 3443 3206 3152
f 3207 3208 3209 3210
f 3300 3363 3365 3305
f 3156 3455 3167 3155
f 3155 3169 3410 3156
f 3159 3161 3451 3450
f 3110 3471 3304 3311
f 3165 3167 3455 3454
f 3158 3196 3198 3160
f 3173 3175 3176 3174
f 3173 3210 3212 3175
f 3174 3176 3407 3408
f 3179 3180 3182 3181
f 3183 3185 3402 3403
f 3185 3186 3188 3187
f 3191 3192 3194 3193
f 3868 3869 3398 3193
f 3197 3199 3467 3198
f 3195 3449 3448 3197
f 3281 3283 3282 3280
f 3237 3238 3240 3239
f 3418 3419 3237 3239
f 3395 3397 3335 3334
f 3149 3150 3430 3416
f 3231 3235 3420 3421
f 3201 3445 3444 3203
f 3311 3312 3314 3313
f 3155 3154 3170 3169
f 3404 3468 3350 3405
f 3466 3467 3199 3243
f 3350 3468 8727 9146
f 3348 9137 9141 3349
f 3414 3459 3460 3415
f 3376 3377 3375 3374
f 3380 3382 3383 3381
f 3390 3392 3393 3391
f 3392 3394 3395 3393
f 3396 3857 3856 3397
f 3450 3451 3360 3361
f 3380 3381 3379 3378
f 3352 3407 3406 3351
f 3477 3786 3666 3857
f 3477 9130 9131 3476
f 3624 3863 3862 3722
f 3475 3476 9131 9132
f 3562 3475 3871 3625
f 3089 3106 3102 3084
f 3097 3148 3461 3098
f 3139 3143 4306 4300
f 3478 3788 3858 3859
f 3476 3711 3786 3477
f 3519 3868 3865 3730
f 3584 3623 3622 3585
f 3522 3523 3481 3480
f 3479 3749 3788 3478
f 3807 3854 3855 3808
f 3521 3520 3666 3665
f 3478 3859 3856 3520
f 3784 3786 3711 3712
f 3481 3482 3782 3750
f 3523 3663 3662 3524
f 3483 3525 3526 3484
f 3484 3781 3780 3483
f 3526 3525 3661 3660
f 3484 3485 3831 3781
f 3527 3659 3658 3528
f 3487 3488 3821 3818
f 3529 3657 3656 3530
f 3531 3530 3656 3655
f 3489 3820 3821 3488
f 3489 3490 3701 3820
f 3531 3655 3654 3532
f 3533 3532 3654 3653
f 3676 3852 3853 3678
f 3491 3492 3682 3681
f 3492 3493 3851 3682
f 3494 3536 3537 3495
f 3493 3494 3671 3851
f 3495 3670 3671 3494
f 3536 3650 3649 3537
f 3496 3669 3670 3495
f 3680 3813 3674 3672
f 3539 3538 3648 3647
f 3539 3647 3646 3540
f 3682 3851 3850 3696
f 3715 3717 3718 3716
f 3542 3644 3643 3543
f 3545 3546 3504 3503
f 3503 3504 3854 3807
f 3502 3503 3807 3805
f 3543 3643 3642 3544
f 3505 3506 3791 3810
f 3548 3638 3637 3549
f 3507 3508 3767 3792
f 3508 3509 3768 3767
f 3509 3510 3762 3768
f 3552 3553 3511 3510
f 3513 3514 3753 3756
f 3514 3515 3752 3753
f 3516 3714 3752 3515
f 3713 3714 3516 3517
f 3561 3625 3871 3869
f 3482 3483 3780 3782
f 3526 3660 3659 3527
f 3834 3844 3843 3836
f 3488 3530 3531 3489
f 3533 3534 3492 3491
f 3686 3689 3687 3684
f 3535 3651 3650 3536
f 3537 3649 3648 3538
f 3671 3670 3686 3685
f 3500 3542 3543 3501
f 3546 3545 3641 3640
f 3547 3546 3640 3639
f 3546 3547 3505 3504
f 3547 3639 3638 3548
f 3550 3551 3509 3508
f 3549 3637 3636 3550
f 3553 3554 3512 3511
f 3552 3634 3633 3553
f 3512 3554 3555 3513
f 3554 3553 3633 3632
f 3555 3631 3630 3556
f 3514 3556 3557 3515
f 3558 3559 3517 3516
f 3559 3627 3626 3560
f 3560 3561 3519 3518
f 3718 3739 3751 3716
f 3773 3775 3776 3774
f 3629 3630 3567 3566
f 3564 3565 3774 3787
f 3567 3630 3631 3568
f 3568 3771 3778 3567
f 3571 3770 3769 3570
f 3572 3635 3636 3573
f 3770 3816 3817 3769
f 3633 3634 3571 3570
f 3573 3574 3813 3811
f 3575 3638 3639 3576
f 3575 3576 3675 3674
f 3577 3640 3641 3578
f 3691 3693 3684 3687
f 3580 3704 3679 3579
f 3581 3582 3706 3705
f 3720 3721 3622 3623
f 3583 3864 3863 3624
f 3586 3587 3739 3718
f 3585 3622 3621 3586
f 3736 3737 3619 3620
f 3620 3621 3733 3736
f 3746 3747 3748 3750
f 3587 3588 3738 3739
f 3618 3619 3737 3744
f 3592 3591 3616 3615
f 3615 3837 3797 3614
f 3593 3800 3846 3592
f 3841 3836 3843 3842
f 3591 3592 3846 3845
f 3757 3760 3845 3763
f 3593 3614 3613 3594
f 3764 3846 3800 3766
f 3597 3596 3611 3610
f 3598 3609 3608 3599
f 3599 3600 3804 3803
f 3598 3599 3803 3847
f 3600 3607 3606 3601
f 3602 3601 3606 3605
f 3602 3603 3826 3827
f 3606 3607 3693 3691
f 3803 3808 3855 3847
f 3601 3602 3827 3828
f 3605 3692 3709 3604
f 3790 3765 3799 3793
f 3803 3804 3806 3808
f 3789 3794 3802 3809
f 3599 3608 3607 3600
f 3596 3597 3802 3794
f 3608 3609 3848 3694
f 3609 3610 3801 3848
f 3594 3595 3793 3799
f 3594 3799 3800 3593
f 3596 3595 3612 3611
f 3612 3613 3798 3795
f 3614 3797 3798 3613
f 3590 3760 3759 3589
f 3616 3617 3838 3835
f 3738 3754 3751 3739
f 3590 3617 3616 3591
f 3740 3743 3744 3737
f 3589 3588 3619 3618
f 3584 3585 3717 3719
f 3586 3621 3620 3587
f 3583 3584 3719 3728
f 3585 3586 3718 3717
f 3728 3867 3864 3583
f 3563 3626 3627 3564
f 3566 3773 3774 3565
f 3560 3626 3625 3561
f 3569 3772 3771 3568
f 3559 3558 3628 3627
f 3569 3570 3769 3772
f 3557 3558 3516 3515
f 3572 3573 3811 3812
f 3555 3554 3632 3631
f 3571 3634 3635 3572
f 3812 3811 3815 3814
f 3511 3761 3762 3510
f 3576 3577 3853 3675
f 3550 3636 3635 3551
f 3506 3548 3549 3507
f 3580 3581 3705 3704
f 3547 3548 3506 3505
f 3579 3642 3643 3580
f 3544 3545 3503 3502
f 3501 3543 3544 3502
f 3499 3541 3542 3500
f 3497 3539 3540 3498
f 3683 3849 3850 3685
f 3533 3653 3652 3534
f 3659 3660 3779 3783
f 3489 3531 3532 3490
f 3485 3527 3528 3486
f 3664 3665 3784 3785
f 3663 3664 3785 3776
f 3481 3523 3524 3482
f 3726 3860 3858 3788
f 3648 3702 3703 3647
f 3648 3649 3677 3702
f 3497 3498 3707 3668
f 3656 3657 3816 3814
f 3699 3839 3840 3700
f 3679 3704 3702 3677
f 3676 3678 3679 3677
f 3656 3814 3815 3655
f 3696 3698 3681 3682
f 3831 3819 3844 3833
f 3702 3704 3705 3703
f 3495 3537 3538 3496
f 3683 3685 3686 3684
f 3688 3708 3709 3692
f 3683 3694 3848 3849
f 3696 3850 3849 3695
f 3697 3699 3700 3698
f 3688 3690 3710 3708
f 3695 3697 3698 3696
f 3681 3698 3700 3701
f 3493 3535 3536 3494
f 3534 3652 3651 3535
f 3652 3673 3852 3651
f 3624 3722 3720 3623
f 3703 3705 3706 3667
f 3668 3690 3689 3669
f 3736 3735 3740 3737
f 3621 3622 3721 3733
f 3565 3628 3629 3566
f 3713 3715 3716 3714
f 3720 3723 3727 3721
f 3587 3620 3619 3588
f 3588 3589 3759 3738
f 3720 3722 3724 3723
f 3723 3725 3747 3727
f 3826 3829 3823 3827
f 3729 3731 3732 3730
f 3755 3757 3758 3756
f 3750 3782 3745 3746
f 3733 3734 3735 3736
f 3744 3838 3617 3618
f 3743 3832 3838 3744
f 3741 3742 3780 3781
f 3741 3743 3740 3742
f 3742 3745 3782 3780
f 3751 3754 3753 3752
f 3727 3747 3746 3734
f 3669 3689 3686 3670
f 3753 3754 3755 3756
f 3480 3481 3750 3748
f 3524 3525 3483 3482
f 3526 3527 3485 3484
f 3765 3766 3800 3799
f 3832 3833 3844 3834
f 3755 3759 3760 3757
f 3763 3845 3846 3764
f 3616 3835 3837 3615
f 3761 3763 3764 3762
f 3765 3790 3792 3767
f 3767 3768 3766 3765
f 3573 3636 3637 3574
f 3777 3778 3771 3779
f 3632 3633 3570 3569
f 3772 3783 3779 3771
f 3487 3529 3530 3488
f 3486 3528 3529 3487
f 3712 3787 3785 3784
f 3713 3732 3731 3715
f 3723 3724 3726 3725
f 3566 3567 3778 3773
f 3666 3786 3784 3665
f 3480 3748 3749 3479
f 3523 3522 3664 3663
f 3789 3790 3793 3794
f 3580 3643 3644 3581
f 3789 3791 3792 3790
f 3806 3825 3824 3805
f 3597 3610 3609 3598
f 3611 3612 3795 3796
f 3596 3794 3793 3595
f 3818 3821 3842 3843
f 3600 3601 3828 3804
f 3602 3605 3604 3603
f 3805 3807 3808 3806
f 3695 3849 3848 3801
f 3769 3817 3783 3772
f 3840 3842 3821 3820
f 3532 3533 3491 3490
f 3661 3777 3779 3660
f 3822 3824 3825 3823
f 3700 3840 3820 3701
f 3525 3524 3662 3661
f 3662 3663 3776 3775
f 3819 3831 3485 3486
f 3529 3528 3658 3657
f 3836 3841 3797 3837
f 3836 3837 3835 3834
f 3839 3841 3842 3840
f 3699 3795 3798 3839
f 3595 3594 3613 3612
f 3719 3731 3729 3728
f 3806 3804 3828 3825
f 3672 3674 3675 3673
f 3687 3688 3692 3691
f 3699 3697 3796 3795
f 3832 3834 3835 3838
f 3747 3725 3749 3748
f 3831 3833 3741 3781
f 3581 3644 3645 3582
f 3578 3579 3679 3678
f 3576 3639 3640 3577
f 3574 3575 3674 3813
f 3571 3572 3812 3770
f 3568 3631 3632 3569
f 3680 3815 3811 3813
f 3479 3521 3522 3480
f 3812 3814 3816 3770
f 3597 3598 3847 3802
f 3590 3591 3845 3760
f 3590 3589 3618 3617
f 3757 3763 3761 3758
f 3743 3741 3833 3832
f 3735 3745 3742 3740
f 3500 3822 3830 3499
f 3542 3541 3645 3644
f 3544 3642 3641 3545
f 3823 3825 3828 3827
f 3509 3551 3552 3510
f 3798 3797 3841 3839
f 3785 3787 3774 3776
f 3551 3635 3634 3552
f 3513 3555 3556 3514
f 3557 3556 3630 3629
f 3764 3766 3768 3762
f 3559 3560 3518 3517
f 3557 3629 3628 3558
f 3518 3732 3713 3517
f 3518 3519 3730 3732
f 3754 3738 3759 3755
f 3563 3564 3787 3712
f 3734 3746 3745 3735
f 3715 3731 3719 3717
f 3611 3796 3801 3610
f 3847 3855 3809 3802
f 3773 3778 3777 3775
f 3657 3658 3817 3816
f 3684 3693 3694 3683
f 3492 3534 3535 3493
f 3675 3853 3852 3673
f 3512 3758 3761 3511
f 3512 3513 3756 3758
f 3574 3637 3638 3575
f 3843 3844 3819 3818
f 3658 3659 3783 3817
f 3491 3681 3701 3490
f 3775 3777 3661 3662
f 3823 3829 3830 3822
f 3486 3487 3818 3819
f 3592 3615 3614 3593
f 3607 3608 3694 3693
f 3810 3809 3855 3854
f 3654 3655 3815 3680
f 3578 3678 3853 3577
f 3641 3642 3579 3578
f 3506 3507 3792 3791
f 3606 3691 3692 3605
f 3507 3549 3550 3508
f 3653 3654 3680 3672
f 3496 3538 3539 3497
f 3672 3673 3652 3653
f 3695 3801 3796 3697
f 3504 3505 3810 3854
f 3650 3651 3852 3676
f 3668 3669 3496 3497
f 3687 3689 3690 3688
f 3501 3502 3805 3824
f 3676 3677 3649 3650
f 3714 3716 3751 3752
f 3500 3501 3824 3822
f 3671 3685 3850 3851
f 3646 3647 3703 3667
f 3668 3707 3710 3690
f 3625 3626 3563 3562
f 3727 3734 3733 3721
f 3726 3788 3749 3725
f 3519 3561 3869 3868
f 3269 3319 3437 3438
f 3197 3448 3447 3199
f 3270 3310 3318 3272
f 3232 3247 3246 3236
f 3583 3624 3623 3584
f 3564 3627 3628 3565
f 3730 3865 3866 3729
f 3789 3809 3810 3791
f 3521 3665 3664 3522
f 9119 9130 3477 3857
f 3475 9132 9135 3871
f 3087 3883 4321 4286
f 2932 2845 3895 3884
f 3890 4315 4279 3082
f 2991 3085 3901 3907
f 2991 3907 3913 2997
f 2997 3913 3919 2996
f 2892 2996 3919 3925
f 2892 3925 3931 2995
f 2924 3937 3926 2923
f 2993 2994 3932 3943
f 2992 2993 3943 3949
f 2992 3949 3955 3084
f 3084 3955 3961 3089
f 2927 2928 3967 3956
f 3962 3973 3088 3090
f 3292 3872 3876 3293
f 3292 3291 3874 3872
f 3121 3293 3876 3875
f 3105 3877 3874 3291
f 3083 3100 3877 3873
f 3088 3973 3979 3873
f 2844 2930 3985 3974
f 2930 2931 3878 3985
f 3083 3980 3883 3087
f 3882 3883 3980 3981
f 3881 3882 3981 3982
f 3880 3881 3982 3983
f 3879 3880 3983 3984
f 3984 3985 3878 3879
f 3873 3979 3980 3083
f 3978 3981 3980 3979
f 3977 3982 3981 3978
f 3976 3983 3982 3977
f 3975 3984 3983 3976
f 3974 3985 3984 3975
f 2929 2844 3974 3968
f 3968 3974 3975 3969
f 3969 3975 3976 3970
f 3970 3976 3977 3971
f 3971 3977 3978 3972
f 3972 3978 3979 3973
f 2928 2929 3968 3967
f 3968 3969 3966 3967
f 3965 3966 3969 3970
f 3964 3965 3970 3971
f 3963 3964 3971 3972
f 3962 3963 3972 3973
f 3961 3962 3090 3089
f 3960 3963 3962 3961
f 3960 3959 3964 3963
f 3958 3965 3964 3959
f 3957 3966 3965 3958
f 3956 3967 3966 3957
f 2866 2927 3956 3950
f 3950 3956 3957 3951
f 3951 3957 3958 3952
f 3952 3958 3959 3953
f 3953 3959 3960 3954
f 3954 3960 3961 3955
f 2866 3950 3944 2926
f 3944 3950 3951 3945
f 3945 3951 3952 3946
f 3946 3952 3953 3947
f 3953 3954 3948 3947
f 3948 3954 3955 3949
f 2925 2926 3944 3938
f 3938 3944 3945 3939
f 3939 3945 3946 3940
f 3940 3946 3947 3941
f 3941 3947 3948 3942
f 3942 3948 3949 3943
f 2924 2925 3938 3937
f 3938 3939 3936 3937
f 3935 3936 3939 3940
f 3934 3935 3940 3941
f 3933 3934 3941 3942
f 3932 3933 3942 3943
f 3931 3932 2994 2995
f 3930 3933 3932 3931
f 3930 3929 3934 3933
f 3928 3935 3934 3929
f 3928 3927 3936 3935
f 3927 3926 3937 3936
f 2923 3926 3920 2891
f 3920 3926 3927 3921
f 3921 3927 3928 3922
f 3922 3928 3929 3923
f 3923 3929 3930 3924
f 3924 3930 3931 3925
f 2922 2891 3920 3914
f 3914 3920 3921 3915
f 3921 3922 3916 3915
f 3916 3922 3923 3917
f 3917 3923 3924 3918
f 3918 3924 3925 3919
f 2921 2922 3914 3908
f 3914 3915 3909 3908
f 3909 3915 3916 3910
f 3910 3916 3917 3911
f 3911 3917 3918 3912
f 3912 3918 3919 3913
f 2921 3908 3902 2934
f 3902 3908 3909 3903
f 3903 3909 3910 3904
f 3904 3910 3911 3905
f 3905 3911 3912 3906
f 3906 3912 3913 3907
f 2934 3902 3896 2933
f 3902 3903 3897 3896
f 3897 3903 3904 3898
f 3898 3904 3905 3899
f 3899 3905 3906 3900
f 3900 3906 3907 3901
f 2845 4277 4310 3895
f 3895 4310 4311 3894
f 3893 3894 4311 4312
f 3892 3893 4312 4313
f 3891 3892 4313 4314
f 3890 3891 4314 4315
f 3086 3889 3890 3082
f 3889 3888 3891 3890
f 3887 3892 3891 3888
f 3886 3893 3892 3887
f 3886 3885 3894 3893
f 3885 3884 3895 3894
f 2931 4285 4316 3878
f 3878 4316 4317 3879
f 3879 4317 4318 3880
f 3880 4318 4319 3881
f 3881 4319 4320 3882
f 3882 4320 4321 3883
f 2421 3129 9147 7511
f 3119 3123 2385 2794
f 3123 3128 2386 2385
f 2384 2386 3128 3138
f 2383 2384 3138 3136
f 2382 2383 3136 3132
f 2381 2382 3132 3133
f 3133 3134 2380 2381
f 4019 4025 1914 2509
f 4018 4019 4013 4012
f 4013 4019 2509 2508
f 4024 4025 4019 4018
f 2306 4027 4011 2320
f 4011 4027 4026 4010
f 2329 2320 4011 4006
f 4007 4006 4011 4010
f 2348 2349 4017 4007
f 4007 4017 4016 4006
f 4001 4017 2349 2350
f 4000 4016 4017 4001
f 2287 2307 4026 3999
f 3998 3999 4026 4027
f 1892 2133 3995 3991
f 3990 3991 3995 3994
f 2351 4003 4083 4035
f 4003 4002 4086 4083
f 1812 3986 3989 1813
f 3988 3989 3986 3987
f 1915 2038 3996 4024
f 3997 4025 4024 3996
f 2287 3999 4030 2378
f 3998 4031 4030 3999
f 2274 4021 4003 2351
f 4003 4021 4020 4002
f 1829 1830 4015 4005
f 4005 4015 4014 4004
f 1889 1892 3991 4004
f 3990 4005 4004 3991
f 1830 1831 4023 4015
f 4014 4015 4023 4022
f 1985 4008 4021 2274
f 4009 4020 4021 4008
f 4022 9282 7978 1891
f 4022 4023 9283 9282
f 1984 4009 4029 1988
f 4008 4028 4029 4009
f 1620 3987 3995 2133
f 3986 3994 3995 3987
f 1924 1988 4029 3993
f 3992 3993 4029 4028
f 2037 3997 3988 1645
f 3988 3997 3996 3989
f 1924 3993 4013 2508
f 4012 4013 3993 3992
f 2379 2380 3134 3117
f 3117 3118 4031 2379
f 4030 4031 3118 3115
f 3115 3116 2378 4030
f 2378 3116 3135 2422
f 2421 2422 3135 3129
f 4000 4001 4085 4088
f 4087 4088 4085 4084
f 4083 4086 4087 4084
f 4037 4085 4001 2350
f 4036 4084 4085 4037
f 4083 4084 4036 4035
f 2344 4238 4322 4052
f 4052 4322 4323 4051
f 4050 4051 4323 4324
f 2548 4219 4325 4058
f 4057 4058 4325 4326
f 4056 4057 4326 4327
f 2417 2418 4080 4071
f 4080 4081 4072 4071
f 4072 4081 4082 4073
f 2416 4082 9323 8048
f 4081 9322 9323 4082
f 9321 9322 4081 4080
f 2366 4046 4067 2367
f 4066 4067 4046 4045
f 4065 4066 4045 4044
f 2345 4169 4208 4053
f 4208 4212 4054 4053
f 4054 4212 4216 4055
f 2347 2360 4044 4074
f 4045 4075 4074 4044
f 4045 4046 4076 4075
f 2798 2354 4068 4043
f 4042 4043 4068 4069
f 4041 4042 4069 4070
f 2536 2355 4079 4056
f 4056 4079 4078 4057
f 4057 4078 4077 4058
f 8055 10489 10497 9365
f 9365 10497 10510 9364
f 9363 9364 10510 10512
f 2342 2373 4064 4040
f 4039 4040 4064 4063
f 4038 4039 4063 4062
f 2342 4040 4059 2377
f 4039 4060 4059 4040
f 4038 4061 4060 4039
f 2357 4034 4061 2376
f 4033 4060 4061 4034
f 4032 4059 4060 4033
f 2373 2363 4077 4064
f 4064 4077 4078 4063
f 4062 4063 4078 4079
f 2352 4049 4034 2357
f 4033 4034 4049 4048
f 4032 4033 4048 4047
f 2367 4067 4055 2368
f 4055 4067 4066 4054
f 4053 4054 4066 4065
f 2352 4000 4088 4049
f 4048 4049 4088 4087
f 4048 4087 4086 4047
f 4035 4073 2415 2351
f 4072 4073 4035 4036
f 4036 4037 4071 4072
f 2387 3112 4301 4261
f 2802 3124 3112 2387
f 2388 3120 4283 4264
f 4051 4050 4213 4209
f 4209 4213 4214 4210
f 4210 4214 4215 4211
f 4211 4215 4216 4212
f 4051 4209 4205 4052
f 4205 4209 4210 4206
f 4206 4210 4211 4207
f 4207 4211 4212 4208
f 2344 4052 4205 4172
f 4171 4172 4205 4206
f 4170 4171 4206 4207
f 4170 4207 4208 4169
f 2788 4097 4192 1966
f 4098 4191 4192 4097
f 4099 4190 4191 4098
f 4100 4189 4190 4099
f 2787 1951 4168 4124
f 4123 4124 4168 4167
f 4122 4123 4167 4166
f 4121 4122 4166 4165
f 1685 4140 4136 2782
f 4135 4136 4140 4139
f 4135 4139 4138 4134
f 4133 4134 4138 4137
f 2471 2472 4180 4153
f 4153 4180 4179 4154
f 4154 4179 4178 4155
f 4155 4178 4177 4156
f 2487 1967 4176 4156
f 4155 4156 4176 4175
f 4154 4155 4175 4174
f 4154 4174 4173 4153
f 2326 4160 4185 2314
f 4159 4186 4185 4160
f 4159 4158 4187 4186
f 4157 4188 4187 4158
f 2344 4172 4116 2333
f 4115 4116 4172 4171
f 4114 4115 4171 4170
f 4113 4114 4170 4169
f 2334 2337 4157 4113
f 4113 4157 4158 4114
f 4158 4159 4115 4114
f 4159 4160 4116 4115
f 2369 4161 4213 4050
f 4162 4214 4213 4161
f 4162 4163 4215 4214
f 4164 4216 4215 4163
f 2296 4149 4112 2301
f 4111 4112 4149 4150
f 4110 4111 4150 4151
f 4109 4110 4151 4152
f 2295 4152 4104 2388
f 4103 4104 4152 4151
f 4102 4103 4151 4150
f 4102 4150 4149 4101
f 2301 4112 4188 2313
f 4111 4187 4188 4112
f 4110 4186 4187 4111
f 4109 4185 4186 4110
f 2783 1961 4165 4133
f 4133 4165 4166 4134
f 4134 4166 4167 4135
f 4135 4167 4168 4136
f 2148 4096 4196 2282
f 4095 4195 4196 4096
f 4194 4195 4095 4094
f 4093 4193 4194 4094
f 1640 1866 4181 4141
f 4141 4181 4182 4142
f 4142 4182 4183 4143
f 4143 4183 4184 4144
f 1935 1959 4132 4144
f 4143 4144 4132 4131
f 4142 4143 4131 4130
f 4141 4142 4130 4129
f 1783 2094 4108 4125
f 4108 4107 4126 4125
f 4107 4106 4127 4126
f 4106 4105 4128 4127
f 2108 4184 4128 2109
f 4127 4128 4184 4183
f 4126 4127 4183 4182
f 4125 4126 4182 4181
f 1845 4120 4108 2094
f 4107 4108 4120 4119
f 4106 4107 4119 4118
f 4105 4106 4118 4117
f 1696 4129 4145 1624
f 4129 4130 4146 4145
f 4130 4131 4147 4146
f 4131 4132 4148 4147
f 8032 10442 10446 9385
f 9385 10446 10513 9386
f 9386 10513 10514 9387
f 9387 10514 10516 9388
f 2068 1955 4197 4092
f 4197 4198 4091 4092
f 4090 4091 4198 4199
f 4090 4199 4200 4089
f 1986 4200 4180 2472
f 4179 4180 4200 4199
f 4178 4179 4199 4198
f 4177 4178 4198 4197
f 1942 2068 4092 4148
f 4091 4147 4148 4092
f 4090 4146 4147 4091
f 4145 4146 4090 4089
f 1960 4137 4176 1967
f 4175 4176 4137 4138
f 4138 4139 4174 4175
f 4139 4140 4173 4174
f 1966 4192 4121 2790
f 4121 4192 4191 4122
f 4122 4191 4190 4123
f 4123 4190 4189 4124
f 1963 2803 4100 4201
f 4099 4202 4201 4100
f 4098 4203 4202 4099
f 4097 4204 4203 4098
f 2369 2282 4196 4161
f 4161 4196 4195 4162
f 4162 4195 4194 4163
f 4163 4194 4193 4164
f 4093 4204 1972 1965
f 4094 4203 4204 4093
f 4095 4202 4203 4094
f 4096 4201 4202 4095
f 4264 4283 3124 2802
f 2794 4261 4301 3119
f 4068 4327 4326 4069
f 4069 4326 4325 4070
f 2364 4070 4325 4219
f 4041 4324 4323 4042
f 4043 4042 4323 4322
f 2798 4043 4322 4238
f 3889 4321 4320 3888
f 3888 4320 4319 3887
f 3886 3887 4319 4318
f 3885 3886 4318 4317
f 3885 4317 4316 3884
f 3884 4316 4285 2932
f 3900 3901 4315 4314
f 3900 4314 4313 3899
f 3899 4313 4312 3898
f 3897 3898 4312 4311
f 3896 3897 4311 4310
f 2933 3896 4310 4277
f 4279 4315 3901 3085
f 4286 4321 3889 3086
f 3286 3287 4300 4306
f 3307 4278 4288 3308
f 3307 3298 4281 4278
f 3284 3286 4306 4297
f 3298 3124 4283 4281
f 3119 4301 4300 3287
f 3107 3308 4288 4293
f 2917 4291 4295 3033
f 2918 4291 4284 3072
f 4280 4297 3144 3101
f 2904 3072 4284 4299
f 3078 2990 4303 4298
f 3052 4292 4273 2976
f 3082 4279 4280 3101
f 2988 3011 4305 4276
f 2988 4276 4296 3010
f 2962 4275 4292 3052
f 2964 3025 4290 4273
f 4282 4304 2846 2849
f 2948 2950 4275 4289
f 2843 2863 4287 4274
f 2919 3015 4309 4274
f 3013 2905 4307 4272
f 2841 4307 4287 2863
f 2845 2857 4309 4277
f 2974 4308 4305 3011
f 2990 3077 4290 4303
f 3087 4286 4293 3104
f 3012 4302 4308 2974
f 2846 4304 4272 2856
f 4285 4295 3063 2932
f 2935 3059 4294 4289
f 2904 4299 4294 3059
f 2960 4282 4302 3012
f 2545 2713 4268 4259
f 2591 2560 4243 4242
f 2550 2559 4234 4259
f 2743 4239 4220 2588
f 2573 2664 4245 4225
f 2733 2599 4236 4228
f 2693 2695 4246 4227
f 4224 4237 2751 2638
f 2670 2687 4235 4226
f 2682 2693 4227 4266
f 2565 4231 4328 4229
f 2558 4234 4328 4231
f 2559 4233 4328 4234
f 2672 2686 4235 4256
f 2585 4257 4240 2614
f 2564 2614 4240 4221
f 2562 2711 4250 4265
f 2546 2631 4241 4269
f 4230 4239 2743 2726
f 2556 4249 4236 2599
f 2573 4225 4263 2602
f 2648 2682 4266 4251
f 4221 4229 2566 2564
f 2672 4256 4230 2726
f 2675 2659 4224 4220
f 2602 4263 4247 2603
f 4243 4267 2639 2581
f 2603 4247 4228 2734
f 2632 4241 4250 2711
f 2576 4249 4257 2585
f 2639 4267 4251 2647
f 1950 4262 4232 2630
f 2567 4245 4237 2663
f 2669 2696 4246 4226
f 2559 2591 4242 4233
f 2562 4265 4231 2565
f 4232 4268 2713 2630
f 2282 4255 4269 2147
f 2800 4255 4244 2799
f 2295 4260 4223 2302
f 2799 4244 4324 4041
f 2537 4252 4222 2795
f 2333 4252 4238 2344
f 2302 4223 4254 2314
f 2589 2795 4222 4254
f 2364 4219 4253 2281
f 2294 2387 4261 4248
f 2760 2796 4218 4248
f 2354 4258 4327 4068
f 2539 2536 4258 4217
f 2571 4271 4218 2796
f 4270 4271 2571 2767
f 2539 4217 4270 2767
f 2295 2388 4264 4260
f 1950 2281 4253 4262
f 4331 4332 4329 4330
f 4331 4334 4333 4332
f 4334 4331 4336 4335
f 4331 4330 4337 4336
f 4338 4339 4340 4341
f 4340 4343 4342 4341
f 4338 4341 4345 4344
f 4342 4346 4345 4341
f 4347 4348 4349 4350
f 4349 4352 4351 4350
f 4347 4350 4354 4353
f 4351 4355 4354 4350
f 4356 4359 4358 4357
f 4360 4361 4358 4359
f 4359 4363 4362 4360
f 4356 4364 4363 4359
f 4365 4368 4367 4366
f 4368 4370 4369 4367
f 4368 4372 4371 4370
f 4368 4365 4373 4372
f 4338 4344 4375 4374
f 4344 4345 4376 4375
f 4345 4346 4377 4376
f 4346 4342 4378 4377
f 4342 4343 4379 4378
f 4343 4340 4380 4379
f 4339 4381 4380 4340
f 4374 4381 4339 4338
f 4381 4374 4383 4382
f 4374 4375 4384 4383
f 4381 4382 4385 4386
f 4386 4387 4380 4381
f 4384 4375 4389 4388
f 4375 4376 4390 4389
f 4389 4390 4391 4392
f 4389 4392 4393 4388
f 4394 4395 4386 4385
f 4386 4395 4396 4387
f 4396 4395 4398 4397
f 4395 4394 4399 4398
f 4392 4398 4399 4393
f 4397 4398 4392 4391
f 4467 4512 4519 4471
f 4466 4513 4512 4467
f 4466 4465 4514 4513
f 4465 4464 4515 4514
f 4458 4516 4515 4464
f 4457 4517 4516 4458
f 4456 4518 4517 4457
f 4456 4471 4519 4518
f 5008 5015 4987 4986
f 4408 4409 4511 4510
f 4409 4410 4504 4511
f 4410 4411 4505 4504
f 4412 4506 4505 4411
f 4412 4413 4507 4506
f 4413 4414 4508 4507
f 4415 4509 4508 4414
f 4422 4527 4526 4423
f 4421 4520 4527 4422
f 4420 4521 4520 4421
f 4419 4522 4521 4420
f 4418 4523 4522 4419
f 4417 4524 4523 4418
f 4416 4525 4524 4417
f 4416 4423 4526 4525
f 4431 4534 4533 4430
f 4431 4424 4535 4534
f 4528 4535 4424 4425
f 4425 4426 4529 4528
f 4426 4427 4530 4529
f 4428 4531 4530 4427
f 4429 4532 4531 4428
f 4429 4430 4533 4532
f 4440 4447 4503 4502
f 4443 4496 4503 4447
f 4446 4497 4496 4443
f 4442 4498 4497 4446
f 4441 4499 4498 4442
f 4445 4500 4499 4441
f 4444 4501 4500 4445
f 4440 4502 4501 4444
f 4500 4501 5011 5013
f 4496 5016 5007 4503
f 4502 4503 5007 5010
f 4497 5005 5016 4496
f 4497 4498 5003 5005
f 4499 5002 5003 4498
f 4488 5021 5030 4489
f 4480 5022 5031 4487
f 4480 4481 5029 5022
f 4482 4483 5028 5019
f 4464 4507 4508 4458
f 4493 5017 5024 4494
f 4485 5018 5025 4484
f 5025 5028 4483 4484
f 4486 4977 4984 4487
f 4480 4487 4984 4978
f 4480 4978 4979 4481
f 4481 4979 4980 4482
f 4482 4980 4981 4483
f 4483 4981 4982 4484
f 4484 4982 4983 4485
f 4485 4983 4977 4486
f 4495 5032 5021 4488
f 4490 5020 5027 4491
f 4490 4489 5030 5020
f 4491 5027 5026 4492
f 4481 4482 5019 5029
f 4492 5026 5017 4493
f 5024 5032 4495 4494
f 4486 4487 5031 5023
f 4462 4463 4488 4489
f 4461 4462 4489 4490
f 4461 4490 4491 4470
f 4469 4470 4491 4492
f 4460 4469 4492 4493
f 4459 4460 4493 4494
f 4459 4494 4495 4468
f 4463 4468 4495 4488
f 4988 5006 5004 4989
f 4990 4989 5004 5001
f 5001 5014 4991 4990
f 4985 4991 5014 5012
f 4992 4985 5012 5009
f 4992 5009 5008 4986
f 4988 4987 5015 5006
f 4502 5010 5011 4501
f 4457 4458 4508 4509
f 4408 4510 4509 4415
f 4471 4511 4504 4467
f 4466 4467 4504 4505
f 4465 4466 4505 4506
f 4465 4506 4507 4464
f 4456 4510 4511 4471
f 4402 4407 4512 4513
f 4401 4402 4513 4514
f 4401 4514 4515 4405
f 4404 4405 4515 4516
f 4400 4404 4516 4517
f 4400 4517 4518 4403
f 4403 4518 4519 4406
f 4406 4519 4512 4407
f 4520 4521 4427 4426
f 4427 4521 4522 4428
f 4428 4522 4523 4429
f 4429 4523 4524 4430
f 4430 4524 4525 4431
f 4424 4431 4525 4526
f 4424 4526 4527 4425
f 4426 4425 4527 4520
f 4528 4529 4995 4994
f 4529 4530 4996 4995
f 4531 4997 4996 4530
f 4531 4532 4998 4997
f 4533 4993 4998 4532
f 4533 4534 4999 4993
f 4534 4535 5000 4999
f 4528 4994 5000 4535
f 4536 4537 4347 4353
f 4347 4537 4538 4348
f 4538 4539 4349 4348
f 4349 4539 4540 4352
f 4351 4352 4540 4541
f 4351 4541 4542 4355
f 4354 4355 4542 4543
f 4354 4543 4536 4353
f 4380 4387 4544 4379
f 4396 4545 4544 4387
f 4397 4546 4545 4396
f 4391 4547 4546 4397
f 4390 4548 4547 4391
f 4376 4377 4548 4390
f 4440 4538 4537 4447
f 4447 4537 4536 4443
f 4383 4384 4406 4407
f 4384 4388 4403 4406
f 4382 4383 4407 4402
f 4382 4402 4401 4385
f 4385 4401 4405 4394
f 4393 4400 4403 4388
f 4399 4404 4400 4393
f 4394 4405 4404 4399
f 4412 4895 4894 4413
f 4411 4896 4895 4412
f 4549 4550 4334 4335
f 4421 4422 4550 4549
f 4333 4334 4550 4551
f 4422 4423 4551 4550
f 4332 4333 4551 4552
f 4552 4553 4329 4332
f 4329 4553 4554 4330
f 4554 4555 4337 4330
f 4336 4337 4555 4556
f 4335 4336 4556 4549
f 4360 4558 4557 4361
f 4362 4559 4558 4360
f 4362 4363 4560 4559
f 4363 4364 4561 4560
f 4364 4356 4562 4561
f 4357 4563 4562 4356
f 4358 4564 4563 4357
f 4557 4564 4358 4361
f 4462 4557 4558 4463
f 4463 4558 4559 4468
f 4559 4565 4459 4468
f 4559 4560 4566 4565
f 4565 4567 4460 4459
f 4565 4566 4568 4567
f 4461 4569 4557 4462
f 4557 4569 4570 4564
f 4470 4571 4569 4461
f 4569 4571 4572 4570
f 4470 4469 4573 4571
f 4460 4567 4573 4469
f 4571 4573 4574 4572
f 4567 4568 4574 4573
f 4560 4561 4575 4566
f 4566 4575 4576 4568
f 4568 4576 4577 4574
f 4572 4574 4577 4578
f 4572 4578 4579 4570
f 4563 4564 4570 4579
f 4440 4444 4580 4538
f 4445 4581 4580 4444
f 4441 4582 4581 4445
f 4441 4442 4583 4582
f 4442 4446 4584 4583
f 4536 4584 4446 4443
f 4536 4543 4585 4584
f 4583 4584 4585 4586
f 4582 4583 4586 4587
f 4582 4587 4588 4581
f 4580 4581 4588 4589
f 4538 4580 4589 4539
f 4589 4590 4540 4539
f 4588 4591 4590 4589
f 4588 4587 4592 4591
f 4586 4593 4592 4587
f 4585 4594 4593 4586
f 4542 4594 4585 4543
f 4416 4595 4551 4423
f 4416 4417 4596 4595
f 4417 4418 4597 4596
f 4418 4419 4598 4597
f 4420 4599 4598 4419
f 4549 4599 4420 4421
f 4549 4556 4600 4599
f 4598 4599 4600 4601
f 4597 4598 4601 4602
f 4597 4602 4603 4596
f 4595 4596 4603 4604
f 4551 4595 4604 4552
f 4552 4604 4605 4553
f 4603 4606 4605 4604
f 4603 4602 4607 4606
f 4601 4608 4607 4602
f 4600 4609 4608 4601
f 4555 4609 4600 4556
f 4367 4369 4610 4611
f 4366 4367 4611 4612
f 4366 4612 4613 4365
f 4365 4613 4614 4373
f 4373 4614 4615 4372
f 4371 4372 4615 4616
f 4616 4617 4370 4371
f 4369 4370 4617 4610
f 4610 4617 4619 4618
f 4617 4616 4620 4619
f 4653 4662 4655 4654
f 4652 4661 4662 4653
f 4651 4660 4661 4652
f 4659 4660 4651 4650
f 4658 4659 4650 4649
f 4648 4657 4658 4649
f 4656 4657 4648 4647
f 4655 4656 4647 4654
f 4649 4650 5101 5100
f 4648 4649 5100 5099
f 4647 4648 5099 5098
f 4647 5098 5097 4654
f 4653 4654 5097 5096
f 4652 4653 5096 5095
f 4651 4652 5095 5094
f 5094 5101 4650 4651
f 4619 4620 4655 4662
f 4619 4662 4661 4618
f 4620 4638 4656 4655
f 4637 4657 4656 4638
f 4636 4658 4657 4637
f 4635 4659 4658 4636
f 4634 4660 4659 4635
f 4618 4661 4660 4634
f 4610 4618 4634 4633
f 4632 4633 4634 4635
f 4636 4674 4632 4635
f 4631 4674 4636 4637
f 4631 4637 4638 4673
f 4616 4673 4638 4620
f 4615 4630 4673 4616
f 4631 4673 4630 4672
f 4629 4674 4631 4672
f 4632 4674 4629 4671
f 4632 4671 4628 4633
f 4610 4633 4628 4611
f 4611 4628 4670 4612
f 4627 4670 4628 4671
f 4627 4671 4629 4669
f 4629 4672 4626 4669
f 4626 4672 4630 4668
f 4614 4668 4630 4615
f 4624 4666 4955 4956
f 4623 4665 4666 4624
f 4622 4664 4665 4623
f 4622 4639 4640 4664
f 4663 5121 5117 4664
f 4641 4663 4664 4640
f 4676 4957 4955 4666
f 4666 4665 4677 4676
f 4676 4899 4976 4957
f 4679 4899 4898 4680
f 4679 4682 4959 4958
f 4679 4680 4683 4682
f 4683 5102 5103 5067
f 4682 5065 5093 4959
f 4904 4975 4960 4685
f 4688 4904 4905 4689
f 4688 4691 4962 4961
f 4688 4689 4692 4691
f 4691 4694 4963 4962
f 4691 4692 4695 4694
f 4694 4697 4964 4963
f 4694 4695 4698 4697
f 4700 4965 4964 4697
f 4697 4698 4701 4700
f 4703 4966 4965 4700
f 4700 4701 4704 4703
f 4703 4706 4967 4966
f 4706 4709 4968 4967
f 4706 4707 4710 4709
f 4712 4969 4968 4709
f 4709 4710 4713 4712
f 4714 4715 4622 4623
f 4622 4715 4646 4639
f 4623 4624 4716 4714
f 4667 4717 4970 4956
f 4642 4718 4663 4641
f 4663 4718 5123 5121
f 4720 4722 4721 4719
f 4721 4722 4724 4723
f 4838 4839 4726 4725
f 4726 4839 4840 4727
f 4727 4840 4816 4813
f 4643 4731 4718 4642
f 4718 4731 5119 5123
f 4720 4732 4733 4722
f 4722 4733 4734 4724
f 4845 4889 4888 4844
f 4843 4844 4888 4887
f 4843 4887 4886 4842
f 4643 4644 4738 4731
f 4731 4738 5124 5119
f 4732 4739 4740 4733
f 4823 4828 5034 5045
f 4826 5037 5035 4827
f 4841 4842 4886 4885
f 4766 4841 4885 4884
f 4713 5130 5129 5043
f 4854 4953 4930 4940
f 5042 5044 4762 4749
f 4745 4746 4971 4972
f 4750 4751 4973 4972
f 4743 4744 4973 4974
f 4716 4970 4974 4752
f 4714 4716 4752 4753
f 4714 4753 4754 4715
f 4645 4646 4715 4754
f 4762 5044 5128 5127
f 4853 4854 4940 4941
f 4644 4645 4756 4738
f 4754 4757 4756 4645
f 4754 4753 4758 4757
f 4751 4758 4753 4752
f 4750 4759 4758 4751
f 5122 5125 5126 4760
f 5120 5122 4760 4761
f 5120 5124 4738 4756
f 4712 4713 5043 5041
f 4749 4762 4759 4750
f 4760 5126 5127 4763
f 4763 4764 4761 4760
f 4739 4761 4764 4740
f 4740 5033 5036 4733
f 4852 4944 5086 5049
f 4823 5045 5048 4822
f 4621 4719 4721 4765
f 4723 4766 4765 4721
f 4867 5053 5052 4868
f 4866 5054 5053 4867
f 4455 5057 4927 4454
f 4878 4916 4915 4877
f 4876 4877 4915 4897
f 4875 4883 4884 4876
f 4683 4680 5116 5102
f 4770 4771 4773 4772
f 4771 4914 4897 4774
f 4746 5040 5090 4971
f 4711 5039 5050 4851
f 4696 4699 4947 4948
f 4774 4778 4773 4771
f 4696 4948 4800 4693
f 4675 4900 4747 4949
f 4667 4946 4801 4717
f 4686 5066 5107 5118
f 4772 4773 5071 5069
f 4782 5070 5072 4783
f 4625 4675 4949 4945
f 4860 4861 4858 4859
f 4857 4858 4861 4862
f 4686 5118 5111 4905
f 4787 4906 4907 4788
f 4783 4908 4907 4782
f 4856 4857 4862 4863
f 4856 4863 4864 4855
f 4855 4864 4778 4774
f 4692 4689 5110 5104
f 4787 4788 4794 4793
f 4788 4789 4795 4794
f 4869 4870 4871 4868
f 4871 4872 4867 4868
f 4866 4867 4872 4873
f 4827 5035 5034 4828
f 4763 5047 5046 4764
f 4925 4954 4802 4939
f 4733 5036 5038 4734
f 4873 4874 4865 4866
f 4734 4865 4874 4724
f 5104 5112 4695 4692
f 4794 4807 4806 4793
f 4794 4795 4808 4807
f 4695 5112 5106 4698
f 4806 4807 4812 4811
f 4807 4808 4813 4812
f 4701 4698 5106 5105
f 4811 4812 4815 4814
f 4813 4816 4815 4812
f 4701 5105 5115 4704
f 4814 4815 4818 4817
f 4815 4816 4819 4818
f 4703 4704 4707 4706
f 4707 5108 5131 4710
f 4822 5130 5131 4821
f 4852 4853 4941 4944
f 4849 4850 5051 5052
f 4822 4821 4824 4823
f 4820 4825 4824 4821
f 5108 5115 4817 4820
f 4824 4825 4826 4827
f 4827 4828 4823 4824
f 4851 5050 5087 4943
f 4803 4942 4939 4802
f 4726 4727 4736 4735
f 4727 4813 4808 4736
f 4836 4837 4834 4835
f 4725 4834 4837 4838
f 4803 4851 4943 4942
f 4540 4590 4829 4541
f 4590 4591 4592 4829
f 4542 4541 4829 4594
f 4593 4594 4829 4592
f 4379 4544 4830 4378
f 4377 4378 4830 4548
f 4544 4545 4546 4830
f 4547 4548 4830 4546
f 4553 4605 4831 4554
f 4554 4831 4609 4555
f 4606 4607 4831 4605
f 4607 4608 4609 4831
f 4561 4562 4832 4575
f 4575 4832 4577 4576
f 4563 4579 4832 4562
f 4577 4832 4579 4578
f 4613 4833 4668 4614
f 4670 4833 4613 4612
f 4626 4668 4833 4669
f 4627 4669 4833 4670
f 4726 4735 4730 4725
f 4725 4730 4729 4834
f 4729 4728 4835 4834
f 4784 4785 5037 4826
f 4846 4847 5054 5055
f 4847 4848 5053 5054
f 4848 4849 5052 5053
f 4868 5052 5051 4869
f 4783 4779 4909 4908
f 4779 4777 4910 4909
f 4776 4911 4910 4777
f 4775 4912 4911 4776
f 4769 4913 4912 4775
f 4784 4826 4819 4780
f 4838 4848 4847 4839
f 4838 4837 4849 4848
f 4836 4850 4849 4837
f 4816 4840 4780 4819
f 4736 4808 4795 4797
f 4735 4736 4797 4796
f 4730 4735 4796 4792
f 4729 4730 4792 4791
f 4728 4729 4791 4790
f 4723 4724 4874 4798
f 4798 4874 4873 4804
f 4804 4873 4872 4805
f 4805 4872 4871 4809
f 4809 4871 4870 4810
f 4798 4841 4766 4723
f 4798 4804 4842 4841
f 4804 4805 4843 4842
f 4809 4844 4843 4805
f 4810 4845 4844 4809
f 5074 5076 4777 4779
f 4776 4777 5076 5078
f 4776 5078 5080 4775
f 5080 5082 4769 4775
f 4935 5085 5089 4952
f 4789 4737 4797 4795
f 4741 4796 4797 4737
f 4792 4796 4741 4742
f 4767 4791 4792 4742
f 4790 4791 4767 4768
f 4879 4917 4916 4878
f 4880 4918 4917 4879
f 4881 4919 4918 4880
f 4875 4914 4920 4882
f 4677 5114 5113 4898
f 4766 4884 4883 4765
f 4876 4884 4885 4877
f 4877 4885 4886 4878
f 4886 4887 4879 4878
f 4879 4887 4888 4880
f 4880 4888 4889 4881
f 4882 4890 4883 4875
f 4890 4882 5114 5109
f 4664 5117 5109 4665
f 4621 4765 4883 4890
f 5058 5061 4409 4408
f 4449 5060 5059 4448
f 4452 4453 4891 4892
f 4451 4452 4892 4893
f 4475 4893 4892 4476
f 4476 4892 4891 4477
f 4409 5061 4902 4410
f 4414 4922 5056 4415
f 4436 4437 4895 4896
f 4437 4438 4894 4895
f 4473 4923 4931 4474
f 4472 4479 4924 4921
f 4856 4916 4917 4857
f 4857 4917 4918 4858
f 4931 4938 4475 4474
f 4433 4434 4928 4926
f 4433 4926 4929 4432
f 4918 4919 4859 4858
f 4898 5113 5116 4680
f 4450 4451 4893 4901
f 4901 4932 5084 5060
f 4411 4410 4902 4896
f 4902 5061 5085 4935
f 4770 4920 4914 4771
f 4893 4933 4932 4901
f 4860 5083 5081 4861
f 4690 4693 4800 4799
f 4436 4937 4934 4435
f 4767 4912 4913 4768
f 4911 4912 4767 4742
f 4741 4910 4911 4742
f 4737 4909 4910 4741
f 4908 4909 4737 4789
f 4788 4907 4908 4789
f 4781 4782 4907 4906
f 4689 4905 5111 5110
f 4686 4905 4904 4685
f 4961 4975 4904 4688
f 4755 4903 4687 4748
f 4896 4902 4935 4936
f 4861 5081 5079 4862
f 4862 5079 5077 4863
f 4863 5077 5075 4864
f 4778 4864 5075 5073
f 4783 5072 5074 4779
f 4778 5073 5071 4773
f 4781 5068 5070 4782
f 4685 5064 5066 4686
f 4682 4683 5067 5065
f 4450 4901 5060 4449
f 4959 5093 5062 4681
f 4702 4954 4947 4699
f 4472 4921 4923 4473
f 4876 4897 4914 4875
f 4774 4897 4915 4855
f 4855 4915 4916 4856
f 4676 4677 4898 4899
f 4679 4958 4976 4899
f 4475 4938 4933 4893
f 4717 4801 4953 4743
f 4453 4454 4927 4891
f 4415 5056 5058 4408
f 4438 4939 4942 4894
f 4927 5057 5086 4944
f 4922 4943 5087 5056
f 4413 4894 4922 4414
f 4478 4930 4924 4479
f 4747 4951 4933 4938
f 4921 4946 4945 4923
f 4432 4929 4925 4439
f 4932 4950 5088 5084
f 4935 4952 4755 4936
f 4936 4937 4436 4896
f 4748 4799 4934 4937
f 4434 4435 4934 4928
f 4932 4933 4951 4950
f 4926 4948 4947 4929
f 4800 4948 4926 4928
f 4747 4938 4931 4949
f 4921 4924 4801 4946
f 4923 4945 4949 4931
f 4894 4942 4943 4922
f 4477 4891 4941 4940
f 4455 4448 5059 5057
f 4477 4940 4930 4478
f 4439 4925 4939 4438
f 4891 4927 4944 4941
f 4817 4818 4825 4820
f 4786 4785 5055 4865
f 4840 4846 4784 4780
f 4846 5055 4785 4784
f 4785 4786 5038 5037
f 4819 4826 4825 4818
f 4786 4865 4734 5038
f 4950 4951 4678 4681
f 4687 4690 4799 4748
f 4684 4903 4755 4952
f 4681 5062 5088 4950
f 4684 5063 5092 4960
f 4625 4945 4946 4667
f 4678 4951 4747 4900
f 4801 4924 4930 4953
f 4947 4954 4925 4929
f 4748 4937 4936 4755
f 4800 4928 4934 4799
f 4708 4711 4851 4803
f 4705 4708 4803 4802
f 4711 4969 5091 5039
f 4712 5041 5091 4969
f 4745 4853 4852 4746
f 4702 4705 4802 4954
f 4745 4744 4854 4853
f 4743 4953 4854 4744
f 4678 4900 4976 4958
f 4685 4960 5092 5064
f 4687 4903 4975 4961
f 4749 4971 5090 5042
f 4717 4743 4974 4970
f 4751 4752 4974 4973
f 4744 4745 4972 4973
f 4749 4750 4972 4971
f 4852 5049 5040 4746
f 4624 4956 4970 4716
f 4708 4968 4969 4711
f 4967 4968 4708 4705
f 4966 4967 4705 4702
f 4965 4966 4702 4699
f 4696 4964 4965 4699
f 4693 4963 4964 4696
f 4962 4963 4693 4690
f 4961 4962 4690 4687
f 4684 4960 4975 4903
f 4952 5089 5063 4684
f 4678 4958 4959 4681
f 4675 4957 4976 4900
f 4955 4957 4675 4625
f 4625 4667 4956 4955
f 4472 4977 4983 4479
f 4479 4983 4982 4478
f 4478 4982 4981 4477
f 4476 4477 4981 4980
f 4475 4476 4980 4979
f 4474 4475 4979 4978
f 4473 4474 4978 4984
f 4472 4473 4984 4977
f 4450 4449 4992 4986
f 4448 4985 4992 4449
f 4448 4455 4991 4985
f 4990 4991 4455 4454
f 4989 4990 4454 4453
f 4452 4988 4989 4453
f 4987 4988 4452 4451
f 4986 4987 4451 4450
f 4435 4434 5000 4994
f 4999 5000 4434 4433
f 4432 4993 4999 4433
f 4432 4439 4998 4993
f 4997 4998 4439 4438
f 4437 4996 4997 4438
f 4995 4996 4437 4436
f 4435 4994 4995 4436
f 5013 5014 5001 5002
f 5006 5015 5016 5005
f 5011 5012 5014 5013
f 5003 5004 5006 5005
f 5008 5009 5010 5007
f 5009 5012 5011 5010
f 5002 5001 5004 5003
f 5007 5016 5015 5008
f 4500 5013 5002 4499
f 5022 5029 5030 5021
f 5017 5018 5023 5024
f 5026 5027 5028 5025
f 5019 5020 5030 5029
f 5023 5031 5032 5024
f 5017 5026 5025 5018
f 5020 5019 5028 5027
f 5022 5021 5032 5031
f 4485 4486 5023 5018
f 5033 5034 5035 5036
f 5035 5037 5038 5036
f 5041 5042 5090 5091
f 5039 5040 5049 5050
f 5041 5043 5044 5042
f 5045 5046 5047 5048
f 5034 5033 5046 5045
f 5043 5129 5128 5044
f 5086 5087 5050 5049
f 5060 5061 5058 5059
f 5056 5057 5059 5058
f 5080 5081 5083 5082
f 5078 5079 5081 5080
f 5076 5077 5079 5078
f 5074 5075 5077 5076
f 5072 5073 5075 5074
f 5070 5071 5073 5072
f 5069 5071 5070 5068
f 5103 5107 5066 5067
f 5065 5067 5066 5064
f 5064 5092 5093 5065
f 5060 5084 5085 5061
f 5084 5088 5089 5085
f 5056 5087 5086 5057
f 5062 5063 5089 5088
f 5039 5091 5090 5040
f 5063 5062 5093 5092
f 4740 4764 5046 5033
f 4646 5101 5094 4639
f 5094 5095 4640 4639
f 4640 5095 5096 4641
f 5096 5097 4642 4641
f 5097 5098 4643 4642
f 5098 5099 4644 4643
f 5099 5100 4645 4644
f 4645 5100 5101 4646
f 4710 5131 5130 4713
f 4781 5118 5107 5068
f 4770 5116 5113 4920
f 4906 5111 5118 4781
f 4882 4920 5113 5114
f 4793 5104 5110 4787
f 4665 5109 5114 4677
f 4811 5106 5112 4806
f 5068 5107 5103 5069
f 4787 5110 5111 4906
f 4817 5115 5105 4814
f 4704 5115 5108 4707
f 5109 5117 4621 4890
f 4772 5069 5103 5102
f 4793 4806 5112 5104
f 4772 5102 5116 4770
f 4811 4814 5105 5106
f 4720 5123 5119 4732
f 4732 5119 5124 4739
f 4756 4757 5122 5120
f 4761 4739 5124 5120
f 4621 5117 5121 4719
f 4758 5125 5122 4757
f 4719 5121 5123 4720
f 4822 5048 5129 5130
f 5047 5128 5129 5048
f 4763 5127 5128 5047
f 4759 4762 5127 5126
f 4758 4759 5126 5125
f 4820 4821 5131 5108
f 4509 4510 4456 4457
f 4865 5055 5054 4866
f 4840 4839 4847 4846
f 2878 3016 4835 4728
f 2878 4728 4790 3040
f 3040 4790 4768 3041
f 4768 4913 3034 3041
f 2858 3034 4913 4769
f 2858 4769 5082 3022
f 3022 5082 5083 3023
f 3023 5083 4860 4298
f 3078 4298 4860 4859
f 2865 3078 4859 4919
f 2865 4919 4881 4296
f 3010 4296 4881 4889
f 3010 4889 4845 3075
f 3068 3075 4845 4810
f 4810 4870 3069 3068
f 2879 3069 4870 4869
f 2879 4869 5051 2998
f 2998 5051 4850 2999
f 2999 4850 4836 3060
f 3016 3060 4836 4835
f 2388 4104 3113 3120
f 3875 3113 4104 4103
f 3121 3875 4103 4102
f 3121 4102 4101 3127
f 2389 3122 3127 4101
f 3114 3122 2389 2390
f 2390 5132 3137 3114
f 2391 3125 3137 5132
f 2391 5133 3126 3125
f 2392 3131 3126 5133
f 2392 2835 3130 3131
f 3130 2835 10429 8385
f 2298 5133 2391 5132
f 112 3603 3604 134
f 112 151 3826 3603
f 152 3829 3826 151
f 152 157 3830 3829
f 101 3499 3830 157
f 101 115 3541 3499
f 107 3645 3541 115
f 3582 3645 107 125
f 124 3706 3582 125
f 1114 3667 3706 124
f 1113 3646 3667 1114
f 3540 3646 1113 102
f 88 3498 3540 102
f 87 3707 3498 88
f 126 3710 3707 87
f 3708 3710 126 135
f 133 3709 3708 135
f 134 3604 3709 133
f 5138 6252 6264 5139
f 5134 5189 5187 5136
f 5255 5256 6255 6277
f 5255 5274 5295 5256
f 5138 5198 6281 6252
f 5140 5142 5143 5141
f 5142 5144 5145 5143
f 5218 5271 5273 5183
f 5226 5260 5271 5228
f 5150 5148 5182 5180
f 5150 5180 5192 5152
f 5152 5192 5201 5154
f 5154 5201 5200 5156
f 6055 6136 6126 6054
f 5279 5286 5283 5280
f 5176 5199 5212 5178
f 5763 5819 5820 5764
f 5233 5294 5290 5234
f 5166 5167 5165 5164
f 5166 5168 5169 5167
f 5161 5163 5175 5177
f 5163 5165 5174 5175
f 5761 5763 5764 5762
f 5819 6126 6136 5820
f 5242 5250 5249 5241
f 5164 5170 5189 5166
f 5165 5167 5179 5174
f 5232 5289 5294 5233
f 5230 5231 5251 5252
f 5160 5176 5172 5162
f 5635 6224 6200 5637
f 5656 5657 5659 5658
f 5243 5275 5276 5244
f 5990 6008 6007 5991
f 5632 5634 5908 5907
f 5191 5209 6135 6014
f 5984 5986 5987 5985
f 5950 6152 5993 5949
f 5184 5981 5983 5185
f 5659 5661 5660 5658
f 5254 5255 6277 6283
f 5187 5189 5213 5188
f 5259 5268 5297 5296
f 5149 5185 5208 5147
f 5142 5196 5195 5144
f 5140 5197 5196 5142
f 5139 6264 6300 5204
f 6155 6156 5989 5990
f 5158 5199 5176 5160
f 5247 5280 5281 5277
f 5156 5158 5159 5157
f 5169 5203 5179 5167
f 5181 5272 5278 5193
f 5136 5138 5139 5137
f 5253 5276 5275 5254
f 5141 5205 6301 6265
f 5141 5143 5206 5205
f 5143 5145 5207 5206
f 5146 5148 5149 5147
f 5224 5222 5296 5261
f 5928 5930 5931 5929
f 5154 5156 5157 5155
f 5285 5290 5294 5293
f 5211 5277 5281 5219
f 5212 5282 5287 5178
f 5634 5636 5910 5908
f 5188 5276 5253 5214
f 5254 5275 5274 5255
f 5197 6280 6269 5215
f 5196 5197 5215 5216
f 5196 5216 5217 5195
f 5228 5271 5218 5217
f 5296 5297 5262 5261
f 5266 5267 5299 5298
f 5222 5223 5221 5220
f 5242 5243 5251 5250
f 5224 5226 5227 5225
f 5228 5229 5227 5226
f 5216 5229 5228 5217
f 5818 5819 5763 5766
f 5174 5762 5764 5175
f 5162 5172 5170 5164
f 5176 5178 5173 5172
f 5221 5223 5236 5235
f 5220 5259 5296 5222
f 5227 5238 5237 5225
f 5227 5229 5239 5238
f 5215 5239 5229 5216
f 5766 5979 5817 5818
f 5173 5230 5252 5171
f 5160 5162 5163 5161
f 5231 5288 5289 5232
f 5980 5982 5983 5981
f 5180 5182 5183 5181
f 5263 5269 5270 5265
f 5659 6208 6178 5661
f 6007 6032 6036 6006
f 5332 5333 6231 6223
f 5263 5298 5299 5269
f 5300 5301 6100 6058
f 5199 5200 5219 5212
f 6054 6056 6123 6124
f 6057 6056 6125 6104
f 6054 6124 6135 6055
f 5243 5244 5252 5251
f 5148 5146 5194 5182
f 5223 5225 5237 5236
f 5241 5249 5248 5240
f 5171 5252 5244 5213
f 5166 5189 5134 5168
f 5215 6269 6290 5239
f 6108 5999 6128 6110
f 5239 6290 6282 5238
f 6247 6255 5256 5257
f 5237 5238 6282 6276
f 5187 5188 5214 5198
f 5211 5219 5200 5201
f 5818 6125 6126 5819
f 5253 6291 6268 5214
f 5136 5187 5198 5138
f 5297 5298 5263 5262
f 5198 5214 6268 6281
f 5188 5213 5244 5276
f 5933 5935 6091 6004
f 5224 5225 5223 5222
f 5152 5153 5151 5150
f 5144 5146 5147 5145
f 5256 5295 5258 5257
f 5263 5265 5264 5262
f 5909 5911 5987 5986
f 5632 5633 5635 5634
f 5931 5994 5995 5929
f 5146 5144 5195 5194
f 5208 6134 6133 6132
f 5193 5278 5277 5211
f 5242 5241 5295 5274
f 5264 5265 5272 5273
f 5994 5996 5997 5995
f 5986 5984 6012 6011
f 5657 6172 6208 5659
f 5991 6154 6155 5990
f 5175 5764 5820 5177
f 5149 5151 5184 5185
f 6008 6009 6031 6030
f 5654 5656 5930 5928
f 5286 5293 5294 5289
f 5177 5210 5159 5161
f 5202 5210 6136 6055
f 6058 6057 6104 6102
f 5260 5261 5262 5264
f 5260 5264 5273 5271
f 5170 5171 5213 5189
f 5236 5237 6276 6254
f 5194 5218 5183 5182
f 5281 5280 5283 5282
f 5233 5234 5248 5249
f 5292 5293 5286 5279
f 5157 5159 5210 5202
f 5281 5282 5212 5219
f 5160 5161 5159 5158
f 5960 6227 6207 5961
f 5269 5299 5291 5246
f 5266 5298 5297 5268
f 5253 5254 6283 6291
f 5195 5217 5218 5194
f 5145 5147 5208 5207
f 5634 5635 5637 5636
f 6003 6004 6091 6105
f 5989 6009 6008 5990
f 5908 5910 5911 5909
f 5998 6001 6002 6000
f 5301 5300 5303 5302
f 5304 5305 5303 5300
f 5304 5306 5307 5305
f 5308 5309 5307 5306
f 5308 5310 5311 5309
f 5310 5312 5313 5311
f 5312 5314 5315 5313
f 5314 5316 5317 5315
f 5318 5319 5317 5316
f 5320 5321 5319 5318
f 5320 5322 5323 5321
f 5322 5324 5325 5323
f 5324 5326 5327 5325
f 5326 5328 5329 5327
f 5328 5330 5331 5329
f 5962 6189 6179 5963
f 5332 5334 5335 5333
f 6266 6278 5335 5334
f 5336 5338 5339 5337
f 5338 5340 5341 5339
f 5342 5343 5341 5340
f 5342 5344 5345 5343
f 5344 5346 5347 5345
f 5877 5878 6307 6306
f 5349 5348 5351 5350
f 5348 5352 5353 5351
f 5352 5354 5355 5353
f 5301 5356 5355 5354
f 5274 5275 5243 5242
f 5358 5361 5360 5359
f 5358 5362 5363 5361
f 5362 5364 5365 5363
f 5364 5366 5367 5365
f 5366 5368 5369 5367
f 5370 5371 5369 5368
f 5370 5372 5373 5371
f 5374 5375 5373 5372
f 5374 5376 5377 5375
f 5376 5378 5379 5377
f 5378 5380 5381 5379
f 5380 5382 5383 5381
f 5384 5385 5383 5382
f 6273 6286 5388 5387
f 5386 5390 5391 5389
f 5392 5393 5391 5390
f 5392 5394 5395 5393
f 5394 5396 5397 5395
f 5396 5398 5399 5397
f 5400 5403 5402 5401
f 5400 5404 5405 5403
f 5404 5406 5407 5405
f 5408 5409 5407 5406
f 5408 5410 5411 5409
f 5410 5412 5413 5411
f 5360 5413 5412 5359
f 5414 5417 5416 5415
f 5418 5419 5417 5414
f 5418 5420 5421 5419
f 5420 5422 5423 5421
f 5422 5424 5425 5423
f 5424 5426 5427 5425
f 5426 5428 5429 5427
f 5428 5430 5431 5429
f 5430 5432 5433 5431
f 5432 5434 5435 5433
f 5434 5436 5437 5435
f 5436 5438 5439 5437
f 5438 5440 5441 5439
f 5440 5442 5443 5441
f 5442 5444 5445 5443
f 5949 6173 6215 5950
f 5446 5448 5449 5447
f 5448 6288 6296 5449
f 5450 5452 5453 5451
f 5454 5455 5453 5452
f 5456 5457 5455 5454
f 5456 5458 5459 5457
f 5458 5460 5461 5459
f 5447 5957 6221 6181
f 5462 5465 5464 5463
f 5462 5466 5467 5465
f 5466 5468 5469 5467
f 5468 5470 5471 5469
f 5472 5473 5471 5470
f 5415 5416 5473 5472
f 5475 5474 5477 5476
f 5477 5474 5479 5478
f 5478 5479 5481 5480
f 5676 5677 5681 5680
f 5483 5485 5484 5482
f 5484 5485 5487 5486
f 5680 5681 5685 5684
f 5488 5490 5867 5731
f 5490 5491 5493 5492
f 5492 5493 5495 5494
f 5494 5495 5497 5496
f 5496 5497 5499 5498
f 5498 5499 5501 5500
f 5500 5501 5503 5502
f 5502 5503 5505 5504
f 5504 5505 5507 5506
f 5506 5507 5509 5508
f 5508 5509 5511 5510
f 5510 5511 5513 5512
f 5512 5513 5515 5514
f 5514 5515 5517 5516
f 5516 5517 5519 5518
f 5518 5519 5521 5520
f 5520 5521 5523 5522
f 5522 5523 5525 5524
f 5524 5525 5527 5526
f 5526 5527 5529 5528
f 5528 5529 5531 5530
f 5530 5531 5533 5532
f 5532 5533 5535 5534
f 5534 5535 5537 5536
f 5536 5537 5539 5538
f 5539 5541 5540 5538
f 5540 5541 5543 5542
f 5542 5543 5545 5544
f 5544 5545 5547 5546
f 5546 5547 5549 5548
f 5548 5549 5551 5550
f 5551 5553 5552 5550
f 5552 5553 5555 5554
f 5554 5555 5557 5556
f 5556 5557 5559 5558
f 5558 5559 5561 5560
f 5560 5561 5563 5562
f 5562 5563 5565 5564
f 5564 5565 5567 5566
f 5566 5567 5569 5568
f 5568 5569 5571 5570
f 5570 5571 5573 5572
f 5573 5575 5574 5572
f 5574 5575 5577 5576
f 5576 5577 5579 5578
f 5578 5579 5581 5580
f 5580 5581 5583 5582
f 5582 5583 5585 5584
f 5584 5585 5587 5586
f 5586 5587 5589 5588
f 5588 5589 5591 5590
f 5590 5591 5593 5592
f 5592 5593 5595 5594
f 5594 5595 5597 5596
f 5596 5597 5599 5598
f 5598 5599 5601 5600
f 5600 5601 5603 5602
f 5603 5605 5604 5602
f 5604 5605 5607 5606
f 5607 5609 5608 5606
f 5609 5611 5610 5608
f 5611 5613 5612 5610
f 5612 5613 5615 5614
f 5615 5617 5616 5614
f 5616 5617 5619 5618
f 5620 5623 5622 5621
f 5623 5625 5624 5622
f 5624 5625 5402 5403
f 5464 5465 5400 5401
f 5463 5627 5626 5462
f 5626 5627 5350 5351
f 5348 5349 5629 5628
f 5628 5629 5631 5630
f 5630 5632 5907 5905
f 6012 6013 6124 6123
f 5636 5637 5639 5638
f 5639 5641 5640 5638
f 5640 5641 5643 5642
f 5642 5643 5645 5644
f 5645 5647 5646 5644
f 5647 5649 5648 5646
f 5649 6298 6284 5648
f 5650 5651 5653 5652
f 5652 5653 5655 5654
f 6001 6003 6105 6106
f 5656 5658 5932 5930
f 6138 6147 6211 6219
f 5661 5663 5662 5660
f 5328 5662 5663 5330
f 5664 5667 5666 5665
f 5474 5741 5743 5479
f 5667 5664 5670 5669
f 5474 5475 5668 5741
f 5668 5669 5673 5672
f 5670 5671 5675 5674
f 5672 5673 5677 5676
f 5674 5675 5679 5678
f 5480 5482 5745 5869
f 5731 5732 5976 5868
f 5680 5684 5802 5729
f 5681 5682 5686 5685
f 5685 5689 5688 5684
f 5686 5687 5691 5690
f 5688 5689 5693 5692
f 5691 5695 5694 5690
f 5695 5697 5696 5694
f 5384 5443 5445 5698
f 5442 5700 5699 5444
f 5699 5700 5329 5331
f 5584 5586 5702 5701
f 5583 6043 5703 5585
f 5703 6043 5619 5617
f 5705 5706 5614 5616
f 5707 5708 5706 5705
f 5701 5702 5708 5707
f 5542 5544 5710 5709
f 5712 6048 5547 5545
f 5547 6048 6047 5549
f 5713 5714 5572 5574
f 5715 5716 5714 5713
f 5710 5716 5715 5709
f 5717 5720 5719 5718
f 5500 5502 5720 5717
f 5503 5722 6052 5505
f 5533 5721 6053 5535
f 5530 5532 5723 5724
f 5718 5719 5724 5723
f 5665 5871 5739 5671
f 5679 5872 5728 5683
f 5792 5794 5734 5733
f 5786 5787 5727 5726
f 5689 5690 5694 5693
f 5480 5481 5483 5482
f 5489 5730 5973 5491
f 5725 5791 5976 5732
f 5725 5732 5974 5788
f 5488 5489 5491 5490
f 5802 5973 5730 5729
f 5734 5794 5955 5747
f 5733 5734 6317 6316
f 5680 5729 5801 5676
f 5733 6316 5738 5737
f 5739 6311 6312 5740
f 5683 5728 5873 5687
f 5671 5739 5740 5675
f 5678 5679 5683 5682
f 5487 5972 5730 5489
f 5668 5672 5742 5741
f 5745 6314 6313 5869
f 5741 5742 5744 5743
f 5694 5696 6144 5693
f 5673 5674 5678 5677
f 5737 5793 5792 5733
f 5484 5746 5745 5482
f 5727 5787 5873 5728
f 5745 5746 6315 6314
f 5726 5727 5790 5789
f 5747 5748 6317 5734
f 5750 6341 6326 5751
f 5750 5751 5754 5753
f 5508 5510 6341 5750
f 5506 5508 5750 5753
f 5507 5757 5756 5509
f 5756 5757 5527 5525
f 5527 5757 6052 5529
f 5524 5759 6327 5522
f 5524 5526 5760 5759
f 6326 6327 5759 5751
f 5751 5759 5760 5754
f 5761 5765 5766 5763
f 5162 5164 5165 5163
f 5768 5770 5978 5979
f 5768 5979 5767 5769
f 5301 5302 5357 5356
f 5320 5768 5769 5322
f 5318 5770 5768 5320
f 5321 5323 5772 5771
f 5771 5773 5319 5321
f 5434 5771 5772 5436
f 5432 5773 5771 5434
f 5435 5437 5378 5376
f 5374 5433 5435 5376
f 5379 5775 5774 5377
f 5774 5776 5375 5377
f 5774 5775 5778 5777
f 5777 5779 5776 5774
f 5778 5781 5780 5777
f 5777 5780 5782 5779
f 5780 5781 5784 5783
f 5780 5783 5785 5782
f 5783 5784 5787 5786
f 5783 5786 5788 5785
f 5725 5726 5789 5791
f 5487 5489 5488 5486
f 5789 5790 6312 5735
f 5735 5736 5791 5789
f 6308 6309 5796 5795
f 5795 5797 6310 6308
f 5795 5796 5799 5798
f 5795 5798 5800 5797
f 5476 5798 5799 5666
f 5476 5477 5800 5798
f 5476 5666 5667 5475
f 5871 6309 6311 5739
f 5672 5676 5801 5742
f 5731 5868 5486 5488
f 5688 5803 5802 5684
f 5688 5692 5804 5803
f 5496 5806 5805 5494
f 5807 6158 6159 5808
f 5805 5806 5810 5809
f 5809 5810 5812 5811
f 5369 5371 5811 5812
f 5368 5427 5429 5370
f 5315 5814 5813 5313
f 5426 5813 5814 5428
f 5815 6104 5817 5816
f 5312 5815 5816 5314
f 5282 5283 5288 5287
f 5695 5822 5821 5697
f 5616 5618 5823 5705
f 5612 5614 5706 5824
f 5610 5612 5824 5825
f 5610 5825 6329 5608
f 6329 6330 5606 5608
f 5604 5606 6330 6333
f 5602 5604 6333 5829
f 5829 5830 5600 5602
f 5598 5600 5830 5831
f 5596 5598 5831 6320
f 5594 5596 6320 6321
f 5592 5594 6321 6324
f 5590 5592 6324 5835
f 5588 5590 5835 5836
f 5586 5588 5836 5702
f 5582 5584 5701 5837
f 5580 5582 5837 5838
f 5578 5580 5838 5839
f 5576 5578 5839 5840
f 5574 5576 5840 5713
f 5570 5572 5714 5841
f 5570 5841 5842 5568
f 5566 5568 5842 5843
f 5843 6335 5564 5566
f 5562 5564 6335 6336
f 5560 5562 6336 6338
f 5560 6338 6340 5558
f 5556 5558 6340 6318
f 5554 5556 6318 6319
f 5552 5554 6319 6323
f 5550 5552 6323 5851
f 5851 5852 5548 5550
f 5546 5548 5852 5853
f 5544 5546 5853 5710
f 5542 5709 5854 5540
f 5538 5540 5854 5855
f 5536 5538 5855 5856
f 5534 5536 5856 5857
f 5532 5534 5857 5723
f 5528 5530 5724 5858
f 5526 5528 5858 5760
f 5520 5522 6327 5859
f 5520 5859 6332 5518
f 5518 6332 6334 5516
f 5514 5516 6334 6337
f 6337 6339 5512 5514
f 6339 6341 5510 5512
f 5504 5506 5753 5864
f 5502 5504 5864 5720
f 5498 5500 5717 5865
f 5496 5498 5865 5806
f 5492 5494 5805 5866
f 5866 5867 5490 5492
f 5729 5730 5972 5801
f 5484 5486 5868 5746
f 5478 5480 5869 5870
f 5478 5870 5800 5477
f 5665 5666 5799 5871
f 5675 5740 5872 5679
f 5731 5867 5974 5732
f 5687 5873 5874 5691
f 5691 5874 5822 5695
f 5778 5821 5822 5781
f 5875 6260 6261 6161
f 6232 6304 6298 5649
f 6232 6233 6306 6304
f 6019 5876 6261 6256
f 5879 5880 5882 6162
f 5876 5880 5879 6160
f 5620 6168 6237 5623
f 5883 5885 5884 5838
f 5884 5886 5839 5838
f 5886 5888 5887 5839
f 5887 5888 5889 5855
f 5855 5889 5890 5856
f 5856 5890 5892 5891
f 5806 5891 5892 5810
f 5809 5894 5893 5805
f 5893 5894 5779 5782
f 5797 5800 5870 5895
f 5796 6309 5871 5799
f 5740 6312 5790 5872
f 5481 5479 5743 5483
f 5784 5874 5873 5787
f 5781 5822 5874 5784
f 5597 6039 5601 5599
f 5615 5704 5703 5617
f 5613 6042 5704 5615
f 5611 6041 6042 5613
f 5896 5899 5898 5897
f 5624 5898 5899 5622
f 5407 5897 5898 5405
f 5403 5405 5898 5624
f 5404 5467 5469 5406
f 5400 5465 5467 5404
f 5466 5900 5901 5468
f 5462 5626 5900 5466
f 5353 5355 5901 5900
f 5351 5353 5900 5626
f 5352 5902 5903 5354
f 5348 5628 5902 5352
f 5902 5905 5904 5903
f 5628 5630 5905 5902
f 6011 6101 5904 5906
f 6011 6012 6123 6101
f 6013 6014 6135 6124
f 5134 5135 5169 5168
f 5988 6010 6009 5989
f 5912 5913 5911 5910
f 5636 5638 5912 5910
f 5912 5914 5915 5913
f 5638 5640 5914 5912
f 5914 5916 5917 5915
f 5640 5642 5916 5914
f 5916 5918 5919 5917
f 5642 5644 5918 5916
f 5920 5921 5919 5918
f 5644 5646 5920 5918
f 5920 5922 5923 5921
f 5646 5648 5922 5920
f 5922 6258 6270 5923
f 5650 5924 6259 6285
f 5924 5926 5927 5925
f 5652 5926 5924 5650
f 5926 5928 5929 5927
f 5652 5654 5928 5926
f 5947 5952 6010 5988
f 5654 5655 5657 5656
f 5655 6214 6172 5657
f 5152 5154 5155 5153
f 5246 5247 5270 5269
f 5992 6292 6302 6153
f 5934 5937 5936 5935
f 5660 5662 5937 5934
f 5324 5936 5937 5326
f 5326 5937 5662 5328
f 5327 5939 5938 5325
f 5700 5939 5327 5329
f 5938 5939 5440 5438
f 5440 5939 5700 5442
f 5380 5439 5441 5382
f 5382 5441 5443 5384
f 5381 5383 5940 5941
f 5383 5385 5942 5940
f 5697 5821 5941 5940
f 5940 5942 5696 5697
f 5761 5762 5944 5943
f 5943 5945 5765 5761
f 5945 5946 5767 5765
f 5767 5946 5936 5769
f 5322 5769 5936 5324
f 5323 5325 5938 5772
f 5772 5938 5438 5436
f 5437 5439 5380 5378
f 5381 5941 5775 5379
f 5775 5941 5821 5778
f 5906 5909 5986 6011
f 5135 5137 5186 5190
f 5949 5993 6005 5951
f 5988 5989 6156 6157
f 5805 5893 5953 5866
f 5460 6202 6204 5461
f 5782 5785 5953 5893
f 5895 6313 6310 5797
f 6184 6190 5347 5346
f 5947 5948 6201 6225
f 5948 5971 6217 6201
f 5446 5447 6181 6143
f 5966 6233 6213 5967
f 5446 6143 6229 5958
f 5963 6179 6209 5951
f 5956 6171 6236 6169
f 5958 6229 6231 5333
f 5949 5951 6209 6173
f 5952 6199 6227 5960
f 5461 6204 6182 5398
f 5967 6213 6193 5968
f 6175 6235 5970 5969
f 6182 6186 5399 5398
f 5959 6195 6202 5460
f 5947 6225 6199 5952
f 5332 6223 6189 5962
f 5808 6238 6211 6147
f 5804 6238 5808 6159
f 5952 5960 6038 6010
f 5875 6161 5537 6165
f 5728 5872 5790 5727
f 5742 5801 5972 5744
f 5954 5973 5802 5803
f 5866 5953 5974 5867
f 5811 5975 5894 5809
f 5779 5894 5975 5776
f 5375 5776 5975 5373
f 5869 6313 5895 5870
f 5677 5678 5682 5681
f 5683 5687 5686 5682
f 5976 6315 5746 5868
f 5791 5736 6315 5976
f 5788 5974 5953 5785
f 5371 5373 5975 5811
f 5370 5429 5431 5372
f 5431 5433 5374 5372
f 5317 5977 5814 5315
f 5814 5977 5430 5428
f 5773 5977 5317 5319
f 5430 5977 5773 5432
f 5816 5817 5979 5978
f 5314 5816 5978 5316
f 5316 5978 5770 5318
f 5765 5767 5979 5766
f 5230 5287 5288 5231
f 5250 5251 5231 5232
f 5980 5984 5985 5982
f 5151 5153 5191 5184
f 5190 5203 5169 5135
f 5991 6007 6006 5992
f 6002 6127 5203 5190
f 5153 5155 5209 5191
f 5291 5299 5267 5245
f 5240 5258 5295 5241
f 5951 6005 6037 5963
f 6001 6106 6127 6002
f 5932 5934 5935 5933
f 5996 6003 6001 5998
f 6010 6038 6031 6009
f 5186 5204 6128 6000
f 5980 6013 6012 5984
f 5184 5191 6014 5981
f 6036 6244 6241 6006
f 5904 5905 5907 5906
f 5346 5961 6207 6184
f 5270 5278 5272 5265
f 5947 5988 6157 5948
f 5204 6300 6248 6128
f 5134 5136 5137 5135
f 5685 5686 5690 5689
f 5669 5670 5674 5673
f 5395 5397 6016 6015
f 5956 6016 5397 5399
f 6015 6017 5393 5395
f 6017 6018 5391 5393
f 5389 5391 6018 6019
f 6020 5388 6286 6257
f 5448 6021 6294 6288
f 5337 5339 6023 6022
f 5345 6025 6024 5343
f 5396 5459 5461 5398
f 5392 5455 5457 5394
f 5394 5457 5459 5396
f 5458 6025 5959 5460
f 5456 6024 6025 5458
f 5386 5451 5453 5390
f 5453 5455 5392 5390
f 5454 6026 6024 5456
f 6024 6026 5341 5343
f 5341 6026 6023 5339
f 6023 6026 5454 5452
f 5450 6022 6023 5452
f 5386 6272 6297 5451
f 5387 5957 5447 5449
f 5333 5335 6021 5958
f 5958 6021 5448 5446
f 5337 6022 6295 6279
f 6027 6028 5338 5336
f 5338 6028 6029 5340
f 6007 6008 6030 6032
f 5247 5277 5278 5270
f 6028 6032 6030 6029
f 6030 6031 6033 6029
f 6029 6033 5342 5340
f 6033 6034 5344 5342
f 5345 5347 5959 6025
f 5332 5962 6035 5334
f 5336 6267 6274 6027
f 6027 6274 6244 6036
f 6028 6027 6036 6032
f 5180 5181 5193 5192
f 5148 5150 5151 5149
f 6031 6038 6034 6033
f 5961 6034 6038 5960
f 5344 6034 5961 5346
f 5962 5963 6037 6035
f 5593 6044 6040 5595
f 5485 5744 5972 5487
f 5601 6039 5605 5603
f 5607 6040 6044 5609
f 5605 6039 6040 5607
f 5591 5589 6042 6041
f 5611 5609 6044 6041
f 5591 6041 6044 5593
f 5703 5704 5587 5585
f 5551 6050 6046 5553
f 5571 6048 5712 5573
f 5557 5555 6045 5559
f 5555 5553 6046 6045
f 6046 6050 5567 5565
f 5711 6049 5577 5575
f 5561 5559 6045 5563
f 5567 6050 6047 5569
f 5563 6045 6046 5565
f 5573 5712 5711 5575
f 5543 5711 5712 5545
f 6047 6048 5571 5569
f 5509 5756 5755 5511
f 5501 5721 5722 5503
f 5519 5517 6051 5521
f 5523 5755 5756 5525
f 5499 6053 5721 5501
f 5507 5505 6052 5757
f 5531 5529 6052 5722
f 5515 5513 6051 5517
f 5541 6049 5711 5543
f 5664 5665 5671 5670
f 5483 5743 5744 5485
f 5725 5788 5786 5726
f 5155 5157 5202 5209
f 5307 6060 6059 5305
f 5418 6059 6060 5420
f 5358 5419 5421 5362
f 5362 5421 5423 5364
f 5363 6061 6062 5361
f 5889 5888 6062 6061
f 5838 5837 6063 5883
f 5830 6322 6320 5831
f 5832 6064 6065 5833
f 5833 6065 6066 5834
f 5835 6324 6328 6067
f 6067 6068 5836 5835
f 5836 6068 5708 5702
f 5707 6063 5837 5701
f 5829 6333 6322 5830
f 5827 6065 6064 5828
f 5826 6066 6065 5827
f 5825 6067 6328 6329
f 5824 6068 6067 5825
f 5706 5708 6068 5824
f 5823 6063 5707 5705
f 5854 6069 5887 5855
f 5847 6070 5849 5848
f 6070 6325 5850 5849
f 5851 6323 6071 6072
f 5851 6072 6073 5852
f 5852 6073 6074 5853
f 5710 5853 6074 5716
f 5715 6069 5854 5709
f 5887 6069 5840 5839
f 5845 6070 5847 5846
f 5844 6325 6070 5845
f 5843 6072 6071 6335
f 5842 6073 6072 5843
f 5841 6074 6073 5842
f 5716 6074 5841 5714
f 5713 5840 6069 5715
f 5806 5865 6075 5891
f 5861 6076 5863 5862
f 5749 5863 6076 5752
f 5754 6077 5864 5753
f 5720 5864 6077 5719
f 5717 5718 6075 5865
f 5856 5891 6075 5857
f 5860 6331 6076 5861
f 5752 6076 6331 5758
f 5754 5760 5858 6077
f 5719 6077 5858 5724
f 5718 5723 5857 6075
f 6078 6079 5413 5360
f 5886 5884 6079 6078
f 6080 6081 5896 5897
f 6080 6082 5885 6081
f 5885 6082 6079 5884
f 5886 6078 6062 5888
f 5889 6061 6083 5890
f 6083 6084 5892 5890
f 5810 5892 6084 5812
f 5409 5411 6082 6080
f 5411 5413 6079 6082
f 5407 5409 6080 5897
f 5365 5367 6084 6083
f 5812 6084 5367 5369
f 5360 5361 6062 6078
f 5365 6083 6061 5363
f 5364 5423 5425 5366
f 5366 5425 5427 5368
f 5406 5469 5471 5408
f 5408 5471 5473 5410
f 5410 5473 5416 5412
f 5359 5412 5416 5417
f 5359 5417 5419 5358
f 5468 5901 6085 5470
f 5470 6085 6086 5472
f 6086 6087 5415 5472
f 5415 6087 6088 5414
f 5303 5305 6059 6088
f 5418 5414 6088 6059
f 5307 5309 6089 6060
f 5420 6060 6089 5422
f 5309 5311 6090 6089
f 5422 6089 6090 5424
f 5311 5313 5813 6090
f 5424 6090 5813 5426
f 5355 5356 6085 5901
f 5356 5357 6086 6085
f 5357 5302 6087 6086
f 5303 6088 6087 5302
f 5183 5273 5272 5181
f 5927 5929 5995 6092
f 5925 5927 6092 6093
f 5925 6093 6242 6271
f 5921 5923 6094 6095
f 5919 5921 6095 6096
f 5919 6096 6097 5917
f 5915 5917 6097 6098
f 6098 6099 5913 5915
f 5911 5913 6099 5987
f 5301 5354 5903 6100
f 5246 5291 5292 5279
f 5300 6058 5306 5304
f 6100 6101 6057 6058
f 5306 6058 6102 5308
f 5308 6102 6103 5310
f 5310 6103 5815 5312
f 5945 5943 6106 6105
f 5945 6105 6091 5946
f 5998 5999 5997 5996
f 5997 5999 6108 6107
f 5995 5997 6107 6092
f 6107 6108 6110 6109
f 6092 6107 6109 6093
f 6109 6110 6262 6250
f 6094 6243 6251 6111
f 6111 6112 6114 6113
f 6111 6113 6095 6094
f 6114 6116 6115 6113
f 6095 6113 6115 6096
f 6116 6118 6117 6115
f 6115 6117 6097 6096
f 6117 6118 6120 6119
f 6097 6117 6119 6098
f 6120 6122 6121 6119
f 6098 6119 6121 6099
f 6121 6122 5982 5985
f 5985 5987 6099 6121
f 5186 6000 6002 5190
f 5980 5981 6014 6013
f 6057 6101 6123 6056
f 5279 5280 5247 5246
f 5158 5156 5200 5199
f 6056 6054 6126 6125
f 5820 6136 5210 5177
f 5817 6104 6125 5818
f 5944 6127 6106 5943
f 5930 5932 5933 5931
f 5224 5261 5260 5226
f 6112 6263 6249 6129
f 6112 6129 6130 6114
f 6114 6130 6131 6116
f 6116 6131 6132 6118
f 6118 6132 6133 6120
f 6120 6133 6134 6122
f 6122 6134 5983 5982
f 5633 5631 6226 6198
f 5202 6055 6135 5209
f 5903 5904 6101 6100
f 5946 6091 5935 5936
f 5232 5233 5249 5250
f 5283 5286 5289 5288
f 5174 5179 5944 5762
f 5170 5172 5173 5171
f 5998 6000 6128 5999
f 5630 5631 5633 5632
f 5347 6190 6195 5959
f 5179 5203 6127 5944
f 5137 5139 5204 5186
f 5205 5206 6130 6129
f 5206 5207 6131 6130
f 5207 5208 6132 6131
f 5185 5983 6134 5208
f 5658 5660 5934 5932
f 5245 5284 5292 5291
f 5284 5285 5293 5292
f 6222 6230 5331 5330
f 5444 6146 6180 5445
f 6140 6164 6416 6142
f 5531 5722 5721 5533
f 5521 6051 5755 5523
f 5493 5954 6159 5495
f 6047 6050 5551 5549
f 5704 6042 5589 5587
f 5597 5595 6040 6039
f 5350 5627 6194 6191
f 6206 6226 5631 5629
f 6241 6292 5992 6006
f 5994 6004 6003 5996
f 5907 5908 5909 5906
f 5950 6215 6197 5964
f 5192 5193 5211 5201
f 5991 5992 6153 6154
f 5444 5699 6228 6146
f 5491 5973 5954 5493
f 5384 5698 6137 5385
f 5964 6197 6177 5965
f 5388 6138 5957 5387
f 5619 6140 6139 5618
f 6139 6140 6142 6141
f 6144 6239 5692 5693
f 5385 6137 6145 5942
f 5970 6235 6217 5971
f 6139 6141 6149 6148
f 5618 6139 6148 5823
f 5623 6237 6170 5625
f 5875 6158 5807 6260
f 5876 6160 6161 6261
f 5896 6081 6148 6149
f 5885 5883 6148 6081
f 5957 6138 6219 6221
f 5388 6020 6147 6138
f 5883 6063 5823 6148
f 5698 6220 6218 6137
f 5879 6162 5579 6166
f 6137 6218 6210 6145
f 5511 5755 6051 5513
f 5950 5964 5965 6152
f 5966 6153 6302 5877
f 5966 5967 6154 6153
f 5967 5968 6155 6154
f 5969 6156 6155 5968
f 5969 5970 6157 6156
f 5948 6157 5970 5971
f 5539 6160 5879 6166
f 5537 6161 6160 5539
f 5499 5497 6165 6053
f 5535 6053 6165 5537
f 5577 6049 6166 5579
f 5541 5539 6166 6049
f 6140 6167 5881 6164
f 5875 6165 5497 6158
f 6043 6167 6140 5619
f 5581 6167 6043 5583
f 5881 6167 5581 6163
f 5579 6162 6163 5581
f 6210 6239 6144 6145
f 5968 6193 6175 5969
f 5804 5692 6239 6238
f 6210 6211 6238 6239
f 5696 5942 6145 6144
f 5956 5399 6186 6171
f 5807 5808 6147 6020
f 5807 6020 6257 6260
f 5876 6019 6018 5880
f 5880 6018 6017 5882
f 5882 6017 6015 6150
f 6015 6016 6151 6150
f 6016 5956 6169 6151
f 5475 5667 5669 5668
f 5931 5933 6004 5994
f 6304 6306 6307 6305
f 6171 6170 6237 6236
f 6210 6218 6219 6211
f 6218 6220 6221 6219
f 5699 5331 6230 6228
f 6228 6230 6231 6229
f 6146 6228 6229 6143
f 5445 6180 6220 5698
f 6181 6221 6220 6180
f 6188 6222 5330 5663
f 6188 6189 6223 6222
f 5661 6178 6188 5663
f 6178 6179 6189 6188
f 5653 6196 6214 5655
f 6196 6197 6215 6214
f 6176 6196 5653 5651
f 6176 6177 6197 6196
f 5651 6299 6305 6176
f 6305 6307 6177 6176
f 5647 6212 6232 5649
f 6212 6213 6233 6232
f 5645 6192 6212 5647
f 6192 6193 6213 6212
f 5643 6174 6192 5645
f 6174 6175 6193 6192
f 5641 6234 6174 5643
f 6174 6234 6235 6175
f 5639 6216 6234 5641
f 6217 6235 6234 6216
f 5637 6200 6216 5639
f 6200 6201 6217 6216
f 6206 6207 6227 6226
f 5349 6185 6206 5629
f 6184 6207 6206 6185
f 6190 6191 6194 6195
f 5463 6203 6194 5627
f 6195 6194 6203 6202
f 5401 6183 6205 5464
f 6182 6204 6205 6183
f 5402 5625 6170 6187
f 6170 6171 6186 6187
f 5463 5464 6205 6203
f 6203 6205 6204 6202
f 6146 6143 6181 6180
f 5402 6187 6183 5401
f 6183 6187 6186 6182
f 5350 6191 6185 5349
f 6185 6191 6190 6184
f 6222 6223 6231 6230
f 6226 6227 6199 6198
f 5633 6198 6224 5635
f 6198 6199 6225 6224
f 6214 6215 6173 6172
f 6172 6173 6209 6208
f 6178 6208 6209 6179
f 6200 6224 6225 6201
f 6298 6304 6305 6299
f 6256 6261 6260 6257
f 5878 6303 6152 5965
f 5877 6302 6303 5878
f 6177 6307 5878 5965
f 5993 6293 6240 6005
f 6240 6293 6292 6241
f 6249 6301 5205 6129
f 6248 6300 6301 6249
f 6248 6262 6110 6128
f 6248 6249 6263 6262
f 6093 6109 6250 6242
f 6242 6250 6251 6243
f 6111 6251 6263 6112
f 6250 6262 6263 6251
f 5923 6270 6243 6094
f 6243 6270 6271 6242
f 6037 6245 6275 6035
f 6274 6275 6245 6244
f 6035 6275 6266 5334
f 6266 6275 6274 6267
f 6278 6294 6021 5335
f 6279 6295 6294 6278
f 5387 5449 6296 6273
f 6272 6273 6296 6297
f 5450 6289 6295 6022
f 6288 6294 6295 6289
f 5389 6019 6256 6287
f 6256 6257 6286 6287
f 6005 6240 6245 6037
f 6240 6241 6244 6245
f 5993 6152 6303 6293
f 6292 6293 6303 6302
f 5648 6284 6258 5922
f 6258 6284 6285 6259
f 5924 5925 6271 6259
f 6258 6259 6271 6270
f 6285 6299 5651 5650
f 6298 6299 6285 6284
f 5451 6297 6289 5450
f 6288 6289 6297 6296
f 5386 5389 6287 6272
f 6272 6287 6286 6273
f 5336 5337 6279 6267
f 6266 6267 6279 6278
f 6254 6276 6277 6255
f 5235 5236 6254 6246
f 6246 6254 6255 6247
f 6282 6283 6277 6276
f 6290 6291 6283 6282
f 6268 6291 6290 6269
f 6268 6269 6280 6281
f 6264 6265 6301 6300
f 5140 6253 6280 5197
f 6252 6281 6280 6253
f 5140 5141 6265 6253
f 6252 6253 6265 6264
f 5877 6306 6233 5966
f 5881 6151 6169 6164
f 5882 6150 6163 6162
f 6150 6151 5881 6163
f 5792 5793 6309 6308
f 5792 6308 6310 5794
f 5737 5738 6312 6311
f 6310 6313 5955 5794
f 5747 6314 6315 5748
f 5955 6313 6314 5747
f 6316 6317 5736 5735
f 5738 6316 5735 6312
f 5736 6317 5748 6315
f 5793 5737 6311 6309
f 5848 5849 6319 6318
f 5833 6321 6320 5832
f 5832 6320 6322 6064
f 5850 6323 6319 5849
f 5833 5834 6324 6321
f 6071 6323 5850 6325
f 5752 5758 6327 6326
f 6066 6328 6324 5834
f 5826 6329 6328 6066
f 5826 5827 6330 6329
f 5860 6332 5859 6331
f 5828 6333 6330 5827
f 5861 6334 6332 5860
f 5844 5845 6336 6335
f 5844 6335 6071 6325
f 6064 6322 6333 5828
f 5861 5862 6337 6334
f 5845 5846 6338 6336
f 5862 5863 6339 6337
f 5846 5847 6340 6338
f 5758 6331 5859 6327
f 5863 5749 6341 6339
f 5749 5752 6326 6341
f 6318 6340 5847 5848
f 6344 6345 6347 6346
f 6343 6345 6344 6342
f 6141 6142 6343 6342
f 6346 6347 6349 6348
f 6348 6349 6351 6350
f 6350 6351 6353 6352
f 6352 6353 6355 6354
f 6355 6357 6356 6354
f 6356 6357 6359 6358
f 6358 6359 6361 6360
f 6361 6363 6362 6360
f 6362 6363 6365 6364
f 6364 6365 6367 6366
f 6366 6367 6369 6368
f 6368 6369 6371 6370
f 6371 6373 6372 6370
f 6372 6373 6375 6374
f 6374 6375 6377 6376
f 6376 6377 6379 6378
f 6344 6346 6381 6380
f 6343 6408 6382 6345
f 6377 6382 6408 6379
f 6384 6385 6374 6376
f 6384 6386 6387 6385
f 6380 6381 6387 6386
f 6376 6378 6388 6384
f 6374 6385 6389 6372
f 6370 6372 6389 6390
f 6368 6370 6390 6422
f 6366 6368 6422 6423
f 6364 6366 6423 6424
f 6362 6364 6424 6394
f 6362 6394 6395 6360
f 6358 6360 6395 6396
f 6358 6396 6417 6356
f 6356 6417 6418 6354
f 6352 6354 6418 6420
f 6350 6352 6420 6400
f 6400 6401 6348 6350
f 6346 6348 6401 6381
f 6342 6344 6380 6402
f 6141 6342 6402 6149
f 5896 6149 6403 5899
f 6357 6404 6361 6359
f 6375 6383 6382 6377
f 6373 6407 6383 6375
f 6371 6406 6407 6373
f 6355 6353 6409 6405
f 6363 6361 6404 6365
f 6405 6409 6369 6367
f 6365 6404 6405 6367
f 6349 6407 6406 6351
f 6371 6369 6409 6406
f 6351 6406 6409 6353
f 6345 6382 6383 6347
f 6402 6410 6403 6149
f 6396 6395 6419 6417
f 6397 6411 6412 6398
f 6398 6412 6413 6399
f 6400 6420 6421 6414
f 6400 6414 6415 6401
f 6381 6401 6415 6387
f 6380 6386 6410 6402
f 6394 6424 6419 6395
f 6392 6412 6411 6393
f 6391 6413 6412 6392
f 6390 6414 6421 6422
f 6389 6415 6414 6390
f 6385 6387 6415 6389
f 6384 6388 6410 6386
f 6383 6407 6349 6347
f 6355 6405 6404 6357
f 5620 6378 6379 6168
f 5620 5621 6388 6378
f 5622 5899 6403 5621
f 6403 6410 6388 5621
f 6168 6379 6408 6416
f 6142 6416 6408 6343
f 6398 6418 6417 6397
f 6397 6417 6419 6411
f 6398 6399 6420 6418
f 6399 6413 6421 6420
f 6391 6422 6421 6413
f 6391 6392 6423 6422
f 6392 6393 6424 6423
f 6411 6419 6424 6393
f 5495 6159 6158 5497
f 5804 6159 5954 5803
f 6236 6237 6168 6416
f 6169 6236 6416 6164
f 6102 6104 5815 6103
f 5173 5178 5287 5230
f 6426 6433 6434 6637
f 6435 6638 6637 6434
f 6436 6639 6638 6435
f 6428 6429 6634 6633
f 6436 6437 6427 6639
f 6430 6635 6634 6429
f 6425 6635 6430 6431
f 6425 6431 6432 6636
f 6426 6636 6432 6433
f 6434 6444 6445 6435
f 6435 6445 6446 6436
f 6428 6438 6439 6429
f 6436 6446 6447 6437
f 6439 6440 6430 6429
f 6440 6441 6431 6430
f 6441 6442 6432 6431
f 6432 6442 6443 6433
f 6433 6443 6444 6434
f 6445 6455 6456 6446
f 6438 6448 6449 6439
f 6446 6456 6457 6447
f 6439 6449 6450 6440
f 6440 6450 6451 6441
f 6451 6452 6442 6441
f 6442 6452 6453 6443
f 6443 6453 6454 6444
f 6444 6454 6455 6445
f 6465 6466 6456 6455
f 6458 6459 6449 6448
f 6456 6466 6467 6457
f 6459 6460 6450 6449
f 6450 6460 6461 6451
f 6451 6461 6462 6452
f 6452 6462 6463 6453
f 6453 6463 6464 6454
f 6454 6464 6465 6455
f 6458 6468 6469 6459
f 6466 6476 6477 6467
f 6469 6470 6460 6459
f 6460 6470 6471 6461
f 6461 6471 6472 6462
f 6472 6473 6463 6462
f 6473 6474 6464 6463
f 6464 6474 6475 6465
f 6465 6475 6476 6466
f 6487 6488 6477 6476
f 6469 6480 6481 6470
f 6470 6481 6482 6471
f 6471 6482 6483 6472
f 6472 6483 6484 6473
f 6484 6485 6474 6473
f 6474 6485 6486 6475
f 6475 6486 6487 6476
f 6479 6480 6469 6468
f 6481 6492 6493 6482
f 6565 6576 6587 6478
f 6493 6494 6483 6482
f 6494 6495 6484 6483
f 6495 6496 6485 6484
f 6485 6496 6497 6486
f 6486 6497 6498 6487
f 6490 6491 6480 6479
f 6487 6498 6499 6488
f 6480 6491 6492 6481
f 6503 6504 6493 6492
f 6543 6554 6522 6566
f 6493 6504 6505 6494
f 6505 6506 6495 6494
f 6506 6507 6496 6495
f 6507 6508 6497 6496
f 6497 6508 6509 6498
f 6490 6501 6502 6491
f 6498 6509 6510 6499
f 6502 6503 6492 6491
f 6522 6554 6565 6478
f 6532 6610 6510 6521
f 6504 6515 6516 6505
f 6516 6517 6506 6505
f 6517 6518 6507 6506
f 6518 6519 6508 6507
f 6508 6519 6520 6509
f 6512 6513 6502 6501
f 6520 6521 6510 6509
f 6502 6513 6514 6503
f 6566 6610 6532 6543
f 6514 6515 6504 6503
f 6515 6526 6527 6516
f 6516 6527 6528 6517
f 6528 6529 6518 6517
f 6529 6530 6519 6518
f 6519 6530 6531 6520
f 6512 6523 6524 6513
f 6520 6531 6532 6521
f 6524 6525 6514 6513
f 6478 6587 6598 6489
f 6514 6525 6526 6515
f 6478 6489 6533 6522
f 6527 6538 6539 6528
f 6528 6539 6540 6529
f 6540 6541 6530 6529
f 6530 6541 6542 6531
f 6523 6534 6535 6524
f 6531 6542 6543 6532
f 6524 6535 6536 6525
f 6522 6533 6577 6566
f 6536 6537 6526 6525
f 6566 6577 6621 6610
f 6537 6538 6527 6526
f 6539 6550 6551 6540
f 6540 6551 6552 6541
f 6541 6552 6553 6542
f 6534 6545 6546 6535
f 6542 6553 6554 6543
f 6535 6546 6547 6536
f 6499 6510 6610 6621
f 6536 6547 6548 6537
f 6489 6598 6609 6500
f 6537 6548 6549 6538
f 6538 6549 6550 6539
f 6561 6562 6551 6550
f 6551 6562 6563 6552
f 6552 6563 6564 6553
f 6545 6556 6557 6546
f 6553 6564 6565 6554
f 6546 6557 6558 6547
f 6489 6500 6544 6533
f 6547 6558 6559 6548
f 6544 6588 6577 6533
f 6548 6559 6560 6549
f 6560 6561 6550 6549
f 6562 6573 6574 6563
f 6563 6574 6575 6564
f 6556 6567 6568 6557
f 6564 6575 6576 6565
f 6557 6568 6569 6558
f 6588 6632 6621 6577
f 6569 6570 6559 6558
f 6488 6499 6621 6632
f 6570 6571 6560 6559
f 6571 6572 6561 6560
f 6561 6572 6573 6562
f 6584 6585 6574 6573
f 6574 6585 6586 6575
f 6567 6578 6579 6568
f 6575 6586 6587 6576
f 6579 6580 6569 6568
f 6500 6609 6620 6511
f 6569 6580 6581 6570
f 6500 6511 6555 6544
f 6581 6582 6571 6570
f 6571 6582 6583 6572
f 6572 6583 6584 6573
f 6596 6597 6586 6585
f 6578 6589 6590 6579
f 6586 6597 6598 6587
f 6579 6590 6591 6580
f 6544 6555 6599 6588
f 6591 6592 6581 6580
f 6588 6599 6640 6632
f 6592 6593 6582 6581
f 6593 6594 6583 6582
f 6583 6594 6595 6584
f 6584 6595 6596 6585
f 6600 6601 6590 6589
f 6608 6609 6598 6597
f 6601 6602 6591 6590
f 6488 6632 6640 6477
f 6591 6602 6603 6592
f 6427 6511 6620 6631
f 6603 6604 6593 6592
f 6604 6605 6594 6593
f 6594 6605 6606 6595
f 6595 6606 6607 6596
f 6596 6607 6608 6597
f 6608 6619 6620 6609
f 6601 6612 6613 6602
f 6427 6437 6555 6511
f 6602 6613 6614 6603
f 6437 6447 6599 6555
f 6614 6615 6604 6603
f 6604 6615 6616 6605
f 6605 6616 6617 6606
f 6617 6618 6607 6606
f 6607 6618 6619 6608
f 6600 6611 6612 6601
f 6623 6624 6613 6612
f 6447 6457 6640 6599
f 6624 6625 6614 6613
f 6477 6640 6457 6467
f 6614 6625 6626 6615
f 6626 6627 6616 6615
f 6616 6627 6628 6617
f 6617 6628 6629 6618
f 6629 6630 6619 6618
f 6622 6623 6612 6611
f 6630 6631 6620 6619
f 6624 6635 6425 6625
f 6425 6636 6626 6625
f 6426 6627 6626 6636
f 6426 6637 6628 6627
f 6628 6637 6638 6629
f 6638 6639 6630 6629
f 6622 6633 6634 6623
f 6630 6639 6427 6631
f 6623 6634 6635 6624
f 7058 7532 7535 7120
f 9276 9298 7654 7058
f 6946 7171 9280 9273
f 6754 7169 7168 6961
f 6778 7170 7169 6754
f 7528 7973 7969 7538
f 7028 7976 7975 7269
f 6754 6777 6753 6778
f 7120 7535 7534 7118
f 7539 8044 8048 7550
f 7120 9314 9276 7058
f 7046 7051 7168 7169
f 7046 7169 7170 7047
f 7511 7555 7541 8046
f 6965 7268 7269 6966
f 7533 7972 8044 7539
f 7536 7971 7972 7533
f 6945 9270 9278 7267
f 7118 9294 9314 7120
f 7056 7057 7121 7122
f 7053 7054 7124 7125
f 7023 7029 7030 7024
f 7461 7491 7409 7408
f 7046 7653 7649 7051
f 7027 7028 7269 7268
f 6964 7977 7976 7028
f 7540 7549 7484 7407
f 7045 7167 7168 7051
f 6777 6754 6961 6960
f 6899 6961 7168 7167
f 7409 7491 7510 7410
f 7454 7481 7547 7546
f 7166 7167 7045 7052
f 7024 7030 7979 7978
f 7483 9326 9360 7551
f 7055 7056 7122 7123
f 6836 7380 7985 7984
f 7045 7051 7649 7637
f 6857 7030 7029 6944
f 6805 7025 7266 7265
f 6963 6964 7028 7027
f 7116 7122 7121 7117
f 6960 7264 7265 6777
f 7267 7268 6965 6945
f 6960 6961 6899 6900
f 6862 6901 7256 7255
f 6964 9309 9283 7977
f 7026 7027 7268 7267
f 7117 9295 9306 7408
f 7117 7408 7409 7116
f 6944 7253 7252 6857
f 6857 7252 7981 7980
f 7116 7115 7123 7122
f 7045 7637 7405 7052
f 7042 7052 7405 7659
f 6858 6944 7029 6863
f 6858 6863 6805 6862
f 7042 7165 7166 7052
f 6748 7674 7898 7037
f 7023 7024 9308 9300
f 6863 7029 7023 7022
f 6962 7026 9274 9291
f 7054 7055 7123 7124
f 6899 7167 7166 7035
f 6759 6900 6899 7035
f 7411 7410 7510 7475
f 7023 9300 9290 7022
f 6805 6863 7022 7025
f 6962 6963 7027 7026
f 7038 7164 7180 7184
f 6902 7256 6837 7192
f 6804 7021 7262 7261
f 7408 9306 9288 7461
f 7116 7409 7410 7115
f 7410 7411 7114 7115
f 6761 7982 7981 7252
f 6766 7983 7982 6761
f 7039 7179 7180 7164
f 7164 7165 7042 7039
f 6759 7262 7263 6900
f 7263 7264 6960 6900
f 7113 7125 7124 7114
f 6805 7265 7264 6862
f 6901 7263 7262 7021
f 7411 7412 7113 7114
f 6871 7261 7262 6759
f 6862 7264 7263 6901
f 7035 7166 7165 7382
f 7114 7124 7123 7115
f 6766 6836 7984 7983
f 6715 7179 7039 7390
f 7043 7053 7125 7126
f 7127 7128 7036 7040
f 7038 7382 7165 7164
f 6760 6943 7253 7254
f 6803 6804 7261 7260
f 7035 7382 6871 6759
f 6901 7021 6837 7256
f 6871 7382 7038 6801
f 6902 6959 7255 7256
f 6760 7254 7255 6959
f 6761 6943 6942 6766
f 7452 7453 7439 7438
f 7411 7475 7506 7412
f 7043 7126 7127 7040
f 6715 7661 7066 7179
f 6836 6766 6942 6941
f 6765 6942 6943 6760
f 6835 6941 6942 6765
f 7175 7176 7184 7180
f 6804 7189 6837 7021
f 6862 7255 7254 6858
f 7038 7184 7183 6801
f 7044 7113 7412 7413
f 7175 7180 7179 7066
f 7128 7037 7898 7895
f 6801 7260 7261 6871
f 7066 7585 7568 7175
f 6957 7377 7378 6835
f 7176 7594 7602 7177
f 7176 7177 7183 7184
f 7172 7593 7567 7163
f 6784 7912 7904 6955
f 6902 7192 7193 6903
f 7041 7127 7126 7044
f 6904 7376 7377 6957
f 7413 7412 7506 7496
f 7036 7128 7895 7887
f 6788 6781 7915 7905
f 6671 7987 7986 7020
f 6836 6941 7379 7380
f 7886 7887 7050 7049
f 7041 7037 7128 7127
f 7050 7129 7913 7906
f 7066 7661 7669 7585
f 7162 7163 6952 6897
f 6835 7378 7379 6941
f 7019 7020 7380 7379
f 7018 7019 7379 7378
f 6760 6959 6958 6765
f 6765 6958 6957 6835
f 6801 7183 7259 7260
f 7017 7018 7378 7377
f 7177 7258 7259 7183
f 7181 7186 6803 7182
f 6958 6959 6902 6903
f 6837 7189 7190 7192
f 6892 7041 7044 7413
f 6903 6904 6957 6958
f 7160 7172 7163 7162
f 7186 7189 6804 6803
f 9549 9558 7672 7927
f 7182 6803 7260 7259
f 6897 6952 7645 7641
f 6931 6817 7616 7610
f 10523 10571 7112 7283
f 6671 7020 7019 6674
f 7182 7259 7258 7178
f 6951 7174 7381 7257
f 6870 7181 7182 7178
f 7187 7188 7191 7190
f 6791 6860 6991 6990
f 6814 6979 7574 7592
f 6748 7037 7041 6892
f 7083 7414 7934 7680
f 7160 7162 6992 6779
f 7193 7194 6904 6903
f 7258 7177 7602 7597
f 7413 7496 7682 7927
f 6661 6671 6674 6673
f 7886 7900 7595 7034
f 6870 7178 7600 7580
f 7130 7913 7908 7059
f 7049 7050 7906 7910
f 7032 7130 7131 7061
f 6657 6658 6673 6660
f 6864 6992 7162 6897
f 6751 7675 7908 7063
f 6774 6955 7904 7905
f 7061 7062 7033 7032
f 7890 7891 6954 6956
f 6661 7988 7987 6671
f 7161 6865 7277 7257
f 6809 6991 6992 6864
f 6670 6674 7019 7018
f 7111 7282 7283 7112
f 6775 6808 6860 6791
f 7109 7280 7415 7281
f 6779 6865 7161 7160
f 6869 7185 7181 6870
f 6860 6779 6992 6991
f 6833 6834 7191 7188
f 7186 7187 7190 7189
f 7016 7017 7377 7376
f 7181 7185 7187 7186
f 7096 7108 7109 7281
f 8045 10553 10555 8054
f 8043 10523 10553 8045
f 6938 7062 7061 6939
f 6898 6953 7889 7891
f 6660 6670 6683 6682
f 6972 7132 7131 7060
f 6659 7989 7988 6661
f 7059 7060 7131 7130
f 6763 7656 7646 6851
f 6939 7061 7131 7132
f 7144 7251 10493 10567
f 7314 7363 7991 7990
f 7314 7347 7301 7363
f 6936 7892 7890 6956
f 6658 6659 6661 6673
f 6660 6673 6674 6670
f 6834 7194 7193 7191
f 6800 7188 7187 7185
f 6834 7374 7375 7194
f 6669 6683 7017 7016
f 7281 9392 9497 7096
f 7418 7499 7498 7419
f 7457 7458 7437 7450
f 7933 7934 7414 7497
f 6984 7617 7613 7133
f 6750 7060 7059 6749
f 6774 7570 7574 6979
f 6774 6979 6980 6955
f 6658 7347 7314 6659
f 6931 6938 6939 6817
f 6659 7314 7990 7989
f 7110 7095 7282 7111
f 7110 7111 7731 7681
f 6936 7902 7911 6937
f 6731 7897 7896 6937
f 6810 6990 6991 6809
f 6670 7018 7017 6683
f 6660 6682 6656 6657
f 6779 6860 6808 6865
f 6808 7276 7277 6865
f 6866 6951 7257 7277
f 7161 7257 7381 7173
f 6800 7185 6869 6868
f 6870 7580 7560 6869
f 6832 6833 7188 6800
f 7016 7195 6685 6669
f 6791 6990 6989 6859
f 6662 6682 6683 6669
f 7015 7195 7375 7374
f 7112 10571 10478 7864
f 6655 6656 6682 6662
f 6867 6950 6951 6866
f 7095 7417 7418 7282
f 7416 7417 7095 7098
f 7107 7716 7937 7104
f 7416 9489 9460 7501
f 7581 7591 6938 6931
f 6811 6935 6882 6989
f 6750 7148 6972 7060
f 6939 7132 7133 6817
f 6817 7133 7613 7616
f 7205 7206 6842 7134
f 6812 6981 6980 6813
f 6784 6955 6980 6981
f 6809 7657 7639 6810
f 6813 6980 6979 6814
f 6655 7313 7316 6656
f 6936 6956 7912 7902
f 6810 6811 6989 6990
f 7001 7005 7632 7634
f 6810 7639 7635 6811
f 6695 6707 7292 7291
f 6657 7317 7347 6658
f 7086 7087 7926 7923
f 7335 7361 7362 7334
f 6866 7277 7276 6917
f 7111 7112 7864 7731
f 6861 6950 6949 6891
f 7079 10548 10436 7918
f 7363 7334 7992 7991
f 7362 7360 7994 7993
f 7334 7362 7993 7992
f 8036 10540 10551 8037
f 7350 7359 7338 7354
f 6775 6791 6859 6792
f 6859 6877 6876 6792
f 6833 7373 7374 6834
f 6832 7372 7373 6833
f 6854 6925 6924 7013
f 6667 6679 6680 6676
f 6859 6989 6882 6877
f 7079 7925 10533 10548
f 7015 7374 7373 6799
f 6743 7197 7144 6744
f 7077 7925 7926 7087
f 7250 7251 7144 7197
f 8059 8058 10576 10524
f 7417 7500 7499 7418
f 7105 7922 9393 9500
f 7381 7174 7599 7598
f 6821 7207 7208 6838
f 6972 7148 7149 6984
f 6813 6814 6905 6856
f 6821 6842 7206 7207
f 7571 7576 7575 7572
f 6763 7892 7896 6790
f 6843 6844 6828 6820
f 6856 6905 6906 6816
f 6881 6973 10547 10534
f 7004 7650 7632 7005
f 6763 6790 7141 6764
f 6784 6981 6982 6852
f 6790 6726 7286 7141
f 6782 6854 6882 6935
f 6717 6985 7383 7384
f 6878 6919 7274 7273
f 8010 10519 10567 8011
f 6770 6886 6947 6930
f 6744 6885 6890 7031
f 7316 7317 6657 6656
f 10518 10519 8010 8009
f 6797 7270 7271 6923
f 6797 10531 10539 7270
f 6880 6881 7946 7943
f 7337 7338 7359 7361
f 7359 7360 7362 7361
f 7350 7351 7360 7359
f 6854 7013 6877 6882
f 7306 7346 7343 7309
f 6798 6915 6914 6875
f 6885 6947 6929 6890
f 6786 6919 6878 6883
f 6772 6949 6950 6867
f 6891 6927 7563 7559
f 6926 7561 7563 6927
f 6800 6868 7064 6832
f 6668 6685 7195 7015
f 7064 7371 7372 6832
f 6662 6669 6685 6686
f 6667 6668 7015 6799
f 7080 7103 7102 7081
f 7080 7081 7919 7918
f 6645 7322 7323 6646
f 7095 7110 7105 7098
f 8038 10517 10570 8039
f 7416 7501 7500 7417
f 7921 7104 9485 9420
f 6818 7148 6750 7067
f 6758 7149 7148 6818
f 7298 7324 7576 7571
f 6970 7204 7203 7151
f 7006 7209 7210 6907
f 6838 7208 7209 7006
f 6727 7286 7291 6694
f 6993 7000 7005 7001
f 6812 6853 6982 6981
f 6780 6853 6812 6855
f 6764 7141 6993 7001
f 6787 6930 6947 6885
f 6787 6885 6744 7144
f 6725 7907 7911 6783
f 6695 6726 7897 7888
f 6695 7291 7286 6726
f 8038 8063 10558 10517
f 6693 6728 6727 6694
f 6948 7366 7365 6913
f 8020 8069 10554 10534
f 10486 10518 8009 8008
f 8007 10566 10486 8008
f 8006 10542 10566 8007
f 6824 10568 10493 7251
f 6920 6922 7271 7270
f 6912 10572 10547 6973
f 7310 7339 7338 7337
f 7301 7317 7316 7312
f 7360 7351 7995 7994
f 6876 7273 7274 6792
f 6767 6928 6831 6771
f 6917 7276 7275 6918
f 7302 7312 7313 7315
f 6866 6917 6822 6867
f 6918 7275 7274 6919
f 6667 6799 6776 6679
f 6767 6949 6772 6928
f 6668 6681 6686 6685
f 6891 6949 6767 6927
f 6798 6893 6742 6915
f 6653 6654 6686 6681
f 6926 7370 7565 7561
f 6648 6679 6684 6647
f 6650 6651 6677 6676
f 8027 10562 10435 8028
f 7070 7090 7091 7085
f 7081 7082 7920 7919
f 6971 7150 7203 7204
f 6844 7136 7137 6845
f 7067 7683 7916 6818
f 6818 9436 9469 6758
f 6820 7207 7206 6843
f 6971 7204 7205 7134
f 6819 6841 6840 6828
f 7611 7617 6984 7149
f 6843 7206 7205 7135
f 7605 7611 7149 6758
f 6970 7135 7205 7204
f 6849 6850 6815 6934
f 7589 10541 10559 7590
f 6828 6840 6839 6820
f 6773 7153 7152 6829
f 7667 7669 7668 7666
f 6812 6813 6856 6855
f 6853 6780 7392 7221
f 6816 6906 6932 6933
f 6853 7221 7220 6982
f 6795 6793 6934 6933
f 6783 6852 6982 7220
f 6855 6856 6816 6815
f 7141 7286 6727 6993
f 6783 7220 7219 6725
f 6730 6731 7907 7909
f 6708 6730 7909 7903
f 6728 7285 7003 7000
f 6782 6985 6925 6854
f 6824 6893 10544 10568
f 6700 6718 6717 6704
f 7923 7924 7099 7086
f 7000 7003 7004 7005
f 6929 6947 6886 6940
f 6770 7365 7366 6886
f 6772 6890 6929 6928
f 6746 6745 7031 6889
f 6737 7294 6743 6745
f 7072 7074 7603 7619
f 6822 6785 7031 6890
f 6743 6744 7031 6745
f 10564 10582 6872 6920
f 7247 7296 7293 7248
f 8022 10572 10525 8023
f 6923 6924 6983 6797
f 6880 7943 7941 7240
f 7301 7347 7317
f 6879 7240 7941 7945
f 6846 6874 6823 6827
f 6876 6877 7013 6796
f 7302 7315 7328
f 7307 7306 7309 7308
f 7310 7337 7336 7311
f 7302 7336 7335 7312
f 7310 7308 7340 7339
f 7300 7307 7311 7305
f 6762 6918 6919 6786
f 6719 7278 7386 7387
f 6649 6650 6676 6680
f 6914 6921 6872 6875
f 6772 6867 6822 6890
f 6654 7315 7313 6655
f 6926 6927 6767 6771
f 7232 7233 6894 6895
f 6666 7557 7577 6802
f 6651 6652 6678 6677
f 6679 6776 7065 6684
f 6776 7372 7371 7065
f 6667 6676 6677 6668
f 6652 7330 7328 6653
f 6653 7328 7315 6654
f 6652 6653 6681 6678
f 6677 6678 6681 6668
f 8036 8035 10543 10540
f 6886 7366 7367 6940
f 7608 7620 7102 7103
f 6757 7202 9381 9441
f 6977 10527 10435 7140
f 10552 10562 8027 8026
f 7093 7082 7101 7100
f 7082 7093 7917 7920
f 6896 7139 7230 7231
f 7088 9493 9473 7622
f 7119 9496 9381 7202
f 6757 6829 7152 7151
f 6820 6839 7208 7207
f 7999 10565 10559 8062
f 7135 7136 6844 6843
f 6839 7007 7209 7208
f 6841 6995 7010 7009
f 6773 6999 7154 7153
f 6907 6795 6933 6932
f 8005 10575 10542 8006
f 6712 7628 7630 6699
f 6850 7393 7392 6780
f 6815 6850 6780 6855
f 6988 7219 7220 7221
f 6806 6925 6985 6807
f 6695 7888 7893 6707
f 6693 6694 6706 6705
f 6724 7629 7631 7223
f 6727 6728 7000 6993
f 7595 7596 7666 7668
f 6720 7218 7278 6719
f 6807 6985 6717 6718
f 6976 6975 7232 7231
f 6831 6928 6929 6940
f 6922 7014 7272 7271
f 7358 7589 7584 7345
f 6738 6740 6734 6742
f 6743 7294 7246 7197
f 6739 7245 6746 6747
f 6798 10573 10544 6893
f 7343 7364 7348 7342
f 7249 7250 7197 7293
f 7246 7294 6737 7295
f 8015 10573 10515 8016
f 6872 6921 6922 6920
f 6872 10582 10515 6875
f 6796 7013 6924 6923
f 6738 6742 6893 6824
f 6878 7273 7272 7014
f 6924 6925 6806 6983
f 6796 7272 7273 6876
f 6977 7156 10561 10527
f 6823 6880 7240 6827
f 6912 6973 6823 6874
f 7939 7944 6718 6700
f 6732 6690 7403 7388
f 8024 8023 10525 10521
f 6974 6975 10552 10538
f 7302 7328 7330 7305
f 7302 7305 7311 7336
f 6912 6874 7237 7236
f 7307 7308 7310 7311
f 7157 6912 7236 7235
f 6768 6789 7369 7368
f 6755 6785 6918 6762
f 6789 6802 7370 7369
f 7371 7566 7578 7065
f 6648 7329 7325 6649
f 6648 6649 6680 6679
f 6649 7325 7326 6650
f 6650 7326 7327 6651
f 6651 7327 7330 6652
f 7313 7312 7316
f 6974 7233 7232 6975
f 6978 9416 10581 10482
f 6757 7151 7203 7202
f 6970 6969 7136 7135
f 7072 7199 7200 7074
f 7140 6976 7231 7230
f 6978 7156 7228 7227
f 6819 6828 6844 6845
f 7119 7202 7203 7150
f 6998 7154 7155 6967
f 6998 7138 7137 6968
f 6969 6970 7151 7152
f 6815 6816 6933 6934
f 6845 7137 7138 6997
f 6839 6840 7008 7007
f 6723 7225 7215 6722
f 7007 6908 7210 7209
f 7222 7223 7631 7627
f 6699 7630 7629 6724
f 7392 7393 7222 7627
f 7215 7216 6721 6722
f 6724 7223 7225 6723
f 6694 7291 7292 6706
f 6717 7384 7385 6704
f 6692 6729 7285 7289
f 6675 6948 6913 6672
f 6729 7391 7003 7285
f 6747 7196 6736 6739
f 6641 6672 10575 10529
f 6738 7250 7249 6740
f 6831 6940 7367 7368
f 7247 7248 7246 7295
f 7142 7196 6747 6888
f 6746 6889 6888 6747
f 6646 6666 6665 6645
f 7998 10550 10565 7999
f 6894 6995 6996 6895
f 6921 7143 7014 6922
f 7236 7237 7146 6911
f 7368 7369 6771 6831
f 6879 7239 6827 7240
f 6994 7147 6910 7159
f 6874 6846 7238 7237
f 6718 7944 7945 6807
f 6879 6733 7387 7386
f 7339 7355 7354 7338
f 6911 7146 7147 6994
f 7309 7341 7340 7308
f 7305 7333 7332 7300
f 7297 7306 7307 7300
f 6755 6762 6786 6756
f 6895 6896 7231 7232
f 7234 7235 7158 7011
f 7012 7157 7235 7234
f 6911 6994 7159 7158
f 6646 7587 7557 6666
f 6647 7588 7576 7324
f 7297 7329 7324 7298
f 8024 10521 10538 8025
f 10520 10543 8035 8034
f 6827 7239 7002 6846
f 6977 7140 7230 7229
f 7069 7090 10520 10528
f 7071 7085 7091 7097
f 7075 7092 9428 9444
f 7074 7088 7622 7603
f 7074 7200 7201 7088
f 6967 7229 7230 7139
f 6845 6997 6996 6819
f 6968 7153 7154 6998
f 6848 7395 7394 6849
f 6968 6969 7152 7153
f 6968 7137 7136 6969
f 7243 7244 9413 9401
f 6794 6908 6909 6825
f 6908 6794 7211 7210
f 7091 7226 7089 7097
f 6907 7210 7211 6795
f 6794 6826 7212 7211
f 6793 6795 7211 7212
f 6848 6849 6934 6793
f 6698 6699 6724 6723
f 7222 7393 7394 7224
f 6701 6713 6710 6697
f 7222 7224 7225 7223
f 6705 7290 7289 6693
f 6693 7289 7285 6728
f 6687 6688 7402 7401
f 6641 10529 10535 7318
f 6691 6704 7385 7401
f 8002 10549 10535 8003
f 6948 6769 7367 7366
f 7387 7388 6702 6719
f 6689 6700 6704 6691
f 7997 10532 10550 7998
f 7344 7345 7299 7304
f 10536 10574 8001 8000
f 6741 6742 6734 6735
f 8002 8001 10574 10549
f 7303 7304 7320 7319
f 6888 6889 6755 6756
f 6736 6735 7296 7247
f 6644 7321 7322 6645
f 7342 7348 7352 7353
f 6737 7245 6739 7295
f 7349 7364 7343 7346
f 7348 10532 10563 7352
f 6914 7145 7143 6921
f 6911 7158 7235 7236
f 6846 7002 6847 7238
f 6689 7402 7938 7940
f 6986 7217 7216 7214
f 6986 7214 7396 7397
f 6732 7388 7387 6733
f 6641 7318 7319 6642
f 6720 6696 7287 7284
f 7640 7646 7647 7641
f 6974 7012 7234 7233
f 7327 7333 7305 7330
f 6894 7233 7234 7011
f 6756 6786 6883 6884
f 6995 6894 7011 7010
f 7303 7400 7344 7304
f 7304 7299 7322 7321
f 7143 7145 6884 6883
f 6664 6665 6789 6768
f 6887 7145 6914 6915
f 7324 7329 6648 6647
f 7325 7329 7297 7331
f 7326 7332 7333 7327
f 7325 7331 7332 7326
f 7300 7332 7331 7297
f 6895 6996 6997 6896
f 7069 7226 7091 7090
f 6977 7229 7228 7156
f 6967 7139 7138 6998
f 7071 7200 7199 7085
f 6896 6997 7138 7139
f 6840 6841 7009 7008
f 6819 6996 6995 6841
f 6849 7394 7393 6850
f 6908 7007 7008 6909
f 6909 7008 7009 6910
f 6697 6710 6711 6698
f 7224 7394 7395 6987
f 6698 6711 6712 6699
f 6701 6721 7284 7287
f 6697 6698 6723 6722
f 6721 7216 7217 7284
f 7938 7942 6716 7403
f 6729 6692 7385 7384
f 7664 7665 7654 7655
f 7058 7654 7665 7532
f 6641 6642 6675 6672
f 6663 6769 6948 6675
f 7298 7571 7583 7346
f 7322 7299 7323
f 7301 7334 7363
f 6735 6736 7196 6741
f 6887 6741 7196 7142
f 6736 7247 7295 6739
f 6756 6884 7142 6888
f 6884 7145 6887 7142
f 6847 7002 7398 7397
f 6752 7398 7399 7279
f 6752 7279 7278 7218
f 6825 7147 7146 6873
f 7002 7239 7399 7398
f 6916 6999 9477 9421
f 7397 7398 6752 6986
f 7217 7218 6720 7284
f 6700 6689 7940 7939
f 7341 7309 7343 7342
f 7297 7298 7346 7306
f 6916 7227 7228 7155
f 7304 7321 7320
f 7242 7243 9401 9424
f 6916 7155 7154 6999
f 7213 6847 7397 7396
f 7069 7244 7243 7226
f 7075 7201 7200 7071
f 7228 7229 6967 7155
f 7071 7097 7092 7075
f 6773 6829 9425 9437
f 6825 6909 6910 7147
f 6987 7395 7396 7214
f 6702 7388 7403 6716
f 6826 6847 7213 7212
f 6793 7212 7213 6848
f 7215 7225 7224 6987
f 6987 7214 7216 7215
f 6697 6722 6721 6701
f 6691 7401 7402 6689
f 6643 6663 6675 6642
f 7319 7320 6643 6642
f 6643 7320 7321 6644
f 7303 7319 7318
f 6826 6873 7238 6847
f 7440 7543 7542 7420
f 6752 7218 7217 6986
f 6953 7644 7666 7596
f 6696 6709 7288 7287
f 6848 7213 7396 7395
f 7089 7226 7243 7242
f 7068 7089 7242 7241
f 7068 7241 9480 9440
f 6910 7009 7010 7159
f 6825 6873 6826 6794
f 7451 7507 7489 7452
f 7287 7288 6713 6701
f 7421 9284 9317 7513
f 6687 7401 7385 6692
f 6696 6720 6719 6702
f 7068 7092 7097 7089
f 7531 7532 7665 7662
f 6655 6662 6686 6654
f 6904 7194 7375 7376
f 7195 7016 7376 7375
f 7190 7191 7193 7192
f 6771 7369 7370 6926
f 7258 7597 7600 7178
f 6737 6745 6746 7245
f 7645 7667 7666 7644
f 7340 7341 7357 7356
f 6644 6645 6665 6664
f 7339 7340 7356 7355
f 7039 7042 7659 7390
f 6898 6851 7646 7640
f 7383 7391 6729 7384
f 7662 7665 7664 7663
f 7279 7399 7386 7278
f 7572 7575 7323 7299
f 6887 6915 6742 6741
f 7344 7400 7358 7345
f 7530 7538 7969 7968
f 6753 6777 7265 7266
f 7170 9281 9311 7047
f 6966 7269 7975 7974
f 9271 9272 6778 6753
f 7046 7047 7643 7653
f 7461 9288 9378 9336
f 7030 6857 7980 7979
f 7026 7267 9278 9274
f 7113 7044 7126 7125
f 6858 7254 7253 6944
f 7160 7161 7173 7172
f 7282 7418 7419 7283
f 7443 7458 7457 7451
f 7098 9389 9489 7416
f 6775 7275 7276 6808
f 6861 7174 6951 6950
f 7336 7337 7361 7335
f 7301 7312 7335 7334
f 6822 6917 6918 6785
f 7084 9464 9432 7916
f 6923 7271 7272 6796
f 8017 10564 10539 8018
f 6775 6792 7274 7275
f 6776 6799 7373 7372
f 7110 7681 7922 7105
f 6824 7251 7250 6738
f 6880 6823 6973 6881
f 7081 7102 7101 7082
f 7248 7293 7197 7246
f 6755 6889 7031 6785
f 7072 7076 7198 7199
f 7085 7199 7198 7070
f 6734 6740 7296 6735
f 6740 7249 7293 7296
f 6666 6802 6789 6665
f 6879 7386 7399 7239
f 8032 10511 10528 8033
f 8061 10541 10536 8000
f 7014 7143 6883 6878
f 7146 7237 7238 6873
f 7342 7353 7357 7341
f 8031 8030 10561 10482
f 6768 7368 7367 6769
f 7010 7011 7158 7159
f 7542 7556 7512 7420
f 6663 6664 6768 6769
f 7440 7454 7546 7543
f 6644 6664 6663 6643
f 7541 7544 8053 8046
f 7530 7968 7967 7663
f 7460 7469 7480 7493
f 7423 7443 7438 7422
f 7478 7479 9354 9342
f 7426 7518 7520 7519
f 7460 7492 7472 7469
f 7517 7518 7426 7425
f 7936 9560 9556 7935
f 7437 7458 7424 7425
f 7430 7524 10428 7431
f 7435 9405 9481 7447
f 7425 7426 7436 7437
f 7431 10430 7526 7432
f 7432 7526 8060 8047
f 7426 7519 7928 7894
f 7426 7894 7930 7436
f 7431 7432 7444 7442
f 7429 9445 9397 7523
f 7523 7524 7430 7429
f 7427 7935 7931 7441
f 7435 7428 9448 9405
f 7439 9313 9284 7421
f 7552 8049 8050 7553
f 7481 7482 7554 7547
f 7461 9336 9318 7491
f 7548 7553 8050 8051
f 7252 7253 6943 6761
f 9286 9302 7503 7485
f 7463 7508 7509 7490
f 7486 7488 9371 9351
f 7040 7404 7658 7043
f 7462 7489 7463 7503
f 7491 9318 9348 7510
f 7462 7503 9302 9292
f 7451 7457 7473 7507
f 7476 9327 9350 7509
f 7474 7476 7509 7508
f 7463 7490 7485 7503
f 7454 9296 9293 7481
f 7443 7451 7452 7438
f 7463 7489 7507 7508
f 7544 7545 8052 8053
f 7422 7514 7515 7423
f 7421 7422 7438 7439
f 7454 7440 9312 9296
f 7474 7508 7507 7473
f 7474 7505 7486 7476
f 7452 7489 7462 7453
f 7476 7486 9351 9327
f 7457 7450 7504 7473
f 7020 7986 7985 7380
f 9368 10578 10555 7498
f 7423 7515 7516 7424
f 7424 7516 7517 7425
f 7473 7504 7505 7474
f 7495 7505 7504 7494
f 7641 7647 6864 6897
f 7471 7492 7460 7468
f 7486 7505 7495 7488
f 7496 9369 9347 7682
f 7488 7495 7673 7670
f 6972 6984 7133 7132
f 7424 7458 7443 7423
f 7436 7449 7450 7437
f 7933 7497 9359 9330
f 9335 9368 7498 7499
f 7465 7464 7929 7671
f 8055 10556 10522 8056
f 7104 7921 7752 7107
f 7449 7494 7504 7450
f 8057 10557 10576 8058
f 8056 10522 10557 8057
f 9460 9512 9344 7501
f 7436 7930 7705 7449
f 4120 10516 10514 4119
f 7465 7671 7932 7487
f 7441 7931 7723 7448
f 7449 7705 7901 7494
f 7459 9456 9412 7466
f 7494 7901 7673 7495
f 7467 7478 9465 9409
f 7445 7455 7433 7442
f 7467 7468 7479 7478
f 7445 7492 7471 7455
f 7456 7472 7492 7445
f 7723 7929 7464 7448
f 7442 7444 7456 7445
f 7446 7455 7471 7470
f 7470 9453 9484 7446
f 7467 7470 7471 7468
f 7430 7431 7442 7433
f 7433 7455 7446 7434
f 7433 7434 7429 7430
f 7528 6966 7974 7973
f 7048 7529 7664 7655
f 7479 7493 9333 9354
f 7171 7537 7529 7048
f 7460 7493 7479 7468
f 7548 8051 8052 7545
f 7552 9372 9321 8049
f 7482 7483 7551 7554
f 7421 7513 7514 7422
f 7118 7534 7540 7407
f 6945 6965 7527 6946
f 7531 7970 7971 7536
f 7539 7550 7549 7540
f 7532 7531 7536 7535
f 7548 7547 7554 7553
f 7533 7539 7540 7534
f 7541 7555 7556 7542
f 7549 7550 9374 9362
f 7544 7543 7546 7545
f 7545 7546 7547 7548
f 6965 6966 7528 7527
f 7551 7552 7553 7554
f 7527 7528 7538 7537
f 7529 7537 7538 7530
f 7533 7534 7535 7536
f 7541 7542 7543 7544
f 7530 7663 7664 7529
f 6946 7527 7537 7171
f 7599 7600 7597 7598
f 7299 7345 7584 7572
f 7571 7572 7584 7583
f 6646 7323 7575 7587
f 7576 7588 7587 7575
f 6647 6684 7558 7588
f 7557 7587 7588 7558
f 6802 7577 7565 7370
f 7565 7577 7578 7566
f 7583 7590 7349 7346
f 7583 7584 7589 7590
f 7065 7578 7558 6684
f 7558 7578 7577 7557
f 7562 7566 7371 7064
f 7561 7565 7566 7562
f 6868 7564 7562 7064
f 7561 7562 7564 7563
f 6868 6869 7560 7564
f 7559 7563 7564 7560
f 6814 7592 7582 6905
f 7582 7592 7591 7581
f 6861 6891 7559 7579
f 7559 7560 7580 7579
f 7062 7573 7569 7033
f 7569 7573 7574 7570
f 6861 7579 7599 7174
f 7579 7580 7600 7599
f 6953 7596 7899 7889
f 7595 7900 7899 7596
f 7598 7601 7173 7381
f 7597 7602 7601 7598
f 6938 7591 7573 7062
f 7573 7591 7592 7574
f 6952 7586 7667 7645
f 7585 7669 7667 7586
f 6830 7049 7910 7914
f 7914 7915 6781 6830
f 7568 7594 7176 7175
f 7593 7594 7568 7567
f 7172 7173 7601 7593
f 7593 7601 7602 7594
f 6952 7163 7567 7586
f 7567 7568 7585 7586
f 7100 7101 7604 7621
f 7603 7622 7621 7604
f 7605 6758 9469 9449
f 7621 7622 9473 9452
f 7072 7619 7607 7076
f 7607 7619 7620 7608
f 7102 7620 7604 7101
f 7603 7604 7620 7619
f 7119 7150 7612 7606
f 7605 7606 7612 7611
f 6971 7618 7612 7150
f 7611 7612 7618 7617
f 10545 10551 7076 7607
f 7607 7608 10558 10545
f 6842 7615 7614 7134
f 7614 7615 7616 7613
f 7614 7618 6971 7134
f 7613 7617 7618 7614
f 6821 7609 7615 6842
f 7609 7610 7616 7615
f 6905 7582 7623 6906
f 7582 7581 7625 7623
f 7610 7625 7581 6931
f 6906 7623 7624 6932
f 7623 7625 7626 7624
f 7610 7609 7626 7625
f 6932 7624 7006 6907
f 7006 7624 7626 6838
f 6838 7626 7609 6821
f 6988 7221 7392 7627
f 6988 7627 7631 7219
f 6703 7630 7628 6714
f 6725 7219 7631 7629
f 7629 7630 6703 6725
f 6687 6692 7289 7290
f 6696 6702 6716 6709
f 7390 7659 7658 7404
f 7531 7662 8065 7970
f 7662 7663 7967 8065
f 7056 7652 7642 7057
f 7642 7652 7653 7643
f 6782 6935 7633 7651
f 7650 7651 7633 7632
f 6764 7001 7634 7638
f 7634 7635 7639 7638
f 6811 7635 7633 6935
f 7632 7633 7635 7634
f 6763 6764 7638 7656
f 7638 7639 7657 7656
f 7647 7657 6809 6864
f 7646 7656 7657 7647
f 7640 7644 6953 6898
f 7640 7641 7645 7644
f 7034 7595 7668 7660
f 7668 7669 7661 7660
f 7034 7660 7389 7036
f 7389 7660 7661 6715
f 7036 7389 7404 7040
f 7390 7404 7389 6715
f 7043 7658 7406 7053
f 7406 7658 7659 7405
f 7053 7406 7636 7054
f 7406 7405 7637 7636
f 7054 7636 7648 7055
f 7636 7637 7649 7648
f 7055 7648 7652 7056
f 7648 7649 7653 7652
f 7655 9304 9310 7048
f 7654 9298 9304 7655
f 7391 7650 7004 7003
f 7383 7651 7650 7391
f 6782 7651 7383 6985
f 6781 7899 7900 6830
f 6781 6788 7889 7899
f 6708 7893 7888 6730
f 6730 7888 7897 6731
f 6937 7896 7892 6936
f 6726 6790 7896 7897
f 6763 6851 7890 7892
f 6788 6954 7891 7889
f 6851 6898 7891 7890
f 6830 7900 7886 7049
f 7034 7036 7887 7886
f 7050 7887 7895 7129
f 7063 7129 7895 7898
f 6751 7063 7898 7674
f 7569 7570 7915 7914
f 7033 7569 7914 7910
f 6703 6714 7903 7909
f 6703 7909 7907 6725
f 6731 6937 7911 7907
f 6784 6852 7902 7912
f 6783 7911 7902 6852
f 6788 7905 7904 6954
f 7059 7908 7675 6749
f 7032 7033 7910 7906
f 7908 7913 7129 7063
f 7906 7913 7130 7032
f 6774 7905 7915 7570
f 6954 7904 7912 6956
f 7093 9433 9429 7917
f 7073 7920 7917 7094
f 7106 7084 7916 7683
f 7073 7078 7919 7920
f 7079 7918 7919 7078
f 8039 10570 10436 8067
f 7752 7921 7084 7106
f 7094 7924 7923 7073
f 7094 9461 9417 7924
f 7078 7926 7925 7079
f 7077 10530 10533 7925
f 7073 7923 7926 7078
f 7464 7465 9513 9566
f 9566 9567 7448 7464
f 7441 7448 9567 9514
f 7465 7487 9554 9513
f 7670 9554 9623 9345
f 7427 7441 9514 9544
f 7928 9557 9544 7894
f 9515 9549 7927 7682
f 6892 7413 7927 7672
f 7447 7459 9518 9550
f 9519 9550 7723 7931
f 7671 9548 9534 7932
f 7459 7466 9548 9518
f 7502 9540 9620 9339
f 7931 7935 9556 9519
f 7427 7521 7936 7935
f 7502 7415 9551 9540
f 7680 7934 9551 9565
f 7086 7099 7922 7681
f 7104 7937 9396 9485
f 7731 7864 7077 7087
f 7096 7937 7716 7108
f 8041 10530 10478 8066
f 7086 7681 7731 7087
f 6690 6732 7939 7940
f 6688 7942 7938 7402
f 6690 7940 7938 7403
f 6733 6879 7945 7944
f 6733 7944 7939 6732
f 6807 7945 7941 6806
f 7941 7943 6983 6806
f 7946 10554 10531 6797
f 6797 6983 7943 7946
f 6714 7628 7963 7958
f 7949 7961 7290 6705
f 7958 7965 7903 6714
f 6706 7292 7962 7950
f 6707 7951 7962 7292
f 6709 6716 7959 7953
f 6711 7955 7956 6712
f 6709 7953 7960 7288
f 7942 7966 7959 6716
f 6713 7288 7960 7957
f 6705 6706 7950 7949
f 6688 7948 7966 7942
f 7903 7965 7952 6708
f 6712 7956 7963 7628
f 6710 6713 7957 7954
f 7947 7948 6688 6687
f 6708 7952 7964 7893
f 6707 7893 7964 7951
f 6687 7290 7961 7947
f 6710 7954 7955 6711
f 6438 7960 7953 6448
f 6448 7953 7959 6458
f 7959 7966 6468 6458
f 6479 6468 7966 7948
f 6479 7948 7947 6490
f 6490 7947 7961 6501
f 6501 7961 7949 6512
f 7949 7950 6523 6512
f 6523 7950 7962 6534
f 6534 7962 7951 6545
f 6545 7951 7964 6556
f 6556 7964 7952 6567
f 7952 7965 6578 6567
f 6578 7965 7958 6589
f 6589 7958 7963 6600
f 6600 7963 7956 6611
f 6611 7956 7955 6622
f 6622 7955 7954 6633
f 6633 7954 7957 6428
f 6428 7957 7960 6438
f 7350 7354 8070 7351
f 7351 8070 8074 7995
f 7354 7355 8071 8070
f 10431 10440 8074 8070
f 7355 7356 8072 8071
f 10526 10537 8076 8075
f 7357 8073 8072 7356
f 8076 10537 10546 8077
f 7352 8073 7357 7353
f 7996 8077 10546 10563
f 6748 7761 7760 7674
f 7793 7810 7832 7809
f 7678 7694 7688 7677
f 7677 7688 7782 7783
f 7679 7691 7692
f 7763 9528 9564 7848
f 7713 7774 7773 7715
f 7791 7796 7795 7792
f 7695 7696 7845 7844
f 7753 7770 7107 7752
f 6892 7672 7763 7762
f 7691 9561 9527 7692
f 7680 7765 7764 7083
f 7791 7793 7797 7796
f 7713 7746 7776 7774
f 7726 9538 9529 7700
f 7794 7792 7795
f 7724 7725 7694 7678
f 7759 7760 7880 7883
f 7815 7875 7855 7834
f 6749 7757 7756 6750
f 7829 9542 9522 7804
f 7798 9541 9533 7885
f 7775 7776 7746 7720
f 7677 7783 7852 7851
f 7818 7853 7784 7852
f 7687 7701 7708 7706
f 7756 7757 7854 7780
f 7672 9558 9528 7763
f 7730 7732 7734 7712
f 7690 7718 7717 7689
f 7688 9563 9547 7782
f 7693 7725 7724 7684
f 7679 7847 7846 7691
f 7774 7776 7779 7778
f 9545 9553 7718 7690
f 7741 7869 7868 7737
f 7777 7779 7790 7789
f 7775 7790 7779 7776
f 7768 7843 7844 7767
f 7765 9537 9546 7846
f 7734 9543 9524 7867
f 6748 6892 7762 7761
f 7762 7763 7848 7849
f 7831 7877 7860 7859
f 7702 7796 7797 7701
f 7688 7694 9539 9563
f 7698 7748 7747 7727
f 7711 7802 7882 7866
f 7106 7683 7754 7865
f 7800 7873 7872 7709
f 7706 7708 7732 7730
f 7709 7872 7871 7744
f 7794 7817 7814 7792
f 7695 7697 7699 7696
f 7686 7881 7883 7704
f 7754 7863 7882 7865
f 7863 7884 7730 7712
f 7721 7876 7803 7830
f 7689 7717 7842 7841
f 7805 7819 7823 7822
f 7732 9559 9543 7734
f 7772 9520 9516 7722
f 7678 7850 7849 7724
f 7809 7832 7813 7811
f 7722 7808 7771 7772
f 7807 9552 9526 7874
f 7778 7779 7777 7878
f 7109 7767 7766 7280
f 7685 7885 7772 7771
f 7697 9517 9525 7699
f 7721 7830 7828 7879
f 7823 7826 7777 7789
f 7107 7770 7769 7716
f 7711 7866 7867 7733
f 7831 7858 7825 7808
f 7781 7801 9562 9547
f 7709 7735 7799 7800
f 7675 7758 7757 6749
f 7812 7833 7813
f 7706 7730 7884 7780
f 7788 7790 7775 7751
f 7736 7739 7741 7737
f 7709 7744 7739 7735
f 7734 7867 7866 7712
f 7708 9521 9559 7732
f 7707 7735 7739 7736
f 7710 9545 9532 7738
f 7686 7704 7703 7702
f 7713 7727 7747 7746
f 7799 7685 7825 7800
f 7740 7869 7870 7742
f 7811 7874 9526 9535
f 7861 7862 7856 7857
f 7710 7729 7728 7719
f 7782 7816 7840 7783
f 7805 7859 7860 7806
f 7819 7876 7826 7823
f 7689 7841 7802 7711
f 7738 7868 7869 7740
f 7717 7750 7843 7842
f 7714 7751 7775 7720
f 7689 7711 7733 7690
f 7773 7774 7778 7781
f 7280 7766 9537 9565
f 7846 7847 7764 7765
f 7844 7845 7766 7767
f 7707 7798 7799 7735
f 7703 7704 7676 7784
f 9546 9561 7691 7846
f 7770 7841 7842 7769
f 7720 7746 7747 7728
f 7677 7851 7850 7678
f 7676 7880 7850 7851
f 7720 7728 7729 7714
f 7749 9536 9517 7697
f 7718 9553 9536 7749
f 7807 7821 9531 9552
f 7695 7844 7843 7750
f 7804 7821 7807 7815
f 7717 7718 7749 7750
f 7785 7787 7788 7786
f 7739 7744 7743 7741
f 7833 7861 7857 7855
f 7785 7786 7872 7873
f 7787 7789 7790 7788
f 7761 7762 7849 7850
f 7703 7795 7796 7702
f 7713 7715 7726 7727
f 7742 7745 7751 7714
f 7777 7826 7879 7878
f 7787 7822 7823 7789
f 7785 7873 7858 7824
f 7757 7758 7881 7854
f 7792 7814 7812 7791
f 7700 9529 9624 9525
f 7753 7865 7882 7802
f 7675 6751 7759 7758
f 7784 7853 7817 7794
f 7742 7870 7871 7745
f 7785 7824 7822 7787
f 7801 7828 9523 9562
f 7807 7874 7875 7815
f 7820 9531 9522 7803
f 7816 7827 7838 7840
f 7811 7813 7875 7874
f 7854 7881 7686 7687
f 7866 7882 7863 7712
f 7814 7817 7862 7861
f 7819 7820 7803 7876
f 7855 7875 7813 7833
f 7108 7768 7767 7109
f 7824 7858 7831 7859
f 7824 7859 7805 7822
f 7818 7840 7838 7839
f 7856 7862 7817 7853
f 7808 7825 7685 7771
f 7687 7706 7780 7854
f 7754 7755 7884 7863
f 7722 7877 7831 7808
f 7818 7839 7856 7853
f 7804 7835 7836 7829
f 7756 7780 7884 7755
f 7834 7837 7836 7835
f 7793 7791 7812 7810
f 7836 7837 7839 7838
f 7829 7836 7838 7827
f 7741 7743 7870 7869
f 7793 9520 9533 7797
f 7697 7695 7750 7749
f 7676 7851 7852 7784
f 7837 7857 7856 7839
f 7828 7830 9542 9523
f 7714 7729 7740 7742
f 7842 7843 7768 7769
f 7760 7761 7850 7880
f 7834 7855 7857 7837
f 7745 7871 7872 7786
f 7738 9532 9524 7868
f 7721 7879 7826 7876
f 7781 7778 7878 7801
f 7784 7794 7795 7703
f 7805 7806 7820 7819
f 7743 7744 7871 7870
f 7701 9541 9521 7708
f 7745 7786 7788 7751
f 7801 7878 7879 7828
f 7753 7802 7841 7770
f 7716 7769 7768 7108
f 7686 7702 7701 7687
f 7809 7811 9535 9516
f 7758 7759 7883 7881
f 7814 7861 7833 7812
f 7704 7883 7880 7676
f 7692 9530 9555 7679
f 7804 7815 7834 7835
f 7798 7885 7685 7799
f 7698 7727 7726 7700
f 7106 7865 7753 7752
f 7684 7724 7849 7848
f 7683 7067 7755 7754
f 7715 9539 9538 7726
f 7684 7848 9564 9555
f 7719 7728 7747 7748
f 6750 7756 7755 7067
f 6751 7674 7760 7759
f 7738 7740 7729 7710
f 7800 7825 7858 7873
f 7783 7840 7818 7852
f 8097 8112 8315 8160
f 8105 9578 9598 8110
f 8159 9595 9590 8285
f 8285 9590 9585 8204
f 8628 8629 8681 8682
f 8078 8622 8624 8079
f 8630 8632 8083 8082
f 8079 8624 8626 8080
f 8085 8636 8638 8086
f 8087 8640 8642 8088
f 8089 8644 8646 8090
f 8091 8648 8650 8092
f 8093 8652 8654 8094
f 8603 9133 8656 8657
f 9116 9119 8094 8654
f 8603 9136 9140 9133
f 8605 8659 8660 8606
f 8615 8712 8711 8616
f 8624 8625 8627 8626
f 8083 8632 8634 8084
f 8081 8628 8682 8095
f 8734 8735 8970 8821
f 8082 8095 8682 8630
f 8665 8666 8611 8610
f 8417 8418 8420 8419
f 8634 8635 8637 8636
f 8084 8634 8636 8085
f 8642 8643 8645 8644
f 8086 8638 8640 8087
f 8088 8642 8644 8089
f 8090 8646 8648 8091
f 8092 8650 8652 8093
f 8716 8731 8732 8715
f 8614 8713 8712 8615
f 8611 8666 8667 8612
f 8421 8457 8419 8420
f 8614 8615 9154 9155
f 8925 9116 9115 8779
f 8175 8271 8321 8176
f 8096 8157 8294 8118
f 8158 8284 8116 8096
f 8098 8171 8295 8117
f 8158 8286 8287 8159
f 8186 8187 8289 8288
f 8103 8104 8207 8202
f 8203 8284 8285 8204
f 8101 8113 8319 8188
f 8207 8292 8301 8209
f 8158 8159 8285 8284
f 8096 8118 8286 8158
f 8163 8164 8336 8335
f 8160 8328 8119 8097
f 8098 8172 8286 8118
f 8099 8174 8319 8113
f 8102 8105 8218 8191
f 8173 8287 8286 8172
f 8104 8111 8292 8207
f 8187 9581 9591 8289
f 8103 8203 8205 8104
f 8192 9600 9568 8269
f 8110 9598 9604 8107
f 8106 8111 8282 8219
f 8223 8301 8292 8221
f 8107 8120 8333 8232
f 8108 8233 8278 8114
f 8109 8121 8334 8246
f 8342 9582 9589 8363
f 8234 8281 9586 9599
f 8107 9604 9601 8120
f 8271 9605 9573 8189
f 8100 8186 8288 8117
f 8103 8116 8284 8203
f 8108 8235 8291 8115
f 8122 8123 8277 8182
f 8168 8277 8123 8124
f 8169 8171 8294 8304
f 8124 8125 8276 8168
f 8125 8126 8154 8276
f 8127 8275 8154 8126
f 8129 8208 8300 8130
f 8132 8133 8238 8273
f 8135 8136 8241 8254
f 8143 8144 8262 8151
f 8264 8322 8167 8166
f 8145 8146 8265 8165
f 8163 8335 8337 8176
f 8149 8162 8337 8335
f 8197 8261 8323 8198
f 8149 8335 8336 8150
f 8151 8262 8263 8152
f 8153 8314 8276 8154
f 8212 8259 8258 8213
f 8152 8153 8323 8261
f 8155 8304 8294 8157
f 8201 8200 8209 8208
f 8200 8202 8207 8209
f 8128 8129 8210 8199
f 8118 8294 8171 8098
f 8161 9603 9583 8270
f 8161 8270 8337 8162
f 8097 9603 9568 8112
f 8161 8162 8332 8269
f 8098 8117 8288 8172
f 8163 8176 8321 8317
f 8146 8147 8179 8265
f 8167 8322 8277 8168
f 8166 8263 8262 8165
f 8166 8167 8314 8263
f 8167 8168 8276 8314
f 8170 8307 8306 8169
f 8172 8288 8289 8173
f 8099 8113 9605 9570
f 8270 9583 9570 8175
f 8178 8318 8317 8177
f 8181 8182 8277 8322
f 8125 8305 8156 8126
f 9571 9585 8191 8218
f 8193 8332 8326 8194
f 8100 8117 8295 8185
f 8192 8216 9578 9600
f 8110 8308 8218 8105
f 8106 8221 8292 8111
f 8106 8115 8291 8221
f 8194 8195 8215 8214
f 8219 8282 8283 8220
f 8326 8327 8195 8194
f 8144 8145 8165 8262
f 8200 8302 8293 8202
f 8198 8323 8275 8199
f 8130 8300 8222 8131
f 8129 8130 8274 8210
f 8130 8131 8224 8274
f 8205 8206 8283 8282
f 8333 9586 9569 8232
f 8204 8206 8205 8203
f 8269 8332 8193 8192
f 8206 9571 9588 8283
f 8291 8299 8223 8221
f 8210 8274 8312 8211
f 8242 8329 8330 8243
f 8131 8132 8273 8224
f 8228 8329 8320 8231
f 8268 8309 8231 8230
f 8217 8214 8310 8309
f 8216 8217 8309 8268
f 8143 8151 8260 8142
f 8219 8220 8281 8280
f 8109 9572 9592 8121
f 8236 8298 8299 8237
f 8233 8280 8281 8234
f 8222 8223 8299 8298
f 8224 8225 8312 8274
f 8133 8134 8272 8238
f 8226 8257 8256 8227
f 8140 8215 8195 8141
f 8235 8290 8297 8237
f 8228 8229 8330 8329
f 8109 8120 9601 9572
f 8230 8231 8320 8267
f 8106 8219 8280 8115
f 8222 8300 8301 8223
f 8233 8234 8279 8278
f 8109 8246 8333 8120
f 8237 8299 8291 8235
f 8236 8237 8297 8296
f 8239 8313 8273 8238
f 8239 8240 8257 8313
f 8240 8241 8256 8257
f 8245 8320 8329 8242
f 8242 8243 8325 8324
f 8244 8245 8331 8266
f 8138 8137 8330 8229
f 8399 8545 8360 8356
f 8341 9575 9576 8359
f 8368 8396 8555 8380
f 8339 8356 8360 8343
f 8248 8349 8348 8340
f 8250 8251 8352 8351
f 8198 8211 8212 8197
f 8198 8199 8210 8211
f 8169 8304 8305 8170
f 8148 8353 8352 8251
f 8347 8247 8542 8365
f 8108 8114 8290 8235
f 8107 8232 8308 8110
f 8119 8328 8174 8099
f 8193 8194 8214 8217
f 8147 8146 8318 8178
f 8096 8116 8293 8157
f 8102 8191 8315 8112
f 8175 8176 8337 8270
f 8103 8202 8293 8116
f 8190 8321 8271 8189
f 8128 8199 8275 8127
f 8170 8305 8125 8124
f 8220 8283 9588 9569
f 8240 8255 8254 8241
f 8234 9599 9594 8279
f 8115 8280 8233 8108
f 8133 8236 8296 8134
f 8273 8313 8225 8224
f 8192 8193 8217 8216
f 8222 8298 8132 8131
f 8238 8272 8316 8239
f 8287 9580 9595 8159
f 8126 8156 8303 8127
f 8123 8307 8170 8124
f 8183 8307 8123 8122
f 8249 8350 8349 8248
f 9576 9593 8541 8359
f 8145 8164 8318 8146
f 8365 8542 8559 8599
f 8345 8362 8364 8346
f 8247 8347 8355 8253
f 8214 8215 8311 8310
f 8141 8142 8260 8196
f 8212 8211 8312 8259
f 8228 8310 8311 8229
f 8104 8205 8282 8111
f 8184 8306 8307 8183
f 8148 8252 8354 8353
f 8226 8227 8258 8259
f 8169 8306 8295 8171
f 8155 8302 8303 8156
f 8138 8139 8258 8227
f 8180 8264 8265 8179
f 8152 8261 8260 8151
f 8165 8265 8264 8166
f 8141 8195 8327 8142
f 8229 8311 8139 8138
f 8275 8323 8153 8154
f 8362 8551 8598 8364
f 8250 8351 8350 8249
f 8184 8185 8295 8306
f 8127 8303 8201 8128
f 8155 8156 8305 8304
f 8200 8201 8303 8302
f 8259 8312 8225 8226
f 8242 8324 8331 8245
f 8133 8132 8298 8236
f 8136 8135 8325 8243
f 8143 8150 8336 8144
f 8177 8317 8321 8190
f 8180 8181 8322 8264
f 8317 8318 8164 8163
f 8267 8320 8245 8244
f 8287 8173 9587 9580
f 8157 8293 8302 8155
f 8128 8201 8208 8129
f 8174 9587 9591 8319
f 8208 8209 8301 8300
f 8226 8225 8313 8257
f 8240 8239 8316 8255
f 8136 8243 8330 8137
f 8137 8138 8227 8256
f 8136 8137 8256 8241
f 8231 8309 8310 8228
f 8139 8311 8215 8140
f 8140 8141 8196 8213
f 8139 8140 8213 8258
f 8196 8197 8212 8213
f 8142 8327 8150 8143
f 8144 8336 8164 8145
f 8152 8263 8314 8153
f 8149 8326 8332 8162
f 8149 8150 8327 8326
f 8252 8253 8355 8354
f 8247 8341 8359 8542
f 8344 8361 9161 9157
f 8342 8363 8357 8338
f 8346 8364 8361 8344
f 8351 8721 8722 8350
f 8365 8599 8731 8367
f 8196 8260 8261 8197
f 8548 8598 8597 8549
f 8360 8545 9584 9589
f 8676 8721 8720 8675
f 8355 8718 8719 8354
f 8352 8353 8405 8720
f 8671 8716 8715 8670
f 8349 8350 8722 8723
f 8357 8363 8565 8401
f 8348 8570 8568 8366
f 8373 8452 8707 8391
f 8348 8349 8723 8570
f 8352 8720 8721 8351
f 8376 8547 8397 8369
f 8356 9161 9158 8399
f 8347 8365 8367 8355
f 8355 8367 8717 8718
f 8397 9160 9159 8369
f 8371 8372 8416 8415
f 8373 8374 8453 8452
f 8554 8601 8600 8558
f 8611 9150 9143 8610
f 8414 8614 9155 9153
f 8396 8368 9597 9596
f 8556 8560 8562 8557
f 8381 8556 8557 8382
f 8386 9147 9151 8619
f 8388 8621 8620 8387
f 8609 9149 9146 8608
f 8683 8707 8706 8684
f 8391 8707 8683 8390
f 8389 8390 8683 8669
f 9142 9148 8617 8618
f 8616 9145 9154 8615
f 8416 8418 8417 8415
f 8384 8395 8733 8601
f 8385 8387 8620 8602
f 8669 8683 8684 8670
f 8669 8714 8393 8389
f 8616 8617 9148 9145
f 8372 8392 8708 8416
f 8618 8619 9151 9142
f 8396 8400 8564 8555
f 8612 8613 9152 9144
f 8576 8695 8694 8539
f 8359 8541 8559 8542
f 8400 8401 8565 8564
f 8552 8553 8596 8597
f 8376 9579 9577 8547
f 8619 8708 8392 8386
f 8671 8672 8717 8716
f 8611 8612 9144 9150
f 8403 8404 8730 8729
f 8620 8621 8623 8622
f 8398 8546 8545 8399
f 8400 9602 9593 8401
f 8626 8627 8629 8628
f 8377 8550 8596 8383
f 8370 8402 8728 8394
f 8407 8688 8702 8408
f 8551 8552 8597 8598
f 8358 8366 8730 8404
f 8677 8678 8723 8722
f 8501 8699 8698 8566
f 8427 8429 8464 8462
f 8422 8423 8457 8421
f 8413 8414 8613 8668
f 8430 8467 8464 8429
f 8453 8455 8454 8452
f 8421 8711 8712 8422
f 8419 8725 8455 8417
f 8418 8709 8710 8420
f 8422 8424 8425 8423
f 8426 8428 8429 8427
f 8428 8431 8430 8429
f 8413 8713 8614 8414
f 8423 8425 8461 8459
f 8428 8667 8666 8431
f 8434 8436 8437 8435
f 8436 8663 8662 8438
f 8442 8660 8659 8444
f 8438 8440 8441 8439
f 8435 8437 8472 8470
f 8433 8665 8664 8434
f 8439 8474 8472 8437
f 8439 8441 8476 8474
f 8445 8480 8478 8443
f 8441 8443 8478 8476
f 8446 8658 8657 8448
f 8445 8447 8482 8480
f 8448 8657 8656 8450
f 8704 8705 8456 8500
f 8466 8468 8698 8699
f 8700 8701 8463 8465
f 8458 8500 8724 8459
f 8410 8411 8427 8462
f 8699 8700 8465 8466
f 8468 8471 8697 8698
f 8600 8601 8733 8732
f 8471 8473 8696 8697
f 8527 8567 8566 8525
f 8695 8696 8473 8475
f 8525 8697 8696 8526
f 8475 8477 8694 8695
f 8576 8577 8528 8526
f 8479 8481 8692 8693
f 8543 8544 8554 8558
f 8481 8483 8691 8692
f 8592 9118 9115 8655
f 8583 8589 8590 8585
f 8620 8622 8078 8602
f 8689 8690 8485 8487
f 8581 8588 8589 8583
f 8488 8492 8493 8489
f 8488 8490 8680 8679
f 8495 8574 8503 8493
f 8492 8678 8677 8494
f 8983 9121 9122 8981
f 8498 8499 8701 8700
f 8467 8469 8468 8466
f 8432 8433 8434 8435
f 8409 8410 8462 8463
f 8501 8566 8567 8502
f 8560 8729 8730 8561
f 8462 8464 8465 8463
f 8495 8497 8502 8574
f 8504 8506 8573 8572
f 8507 8531 8573 8506
f 8509 8530 8578 8511
f 8533 8534 8647 8645
f 8515 8517 8518 8516
f 8514 8516 8534 8533
f 8587 8651 8649 8586
f 8512 8514 8533 8579
f 8536 8584 8517 8515
f 8517 8584 8585 8519
f 8580 8582 8538 8540
f 8534 8586 8649 8647
f 8524 8523 9120 9117
f 8520 8522 8591 8587
f 8524 9117 9118 8592
f 8477 8479 8693 8694
f 8440 8442 8443 8441
f 8482 8484 8485 8483
f 8525 8566 8698 8697
f 8512 8579 8532 8510
f 8533 8645 8643 8579
f 8513 8515 8516 8514
f 8518 8520 8587 8586
f 8535 8578 8577 8537
f 8538 8582 8584 8536
f 8519 8521 8522 8520
f 8539 8537 8577 8576
f 8486 8487 8485 8484
f 8558 8600 8599 8559
f 8444 8446 8447 8445
f 8398 8397 8547 8546
f 8378 8383 8596 8553
f 8361 8364 8598 8548
f 8340 8348 8366 8358
f 8546 8547 9577 9574
f 8545 8546 9574 9584
f 8609 8610 9143 9149
f 8358 8404 8551 8362
f 8550 8549 8597 8596
f 8402 8553 8552 8403
f 8402 8403 8729 8728
f 8599 8600 8732 8731
f 8603 8604 9138 9136
f 8604 8605 9139 9138
f 8379 8384 8601 8554
f 8498 8700 8699 8501
f 8411 8425 8424 8412
f 8710 8711 8421 8420
f 8426 8668 8667 8428
f 8543 8558 8559 8541
f 8561 8563 8562 8560
f 8398 8399 9158 9156
f 8406 8675 8720 8405
f 8432 8435 8470 8469
f 8527 8528 8530 8529
f 8470 8472 8473 8471
f 8440 8438 8662 8661
f 8689 9124 9123 8595
f 8459 8461 8460 8458
f 8502 8567 8575 8574
f 8572 8573 8637 8635
f 8370 8378 8553 8402
f 8507 8510 8532 8531
f 8511 8578 8535 8513
f 8492 8494 8495 8493
f 8508 8529 8530 8509
f 8501 8502 8497 8498
f 8491 8572 8635 8633
f 8511 8512 8510 8509
f 8503 8505 8506 8504
f 8505 8575 8529 8508
f 8382 8557 8621 8388
f 8472 8474 8475 8473
f 8480 8481 8479 8478
f 8444 8659 8658 8446
f 8595 9123 9122 8594
f 8513 8535 8536 8515
f 8517 8519 8520 8518
f 9126 9127 8487 8486
f 8583 8585 8584 8582
f 8450 9128 9125 8451
f 8449 8451 8486 8484
f 8589 8588 8595 8594
f 8580 8692 8691 8581
f 8580 8581 8583 8582
f 8521 8590 8593 8523
f 8523 8593 9121 9120
f 8521 8523 8524 8522
f 8480 8482 8483 8481
f 8448 8449 8447 8446
f 8690 8691 8483 8485
f 8537 8538 8536 8535
f 8518 8586 8534 8516
f 8580 8540 8693 8692
f 8451 9125 9126 8486
f 8490 8491 8633 8631
f 8573 8531 8639 8637
f 8447 8449 8484 8482
f 8587 8591 8653 8651
f 8539 8694 8693 8540
f 8519 8585 8590 8521
f 8522 8524 8592 8591
f 8589 8594 8593 8590
f 8489 8504 8572 8491
f 8487 9127 9124 8689
f 8511 8513 8514 8512
f 8531 8532 8641 8639
f 8593 8594 9122 9121
f 8474 8476 8477 8475
f 8476 8478 8479 8477
f 8434 8664 8663 8436
f 8532 8579 8643 8641
f 8423 8459 8724 8457
f 8403 8552 8551 8404
f 8562 8563 8625 8623
f 8381 8394 8728 8556
f 8561 8568 8569 8563
f 8470 8471 8468 8469
f 8556 8728 8729 8560
f 8569 8571 8629 8627
f 8688 8687 8703 8702
f 8605 8606 9137 9139
f 8080 8626 8628 8081
f 8622 8623 8625 8624
f 8603 8657 8658 8604
f 8604 8658 8659 8605
f 8608 8663 8664 8609
f 8606 8660 8661 8607
f 8612 8667 8668 8613
f 8616 8711 8710 8617
f 8414 9153 9152 8613
f 8617 8710 8709 8618
f 8684 8706 8705 8685
f 8630 8682 8681 8631
f 8630 8631 8633 8632
f 8646 8647 8649 8648
f 9120 9121 8983 8985
f 8653 8655 8654 8652
f 8737 8738 8780 8779
f 8656 9133 9134 9129
f 8669 8670 8715 8714
f 8393 8714 8733 8395
f 8671 8685 8686 8672
f 8724 8725 8419 8457
f 8686 8687 8673 8672
f 8673 8674 8719 8718
f 8407 8408 8701 8499
f 8499 8675 8406 8407
f 8677 8722 8721 8676
f 8678 8679 8570 8723
f 8490 8631 8681 8680
f 8687 8688 8674 8673
f 8410 8461 8425 8411
f 8503 8574 8575 8505
f 8496 8676 8675 8499
f 8497 8496 8499 8498
f 8507 8508 8509 8510
f 8525 8526 8528 8527
f 8488 8489 8491 8490
f 8505 8508 8507 8506
f 8588 8690 8689 8595
f 8581 8691 8690 8588
f 8528 8577 8578 8530
f 8703 8704 8500 8458
f 8686 8685 8705 8704
f 8686 8704 8703 8687
f 9133 9140 9135 9134
f 8670 8684 8685 8671
f 8821 8970 8971 8822
f 8727 9141 8607 8726
f 8607 8661 8662 8726
f 8987 9127 9126 8988
f 8645 8647 8646 8644
f 8640 8641 8643 8642
f 8397 8398 9156 9160
f 8367 8731 8716 8717
f 8569 8627 8625 8563
f 8408 8702 8460 8409
f 8405 8719 8674 8406
f 8379 8554 8544 8375
f 8571 8680 8681 8629
f 8415 8453 8374 8371
f 8570 8679 8680 8571
f 8715 8732 8733 8714
f 8409 8460 8461 8410
f 8463 8701 8408 8409
f 8464 8467 8466 8465
f 8557 8562 8623 8621
f 8412 8424 8713 8413
f 8412 8413 8668 8426
f 8416 8708 8709 8418
f 8561 8730 8366 8568
f 8422 8712 8713 8424
f 8415 8417 8455 8453
f 8430 8431 8433 8432
f 8430 8432 8469 8467
f 8431 8666 8665 8433
f 8436 8438 8439 8437
f 8440 8661 8660 8442
f 8442 8444 8445 8443
f 8448 8450 8451 8449
f 8450 8656 9129 9128
f 8454 8455 8725 8456
f 8452 8454 8706 8707
f 8537 8539 8540 8538
f 8496 8497 8495 8494
f 8496 8494 8677 8676
f 8592 8655 8653 8591
f 8406 8674 8688 8407
f 8492 8488 8679 8678
f 8460 8702 8703 8458
f 8568 8570 8571 8569
f 8426 8427 8411 8412
f 8662 8663 8608 8726
f 8456 8725 8724 8500
f 8608 9146 8727 8726
f 8607 9141 9137 8606
f 8672 8673 8718 8717
f 8633 8635 8634 8632
f 8639 8641 8640 8638
f 8648 8649 8651 8650
f 8650 8651 8653 8652
f 8654 8655 9115 9116
f 8618 8709 8708 8619
f 8637 8639 8638 8636
f 8609 8664 8665 8610
f 8736 9116 8925 9045
f 8735 9131 9130 8736
f 8981 9122 9123 8883
f 8734 9132 9131 8735
f 8884 9134 8734 8821
f 8358 8362 8345 8340
f 8353 8354 8719 8405
f 8396 9596 9602 8400
f 9047 8737 9118 9117
f 8735 8736 9045 8970
f 8989 9125 9128 8778
f 8844 8881 8882 8843
f 8739 8740 8782 8781
f 8737 9047 9008 8738
f 9067 9114 9113 9066
f 8779 8780 8924 8925
f 8779 9115 9118 8737
f 8971 8970 9045 9043
f 8740 9009 9041 8741
f 8921 8922 8782 8783
f 8742 8743 8785 8784
f 9039 9040 8743 8742
f 8784 8785 8919 8920
f 8743 9040 9090 8744
f 8786 8787 8917 8918
f 9077 9080 8747 8746
f 8788 8789 8915 8916
f 8790 8914 8915 8789
f 8747 9080 9079 8748
f 8749 8748 9079 8960
f 8913 8914 8790 8791
f 8791 8792 8912 8913
f 8935 8937 9112 9111
f 8940 8941 8751 8750
f 8751 8941 9110 8752
f 8753 8754 8796 8795
f 8752 9110 8930 8753
f 8753 8930 8929 8754
f 8795 8796 8908 8909
f 8754 8929 8928 8755
f 8931 8933 9072 8939
f 8797 8798 8906 8907
f 8799 8905 8906 8798
f 8955 9109 9110 8941
f 8974 8975 8977 8976
f 8801 8802 8902 8903
f 8762 8763 8805 8804
f 8762 9066 9113 8763
f 8761 9064 9066 8762
f 8802 8803 8901 8902
f 8764 9069 9050 8765
f 8808 8896 8897 8807
f 8766 9051 9026 8767
f 8767 9026 9027 8768
f 8769 8768 9027 9021
f 8769 8770 8812 8811
f 8773 8772 9015 9012
f 8773 9012 9011 8774
f 8774 9011 8973 8775
f 8776 8775 8973 8972
f 8820 9129 9134 8884
f 8741 9041 9039 8742
f 8785 8786 8918 8919
f 9093 9095 9102 9103
f 8747 8748 8790 8789
f 8750 8751 8793 8792
f 8943 8946 8948 8945
f 8794 8795 8909 8910
f 8796 8797 8907 8908
f 8929 8930 8944 8945
f 8760 8802 8801 8759
f 8805 8899 8900 8804
f 8805 8806 8898 8899
f 8763 8764 8806 8805
f 8806 8807 8897 8898
f 8767 8768 8810 8809
f 8808 8809 8895 8896
f 8770 8771 8813 8812
f 8811 8812 8892 8893
f 8771 8772 8814 8813
f 8812 8813 8891 8892
f 8815 8889 8890 8814
f 8773 8774 8816 8815
f 8776 8818 8817 8775
f 8818 8819 8885 8886
f 8777 8778 8820 8819
f 8975 9010 8998 8977
f 9032 9033 9035 9034
f 8825 8826 8889 8888
f 8823 9046 9033 8824
f 8827 8890 8889 8826
f 8827 8826 9037 9030
f 8829 9028 9029 8830
f 8831 8832 8895 8894
f 9029 9028 9076 9075
f 8829 8830 8893 8892
f 8832 9070 9072 8833
f 8834 8835 8898 8897
f 8834 8933 8934 8835
f 8836 8837 8900 8899
f 8943 8952 8950 8946
f 8838 8938 8963 8839
f 8840 8964 8965 8841
f 8881 8980 8979 8882
f 8842 8883 9123 9124
f 8845 8977 8998 8846
f 8880 8881 8844 8845
f 8878 8996 8995 8879
f 8879 8995 8992 8880
f 9005 9009 9007 9006
f 8846 8998 8997 8847
f 8877 9003 8996 8878
f 8850 8851 8874 8875
f 9056 9096 8874 8873
f 8851 9105 9059 8852
f 9101 9102 9095 9100
f 8850 9104 9105 8851
f 9016 9022 9104 9019
f 8872 8873 8852 8853
f 9023 9025 9059 9105
f 8856 8869 8870 8855
f 8867 8868 8857 8858
f 8858 9062 9063 8859
f 8857 9106 9062 8858
f 8859 8860 8865 8866
f 8864 8865 8860 8861
f 8861 9086 9085 8862
f 8950 8952 8866 8865
f 9062 9106 9114 9067
f 8861 8860 9087 9086
f 8863 8968 8951 8864
f 9052 9058 9024 9049
f 9063 9062 9067 9065
f 9053 9048 9068 9061
f 8858 8859 8866 8867
f 9053 9061 8856 8855
f 8867 8953 9107 8868
f 8868 9107 9060 8869
f 8853 9058 9052 8854
f 8853 8852 9059 9058
f 8855 8870 8871 8854
f 9054 9057 8872 8871
f 8873 8872 9057 9056
f 9018 9019 8849 8848
f 9094 9097 8876 8875
f 8997 8998 9010 9013
f 8849 8850 8875 8876
f 8996 9003 9002 8999
f 8847 8848 8877 8878
f 8844 8843 8978 8976
f 8879 8880 8845 8846
f 8842 8987 8978 8843
f 8844 8976 8977 8845
f 9124 9127 8987 8842
f 8822 8823 8886 8885
f 8824 9033 9032 8825
f 8819 8820 8884 8885
f 8827 9030 9031 8828
f 8817 8818 8886 8887
f 8829 8828 9031 9028
f 8775 8817 8816 8774
f 8832 8831 9071 9070
f 8890 8891 8813 8814
f 8831 8894 8893 8830
f 9070 9071 9073 9074
f 8769 9021 9020 8770
f 8835 8934 9112 8836
f 8809 8810 8894 8895
f 8766 8808 8807 8765
f 8839 8963 8964 8840
f 8764 8765 8807 8806
f 8838 8839 8902 8901
f 8762 8804 8803 8761
f 8760 8761 8803 8802
f 8758 8759 8801 8800
f 8756 8757 8799 8798
f 8942 8944 9109 9108
f 8792 8793 8911 8912
f 8918 9042 9038 8919
f 8748 8749 8791 8790
f 8744 8745 8787 8786
f 8923 9044 9043 8924
f 9035 9044 8923 8922
f 8740 8741 8783 8782
f 8985 9047 9117 9120
f 8906 8962 8961 8907
f 8908 8907 8961 8936
f 8756 8927 8966 8757
f 8915 9073 9075 8916
f 8958 8959 9099 9098
f 8936 8961 8963 8938
f 8935 8936 8938 8937
f 8914 9074 9073 8915
f 8940 8957 8955 8941
f 9092 9103 9078 9090
f 8961 8962 8964 8963
f 8754 8755 8797 8796
f 8942 8943 8945 8944
f 8947 8951 8968 8967
f 8942 9108 9107 8953
f 8954 9108 9109 8955
f 8956 8957 8959 8958
f 8967 8969 8949 8947
f 8954 8955 8957 8956
f 8940 8960 8959 8957
f 8752 8753 8795 8794
f 8793 8794 8910 8911
f 8911 8910 9111 8932
f 8979 8981 8883 8882
f 8926 8965 8964 8962
f 8927 8928 8948 8949
f 8994 8995 8996 8999
f 8880 8992 8980 8881
f 8824 8825 8888 8887
f 8973 8975 8974 8972
f 8979 8980 8986 8982
f 8847 8878 8879 8846
f 8847 8997 9018 8848
f 8979 8982 8983 8981
f 8982 8986 9006 8984
f 9085 9086 9082 9088
f 8988 8989 8991 8990
f 9014 9015 9017 9016
f 9004 9041 9009 9005
f 8992 8995 8994 8993
f 8877 8876 9097 9003
f 9002 9003 9097 9091
f 9000 9040 9039 9001
f 9000 9001 8999 9002
f 9001 9039 9041 9004
f 9010 9011 9012 9013
f 9005 9006 8986 8993
f 8928 8929 8945 8948
f 9013 9012 9015 9014
f 8739 9007 9009 8740
f 8741 8742 8784 8783
f 8743 8744 8786 8785
f 9024 9058 9059 9025
f 9091 9093 9103 9092
f 9014 9016 9019 9018
f 9022 9023 9105 9104
f 8874 9096 9094 8875
f 9020 9021 9023 9022
f 9024 9026 9051 9049
f 9025 9027 9026 9024
f 8832 8833 8896 8895
f 9030 9037 9036 9038
f 8828 8829 8892 8891
f 9030 9038 9042 9031
f 8746 8747 8789 8788
f 8745 8746 8788 8787
f 8971 9043 9044 9046
f 8972 8974 8990 8991
f 8982 8984 8985 8983
f 8825 9032 9037 8826
f 8924 9043 9045 8925
f 8738 9008 9007 8739
f 8781 8782 8922 8923
f 9048 9053 9052 9049
f 8839 8840 8903 8902
f 9048 9049 9051 9050
f 9064 9083 9084 9065
f 8857 8868 8869 8856
f 8871 8870 9055 9054
f 8854 9052 9053 8855
f 9080 9077 9102 9101
f 8859 9063 9087 8860
f 8862 8863 8864 8861
f 9064 9065 9067 9066
f 8954 9060 9107 9108
f 9028 9031 9042 9076
f 9079 9080 9101 9099
f 8750 8792 8791 8749
f 8919 9038 9036 8920
f 9081 9082 9084 9083
f 9079 9099 8959 8960
f 8783 8784 8920 8921
f 8921 9034 9035 8922
f 8744 9090 9078 8745
f 8788 8916 8917 8787
f 9056 9100 9095 9096
f 9094 9096 9095 9093
f 9098 9099 9101 9100
f 8958 9098 9057 9054
f 8854 8871 8872 8853
f 8978 8987 8988 8990
f 9084 9087 9063 9065
f 8932 8934 8933 8931
f 8946 8950 8951 8947
f 9054 9055 8956 8958
f 9091 9097 9094 9093
f 8984 9006 9007 9008
f 9000 9092 9090 9040
f 8840 8841 8904 8903
f 8837 8937 8938 8838
f 8835 8836 8899 8898
f 8833 9072 8933 8834
f 8830 9029 9071 8831
f 8827 8828 8891 8890
f 8939 9072 9070 9074
f 8739 8781 8780 8738
f 9029 9075 9073 9071
f 8856 9061 9106 8857
f 8849 9019 9104 8850
f 8848 8849 8876 8877
f 9016 9017 9020 9022
f 9091 9092 9000 9002
f 8999 9001 9004 8994
f 8759 8758 9089 9081
f 8800 8801 8903 8904
f 8803 8804 8900 8901
f 9086 9087 9084 9082
f 8768 8769 8811 8810
f 9098 9100 9056 9057
f 9033 9046 9044 9035
f 8810 8811 8893 8894
f 8772 8773 8815 8814
f 8816 8888 8889 8815
f 9021 9027 9025 9023
f 8776 8777 8819 8818
f 8816 8817 8887 8888
f 8776 8972 8991 8777
f 8777 8991 8989 8778
f 8997 9013 9014 9018
f 8822 8971 9046 8823
f 8994 9004 9005 8993
f 8974 8976 8978 8990
f 8869 9060 9055 8870
f 9061 9068 9114 9106
f 9032 9034 9036 9037
f 8916 9075 9076 8917
f 8942 8953 8952 8943
f 8751 8752 8794 8793
f 8932 9111 9112 8934
f 8771 8770 9020 9017
f 8771 9017 9015 8772
f 8833 8834 8897 8896
f 9078 9103 9102 9077
f 8917 9076 9042 8918
f 8749 8960 8940 8750
f 8920 9036 9034 8921
f 9081 9089 9088 9082
f 8745 9078 9077 8746
f 8873 8874 8851 8852
f 8952 8953 8867 8866
f 9069 9113 9114 9068
f 8939 9074 8914 8913
f 8836 9112 8937 8837
f 8837 8838 8901 8900
f 8765 9050 9051 8766
f 8865 8864 8951 8950
f 8766 8767 8809 8808
f 8931 8939 8913 8912
f 8755 8756 8798 8797
f 8911 8932 8931 8912
f 8954 8956 9055 9060
f 8763 9113 9069 8764
f 8935 9111 8910 8909
f 8755 8928 8927 8756
f 8947 8949 8948 8946
f 8760 9083 9064 8761
f 8908 8936 8935 8909
f 8973 9011 9010 8975
f 8759 9081 9083 8760
f 8944 8930 9110 9109
f 8926 8962 8906 8905
f 8927 8949 8969 8966
f 8821 8822 8885 8884
f 8992 8993 8986 8980
f 8984 9008 9047 8985
f 8778 9128 9129 8820
f 8526 8696 8695 8576
f 8454 8456 8705 8706
f 8527 8529 8575 8567
f 8489 8493 8503 8504
f 8843 8882 8883 8842
f 8823 8824 8887 8886
f 8988 9126 9125 8989
f 9048 9050 9069 9068
f 8923 8924 8780 8781
f 8736 9130 9119 9116
f 8734 9134 9135 9132
f 8343 9582 9617 9167
f 8101 8188 9168 9179
f 8338 9575 9611 9174
f 8247 9191 9185 8341
f 8247 8253 9197 9191
f 8252 9203 9197 8253
f 8252 8148 9209 9203
f 8148 8251 9215 9209
f 8179 9210 9221 8180
f 8249 9227 9216 8250
f 8249 8248 9233 9227
f 8248 8340 9239 9233
f 8340 8345 9245 9239
f 8183 9240 9251 8184
f 8344 9257 9246 8346
f 8549 8550 9160 9156
f 8548 8549 9156 9158
f 9159 9160 8550 8377
f 9158 9161 8361 8548
f 9157 9161 8356 8339
f 8344 9157 9263 9257
f 8100 9258 9269 8186
f 8186 9269 9162 8187
f 8343 9167 9264 8339
f 9166 9265 9264 9167
f 9165 9266 9265 9166
f 9164 9267 9266 9165
f 9163 9268 9267 9164
f 9162 9269 9268 9163
f 9157 8339 9264 9263
f 9264 9265 9262 9263
f 9261 9262 9265 9266
f 9261 9266 9267 9260
f 9267 9268 9259 9260
f 9258 9259 9268 9269
f 9252 9258 8100 8185
f 9253 9259 9258 9252
f 9254 9260 9259 9253
f 9254 9255 9261 9260
f 9255 9256 9262 9261
f 9256 9257 9263 9262
f 8184 9251 9252 8185
f 9251 9250 9253 9252
f 9249 9254 9253 9250
f 9248 9255 9254 9249
f 9248 9247 9256 9255
f 9246 9257 9256 9247
f 8345 8346 9246 9245
f 9246 9247 9244 9245
f 9247 9248 9243 9244
f 9248 9249 9242 9243
f 9241 9242 9249 9250
f 9241 9250 9251 9240
f 8122 9234 9240 8183
f 9234 9235 9241 9240
f 9236 9242 9241 9235
f 9236 9237 9243 9242
f 9238 9244 9243 9237
f 9238 9239 9245 9244
f 9228 9234 8122 8182
f 9228 9229 9235 9234
f 9230 9236 9235 9229
f 9231 9237 9236 9230
f 9232 9238 9237 9231
f 9233 9239 9238 9232
f 8181 9222 9228 8182
f 9223 9229 9228 9222
f 9223 9224 9230 9229
f 9224 9225 9231 9230
f 9225 9226 9232 9231
f 9226 9227 9233 9232
f 9221 9222 8181 8180
f 9220 9223 9222 9221
f 9219 9224 9223 9220
f 9218 9225 9224 9219
f 9217 9226 9225 9218
f 9216 9227 9226 9217
f 8250 9216 9215 8251
f 9216 9217 9214 9215
f 9213 9214 9217 9218
f 9212 9213 9218 9219
f 9219 9220 9211 9212
f 9210 9211 9220 9221
f 8147 9204 9210 8179
f 9205 9211 9210 9204
f 9205 9206 9212 9211
f 9207 9213 9212 9206
f 9208 9214 9213 9207
f 9208 9209 9215 9214
f 9198 9204 8147 8178
f 9198 9199 9205 9204
f 9200 9206 9205 9199
f 9200 9201 9207 9206
f 9201 9202 9208 9207
f 9203 9209 9208 9202
f 9192 9198 8178 8177
f 9192 9193 9199 9198
f 9193 9194 9200 9199
f 9195 9201 9200 9194
f 9196 9202 9201 9195
f 9196 9197 9203 9202
f 8177 8190 9186 9192
f 9187 9193 9192 9186
f 9187 9188 9194 9193
f 9189 9195 9194 9188
f 9189 9190 9196 9195
f 9191 9197 9196 9190
f 8189 9180 9186 8190
f 9181 9187 9186 9180
f 9182 9188 9187 9181
f 9182 9183 9189 9188
f 9184 9190 9189 9183
f 9184 9185 9191 9190
f 9179 9606 9573 8101
f 9178 9607 9606 9179
f 9177 9608 9607 9178
f 9176 9609 9608 9177
f 9175 9610 9609 9176
f 9174 9611 9610 9175
f 8338 9174 9173 8342
f 9174 9175 9172 9173
f 9171 9172 9175 9176
f 9171 9176 9177 9170
f 9169 9170 9177 9178
f 9178 9179 9168 9169
f 8187 9162 9612 9581
f 9162 9163 9613 9612
f 9164 9614 9613 9163
f 9164 9165 9615 9614
f 9165 9166 9616 9615
f 9166 9167 9617 9616
f 7555 7511 9147 8386
f 7928 7519 8379 8375
f 7519 7520 8384 8379
f 7518 8395 8384 7520
f 8393 8395 7518 7517
f 7516 8389 8393 7517
f 7515 8390 8389 7516
f 7514 8391 8390 7515
f 7047 9311 9305 7643
f 9298 9299 9305 9304
f 7642 7643 9305 9299
f 9304 9305 9311 9310
f 7453 9297 9313 7439
f 9312 9313 9297 9296
f 7453 7462 9292 9297
f 9293 9296 9297 9292
f 7481 9293 9303 7482
f 9292 9302 9303 9293
f 7482 9303 9287 7483
f 9287 9303 9302 9286
f 7420 9285 9312 7440
f 9284 9313 9312 9285
f 7025 9275 9279 7266
f 9274 9278 9279 9275
f 7484 9324 9375 9289
f 9288 9289 9375 9378
f 6945 6946 9273 9270
f 9270 9273 9272 9271
f 7048 9310 9280 7171
f 9280 9310 9311 9281
f 7420 7512 9316 9285
f 9284 9285 9316 9317
f 7407 7484 9289 9307
f 9306 9307 9289 9288
f 6962 9291 9301 6963
f 9300 9301 9291 9290
f 7022 9290 9275 7025
f 9274 9275 9290 9291
f 6963 9301 9309 6964
f 9308 9309 9301 9300
f 7118 7407 9307 9294
f 9294 9307 9306 9295
f 7978 9282 9308 7024
f 9283 9309 9308 9282
f 7121 9315 9295 7117
f 9295 9315 9314 9294
f 6753 7266 9279 9271
f 9271 9279 9278 9270
f 7057 9277 9315 7121
f 9276 9314 9315 9277
f 6778 9272 9281 7170
f 9272 9273 9280 9281
f 7057 7642 9299 9277
f 9277 9299 9298 9276
f 7513 8373 8391 7514
f 7513 9317 8374 8373
f 8374 9317 9316 8371
f 8371 9316 7512 8372
f 7512 7556 8392 8372
f 7555 8386 8392 7556
f 9287 9286 9380 9377
f 9376 9377 9380 9379
f 9375 9376 9379 9378
f 7483 9287 9377 9326
f 9325 9326 9377 9376
f 9324 9325 9376 9375
f 7477 9341 9618 9534
f 9340 9619 9618 9341
f 9339 9620 9619 9340
f 7682 9347 9621 9515
f 9346 9622 9621 9347
f 9345 9623 9622 9346
f 7551 9360 9372 7552
f 9360 9361 9373 9372
f 9362 9374 9373 9361
f 7550 8048 9323 9374
f 9322 9373 9374 9323
f 9372 9373 9322 9321
f 7499 7500 9356 9335
f 9334 9335 9356 9355
f 9333 9334 9355 9354
f 7478 9342 9504 9465
f 9343 9508 9504 9342
f 9343 9344 9512 9508
f 7493 7480 9366 9333
f 9333 9366 9367 9334
f 9334 9367 9368 9335
f 7487 7932 9332 9357
f 9332 9331 9358 9357
f 9330 9359 9358 9331
f 7670 9345 9371 7488
f 9346 9370 9371 9345
f 9346 9347 9369 9370
f 10556 10560 9366 7480
f 9366 10560 10577 9367
f 9367 10577 10578 9368
f 7475 9329 9353 7506
f 9352 9353 9329 9328
f 9327 9351 9352 9328
f 7475 7510 9348 9329
f 9329 9348 9349 9328
f 9327 9328 9349 9350
f 7490 7509 9350 9320
f 9319 9320 9350 9349
f 9319 9349 9348 9318
f 7496 7506 9353 9369
f 9352 9370 9369 9353
f 9352 9351 9371 9370
f 7490 9320 9338 7485
f 9319 9337 9338 9320
f 9318 9336 9337 9319
f 9344 9356 7500 7501
f 9343 9355 9356 9344
f 9342 9354 9355 9343
f 7485 9338 9380 9286
f 9337 9379 9380 9338
f 9336 9378 9379 9337
f 7484 7549 9362 9324
f 9324 9362 9361 9325
f 9325 9361 9360 9326
f 9557 9597 8368 7521
f 7521 8368 8380 7936
f 9560 9579 8376 7522
f 9339 9340 9505 9509
f 9505 9506 9510 9509
f 9507 9511 9510 9506
f 9507 9508 9512 9511
f 9501 9505 9340 9341
f 9502 9506 9505 9501
f 9503 9507 9506 9502
f 9503 9504 9508 9507
f 7477 9468 9501 9341
f 9467 9502 9501 9468
f 9467 9466 9503 9502
f 9466 9465 9504 9503
f 7922 7099 9488 9393
f 9393 9488 9487 9394
f 9394 9487 9486 9395
f 9395 9486 9485 9396
f 7084 7921 9420 9464
f 9419 9463 9464 9420
f 9462 9463 9419 9418
f 9417 9461 9462 9418
f 9432 9436 6818 7916
f 9431 9435 9436 9432
f 9430 9434 9435 9431
f 9429 9433 9434 9430
f 7605 9449 9476 7606
f 9449 9450 9475 9476
f 9474 9475 9450 9451
f 9452 9473 9474 9451
f 7100 7621 9452 9472
f 9451 9471 9472 9452
f 9450 9470 9471 9451
f 9449 9469 9470 9450
f 7447 9481 9456 7459
f 9481 9482 9455 9456
f 9454 9455 9482 9483
f 9453 9454 9483 9484
f 7466 9412 9468 7477
f 9411 9467 9468 9412
f 9410 9466 9467 9411
f 9409 9465 9466 9410
f 7467 9409 9453 7470
f 9409 9410 9454 9453
f 9411 9455 9454 9410
f 9411 9412 9456 9455
f 7502 9339 9509 9457
f 9457 9509 9510 9458
f 9510 9511 9459 9458
f 9459 9511 9512 9460
f 9408 9445 7429 7434
f 9408 9407 9446 9445
f 9406 9447 9446 9407
f 9406 9405 9448 9447
f 7522 9400 9448 7428
f 9447 9448 9400 9399
f 9398 9446 9447 9399
f 9397 9445 9446 9398
f 7434 7446 9484 9408
f 9407 9408 9484 9483
f 9406 9407 9483 9482
f 9405 9406 9482 9481
f 7917 9429 9461 7094
f 9429 9430 9462 9461
f 9430 9431 9463 9462
f 9431 9432 9464 9463
f 7415 9492 9392 7281
f 9392 9492 9491 9391
f 9390 9391 9491 9490
f 9389 9390 9490 9489
f 6773 9437 9477 6999
f 9438 9478 9477 9437
f 9438 9439 9479 9478
f 9440 9480 9479 9439
f 7068 9440 9428 7092
f 9427 9428 9440 9439
f 9426 9427 9439 9438
f 9425 9426 9438 9437
f 6916 9421 9404 7227
f 9403 9404 9421 9422
f 9402 9403 9422 9423
f 9401 9402 9423 9424
f 7241 7242 9424 9480
f 9479 9480 9424 9423
f 9422 9478 9479 9423
f 9477 9478 9422 9421
f 6978 7227 9404 9416
f 9403 9415 9416 9404
f 9402 9414 9415 9403
f 9401 9413 9414 9402
f 6829 6757 9441 9425
f 9425 9441 9442 9426
f 9426 9442 9443 9427
f 9427 9443 9444 9428
f 7244 10511 10569 9413
f 9413 10569 10579 9414
f 9414 10579 10580 9415
f 9415 10580 10581 9416
f 7088 7201 9384 9493
f 9383 9494 9493 9384
f 9383 9382 9495 9494
f 9381 9496 9495 9382
f 7606 9476 9496 7119
f 9495 9496 9476 9475
f 9474 9494 9495 9475
f 9473 9493 9494 9474
f 7075 9444 9384 7201
f 9383 9384 9444 9443
f 9382 9383 9443 9442
f 9381 9382 9442 9441
f 7100 9472 9433 7093
f 9433 9472 9471 9434
f 9434 9471 9470 9435
f 9435 9470 9469 9436
f 7099 7924 9417 9488
f 9418 9487 9488 9417
f 9419 9486 9487 9418
f 9419 9420 9485 9486
f 7096 9497 9396 7937
f 9395 9396 9497 9498
f 9394 9395 9498 9499
f 9393 9394 9499 9500
f 7502 9457 9492 7415
f 9491 9492 9457 9458
f 9458 9459 9490 9491
f 9460 9489 9490 9459
f 7098 7105 9500 9389
f 9390 9389 9500 9499
f 9390 9499 9498 9391
f 9391 9498 9497 9392
f 7936 8380 9579 9560
f 7928 8375 9597 9557
f 9357 9358 9622 9623
f 9621 9622 9358 9359
f 7497 9515 9621 9359
f 9619 9620 9330 9331
f 9331 9332 9618 9619
f 9534 9618 9332 7932
f 9616 9617 9173 9172
f 9615 9616 9172 9171
f 9170 9614 9615 9171
f 9169 9613 9614 9170
f 9612 9613 9169 9168
f 8188 9581 9612 9168
f 9610 9611 9185 9184
f 9183 9609 9610 9184
f 9182 9608 9609 9183
f 9607 9608 9182 9181
f 9180 9606 9607 9181
f 9573 9606 9180 8189
f 8341 9185 9611 9575
f 8342 9173 9617 9582
f 8543 9602 9596 8544
f 8564 8565 9584 9574
f 8564 9574 9577 8555
f 8541 9593 9602 8543
f 8380 8555 9577 9579
f 8375 8544 9596 9597
f 8565 8363 9589 9584
f 8173 8289 9591 9587
f 8174 8328 9580 9587
f 8401 9593 9576 8357
f 8160 9595 9580 8328
f 8246 8334 9594 9599
f 8232 9569 9588 8308
f 8338 8357 9576 9575
f 8244 9572 9601 8267
f 8244 8266 9592 9572
f 8308 9588 9571 8218
f 9569 9586 8281 8220
f 8105 8102 9600 9578
f 8204 9585 9571 8206
f 9570 9583 8119 8099
f 8175 9570 9605 8271
f 9568 9603 8161 8269
f 8097 8119 9583 9603
f 8101 9573 9605 8113
f 8230 8267 9601 9604
f 8246 9599 9586 8333
f 8360 9589 9582 8343
f 8230 9604 9598 8268
f 8102 8112 9568 9600
f 8188 8319 9591 9581
f 8191 9585 9590 8315
f 9590 9595 8160 8315
f 8216 8268 9598 9578
f 9555 9564 7847 7679
f 7694 7725 9538 9539
f 7684 9555 9530 7693
f 7722 9516 9535 7877
f 9521 9541 7798 7707
f 7733 7867 9524 9532
f 9523 9542 7829 7827
f 7772 7885 9533 9520
f 7804 9522 9531 7821
f 7816 9562 9523 7827
f 9525 9624 9527 7699
f 9527 9624 9530 7692
f 7693 9530 9624 9529
f 7820 7806 9552 9531
f 7719 7748 9536 9553
f 7698 9517 9536 7748
f 7696 9561 9546 7845
f 7680 9565 9537 7765
f 7860 7877 9535 9526
f 7733 9532 9545 7690
f 7707 7736 9559 9521
f 7782 9547 9562 7816
f 7698 7700 9525 9517
f 7806 7860 9526 9552
f 7809 9516 9520 7793
f 7736 7737 9543 9559
f 7773 9563 9539 7715
f 9524 9543 7737 7868
f 7766 7845 9546 9537
f 7719 9553 9545 7710
f 7773 7781 9547 9563
f 9528 9558 7083 7764
f 9533 9541 7701 7797
f 9522 9542 7830 7803
f 7693 9529 9538 7725
f 9527 9561 7696 7699
f 7764 7847 9564 9528
f 7280 9565 9551 7415
f 7933 9540 9551 7934
f 9519 9556 7428 7435
f 7933 9330 9620 9540
f 7671 7929 9518 9548
f 7466 7477 9534 9548
f 7435 7447 9550 9519
f 7723 9550 9518 7929
f 7414 9549 9515 7497
f 7427 9544 9557 7521
f 7894 9544 9514 7930
f 7487 9357 9623 9554
f 7670 7673 9513 9554
f 7705 7930 9514 9567
f 7705 9567 9566 7901
f 7673 7901 9566 9513
f 7428 9556 9560 7522
f 7083 9558 9549 7414
f 9625 9628 9627 9626
f 9629 9630 9627 9628
f 9627 9630 9631 9632
f 9632 9633 9626 9627
f 9634 9637 9636 9635
f 9638 9639 9636 9637
f 9640 9641 9637 9634
f 9637 9641 9642 9638
f 9643 9646 9645 9644
f 9647 9648 9645 9646
f 9643 9649 9650 9646
f 9650 9651 9647 9646
f 9653 9654 9655 9652
f 9654 9657 9656 9655
f 9658 9659 9655 9656
f 9652 9655 9659 9660
f 9662 9663 9664 9661
f 9663 9665 9666 9664
f 9664 9666 9667 9668
f 9664 9668 9669 9661
f 9634 9670 9671 9640
f 9640 9671 9672 9641
f 9641 9672 9673 9642
f 9638 9642 9673 9674
f 9638 9674 9675 9639
f 9639 9675 9676 9636
f 9676 9677 9635 9636
f 9634 9635 9677 9670
f 9677 9678 9679 9670
f 9670 9679 9680 9671
f 9678 9677 9682 9681
f 9677 9676 9683 9682
f 9680 9684 9685 9671
f 9671 9685 9686 9672
f 9685 9688 9687 9686
f 9685 9684 9689 9688
f 9681 9682 9691 9690
f 9682 9683 9692 9691
f 9691 9692 9693 9694
f 9690 9691 9694 9695
f 9689 9695 9694 9688
f 9687 9688 9694 9693
f 9767 9815 9808 9763
f 9808 9809 9762 9763
f 9762 9809 9810 9761
f 9760 9761 9810 9811
f 9811 9812 9754 9760
f 9812 9813 9753 9754
f 9752 9753 9813 9814
f 9752 9814 9815 9767
f 10283 10311 10304 10282
f 9704 9806 9807 9705
f 9705 9807 9800 9706
f 9706 9800 9801 9707
f 9707 9801 9802 9708
f 9802 9803 9709 9708
f 9709 9803 9804 9710
f 9710 9804 9805 9711
f 9718 9719 9822 9823
f 9717 9718 9823 9816
f 9716 9717 9816 9817
f 9716 9817 9818 9715
f 9714 9715 9818 9819
f 9713 9714 9819 9820
f 9820 9821 9712 9713
f 9712 9821 9822 9719
f 9726 9829 9830 9727
f 9720 9727 9830 9831
f 9720 9831 9824 9721
f 9824 9825 9722 9721
f 9722 9825 9826 9723
f 9826 9827 9724 9723
f 9724 9827 9828 9725
f 9725 9828 9829 9726
f 9736 9798 9799 9743
f 9739 9743 9799 9792
f 9739 9792 9793 9742
f 9742 9793 9794 9738
f 9738 9794 9795 9737
f 9795 9796 9741 9737
f 9740 9741 9796 9797
f 9736 9740 9797 9798
f 9796 10309 10307 9797
f 9792 9799 10303 10312
f 9798 10306 10303 9799
f 9792 10312 10301 9793
f 9793 10301 10299 9794
f 9795 9794 10299 10298
f 9784 9785 10326 10317
f 9776 9783 10327 10318
f 9776 10318 10325 9777
f 10315 10324 9779 9778
f 9754 9804 9803 9760
f 9790 10320 10313 9789
f 9780 10321 10314 9781
f 9779 10324 10321 9780
f 9783 10280 10273 9782
f 9776 10274 10280 9783
f 9776 9777 10275 10274
f 9778 10276 10275 9777
f 9778 9779 10277 10276
f 9780 10278 10277 9779
f 9780 9781 10279 10278
f 9782 10273 10279 9781
f 9784 10317 10328 9791
f 9786 9787 10323 10316
f 9786 10316 10326 9785
f 9788 10322 10323 9787
f 9777 10325 10315 9778
f 9789 10313 10322 9788
f 9790 9791 10328 10320
f 9782 10319 10327 9783
f 9758 9785 9784 9759
f 9757 9786 9785 9758
f 9766 9787 9786 9757
f 9766 9765 9788 9787
f 9756 9789 9788 9765
f 9755 9790 9789 9756
f 9755 9764 9791 9790
f 9759 9784 9791 9764
f 10300 10302 10284 10285
f 10286 10297 10300 10285
f 10286 10287 10310 10297
f 10281 10308 10310 10287
f 10288 10305 10308 10281
f 10304 10305 10288 10282
f 10302 10311 10283 10284
f 9797 10307 10306 9798
f 9754 9753 9805 9804
f 9704 9711 9805 9806
f 9763 9800 9807 9767
f 9762 9801 9800 9763
f 9761 9802 9801 9762
f 9760 9803 9802 9761
f 9767 9807 9806 9752
f 9698 9809 9808 9703
f 9697 9810 9809 9698
f 9701 9811 9810 9697
f 9700 9812 9811 9701
f 9696 9813 9812 9700
f 9696 9699 9814 9813
f 9699 9702 9815 9814
f 9808 9815 9702 9703
f 9723 9817 9816 9722
f 9724 9818 9817 9723
f 9725 9819 9818 9724
f 9725 9726 9820 9819
f 9726 9727 9821 9820
f 9720 9822 9821 9727
f 9720 9721 9823 9822
f 9816 9823 9721 9722
f 10290 10291 9825 9824
f 9825 10291 10292 9826
f 9826 10292 10293 9827
f 9827 10293 10294 9828
f 9828 10294 10289 9829
f 9829 10289 10295 9830
f 9830 10295 10296 9831
f 9824 9831 10296 10290
f 9643 9833 9832 9649
f 9643 9644 9834 9833
f 9645 9835 9834 9644
f 9645 9648 9836 9835
f 9647 9837 9836 9648
f 9647 9651 9838 9837
f 9651 9650 9839 9838
f 9649 9832 9839 9650
f 9675 9840 9683 9676
f 9683 9840 9841 9692
f 9692 9841 9842 9693
f 9842 9843 9687 9693
f 9686 9687 9843 9844
f 9672 9686 9844 9673
f 9743 9833 9834 9736
f 9832 9833 9743 9739
f 9679 9703 9702 9680
f 9680 9702 9699 9684
f 9678 9698 9703 9679
f 9678 9681 9697 9698
f 9681 9690 9701 9697
f 9689 9684 9699 9696
f 9689 9696 9700 9695
f 9695 9700 9701 9690
f 9708 9709 10190 10191
f 9707 9708 10191 10192
f 9630 9846 9845 9631
f 9845 9846 9718 9717
f 9630 9629 9847 9846
f 9846 9847 9719 9718
f 9628 9848 9847 9629
f 9625 9849 9848 9628
f 9626 9850 9849 9625
f 9626 9633 9851 9850
f 9632 9852 9851 9633
f 9845 9852 9632 9631
f 9853 9854 9656 9657
f 9854 9855 9658 9656
f 9658 9855 9856 9659
f 9659 9856 9857 9660
f 9652 9660 9857 9858
f 9652 9858 9859 9653
f 9859 9860 9654 9653
f 9654 9860 9853 9657
f 9758 9759 9854 9853
f 9764 9855 9854 9759
f 9755 9861 9855 9764
f 9855 9861 9862 9856
f 9755 9756 9863 9861
f 9861 9863 9864 9862
f 9853 9865 9757 9758
f 9853 9860 9866 9865
f 9757 9865 9867 9766
f 9865 9866 9868 9867
f 9765 9766 9867 9869
f 9756 9765 9869 9863
f 9867 9868 9870 9869
f 9863 9869 9870 9864
f 9856 9862 9871 9857
f 9862 9864 9872 9871
f 9864 9870 9873 9872
f 9868 9874 9873 9870
f 9866 9875 9874 9868
f 9860 9859 9875 9866
f 9736 9834 9876 9740
f 9740 9876 9877 9741
f 9737 9741 9877 9878
f 9878 9879 9738 9737
f 9738 9879 9880 9742
f 9742 9880 9832 9739
f 9832 9880 9881 9839
f 9880 9879 9882 9881
f 9879 9878 9883 9882
f 9877 9884 9883 9878
f 9877 9876 9885 9884
f 9835 9885 9876 9834
f 9835 9836 9886 9885
f 9884 9885 9886 9887
f 9884 9887 9888 9883
f 9882 9883 9888 9889
f 9881 9882 9889 9890
f 9839 9881 9890 9838
f 9712 9719 9847 9891
f 9712 9891 9892 9713
f 9713 9892 9893 9714
f 9714 9893 9894 9715
f 9715 9894 9895 9716
f 9716 9895 9845 9717
f 9845 9895 9896 9852
f 9895 9894 9897 9896
f 9893 9898 9897 9894
f 9893 9892 9899 9898
f 9892 9891 9900 9899
f 9847 9848 9900 9891
f 9848 9849 9901 9900
f 9899 9900 9901 9902
f 9898 9899 9902 9903
f 9898 9903 9904 9897
f 9904 9905 9896 9897
f 9852 9896 9905 9851
f 9665 9663 9907 9906
f 9662 9908 9907 9663
f 9661 9909 9908 9662
f 9661 9669 9910 9909
f 9668 9911 9910 9669
f 9667 9912 9911 9668
f 9667 9666 9913 9912
f 9665 9906 9913 9666
f 9914 9915 9913 9906
f 9915 9916 9912 9913
f 9949 9950 9951 9958
f 9948 9949 9958 9957
f 9947 9948 9957 9956
f 9946 9947 9956 9955
f 9945 9946 9955 9954
f 9944 9945 9954 9953
f 9943 9944 9953 9952
f 9943 9952 9951 9950
f 9945 10396 10397 9946
f 9944 10395 10396 9945
f 9943 10394 10395 9944
f 9950 10393 10394 9943
f 10392 10393 9950 9949
f 10391 10392 9949 9948
f 9947 10390 10391 9948
f 9946 10397 10390 9947
f 9915 9958 9951 9916
f 9914 9957 9958 9915
f 9916 9951 9952 9934
f 9952 9953 9933 9934
f 9933 9953 9954 9932
f 9931 9932 9954 9955
f 9930 9931 9955 9956
f 9914 9930 9956 9957
f 9906 9929 9930 9914
f 9928 9931 9930 9929
f 9928 9970 9932 9931
f 9927 9933 9932 9970
f 9927 9969 9934 9933
f 9912 9916 9934 9969
f 9911 9912 9969 9926
f 9927 9968 9926 9969
f 9925 9968 9927 9970
f 9928 9967 9925 9970
f 9924 9967 9928 9929
f 9924 9929 9906 9907
f 9907 9908 9966 9924
f 9924 9966 9923 9967
f 9923 9965 9925 9967
f 9925 9965 9922 9968
f 9926 9968 9922 9964
f 9926 9964 9910 9911
f 9920 10252 10251 9962
f 9919 9920 9962 9961
f 9918 9919 9961 9960
f 9918 9960 9936 9935
f 9959 9960 10413 10417
f 9936 9960 9959 9937
f 9962 10251 10253 9972
f 9961 9962 9972 9973
f 9972 10253 10272 10195
f 9975 9976 10194 10195
f 9975 10254 10255 9978
f 9975 9978 9979 9976
f 9979 10363 10399 10398
f 10255 10389 10361 9978
f 9981 10256 10271 10200
f 9984 9985 10201 10200
f 10257 10258 9987 9984
f 9984 9987 9988 9985
f 10258 10259 9990 9987
f 9987 9990 9991 9988
f 10259 10260 9993 9990
f 9990 9993 9994 9991
f 9993 10260 10261 9996
f 9993 9996 9997 9994
f 9996 10261 10262 9999
f 9996 9999 10000 9997
f 9999 10262 10263 10002
f 10002 10263 10264 10005
f 10002 10005 10006 10003
f 10264 10265 10008 10005
f 10005 10008 10009 10006
f 9918 10011 10010 9919
f 9918 9935 9942 10011
f 9919 10010 10012 9920
f 10252 10266 10013 9963
f 9937 9959 10014 9938
f 9959 10417 10419 10014
f 10015 10017 10018 10016
f 10019 10020 10018 10017
f 10021 10022 10135 10134
f 10023 10136 10135 10022
f 10023 10109 10112 10136
f 9938 10014 10027 9939
f 10014 10419 10415 10027
f 10016 10018 10029 10028
f 10018 10020 10030 10029
f 10140 10184 10185 10141
f 10139 10183 10184 10140
f 10138 10182 10183 10139
f 10027 10034 9940 9939
f 10027 10415 10420 10034
f 10028 10029 10036 10035
f 10119 10341 10330 10124
f 10123 10331 10333 10122
f 10137 10181 10182 10138
f 10180 10181 10137 10062
f 10339 10425 10426 10009
f 10150 10236 10226 10249
f 10058 10340 10338 10045
f 10041 10268 10267 10042
f 10046 10268 10269 10047
f 10039 10270 10269 10040
f 10012 10048 10270 10266
f 10010 10049 10048 10012
f 10011 10050 10049 10010
f 9941 10050 10011 9942
f 10058 10423 10424 10340
f 10150 10149 10237 10236
f 9940 10034 10052 9941
f 9941 10052 10053 10050
f 10050 10053 10054 10049
f 10048 10049 10054 10047
f 10046 10047 10054 10055
f 10056 10422 10421 10418
f 10056 10418 10416 10057
f 10034 10420 10416 10052
f 10008 10337 10339 10009
f 10045 10046 10055 10058
f 10059 10423 10422 10056
f 10056 10057 10060 10059
f 10035 10036 10060 10057
f 10029 10332 10329 10036
f 10148 10345 10382 10240
f 10118 10344 10341 10119
f 10015 9917 10061 10017
f 10017 10061 10062 10019
f 10164 10348 10349 10163
f 10163 10349 10350 10162
f 10223 10353 9751 9750
f 10173 10211 10212 10174
f 10172 10193 10211 10173
f 10172 10180 10179 10171
f 10398 10412 9976 9979
f 10068 10069 10067 10066
f 10067 10070 10193 10210
f 10267 10386 10336 10042
f 10147 10346 10335 10007
f 9992 10244 10243 9995
f 10067 10069 10074 10070
f 10096 10244 9992 9989
f 9971 10245 10043 10196
f 9963 10013 10097 10242
f 9982 10414 10403 10362
f 10068 10365 10367 10069
f 10078 10079 10368 10366
f 9921 10241 10245 9971
f 10155 10154 10157 10156
f 10153 10158 10157 10154
f 10407 10414 9982 10201
f 10083 10084 10203 10202
f 10078 10203 10204 10079
f 10153 10152 10159 10158
f 10151 10160 10159 10152
f 10070 10074 10160 10151
f 9988 10400 10406 9985
f 10083 10089 10090 10084
f 10084 10090 10091 10085
f 10164 10167 10166 10165
f 10163 10168 10167 10164
f 10162 10169 10168 10163
f 10123 10124 10330 10331
f 10059 10060 10342 10343
f 10221 10235 10098 10250
f 10030 10334 10332 10029
f 10161 10170 10169 10162
f 10020 10170 10161 10030
f 9991 10408 10400 9988
f 10089 10102 10103 10090
f 10103 10104 10091 10090
f 9991 9994 10402 10408
f 10102 10107 10108 10103
f 10103 10108 10109 10104
f 9997 10401 10402 9994
f 10107 10110 10111 10108
f 10108 10111 10112 10109
f 9997 10000 10411 10401
f 10110 10113 10114 10111
f 10111 10114 10115 10112
f 10002 10003 10000 9999
f 10003 10006 10427 10404
f 10117 10427 10426 10118
f 10149 10148 10240 10237
f 10146 10145 10348 10347
f 10118 10119 10120 10117
f 10120 10121 10116 10117
f 10113 10411 10404 10116
f 10120 10123 10122 10121
f 10119 10124 10123 10120
f 10239 10383 10346 10147
f 10098 10235 10238 10099
f 10031 10032 10023 10022
f 10104 10109 10023 10032
f 10130 10133 10132 10131
f 10021 10134 10133 10130
f 10238 10239 10147 10099
f 9836 9837 10125 9886
f 9886 10125 9888 9887
f 9837 9838 9890 10125
f 9889 9888 10125 9890
f 9674 10126 9840 9675
f 9673 9844 10126 9674
f 9841 9840 10126 9842
f 9842 10126 9844 9843
f 9849 9850 10127 9901
f 9905 10127 9850 9851
f 9901 10127 9903 9902
f 9903 10127 9905 9904
f 9871 10128 9858 9857
f 9871 9872 9873 10128
f 9858 10128 9875 9859
f 9875 10128 9873 9874
f 9964 10129 9909 9910
f 9908 9909 10129 9966
f 9922 9965 10129 9964
f 9966 10129 9965 9923
f 10021 10026 10031 10022
f 10025 10026 10021 10130
f 10025 10130 10131 10024
f 10080 10122 10333 10081
f 10142 10351 10350 10143
f 10143 10350 10349 10144
f 10144 10349 10348 10145
f 10165 10347 10348 10164
f 10075 10079 10204 10205
f 10073 10075 10205 10206
f 10072 10073 10206 10207
f 10071 10072 10207 10208
f 10065 10071 10208 10209
f 10076 10115 10122 10080
f 10134 10135 10143 10144
f 10133 10134 10144 10145
f 10132 10133 10145 10146
f 10112 10115 10076 10136
f 10032 10093 10091 10104
f 10092 10093 10032 10031
f 10026 10088 10092 10031
f 10087 10088 10026 10025
f 10086 10087 10025 10024
f 10019 10094 10170 10020
f 10094 10100 10169 10170
f 10168 10169 10100 10101
f 10101 10105 10167 10168
f 10105 10106 10166 10167
f 10019 10062 10137 10094
f 10094 10137 10138 10100
f 10100 10138 10139 10101
f 10101 10139 10140 10105
f 10105 10140 10141 10106
f 10073 10372 10370 10075
f 10072 10374 10372 10073
f 10071 10376 10374 10072
f 10071 10065 10378 10376
f 10231 10248 10385 10381
f 10033 10085 10091 10093
f 10033 10093 10092 10037
f 10037 10092 10088 10038
f 10063 10038 10088 10087
f 10063 10087 10086 10064
f 10174 10212 10213 10175
f 10175 10213 10214 10176
f 10176 10214 10215 10177
f 10171 10178 10216 10210
f 9973 10194 10409 10410
f 10061 10179 10180 10062
f 10172 10173 10181 10180
f 10173 10174 10182 10181
f 10174 10175 10183 10182
f 10175 10176 10184 10183
f 10176 10177 10185 10184
f 10171 10179 10186 10178
f 10186 10405 10410 10178
f 10405 10413 9960 9961
f 9917 10186 10179 10061
f 9704 9705 10357 10354
f 9744 10355 10356 9745
f 9749 9748 10188 10187
f 9747 10189 10188 9748
f 9771 9772 10188 10189
f 9772 9773 10187 10188
f 9706 10198 10357 9705
f 9710 9711 10352 10218
f 9732 10192 10191 9733
f 9733 10191 10190 9734
f 9769 9770 10227 10219
f 9768 10217 10220 9775
f 10152 10153 10213 10212
f 10154 10214 10213 10153
f 9771 10234 10227 9770
f 10222 10224 9730 9729
f 9728 10225 10222 9729
f 10154 10155 10215 10214
f 10194 9976 10412 10409
f 9746 10197 10189 9747
f 10197 10356 10380 10228
f 9707 10192 10198 9706
f 10198 10231 10381 10357
f 10066 10067 10210 10216
f 10228 10229 10189 10197
f 10157 10377 10379 10156
f 9986 10095 10096 9989
f 10230 10233 9732 9731
f 10063 10064 10209 10208
f 10063 10208 10207 10038
f 10037 10038 10207 10206
f 10037 10206 10205 10033
f 10033 10205 10204 10085
f 10084 10085 10204 10203
f 10077 10202 10203 10078
f 9985 10406 10407 10201
f 9981 10200 10201 9982
f 10200 10271 10257 9984
f 10044 9983 10199 10051
f 10192 10232 10231 10198
f 10158 10375 10377 10157
f 10158 10159 10373 10375
f 10159 10160 10371 10373
f 10074 10369 10371 10160
f 10075 10370 10368 10079
f 10069 10367 10369 10074
f 10077 10078 10366 10364
f 9982 10362 10360 9981
f 9978 10361 10363 9979
f 9745 10356 10197 9746
f 9977 10358 10389 10255
f 9995 10243 10250 9998
f 9768 9769 10219 10217
f 10171 10210 10193 10172
f 10070 10151 10211 10193
f 10151 10152 10212 10211
f 9973 9972 10195 10194
f 9975 10195 10272 10254
f 9771 10189 10229 10234
f 10039 10249 10097 10013
f 10187 10223 9750 9749
f 9704 10354 10352 9711
f 9734 10190 10238 10235
f 10223 10240 10382 10353
f 10218 10352 10383 10239
f 9710 10218 10190 9709
f 10220 10226 9774 9775
f 10043 10234 10229 10247
f 10219 10241 10242 10217
f 9728 9735 10221 10225
f 10380 10384 10246 10228
f 10051 10248 10231 10232
f 9732 10233 10232 10192
f 10044 10233 10230 10095
f 10224 10230 9731 9730
f 10228 10246 10247 10229
f 10243 10244 10222 10225
f 10096 10224 10222 10244
f 10227 10234 10043 10245
f 10097 10220 10217 10242
f 10219 10227 10245 10241
f 10190 10218 10239 10238
f 9773 10236 10237 10187
f 9744 9751 10353 10355
f 9773 9774 10226 10236
f 9734 10235 10221 9735
f 10187 10237 10240 10223
f 10113 10116 10121 10114
f 10081 10082 10161 10351
f 10076 10080 10142 10136
f 10080 10081 10351 10142
f 10081 10333 10334 10082
f 10114 10121 10122 10115
f 10082 10334 10030 10161
f 9977 9974 10247 10246
f 9983 10044 10095 9986
f 10051 10199 9980 10248
f 9977 10246 10384 10358
f 9980 10256 10388 10359
f 9921 9963 10242 10241
f 9974 10196 10043 10247
f 10097 10249 10226 10220
f 10225 10221 10250 10243
f 10044 10051 10232 10233
f 10095 10230 10224 10096
f 10004 10099 10147 10007
f 10001 10098 10099 10004
f 10007 10335 10387 10265
f 10008 10265 10387 10337
f 10148 10149 10041 10042
f 9998 10250 10098 10001
f 10040 10041 10149 10150
f 10039 10040 10150 10249
f 9974 10254 10272 10196
f 9981 10360 10388 10256
f 9983 10257 10271 10199
f 10045 10338 10386 10267
f 10013 10266 10270 10039
f 10047 10269 10270 10048
f 10040 10269 10268 10041
f 10267 10268 10046 10045
f 10336 10345 10148 10042
f 9920 10012 10266 10252
f 10004 10007 10265 10264
f 10001 10004 10264 10263
f 9998 10001 10263 10262
f 9998 10262 10261 9995
f 9992 9995 10261 10260
f 9992 10260 10259 9989
f 9986 9989 10259 10258
f 9983 9986 10258 10257
f 9980 10199 10271 10256
f 10359 10385 10248 9980
f 9974 9977 10255 10254
f 9971 10196 10272 10253
f 9921 9971 10253 10251
f 9921 10251 10252 9963
f 9768 9775 10279 10273
f 9774 10278 10279 9775
f 9773 10277 10278 9774
f 10276 10277 9773 9772
f 9771 10275 10276 9772
f 10274 10275 9771 9770
f 9770 9769 10280 10274
f 10273 10280 9769 9768
f 9745 9746 10282 10288
f 9744 9745 10288 10281
f 10281 10287 9751 9744
f 9751 10287 10286 9750
f 9749 9750 10286 10285
f 9749 10285 10284 9748
f 9747 9748 10284 10283
f 9746 9747 10283 10282
f 10290 10296 9730 9731
f 9730 10296 10295 9729
f 9728 9729 10295 10289
f 9728 10289 10294 9735
f 9734 9735 10294 10293
f 9734 10293 10292 9733
f 9732 9733 10292 10291
f 9732 10291 10290 9731
f 10297 10310 10309 10298
f 10301 10312 10311 10302
f 10307 10309 10310 10308
f 10299 10301 10302 10300
f 10303 10306 10305 10304
f 10305 10306 10307 10308
f 10297 10298 10299 10300
f 10303 10304 10311 10312
f 9795 10298 10309 9796
f 10317 10326 10325 10318
f 10313 10320 10319 10314
f 10321 10324 10323 10322
f 10315 10325 10326 10316
f 10319 10320 10328 10327
f 10321 10322 10313 10314
f 10323 10324 10315 10316
f 10327 10328 10317 10318
f 9781 10314 10319 9782
f 10330 10329 10332 10331
f 10332 10334 10333 10331
f 10337 10387 10386 10338
f 10336 10335 10346 10345
f 10338 10340 10339 10337
f 10341 10344 10343 10342
f 10341 10342 10329 10330
f 10339 10340 10424 10425
f 10345 10346 10383 10382
f 10354 10357 10356 10355
f 10352 10354 10355 10353
f 10376 10378 10379 10377
f 10374 10376 10377 10375
f 10372 10374 10375 10373
f 10372 10373 10371 10370
f 10370 10371 10369 10368
f 10368 10369 10367 10366
f 10364 10366 10367 10365
f 10362 10403 10399 10363
f 10360 10362 10363 10361
f 10361 10389 10388 10360
f 10357 10381 10380 10356
f 10380 10381 10385 10384
f 10382 10383 10352 10353
f 10384 10385 10359 10358
f 10386 10387 10335 10336
f 10359 10388 10389 10358
f 10036 10329 10342 10060
f 10390 10397 9942 9935
f 9935 9936 10391 10390
f 9936 9937 10392 10391
f 9937 9938 10393 10392
f 9938 9939 10394 10393
f 9939 9940 10395 10394
f 9940 9941 10396 10395
f 9941 9942 10397 10396
f 10426 10427 10006 10009
f 10364 10403 10414 10077
f 10216 10409 10412 10066
f 10077 10414 10407 10202
f 10178 10410 10409 10216
f 10083 10406 10400 10089
f 9961 9973 10410 10405
f 10102 10408 10402 10107
f 10399 10403 10364 10365
f 10083 10202 10407 10406
f 10401 10411 10113 10110
f 10003 10404 10411 10000
f 10186 9917 10413 10405
f 10068 10398 10399 10365
f 10089 10400 10408 10102
f 10066 10412 10398 10068
f 10110 10107 10402 10401
f 10415 10419 10016 10028
f 10028 10035 10420 10415
f 10052 10416 10418 10053
f 10416 10420 10035 10057
f 9917 10015 10417 10413
f 10053 10418 10421 10054
f 10015 10016 10419 10417
f 10118 10426 10425 10344
f 10344 10425 10424 10343
f 10059 10343 10424 10423
f 10422 10423 10058 10055
f 10054 10421 10422 10055
f 10404 10427 10117 10116
f 9753 9752 9806 9805
f 10350 10351 10161 10162
f 10135 10136 10142 10143
f 8134 10024 10131 8272
f 8134 8296 10086 10024
f 10064 10086 8296 8297
f 8290 10209 10064 8297
f 8114 10065 10209 8290
f 8278 10378 10065 8114
f 8278 8279 10379 10378
f 8279 9594 10156 10379
f 8334 10155 10156 9594
f 8334 8121 10215 10155
f 8121 9592 10177 10215
f 8266 10185 10177 9592
f 8331 10141 10185 8266
f 8324 10106 10141 8331
f 8325 10166 10106 8324
f 8135 10165 10166 8325
f 8254 10347 10165 8135
f 8255 10146 10347 8254
f 8255 8316 10132 10146
f 8272 10131 10132 8316
f 8369 9400 7522 8376
f 9399 9400 8369 9159
f 9398 9399 9159 8377
f 8377 8383 9397 9398
f 7523 9397 8383 8378
f 7523 8378 8370 7524
f 2299 2311 10454 2834
f 7524 8370 8394 10428
f 7525 10428 8394 8381
f 7525 8381 8382 10430
f 7526 10430 8382 8388
f 7526 8388 8387 8060
f 8060 8387 8385 10429
f 7431 10428 7525 10430
f 5245 5267 8863 8862
f 5245 8862 9085 5284
f 5284 9085 9088 5285
f 5285 9088 9089 5290
f 5234 5290 9089 8758
f 5234 8758 8800 5248
f 5240 5248 8800 8904
f 5240 8904 8841 5258
f 5257 5258 8841 8965
f 5257 8965 8926 6247
f 6246 6247 8926 8905
f 5235 6246 8905 8799
f 5235 8799 8757 5221
f 5220 5221 8757 8966
f 5220 8966 8969 5259
f 5259 8969 8967 5268
f 8967 8968 5266 5268
f 5266 8968 8863 5267
f 8047 8060 10429 10439
f 8059 10524 8047 10439
f 2835 2834 10439 10429
f 2836 8074 10440 10432
f 4119 10514 10513 4118
f 4118 10513 10446 4117
f 4117 10446 10442 2111
f 4075 4076 10512 10510
f 4074 4075 10510 10497
f 4074 10497 10489 2347
f 7996 10496 10476 8077
f 8077 10476 10467 8076
f 8075 8076 10467 10456
f 8019 8069 10487 10461
f 1944 10460 10434 2730
f 1944 2791 10463 10460
f 10437 10503 8039 8067
f 2473 10475 10491 2474
f 2473 1943 10483 10475
f 8056 8057 10490 10452
f 8057 8058 10509 10490
f 8056 10452 10489 8055
f 2365 10488 10512 4076
f 8030 8031 10444 10494
f 8000 10466 10471 8061
f 8032 8033 10458 10442
f 10469 10502 8017 8018
f 2219 10496 10462 2215
f 2267 10507 10480 2170
f 10466 10507 2267 2225
f 7998 10481 10462 7997
f 2170 10480 10465 2185
f 1508 2185 10465 10459
f 1936 10458 10450 1957
f 8034 8035 10473 10450
f 8024 8025 10468 10451
f 7999 10498 10481 7998
f 8004 8005 10508 10459
f 10444 10516 4120 1845
f 10468 10484 1842 1841
f 8023 8024 10451 10455
f 1844 10457 10494 2023
f 1742 10448 10443 1739
f 8015 8016 10448 10506
f 10474 10506 1665 1760
f 8006 10472 10508 8005
f 10492 10498 7999 8062
f 1842 10484 10495 1843
f 1844 2007 10438 10457
f 10470 10473 8035 8036
f 8023 10455 10505 8022
f 10443 10502 1787 1739
f 1691 10501 10474 1760
f 2455 2456 10492 10471
f 10438 10495 8027 8028
f 1779 1840 10477 10505
f 2118 10441 10501 1691
f 8006 8007 10499 10472
f 8007 8008 10445 10499
f 1637 10445 10447 1797
f 8020 10464 10487 8069
f 10433 10491 8063 8038
f 8038 8039 10503 10433
f 1664 2137 10469 10461
f 8010 10449 10447 8009
f 8010 8011 10500 10449
f 10464 10477 1840 1748
f 10454 10509 8058 8059
f 2791 1946 10479 10463
f 8036 8037 10483 10470
f 1946 2784 10437 10479
f 2730 10434 10504 1979
f 2118 2011 10500 10441
f 8043 8045 10485 10453
f 8054 10488 10485 8045
f 1979 10504 10453 2150
f 9387 9388 10581 10580
f 9387 10580 10579 9386
f 9386 10579 10569 9385
f 8032 9385 10569 10511
f 9363 10578 10577 9364
f 9364 10577 10560 9365
f 8055 9365 10560 10556
f 7352 10563 10546 8073
f 8073 10546 10537 8072
f 8072 10537 10526 8071
f 8019 10531 10554 8069
f 10478 10530 7077 7864
f 8041 8068 10533 10530
f 7918 10436 10570 7080
f 10545 10558 8063 8064
f 8037 10551 10545 8064
f 7472 10557 10522 7469
f 7456 10576 10557 7472
f 7469 10522 10556 7480
f 8054 10555 10578 9363
f 6978 10482 10561 7156
f 7358 10536 10541 7589
f 7069 10528 10511 7244
f 6920 7270 10539 10564
f 7997 7996 10563 10532
f 10549 10574 7400 7303
f 7358 7400 10574 10536
f 7364 10550 10532 7348
f 7303 7318 10535 10549
f 8003 10535 10529 8004
f 8034 8033 10528 10520
f 7070 10543 10520 7090
f 6974 10538 10521 7012
f 7349 10565 10550 7364
f 8004 10529 10575 8005
f 8031 10482 10581 9388
f 10538 10552 8026 8025
f 10521 10525 7157 7012
f 10527 10561 8030 8029
f 8016 10515 10582 2833
f 10515 10573 6798 6875
f 8014 10544 10573 8015
f 10542 10575 6672 6913
f 7590 10559 10565 7349
f 6975 6976 10562 10552
f 8028 10435 10527 8029
f 7198 10540 10543 7070
f 6912 7157 10525 10572
f 8017 2833 10582 10564
f 8014 8013 10568 10544
f 8062 10559 10541 8061
f 7140 10435 10562 6976
f 8021 10547 10572 8022
f 8012 10493 10568 8013
f 6913 7365 10566 10542
f 10486 10566 7365 6770
f 6770 6930 10518 10486
f 10534 10554 7946 6881
f 7103 10517 10558 7608
f 7080 10570 10517 7103
f 8018 10539 10531 8019
f 6787 10519 10518 6930
f 7144 10567 10519 6787
f 8020 10534 10547 8021
f 10524 10576 7456 7444
f 8040 10548 10533 8068
f 7076 10551 10540 7198
f 10436 10548 8040 8067
f 10478 10571 8042 8066
f 8011 10567 10493 8012
f 7419 10553 10523 7283
f 7498 10555 10553 7419
f 8042 10571 10523 8043
f 7432 8047 10524 7444
f 8059 10439 2834 10454
f 10431 10526 8075 10440
f 2836 10432 10456 2837
f 2676 2698 2679 2678
f 7810 7812 7813 7832
