# Blender 5.2.1 LTS
# www.blender.org
o GEO-body_male_stylized
v 0.082268 1.418573 0.007414
v 0.058067 1.466546 -0.007661
v 0.074885 1.428829 -0.001274
v 0.069014 1.439823 -0.004497
v 0.064686 1.449791 -0.005807
v 0.061080 1.458634 -0.006860
v 0.055565 1.473697 -0.008112
v 0.053574 1.480282 -0.008063
v 0.052285 1.486555 -0.007297
v 0.052064 1.492452 -0.005561
v 0.053413 1.497850 -0.002802
v 0.079945 1.428045 -0.119239
v 0.056559 1.502615 0.000728
v 0.061153 1.506894 0.004963
v 0.021917 1.405102 0.029734
v 0.110921 1.445430 -0.031908
v 0.105821 1.436415 -0.018262
v 0.069011 1.414670 0.014899
v 0.049062 1.421083 -0.129405
v 0.027831 1.479902 0.027925
v 0.024714 1.469000 0.014798
v 0.032644 1.483259 0.044492
v 0.029930 1.481614 0.034912
v 0.026263 1.477479 0.022407
v 0.025307 1.473778 0.018136
v 0.024338 1.463184 0.012159
v 0.070842 1.487975 -0.047927
v 0.064759 1.496830 -0.059798
v 0.061736 1.503888 -0.059185
v 0.059765 1.511378 -0.058866
v 0.058583 1.519340 -0.058794
v 0.057918 1.527829 -0.058978
v 0.057418 1.536788 -0.059354
v 0.024311 1.539523 -0.094622
v 0.024928 1.531721 -0.094300
v 0.025632 1.523708 -0.094407
v 0.026577 1.515413 -0.095226
v 0.027790 1.506596 -0.096534
v 0.029153 1.496984 -0.097996
v 0.035092 1.539635 -0.089067
v 0.035921 1.531605 -0.088775
v 0.036841 1.523478 -0.088809
v 0.038135 1.515260 -0.089430
v 0.039900 1.506866 -0.090555
v 0.041938 1.498032 -0.092035
v 0.051419 1.538457 -0.070773
v 0.052104 1.529813 -0.070248
v 0.052990 1.521417 -0.070011
v 0.054456 1.513368 -0.070176
v 0.056748 1.505682 -0.070761
v 0.059978 1.498317 -0.071882
v 0.063993 1.491079 -0.073488
v 0.055666 1.490504 -0.084953
v 0.052326 1.498609 -0.082959
v 0.067302 1.494580 -0.047530
v 0.049540 1.506626 -0.081535
v 0.047344 1.514623 -0.080618
v 0.045815 1.522741 -0.080222
v 0.044869 1.531013 -0.080360
v 0.044030 1.539329 -0.080770
v 0.067507 1.481578 -0.024694
v 0.062361 1.477627 -0.015486
v 0.064305 1.529133 -0.032903
v 0.065423 1.522375 -0.018758
v 0.065172 1.513927 -0.006174
v 0.055696 1.500545 0.014804
v 0.049922 1.493981 0.024155
v 0.043114 1.487525 0.033577
v 0.063885 1.520091 -0.033809
v 0.062201 1.514534 -0.021169
v 0.060237 1.508553 -0.009544
v 0.051676 1.496751 0.010090
v 0.046231 1.490657 0.018940
v 0.039389 1.484994 0.027382
v 0.064183 1.512147 -0.034449
v 0.061965 1.507301 -0.022784
v 0.057892 1.502637 -0.012303
v 0.048569 1.492745 0.005995
v 0.043227 1.487436 0.014258
v 0.036552 1.482723 0.021699
v 0.064751 1.504945 -0.034923
v 0.062478 1.500661 -0.023736
v 0.057684 1.496489 -0.014092
v 0.046547 1.488259 0.002541
v 0.040973 1.483879 0.010242
v 0.034471 1.479934 0.017002
v 0.065750 1.498193 -0.035299
v 0.063421 1.494352 -0.024351
v 0.058475 1.490317 -0.015120
v 0.045908 1.482957 -0.000031
v 0.039878 1.479302 0.007102
v 0.033307 1.475953 0.013367
v 0.067609 1.491669 -0.035571
v 0.065083 1.488062 -0.024652
v 0.060093 1.484122 -0.015520
v 0.046471 1.476916 -0.001553
v 0.039663 1.473795 0.004833
v 0.032699 1.470970 0.010562
v 0.064883 1.501405 -0.047232
v 0.063406 1.508608 -0.046996
v 0.062519 1.516323 -0.046815
v 0.062005 1.524691 -0.046689
v 0.061791 1.533842 -0.046665
v 0.012270 1.539340 -0.096658
v 0.012549 1.531628 -0.095945
v 0.012884 1.523633 -0.095631
v 0.013353 1.515170 -0.096074
v 0.013985 1.505920 -0.097205
v 0.014741 1.495613 -0.098887
v 0.015616 1.484562 -0.101153
v 0.018357 1.478088 0.032787
v 0.016303 1.467940 0.017516
v 0.020417 1.479038 0.049489
v 0.019562 1.479001 0.040272
v 0.017396 1.476014 0.026631
v 0.016734 1.472622 0.021593
v 0.032981 1.476732 -0.103819
v 0.047755 1.479888 -0.097456
v 0.059753 1.482386 -0.087523
v 0.073508 1.483188 -0.061772
v 0.068841 1.490078 -0.060738
v 0.030841 1.486840 -0.100185
v 0.044464 1.488897 -0.094121
v 0.070495 1.485161 -0.035698
v 0.047811 1.470227 -0.002192
v 0.039974 1.467426 0.003157
v 0.032348 1.465060 0.008189
v 0.032517 1.457890 0.006473
v 0.041076 1.459997 0.002451
v 0.065279 1.470630 -0.015038
v 0.016683 1.473340 -0.104294
v 0.016061 1.461975 0.014606
v 0.024575 1.447777 0.009028
v 0.024205 1.456226 0.010068
v 0.025847 1.438113 0.010431
v 0.027819 1.427771 0.014087
v 0.030249 1.416638 0.018986
v 0.068552 1.483724 -0.075351
v 0.075121 1.481219 -0.048340
v 0.049800 1.462883 -0.002031
v 0.070824 1.474746 -0.024468
v 0.074286 1.478442 -0.035683
v 0.016164 1.446713 0.011564
v 0.015964 1.454991 0.012567
v 0.016872 1.436966 0.012454
v 0.019995 1.415081 0.020613
v 0.018166 1.426158 0.015118
v 0.033528 1.449351 0.006282
v 0.035408 1.439927 0.008186
v 0.037798 1.429653 0.011283
v 0.040769 1.418505 0.015849
v 0.051642 1.420760 0.011036
v 0.048053 1.432076 0.007045
v 0.045194 1.442359 0.004511
v 0.042848 1.451657 0.002935
v 0.063027 1.424040 0.005254
v 0.055054 1.445594 -0.000174
v 0.058517 1.435339 0.001666
v 0.052161 1.454756 -0.001410
v 0.080080 1.474275 -0.048763
v 0.078836 1.471488 -0.035575
v 0.078807 1.476107 -0.062863
v 0.064817 1.474187 -0.090555
v 0.074966 1.467586 -0.023922
v 0.073987 1.476269 -0.077307
v 0.017955 1.462195 -0.107967
v 0.035587 1.466462 -0.107823
v 0.051805 1.470711 -0.101348
v 0.085004 1.469063 -0.063752
v 0.079975 1.459891 -0.023202
v 0.080364 1.468853 -0.079158
v 0.038584 1.456059 -0.112131
v 0.056436 1.461195 -0.105211
v 0.085908 1.467255 -0.048999
v 0.084191 1.464209 -0.035339
v 0.070663 1.465746 -0.093454
v 0.019397 1.451258 -0.112439
v 0.092766 1.462625 -0.064252
v 0.086079 1.451680 -0.022390
v 0.088162 1.461759 -0.080740
v 0.042080 1.445482 -0.117196
v 0.061919 1.451192 -0.108964
v 0.093328 1.460780 -0.048805
v 0.090996 1.457067 -0.034758
v 0.077654 1.457103 -0.096083
v 0.020915 1.440274 -0.117795
v 0.102481 1.457380 -0.064241
v 0.094668 1.443813 -0.020486
v 0.097647 1.454993 -0.081707
v 0.046001 1.434179 -0.123126
v 0.068962 1.440504 -0.113094
v 0.102811 1.455598 -0.047965
v 0.100141 1.451008 -0.033328
v 0.086264 1.448043 -0.097899
v 0.068874 1.463078 -0.014265
v 0.073288 1.454758 -0.013234
v 0.078591 1.445429 -0.012191
v 0.086302 1.435358 -0.009453
v 0.056666 1.411888 0.021077
v 0.022413 1.428578 -0.123407
v -0.000000 1.461005 0.016240
v -0.000000 1.474380 0.053640
v -0.000000 1.445831 0.013223
v -0.000000 1.401727 0.028165
v -0.000000 1.474443 0.037199
v -0.000000 1.474605 0.044699
v -0.000000 1.425301 0.017341
v -0.000000 1.454034 0.013865
v -0.000000 1.413028 0.020235
v -0.000000 1.539351 -0.096336
v -0.000000 1.473387 0.030765
v -0.000000 1.466853 0.019959
v -0.000000 1.425088 -0.117576
v -0.000000 1.471346 -0.101499
v -0.000000 1.412429 -0.121907
v -0.000000 1.531607 -0.095006
v -0.000000 1.459704 -0.104768
v -0.000000 1.523531 -0.093939
v -0.000000 1.436905 -0.113080
v -0.000000 1.505321 -0.094687
v -0.000000 1.448277 -0.108661
v -0.000000 1.436194 0.014703
v -0.000000 1.470956 0.025019
v -0.000000 1.483135 -0.098857
v -0.000000 1.494642 -0.096571
v -0.000000 1.514872 -0.093809
v 0.039098 1.550667 0.091805
v 0.053329 1.556456 0.080882
v 0.009827 1.506481 0.105672
v 0.033895 1.516228 0.088274
v 0.023001 1.557810 0.110613
v 0.009361 1.560717 0.120666
v 0.025821 1.512324 0.093364
v 0.027626 1.555928 0.104443
v 0.036670 1.536415 0.090155
v 0.023023 1.525207 0.102547
v 0.028910 1.528315 0.098559
v 0.007972 1.521755 0.108279
v 0.038957 1.541682 0.089189
v 0.007434 1.543011 0.111960
v 0.018550 1.542379 0.105535
v 0.029862 1.541983 0.094666
v 0.022897 1.541977 0.101583
v 0.029733 1.542155 0.095137
v 0.018635 1.542928 0.107527
v 0.023005 1.542686 0.103366
v 0.007354 1.543353 0.114336
v 0.031563 1.541886 0.092379
v 0.008344 1.540065 0.117692
v 0.020874 1.540253 0.109630
v 0.024801 1.543244 0.104767
v 0.031551 1.541920 0.095729
v 0.031911 1.541641 0.092760
v 0.031037 1.541364 0.095941
v 0.025247 1.540605 0.104906
v 0.008001 1.544586 0.116900
v 0.020166 1.544113 0.109238
v 0.033171 1.598200 0.089141
v 0.052747 1.545003 0.078353
v 0.050455 1.531894 0.076957
v 0.043657 1.588276 0.088565
v 0.023769 1.605926 0.092697
v 0.038090 1.593696 0.088786
v 0.009039 1.525054 0.118107
v 0.009073 1.554327 0.121127
v 0.027892 1.550733 0.106268
v 0.023024 1.552414 0.112048
v 0.024215 1.529738 0.108655
v 0.033750 1.538509 0.094314
v 0.034104 1.541204 0.090983
v 0.036287 1.544964 0.094659
v 0.028605 1.532952 0.103300
v 0.033826 1.542723 0.095730
v 0.032440 1.539924 0.095467
v 0.027200 1.536847 0.104617
v 0.021387 1.547870 0.110990
v 0.008822 1.532619 0.118720
v 0.022849 1.535037 0.109765
v 0.026369 1.546509 0.106108
v 0.032884 1.541340 0.092216
v 0.008432 1.549062 0.119495
v 0.024634 1.577918 0.109578
v 0.028904 1.585866 0.110603
v 0.028432 1.591213 0.108940
v 0.014503 1.577073 0.120847
v 0.015566 1.588983 0.128171
v 0.014417 1.595949 0.125798
v 0.014819 1.616018 0.099318
v 0.019835 1.588341 0.121397
v 0.018945 1.578408 0.117038
v 0.018311 1.593891 0.119344
v 0.008627 1.589152 0.133455
v 0.008449 1.574992 0.123824
v 0.008419 1.597525 0.131519
v 0.017217 1.559486 0.116422
v 0.017947 1.508260 0.100063
v 0.015802 1.523245 0.105666
v 0.013565 1.543177 0.111346
v 0.013512 1.542767 0.109263
v 0.014676 1.544604 0.113503
v 0.015393 1.540144 0.114140
v 0.018065 1.526905 0.113890
v 0.016737 1.553608 0.117041
v 0.016979 1.533690 0.114733
v 0.015490 1.548779 0.115556
v 0.018493 1.575977 0.113407
v 0.015198 1.574332 0.115467
v 0.021899 1.577547 0.108368
v 0.007617 1.572163 0.112739
v 0.009374 1.572517 0.116408
v 0.033434 1.532063 0.094142
v 0.026719 1.542444 0.099065
v 0.028711 1.540984 0.100151
v 0.041615 1.522266 0.083061
v 0.032051 1.535772 0.098445
v 0.030598 1.538357 0.099666
v 0.019784 1.582418 0.120461
v 0.008494 1.580536 0.130765
v 0.032612 1.553843 0.098343
v 0.026631 1.541809 0.097880
v 0.028611 1.542431 0.100204
v 0.032186 1.548401 0.100206
v 0.030568 1.544814 0.100906
v 0.027236 1.580961 0.110478
v 0.015163 1.581653 0.126170
v 0.073671 1.632586 0.066905
v 0.070641 1.631485 0.070449
v 0.044304 1.646813 0.083464
v 0.044046 1.653337 0.082167
v 0.031133 1.642636 0.083816
v 0.028501 1.648792 0.081503
v 0.061409 1.642607 0.078698
v 0.062973 1.647249 0.075459
v 0.025126 1.633616 0.081250
v 0.020660 1.637199 0.079918
v 0.035058 1.644526 0.084237
v 0.033437 1.651159 0.082388
v 0.057298 1.644650 0.080398
v 0.058538 1.649944 0.077609
v 0.067933 1.636765 0.074467
v 0.070351 1.640302 0.071305
v 0.072897 1.621571 0.067223
v 0.069135 1.626188 0.072250
v 0.023860 1.619361 0.079550
v 0.026202 1.621073 0.078381
v 0.049906 1.616516 0.081146
v 0.049723 1.608013 0.076986
v 0.037631 1.617115 0.081461
v 0.036646 1.611071 0.079863
v 0.063082 1.620830 0.076756
v 0.065550 1.612751 0.071403
v 0.030980 1.618954 0.080057
v 0.029228 1.614727 0.079648
v 0.041575 1.616554 0.081666
v 0.040868 1.609554 0.079389
v 0.060244 1.619193 0.078061
v 0.062076 1.610709 0.072933
v 0.067664 1.624387 0.073696
v 0.071144 1.618261 0.068400
v 0.024568 1.622653 0.077967
v 0.022043 1.621992 0.079474
v 0.070710 1.629637 0.070340
v 0.073972 1.628790 0.066051
v 0.082111 1.635442 0.057968
v 0.050046 1.660518 0.092712
v 0.027853 1.655970 0.096475
v 0.071967 1.654955 0.076263
v 0.014551 1.636617 0.091978
v 0.035548 1.658328 0.096598
v 0.067337 1.657928 0.080670
v 0.079936 1.646294 0.066820
v 0.083739 1.615304 0.057132
v 0.018124 1.617287 0.092584
v 0.052902 1.592575 0.086698
v 0.035065 1.602218 0.087605
v 0.077100 1.599060 0.070338
v 0.025791 1.608987 0.089487
v 0.040164 1.598739 0.087481
v 0.072546 1.596197 0.075314
v 0.083433 1.608007 0.060542
v 0.015619 1.622087 0.092264
v 0.082279 1.629166 0.055644
v 0.084500 1.637474 0.051660
v 0.053584 1.666981 0.095752
v 0.026922 1.661594 0.105108
v 0.076983 1.659330 0.074735
v 0.037249 1.664954 0.102766
v 0.072936 1.662303 0.081062
v 0.082205 1.650195 0.061675
v 0.087892 1.612873 0.049476
v 0.039561 1.646025 0.084053
v 0.051328 1.580997 0.087883
v 0.045683 1.616384 0.081617
v 0.080252 1.590359 0.066764
v 0.038726 1.652741 0.082592
v 0.045274 1.608481 0.078375
v 0.075482 1.586938 0.073123
v 0.088584 1.600832 0.052565
v 0.085192 1.630045 0.048918
v 0.043080 1.659746 0.095287
v 0.045973 1.595320 0.087329
v 0.045791 1.666589 0.099402
v 0.010133 1.619167 0.105067
v 0.008976 1.624042 0.101858
v 0.008457 1.638541 0.099200
v 0.004362 1.639173 0.100976
v 0.004905 1.625677 0.105003
v 0.005656 1.621684 0.108905
v 0.015678 1.648393 0.098531
v 0.018327 1.646661 0.093904
v 0.055788 1.675762 0.093430
v 0.079464 1.665300 0.069529
v 0.038566 1.676079 0.101159
v 0.076303 1.669164 0.077105
v 0.084615 1.654660 0.054917
v 0.047433 1.676217 0.097395
v 0.028852 1.675421 0.104416
v 0.013530 1.642829 0.097309
v 0.016195 1.641537 0.093025
v 0.011834 1.637707 0.096026
v 0.012453 1.622455 0.097380
v 0.028381 1.602135 0.090280
v 0.032292 1.583957 0.104939
v 0.025732 1.576795 0.105987
v 0.032321 1.589234 0.103207
v 0.021957 1.577440 0.105460
v 0.029439 1.579394 0.105704
v 0.026445 1.636878 0.082231
v 0.022105 1.641638 0.080082
v 0.034030 1.618037 0.080932
v 0.032765 1.612822 0.079912
v 0.030300 1.605588 0.088194
v 0.022423 1.578445 0.113301
v 0.019432 1.610265 0.095924
v 0.024085 1.587306 0.115671
v 0.022831 1.592313 0.113777
v 0.020591 1.577186 0.110983
v 0.023895 1.582060 0.115384
v 0.024273 1.630449 0.080239
v 0.020162 1.632647 0.079924
v 0.028427 1.619892 0.079128
v 0.026310 1.616907 0.079622
v 0.021637 1.612783 0.091228
v 0.030445 1.687110 0.100650
v 0.032184 1.698256 0.096986
v 0.053113 1.567949 0.084273
v 0.053115 1.646028 0.081711
v 0.015822 1.563429 0.112750
v 0.015098 1.566728 0.110031
v 0.027105 1.561608 0.102605
v 0.026286 1.566858 0.100973
v 0.021908 1.562416 0.107983
v 0.021087 1.566496 0.105718
v 0.007890 1.567031 0.113097
v 0.008357 1.564180 0.116093
v 0.037835 1.561850 0.091299
v 0.035646 1.570655 0.090429
v 0.032393 1.561302 0.097151
v 0.031104 1.568178 0.096022
v 0.046027 1.543158 0.084348
v 0.031496 1.522396 0.093454
v 0.024063 1.518817 0.097348
v 0.007734 1.514845 0.102195
v 0.034616 1.589412 0.088228
v 0.022107 1.602653 0.095371
v 0.045513 1.553621 0.085173
v 0.030625 1.594585 0.089227
v 0.043113 1.534352 0.085104
v 0.015585 1.516572 0.099630
v 0.038417 1.582818 0.087288
v 0.014618 1.611123 0.104589
v 0.037639 1.527364 0.088871
v 0.010589 1.614545 0.109237
v 0.006166 1.617541 0.113269
v 0.026055 1.598679 0.091361
v 0.018451 1.606922 0.100030
v 0.042328 1.574776 0.086825
v 0.044275 1.564630 0.085899
v 0.053959 1.651827 0.079576
v 0.057045 1.617884 0.079304
v 0.058264 1.609181 0.074408
v 0.062183 1.659795 0.085035
v 0.067018 1.593903 0.080073
v 0.067626 1.664558 0.086908
v 0.069303 1.584022 0.079007
v 0.071477 1.672261 0.084302
v 0.065126 1.639844 0.076737
v 0.067063 1.643932 0.073492
v 0.065660 1.622640 0.075245
v 0.068668 1.615276 0.069827
v 0.076359 1.650950 0.071835
v 0.080887 1.602749 0.065362
v 0.080069 1.655325 0.068161
v 0.084374 1.594549 0.060343
v 0.082255 1.660491 0.062068
v 0.079401 1.552067 0.045544
v 0.074527 1.547191 0.052332
v 0.085636 1.560338 0.035782
v 0.068540 1.542346 0.059868
v 0.083220 1.556801 0.039760
v 0.085787 1.583811 0.054501
v 0.085331 1.573013 0.049154
v 0.084107 1.563885 0.044521
v 0.087041 1.566183 0.037526
v 0.088772 1.575228 0.040561
v 0.089941 1.586817 0.045482
v 0.069954 1.573348 0.075456
v 0.069877 1.562428 0.070904
v 0.069222 1.551979 0.065660
v 0.075320 1.556098 0.058471
v 0.076169 1.566101 0.064144
v 0.076282 1.576787 0.069083
v 0.081356 1.580328 0.062057
v 0.081221 1.569761 0.056914
v 0.080235 1.560189 0.051417
v 0.097689 1.599520 0.008889
v 0.089326 1.551601 0.011010
v 0.092867 1.562004 0.007684
v 0.095819 1.573197 0.006181
v 0.097468 1.586055 0.007057
v 0.012784 1.475922 0.095853
v 0.038544 1.494895 0.073551
v 0.031828 1.488207 0.082191
v 0.054245 1.506606 0.057144
v 0.024534 1.480501 0.090683
v 0.046248 1.500697 0.065541
v 0.079779 1.533506 0.022535
v 0.074494 1.526011 0.030632
v 0.068274 1.519360 0.039274
v 0.084809 1.542001 0.015859
v 0.089268 1.565942 0.029349
v 0.091315 1.564299 0.019402
v 0.093976 1.574964 0.019192
v 0.091634 1.575731 0.030599
v 0.093596 1.587402 0.033507
v 0.095977 1.586954 0.020452
v 0.096472 1.599700 0.022360
v 0.093697 1.600409 0.037507
v 0.086636 1.558029 0.030039
v 0.088087 1.554894 0.021402
v 0.068417 1.533690 0.053311
v 0.068445 1.526096 0.046255
v 0.074482 1.532286 0.038292
v 0.074347 1.539281 0.045637
v 0.022112 1.499804 0.100262
v 0.024398 1.489656 0.097355
v 0.030551 1.496786 0.086918
v 0.028515 1.504940 0.090515
v 0.012451 1.496115 0.108252
v 0.013318 1.484401 0.104690
v 0.035794 1.509607 0.083601
v 0.037320 1.502294 0.078734
v 0.045019 1.507867 0.071081
v 0.043691 1.515165 0.076996
v 0.053484 1.513841 0.063141
v 0.052521 1.521900 0.069739
v 0.079563 1.539069 0.031117
v 0.079265 1.545158 0.038859
v 0.084082 1.546571 0.025326
v 0.083347 1.551385 0.033427
v 0.092104 1.612283 0.038059
v 0.088397 1.631700 0.039840
v 0.087411 1.640241 0.043416
v 0.058540 1.685083 0.090172
v 0.081795 1.671762 0.063106
v 0.040281 1.686786 0.097650
v 0.078480 1.676428 0.071288
v 0.087308 1.659797 0.046702
v 0.049571 1.686141 0.094039
v 0.074439 1.680405 0.079442
v 0.084806 1.666255 0.054807
v 0.094904 1.612060 0.023975
v 0.091360 1.634150 0.028214
v 0.090528 1.643841 0.033113
v 0.061346 1.694953 0.085476
v 0.084011 1.678699 0.055630
v 0.042332 1.697482 0.093722
v 0.080367 1.684125 0.064359
v 0.089841 1.665399 0.037545
v 0.051956 1.696386 0.089677
v 0.076355 1.688858 0.072834
v 0.087141 1.672454 0.046513
v 0.096400 1.612493 0.010446
v 0.094260 1.637500 0.014912
v 0.093678 1.648268 0.021440
v 0.005004 1.644621 0.102262
v 0.009759 1.643821 0.100643
v 0.034100 1.655244 0.090149
v 0.046957 1.657198 0.088371
v 0.041002 1.603329 0.084697
v 0.036121 1.605948 0.084914
v 0.079579 1.617706 0.061851
v 0.078408 1.612522 0.064387
v 0.067581 1.652063 0.075652
v 0.075719 1.643792 0.068748
v 0.079106 1.634105 0.062153
v 0.079287 1.628795 0.060309
v 0.027546 1.611741 0.085764
v 0.020842 1.618415 0.087111
v 0.052078 1.599912 0.082960
v 0.063129 1.654785 0.079317
v 0.071973 1.605278 0.070925
v 0.018579 1.622160 0.087169
v 0.027809 1.652723 0.089943
v 0.067702 1.602798 0.074217
v 0.046325 1.601165 0.084196
v 0.040673 1.656565 0.089709
v 0.031641 1.608780 0.085226
v 0.023872 1.614879 0.086469
v 0.016862 1.635195 0.087513
v 0.018180 1.639872 0.088314
v 0.020106 1.644449 0.088886
v 0.063053 1.600885 0.077548
v 0.058237 1.656431 0.082869
v 0.075757 1.608379 0.067587
v 0.071844 1.648211 0.072271
v 0.008232 1.665394 0.107836
v 0.016909 1.664249 0.106793
v 0.010067 1.687734 0.103559
v 0.020245 1.687498 0.102533
v 0.009327 1.676287 0.107673
v 0.018928 1.675882 0.106446
v 0.021578 1.698807 0.099094
v 0.010790 1.699041 0.100275
v 0.005817 1.650657 0.103635
v 0.011386 1.649633 0.102127
v 0.048848 1.646759 0.082735
v 0.049114 1.652990 0.081023
v 0.053667 1.616949 0.080321
v 0.056418 1.660589 0.089159
v 0.061034 1.666211 0.091838
v 0.064113 1.674538 0.089571
v 0.054134 1.608247 0.075758
v 0.060405 1.592480 0.084178
v 0.061576 1.581870 0.084091
v 0.062189 1.570428 0.080918
v 0.062124 1.559177 0.076744
v 0.061422 1.548199 0.072385
v 0.060687 1.537537 0.067707
v 0.061387 1.513012 0.048153
v 0.061056 1.528105 0.061473
v 0.061325 1.520095 0.054620
v 0.067571 1.683443 0.086156
v 0.070513 1.692788 0.080685
v 0.052826 1.657200 0.085967
v 0.057836 1.599893 0.080657
v 0.072190 1.632107 0.068685
v 0.044206 1.650333 0.083165
v 0.029429 1.645715 0.084385
v 0.062386 1.645422 0.077028
v 0.022973 1.635183 0.081258
v 0.034032 1.648115 0.084618
v 0.058052 1.647733 0.079011
v 0.069510 1.638950 0.072939
v 0.071193 1.623443 0.069777
v 0.025032 1.619910 0.078481
v 0.049866 1.611966 0.078776
v 0.037104 1.613698 0.080542
v 0.064386 1.616278 0.073785
v 0.030157 1.616614 0.079865
v 0.041199 1.612687 0.080314
v 0.061152 1.614518 0.075089
v 0.069535 1.620834 0.070966
v 0.023040 1.622049 0.077957
v 0.072396 1.629049 0.068155
v 0.045519 1.612085 0.079783
v 0.039078 1.649765 0.084094
v 0.033385 1.615056 0.080448
v 0.024104 1.638980 0.082392
v 0.027454 1.618173 0.079210
v 0.022239 1.631520 0.080123
v 0.057563 1.613184 0.076334
v 0.053625 1.649299 0.080728
v 0.067264 1.618421 0.072323
v 0.066355 1.642435 0.075038
v 0.053860 1.612309 0.077547
v 0.049044 1.650157 0.082056
v 0.033295 1.653338 0.085576
v 0.041090 1.606877 0.081851
v 0.075769 1.619726 0.064755
v 0.064708 1.649499 0.075243
v 0.076140 1.633232 0.064892
v 0.028637 1.613708 0.082293
v 0.050839 1.604524 0.079638
v 0.064217 1.607147 0.073028
v 0.045102 1.654940 0.085006
v 0.036540 1.608907 0.082204
v 0.074159 1.615636 0.066436
v 0.072556 1.641898 0.070090
v 0.076419 1.628715 0.063578
v 0.022738 1.619114 0.082653
v 0.060272 1.652183 0.078158
v 0.068024 1.609416 0.070810
v 0.020843 1.622169 0.082758
v 0.027603 1.650852 0.085210
v 0.045911 1.605361 0.081067
v 0.039317 1.654468 0.085663
v 0.032374 1.611226 0.082312
v 0.025406 1.616276 0.082396
v 0.018841 1.633718 0.083490
v 0.019576 1.638293 0.084085
v 0.021053 1.642711 0.084519
v 0.060132 1.605417 0.075299
v 0.055580 1.653902 0.080984
v 0.071516 1.612164 0.068554
v 0.068907 1.645903 0.072738
v 0.055656 1.604513 0.077603
v 0.050513 1.654814 0.083323
v 0.069770 1.634008 0.071983
v 0.072663 1.636398 0.068930
v 0.081636 1.641118 0.061857
v 0.083651 1.644177 0.056032
v 0.086281 1.647880 0.048572
v 0.089234 1.652349 0.039408
v 0.092134 1.657431 0.029198
v 0.078224 1.639030 0.065243
v 0.071475 1.635381 0.070620
v 0.075086 1.637581 0.067315
v 0.023764 1.624914 0.078231
v 0.020878 1.625055 0.079699
v 0.013781 1.626733 0.091317
v 0.007478 1.628458 0.099081
v 0.003983 1.629382 0.101521
v 0.010556 1.627438 0.095462
v 0.016990 1.626113 0.086865
v 0.021911 1.624919 0.078154
v 0.019555 1.625535 0.082825
v 0.007282 1.544698 0.108201
v 0.017569 1.543809 0.101537
v 0.029246 1.542464 0.092451
v 0.021701 1.543396 0.097892
v 0.029072 1.542156 0.094092
v 0.017122 1.543264 0.105450
v 0.021527 1.542964 0.101702
v 0.006553 1.543392 0.111237
v 0.031690 1.541895 0.091962
v 0.012217 1.543423 0.108736
v 0.012955 1.544270 0.105271
v 0.025529 1.542564 0.097736
v 0.025483 1.542867 0.094761
v 0.034279 1.709508 0.093755
v 0.098280 1.600235 -0.003371
v 0.091087 1.547872 -0.000569
v 0.094460 1.558914 -0.005734
v 0.094430 1.569906 -0.008924
v 0.095888 1.585257 -0.007203
v 0.011277 1.473722 0.084325
v 0.039243 1.488497 0.067660
v 0.031638 1.482168 0.074741
v -0.000000 1.472199 0.085895
v 0.054766 1.499661 0.051382
v 0.022208 1.476829 0.080438
v 0.047314 1.493727 0.060082
v 0.080804 1.527506 0.014129
v 0.074684 1.519662 0.023421
v 0.068065 1.512789 0.032789
v 0.086373 1.536948 0.005853
v 0.064517 1.705351 0.079953
v 0.086019 1.685857 0.047230
v 0.044784 1.708370 0.089696
v 0.082076 1.692181 0.056458
v 0.092230 1.671232 0.028148
v 0.054729 1.706989 0.084821
v 0.077811 1.697671 0.065172
v 0.089333 1.678802 0.037565
v 0.098011 1.613441 -0.001852
v 0.098059 1.642184 -0.000112
v 0.096728 1.653838 0.010217
v 0.023150 1.710274 0.096592
v 0.011629 1.710534 0.098173
v 0.061315 1.506274 0.042085
v 0.072986 1.702402 0.073735
v 0.094758 1.663037 0.019184
v -0.000000 1.561313 0.122413
v -0.000000 1.506071 0.109266
v -0.000000 1.521447 0.109111
v -0.000000 1.543113 0.112947
v -0.000000 1.543391 0.115375
v -0.000000 1.539863 0.118887
v -0.000000 1.544423 0.118283
v -0.000000 1.524408 0.119209
v -0.000000 1.554608 0.123036
v -0.000000 1.532407 0.119874
v -0.000000 1.549027 0.121299
v -0.000000 1.589103 0.135237
v -0.000000 1.598068 0.133856
v -0.000000 1.571340 0.113997
v -0.000000 1.571935 0.118141
v -0.000000 1.580015 0.132412
v -0.000000 1.573669 0.125386
v -0.000000 1.639427 0.101378
v -0.000000 1.622792 0.110429
v -0.000000 1.626348 0.106136
v -0.000000 1.699056 0.100731
v -0.000000 1.687781 0.104030
v -0.000000 1.676361 0.108162
v -0.000000 1.665690 0.108213
v -0.000000 1.567171 0.114283
v -0.000000 1.564538 0.117434
v -0.000000 1.514252 0.103784
v -0.000000 1.619139 0.115246
v -0.000000 1.474015 0.097962
v -0.000000 1.494516 0.111718
v -0.000000 1.482391 0.107577
v -0.000000 1.644939 0.102600
v -0.000000 1.651040 0.103941
v -0.000000 1.629699 0.102272
v -0.000000 1.544813 0.109120
v -0.000000 1.543344 0.112086
v -0.000000 1.710540 0.098601
v 0.070170 1.627988 0.071017
v 0.073836 1.625104 0.066366
v 0.083046 1.622422 0.055460
v 0.086406 1.621940 0.048228
v 0.089882 1.622378 0.038218
v 0.092573 1.623399 0.025431
v 0.094524 1.625102 0.011829
v 0.079683 1.623253 0.060385
v 0.072168 1.626187 0.068745
v 0.076452 1.624157 0.063716
v 0.096910 1.626710 -0.001194
v 0.036303 1.720934 0.088895
v 0.068068 1.716285 0.073270
v 0.088219 1.692998 0.037842
v 0.047343 1.719648 0.084019
v 0.084101 1.700251 0.047427
v 0.094652 1.677259 0.018559
v 0.057882 1.718223 0.078603
v 0.079447 1.706657 0.056419
v 0.091662 1.685210 0.028002
v 0.100078 1.653559 -0.007976
v 0.099020 1.661061 0.000886
v 0.024698 1.721977 0.092697
v 0.012556 1.722629 0.095288
v 0.074936 1.712180 0.065316
v 0.097154 1.669213 0.009640
v -0.000000 1.722831 0.096203
v 0.042076 1.748038 0.071587
v 0.074409 1.736963 0.051906
v 0.093117 1.706127 0.015859
v 0.054548 1.745620 0.066333
v 0.089198 1.714629 0.025083
v 0.099041 1.688600 -0.001917
v 0.066000 1.742467 0.060098
v 0.084448 1.722572 0.033983
v 0.096371 1.697326 0.006686
v 0.102475 1.666651 -0.022081
v 0.102117 1.672679 -0.016415
v 0.028765 1.750002 0.075560
v 0.014680 1.751326 0.077840
v 0.079376 1.729961 0.042695
v 0.100961 1.680258 -0.009658
v -0.000000 1.751868 0.078621
v 0.046531 1.771415 0.035251
v 0.079783 1.753097 0.020674
v 0.097350 1.717629 -0.009571
v 0.059171 1.766072 0.031223
v 0.093748 1.726739 -0.001418
v 0.102356 1.697718 -0.024868
v 0.070192 1.759995 0.026215
v 0.090224 1.735578 0.006529
v 0.100354 1.707934 -0.017566
v 0.103998 1.668841 -0.038632
v 0.104003 1.677244 -0.035731
v 0.032326 1.775891 0.038126
v 0.016755 1.779610 0.040009
v 0.086249 1.744517 0.014009
v 0.103494 1.687255 -0.031048
v -0.000000 1.781235 0.040559
v 0.094042 1.691454 0.017731
v 0.096948 1.683162 0.008601
v 0.099204 1.675154 0.000170
v 0.100735 1.667657 -0.007646
v 0.101412 1.661343 -0.014829
v 0.071349 1.726987 0.064074
v 0.076657 1.721406 0.054932
v 0.090602 1.699795 0.027357
v 0.039502 1.734514 0.083274
v 0.051129 1.732568 0.077417
v 0.061867 1.730297 0.071014
v -0.000000 1.737091 0.090713
v 0.013699 1.736895 0.090143
v 0.086522 1.707764 0.036922
v 0.026977 1.736023 0.087659
v 0.081694 1.715023 0.046029
v 0.083400 1.737909 0.029192
v 0.087486 1.729445 0.020716
v 0.091712 1.720938 0.012197
v 0.015807 1.766347 0.060610
v 0.030602 1.763696 0.058522
v 0.098593 1.702787 -0.005110
v 0.100856 1.693421 -0.013097
v 0.102373 1.684255 -0.020058
v 0.103236 1.675819 -0.025737
v 0.103612 1.669126 -0.029960
v 0.077517 1.746017 0.037246
v 0.095533 1.712052 0.003498
v 0.044351 1.760559 0.055011
v 0.056823 1.756623 0.050065
v 0.068122 1.752141 0.044192
v -0.000000 1.767693 0.061437
v 0.093858 1.658344 -0.082476
v 0.096710 1.678849 -0.082418
v 0.097432 1.698439 -0.079235
v -0.000000 1.667338 -0.146619
v -0.000000 1.693549 -0.146134
v -0.000000 1.720465 -0.143049
v 0.051041 1.783789 -0.010131
v 0.084195 1.761185 -0.015582
v 0.098613 1.728644 -0.035605
v 0.064582 1.777240 -0.011725
v 0.096123 1.737221 -0.028022
v 0.075632 1.769486 -0.013577
v 0.093268 1.744640 -0.021661
v 0.035625 1.789566 -0.008744
v 0.018474 1.794171 -0.007601
v 0.089870 1.752599 -0.017995
v -0.000000 1.795652 -0.007194
v 0.053742 1.784984 -0.035265
v 0.086561 1.761359 -0.033460
v 0.021998 1.784603 -0.091672
v 0.067402 1.777712 -0.034853
v 0.095838 1.741788 -0.056323
v 0.078259 1.769553 -0.034275
v 0.096618 1.730179 -0.065876
v 0.037696 1.791224 -0.035478
v 0.019610 1.796148 -0.035507
v 0.091557 1.753156 -0.032366
v -0.000000 1.797961 -0.035499
v 0.100217 1.676299 -0.069589
v 0.100993 1.694712 -0.066928
v 0.096798 1.654840 -0.067619
v 0.020910 1.693065 -0.144437
v 0.020057 1.667176 -0.145379
v 0.021965 1.719737 -0.141486
v 0.042838 1.717598 -0.136665
v 0.040847 1.691765 -0.139662
v 0.039428 1.666641 -0.141183
v 0.075052 1.710345 -0.116613
v 0.073229 1.687418 -0.120895
v 0.071442 1.664414 -0.122668
v 0.058834 1.689827 -0.131940
v 0.057172 1.665684 -0.133812
v 0.061144 1.714346 -0.128295
v 0.083711 1.684769 -0.108191
v 0.081903 1.662867 -0.109695
v 0.085012 1.706263 -0.103996
v 0.100709 1.710608 -0.061690
v 0.097408 1.715657 -0.073592
v -0.000000 1.748148 -0.136472
v 0.023193 1.747330 -0.135171
v 0.044920 1.744024 -0.129978
v 0.063236 1.738704 -0.120923
v 0.076415 1.732284 -0.108968
v 0.085635 1.726227 -0.096807
v 0.099344 1.723996 -0.054843
v 0.100888 1.718258 -0.042931
v 0.077256 1.596694 -0.068298
v -0.000000 1.586472 -0.133909
v 0.079850 1.599207 -0.056524
v 0.016807 1.587176 -0.131650
v 0.032076 1.588794 -0.125316
v 0.057372 1.591364 -0.106306
v 0.045681 1.590178 -0.116764
v 0.066451 1.592829 -0.094115
v 0.066290 1.575585 -0.055951
v -0.000000 1.566213 -0.117801
v 0.070026 1.576038 -0.042067
v 0.014274 1.566609 -0.116201
v 0.027586 1.567785 -0.111194
v 0.049192 1.570759 -0.093591
v 0.039365 1.569194 -0.103516
v 0.056743 1.572524 -0.081991
v 0.062168 1.554775 -0.048912
v -0.000000 1.554047 -0.102458
v 0.066912 1.552130 -0.034765
v 0.012160 1.554105 -0.101522
v 0.023706 1.554610 -0.097879
v 0.043340 1.555926 -0.083494
v 0.034144 1.555335 -0.091731
v 0.051124 1.556184 -0.073520
v 0.013058 1.559881 -0.108403
v -0.000000 1.559664 -0.109703
v 0.036031 1.562357 -0.096778
v 0.062946 1.565608 -0.051619
v 0.067794 1.564343 -0.037673
v 0.025327 1.560868 -0.104006
v 0.052622 1.564813 -0.076810
v 0.045105 1.563750 -0.087495
v 0.087159 1.545646 -0.012844
v 0.087175 1.558072 -0.017057
v 0.085881 1.566846 -0.018756
v 0.084685 1.532130 -0.005562
v 0.076270 1.547722 -0.022311
v 0.076530 1.561119 -0.025552
v 0.076291 1.574823 -0.027307
v 0.073897 1.531450 -0.016505
v 0.065900 1.539675 -0.032572
v 0.010329 1.474405 0.073351
v 0.036976 1.486026 0.060421
v 0.029211 1.481828 0.065662
v -0.000000 1.472941 0.074594
v 0.052036 1.494726 0.044832
v 0.020146 1.477812 0.070118
v 0.044520 1.489777 0.053367
v 0.078993 1.521818 0.005458
v 0.072072 1.514299 0.016279
v 0.065185 1.507652 0.026157
v 0.058519 1.501200 0.035617
v 0.010072 1.475197 0.062815
v 0.035284 1.485128 0.054971
v 0.029141 1.482221 0.056552
v -0.000000 1.473863 0.063885
v 0.047787 1.491040 0.039014
v 0.019934 1.478396 0.059962
v 0.040266 1.486928 0.048074
v 0.072177 1.518443 -0.001755
v 0.066660 1.510745 0.010053
v 0.060399 1.504135 0.020186
v 0.054185 1.497555 0.029676
v 0.008281 1.572896 0.109919
v 0.007665 1.569382 0.111134
v 0.026828 1.595589 0.106021
v 0.021533 1.599176 0.098349
v 0.012937 1.601368 0.121987
v 0.011016 1.610234 0.113574
v 0.025527 1.575509 0.102568
v 0.025119 1.571125 0.099774
v 0.030319 1.592423 0.092106
v 0.032626 1.590989 0.097220
v 0.030768 1.586432 0.089886
v 0.033957 1.587300 0.097762
v 0.019567 1.576708 0.102215
v 0.020379 1.570035 0.104079
v 0.034080 1.581903 0.099442
v 0.030762 1.578581 0.088787
v 0.014806 1.606987 0.108793
v 0.016686 1.598594 0.116199
v 0.007660 1.603850 0.127104
v 0.006492 1.613233 0.117739
v 0.014594 1.569533 0.107963
v 0.013115 1.574765 0.104348
v 0.028705 1.573471 0.094912
v 0.030380 1.577606 0.101330
v 0.026553 1.596372 0.094657
v 0.031054 1.593479 0.100897
v 0.018130 1.603280 0.103595
v 0.020919 1.596331 0.110680
v -0.000000 1.614926 0.119898
v -0.000000 1.605032 0.129482
v -0.000000 1.569318 0.112500
v -0.000000 1.571260 0.111976
v -0.000000 1.570718 0.111924
v 0.029823 1.576154 0.097683
v 0.024763 1.574247 0.100071
v 0.014111 1.572030 0.106414
v 0.007687 1.571314 0.110225
v 0.033709 1.586528 0.093359
v 0.033833 1.580372 0.094684
v 0.019789 1.573176 0.102962
v 0.018887 1.599600 0.107079
v 0.024188 1.597755 0.102156
v 0.032188 1.591928 0.094466
v 0.029382 1.596105 0.097728
v 0.015459 1.602880 0.112620
v -0.000000 1.610342 0.124611
v 0.006956 1.608801 0.122353
v 0.011769 1.605961 0.117841
v 0.092172 1.702332 -0.091496
v 0.091217 1.681942 -0.095237
v 0.089221 1.660931 -0.096227
v 0.092426 1.720797 -0.085149
v 0.072833 1.594650 -0.081092
v 0.062111 1.574307 -0.069290
v 0.057284 1.555946 -0.061908
v 0.058361 1.565571 -0.064760
v 0.012014 1.546949 -0.097742
v -0.000000 1.547035 -0.098024
v 0.043353 1.547648 -0.081583
v 0.034274 1.547523 -0.089657
v 0.023710 1.547143 -0.095265
v 0.050969 1.547290 -0.071706
v 0.057120 1.546202 -0.060171
v 0.061905 1.543901 -0.047162
v -0.000000 1.787346 -0.093293
v 0.041849 1.779189 -0.088287
v 0.059420 1.773210 -0.083988
v 0.074418 1.766659 -0.078738
v 0.085951 1.758940 -0.072376
v 0.092866 1.750149 -0.064802
v 0.097730 1.734769 -0.046852
v 0.056368 1.781325 -0.060250
v -0.000000 1.796021 -0.064936
v 0.039817 1.788033 -0.062573
v 0.020863 1.793463 -0.064214
v 0.094019 1.749674 -0.044981
v 0.070334 1.773980 -0.057354
v 0.081406 1.766086 -0.053934
v 0.089789 1.758140 -0.049959
v 0.095653 1.742586 -0.038248
v 0.023141 1.770342 -0.117011
v -0.000000 1.772009 -0.118825
v 0.044439 1.766085 -0.112542
v 0.063364 1.760620 -0.106424
v 0.078219 1.753181 -0.097794
v 0.087259 1.744543 -0.087080
v 0.092601 1.736830 -0.076337
v 0.103079 1.691894 -0.054641
v 0.102497 1.676516 -0.057552
v 0.100722 1.661927 -0.056603
v 0.102593 1.705957 -0.049437
v 0.093545 1.746980 -0.031189
v 0.010102 1.475769 0.052546
v 0.007958 1.461261 0.015873
v 0.008007 1.446052 0.012943
v 0.010998 1.402875 0.029045
v 0.009181 1.475662 0.036005
v 0.009742 1.476003 0.043486
v 0.007907 1.454254 0.013702
v 0.009006 1.425461 0.016569
v 0.009987 1.413528 0.020372
v 0.008679 1.474313 0.029624
v 0.008074 1.467217 0.019271
v 0.008311 1.471557 0.024018
v 0.008380 1.436387 0.014217
v 0.137028 1.650935 -0.053139
v 0.134196 1.657215 -0.045318
v 0.129026 1.659540 -0.034474
v 0.121685 1.658438 -0.022763
v 0.110258 1.654381 -0.015783
v 0.100277 1.649113 -0.017919
v 0.139100 1.634755 -0.067952
v 0.126935 1.669211 -0.040130
v 0.100548 1.576593 -0.013972
v 0.107192 1.570349 -0.019064
v 0.112792 1.569710 -0.026473
v 0.125520 1.587630 -0.046428
v 0.133036 1.602459 -0.055407
v 0.136967 1.612898 -0.059176
v 0.139197 1.623640 -0.060742
v 0.139969 1.633578 -0.060671
v 0.132977 1.646402 -0.050226
v 0.130405 1.650756 -0.044115
v 0.125313 1.651962 -0.034768
v 0.119235 1.649921 -0.024749
v 0.111352 1.645565 -0.015913
v 0.100274 1.639137 -0.015012
v 0.134194 1.666210 -0.051455
v 0.138638 1.656984 -0.060767
v 0.103330 1.584407 -0.016042
v 0.108848 1.579114 -0.020158
v 0.113364 1.578650 -0.025991
v 0.125385 1.592486 -0.042016
v 0.131209 1.605550 -0.049621
v 0.133453 1.614550 -0.053469
v 0.135129 1.623958 -0.055203
v 0.135496 1.632247 -0.054877
v 0.120119 1.670602 -0.027515
v 0.109334 1.665355 -0.020335
v 0.101261 1.656301 -0.023036
v 0.137708 1.623272 -0.068987
v 0.134236 1.611723 -0.066467
v 0.129059 1.601669 -0.060982
v 0.120645 1.586015 -0.050252
v 0.107806 1.562353 -0.031697
v 0.101689 1.562633 -0.022533
v 0.096867 1.567312 -0.015368
v 0.127990 1.643533 -0.049936
v 0.125132 1.648025 -0.045898
v 0.120411 1.649926 -0.037805
v 0.115532 1.646475 -0.028608
v 0.112027 1.638589 -0.021712
v 0.107594 1.632614 -0.018585
v 0.103321 1.590962 -0.020037
v 0.109901 1.588547 -0.021844
v 0.113761 1.587672 -0.026580
v 0.122349 1.596607 -0.040708
v 0.126322 1.607850 -0.047272
v 0.128060 1.615298 -0.051035
v 0.129284 1.623643 -0.053009
v 0.129310 1.631281 -0.053441
v 0.097176 1.591977 -0.014832
v 0.098228 1.596541 -0.018715
v 0.100287 1.626396 -0.012091
v 0.104574 1.625722 -0.017119
v 0.093921 1.606888 -0.026568
v 0.093783 1.604901 -0.032713
v 0.096433 1.620256 -0.026303
v 0.095161 1.624423 -0.031498
v 0.101080 1.604655 -0.036631
v 0.104293 1.627078 -0.034362
v 0.108386 1.605537 -0.040098
v 0.112191 1.629831 -0.037362
v 0.101916 1.614481 -0.011828
v 0.101058 1.602712 -0.012649
v 0.110417 1.615772 -0.018592
v 0.108630 1.603950 -0.019637
v 0.095634 1.617693 -0.033403
v 0.095496 1.611520 -0.033379
v 0.098642 1.615827 -0.028806
v 0.098132 1.610482 -0.028695
v 0.103477 1.619477 -0.036186
v 0.102376 1.612123 -0.036974
v 0.109324 1.613117 -0.040496
v 0.110635 1.620856 -0.039212
v 0.121385 1.630958 -0.061101
v 0.120952 1.607916 -0.047873
v 0.122004 1.622149 -0.057491
v 0.121878 1.614313 -0.053008
v 0.096751 1.592537 -0.024907
v 0.097189 1.599800 -0.021889
v 0.103144 1.631274 -0.022848
v 0.102954 1.624435 -0.021877
v 0.104554 1.592357 -0.028740
v 0.106277 1.638312 -0.026128
v 0.109186 1.592423 -0.032992
v 0.108314 1.646164 -0.033566
v 0.111890 1.616426 -0.026365
v 0.108272 1.603921 -0.026770
v 0.118519 1.649188 -0.051403
v 0.119712 1.598855 -0.041110
v 0.123748 1.643866 -0.053216
v 0.113112 1.649465 -0.042699
v 0.121626 1.580215 -0.040368
v 0.121873 1.586585 -0.037217
v 0.116518 1.577386 -0.044670
v 0.119551 1.592555 -0.036969
v 0.119227 1.622898 -0.050498
v 0.116776 1.614548 -0.049517
v 0.114989 1.606460 -0.049345
v 0.118690 1.632221 -0.051768
v 0.116868 1.596866 -0.039402
v 0.117577 1.573634 -0.033724
v 0.118100 1.581394 -0.031750
v 0.112879 1.568536 -0.039383
v 0.116842 1.589223 -0.032053
v 0.118666 1.621685 -0.042785
v 0.115675 1.613614 -0.043536
v 0.112532 1.606442 -0.044864
v 0.118964 1.632116 -0.043576
v 0.113346 1.594475 -0.036594
v 0.122583 1.634879 -0.071460
v 0.114425 1.665731 -0.052107
v 0.118065 1.662515 -0.061250
v 0.121725 1.655054 -0.067520
v 0.110040 1.666033 -0.044083
v 0.106593 1.664609 -0.037468
v 0.103441 1.664207 -0.033109
v 0.121724 1.624433 -0.071236
v 0.120114 1.614324 -0.068668
v 0.117540 1.604923 -0.064462
v 0.111156 1.589382 -0.053872
v 0.094632 1.572261 -0.042135
v 0.087979 1.571203 -0.037095
v 0.083821 1.573974 -0.030892
v 0.106855 1.581863 -0.049226
v 0.101298 1.575938 -0.045644
v 0.130155 1.658304 -0.067338
v 0.131260 1.634857 -0.071700
v 0.123535 1.602652 -0.063915
v 0.115683 1.586913 -0.052393
v 0.111214 1.578726 -0.047082
v 0.106220 1.570577 -0.043702
v 0.113064 1.671476 -0.038109
v 0.119231 1.670228 -0.047872
v 0.129724 1.623680 -0.072573
v 0.099842 1.563724 -0.039161
v 0.127251 1.612376 -0.069685
v 0.125695 1.668428 -0.059070
v 0.093168 1.562102 -0.030845
v 0.106917 1.669062 -0.030308
v 0.089116 1.565346 -0.023414
v 0.102506 1.661708 -0.027597
v 0.117584 1.636013 -0.066752
v 0.112634 1.658211 -0.054181
v 0.115343 1.654769 -0.060583
v 0.118219 1.651391 -0.064413
v 0.109446 1.659651 -0.047840
v 0.106176 1.659021 -0.042092
v 0.102520 1.662003 -0.039954
v 0.116884 1.626575 -0.066408
v 0.115675 1.617302 -0.064305
v 0.113321 1.608572 -0.061447
v 0.107970 1.593435 -0.053070
v 0.094338 1.582095 -0.040326
v 0.088557 1.583207 -0.034957
v 0.084641 1.584045 -0.029529
v 0.104370 1.587078 -0.049087
v 0.099648 1.583242 -0.045085
v 0.097398 1.652084 -0.052759
v 0.094514 1.644228 -0.058149
v 0.091459 1.633870 -0.059911
v 0.081558 1.603357 -0.045899
v 0.089055 1.623029 -0.059016
v -0.000000 1.642610 -0.145899
v 0.068920 1.642531 -0.121432
v 0.037975 1.642928 -0.140133
v 0.055151 1.642770 -0.132761
v 0.019328 1.642770 -0.144472
v 0.078983 1.642112 -0.108291
v 0.090014 1.640081 -0.081320
v 0.091453 1.637748 -0.069230
v 0.086079 1.641341 -0.094798
v 0.018681 1.620699 -0.142257
v 0.075366 1.623460 -0.104813
v 0.086067 1.624259 -0.078581
v 0.087664 1.624024 -0.067578
v -0.000000 1.620177 -0.144286
v 0.065647 1.622783 -0.117801
v 0.036391 1.621537 -0.137099
v 0.052552 1.622108 -0.129135
v 0.082238 1.623942 -0.091487
v 0.076299 1.592767 -0.031547
v 0.061665 1.581352 -0.087959
v 0.015577 1.575564 -0.124147
v -0.000000 1.574929 -0.126179
v 0.072391 1.584928 -0.061959
v 0.053253 1.579818 -0.099888
v 0.029712 1.577248 -0.118101
v 0.042328 1.578658 -0.109930
v 0.075191 1.587320 -0.048669
v 0.067636 1.583202 -0.075019
v 0.094774 1.618963 -0.060489
v 0.099967 1.616359 -0.060211
v 0.099864 1.639572 -0.060417
v 0.103719 1.636531 -0.063769
v 0.097296 1.629450 -0.061889
v 0.101877 1.626103 -0.063501
v 0.089792 1.600028 -0.047209
v 0.096262 1.599628 -0.047980
v 0.088983 1.592199 -0.036583
v 0.095785 1.591404 -0.040985
v 0.102289 1.648113 -0.055619
v 0.105558 1.646167 -0.059949
v 0.105183 1.614704 -0.058122
v 0.108462 1.632814 -0.063778
v 0.106935 1.623258 -0.062141
v 0.101897 1.598976 -0.049046
v 0.109713 1.641877 -0.060878
v 0.100088 1.590917 -0.046322
v 0.110289 1.612136 -0.057845
v 0.113425 1.629534 -0.062050
v 0.112273 1.620646 -0.060255
v 0.105199 1.596854 -0.051862
v 0.114256 1.638468 -0.062132
v 0.103342 1.591505 -0.049112
v 0.068540 1.632080 0.068884
v 0.044267 1.646146 0.079830
v 0.031686 1.641900 0.080050
v 0.059962 1.641934 0.075458
v 0.025423 1.633303 0.077836
v 0.035583 1.643942 0.080346
v 0.056140 1.644015 0.076953
v 0.065797 1.636744 0.071965
v 0.066545 1.626133 0.069725
v 0.026407 1.621827 0.076009
v 0.048861 1.617313 0.077095
v 0.037948 1.617893 0.077860
v 0.060484 1.621125 0.073151
v 0.031058 1.619464 0.077127
v 0.041679 1.617493 0.077865
v 0.057933 1.619852 0.074297
v 0.064910 1.624406 0.070791
v 0.025019 1.623329 0.075821
v 0.068573 1.629902 0.068507
v 0.039832 1.645327 0.080172
v 0.045277 1.617235 0.077603
v 0.026805 1.636438 0.078589
v 0.034277 1.618604 0.077611
v 0.024522 1.630359 0.077135
v 0.028464 1.620523 0.076487
v 0.052293 1.645241 0.078189
v 0.055198 1.618855 0.075332
v 0.063451 1.639332 0.073739
v 0.062875 1.622805 0.072037
v 0.048459 1.645949 0.079140
v 0.052110 1.617895 0.076316
v 0.067458 1.634356 0.070171
v 0.024251 1.625286 0.075985
v 0.067854 1.627945 0.068842
v 0.072174 1.634787 0.060591
v 0.041607 1.654604 0.075132
v 0.025540 1.646066 0.073838
v 0.063460 1.649503 0.067834
v 0.019111 1.634749 0.071279
v 0.029964 1.649703 0.074862
v 0.059037 1.652634 0.070258
v 0.069693 1.642459 0.063501
v 0.070022 1.623078 0.060649
v 0.021029 1.618154 0.069720
v 0.046461 1.607601 0.068685
v 0.033639 1.609943 0.070160
v 0.063130 1.612840 0.063897
v 0.026033 1.613212 0.070371
v 0.037762 1.608756 0.069855
v 0.059680 1.610274 0.065367
v 0.068268 1.619429 0.061480
v 0.019592 1.620926 0.069537
v 0.072061 1.630792 0.060076
v 0.035522 1.652840 0.075516
v 0.042025 1.607945 0.069365
v 0.020371 1.638718 0.072106
v 0.029635 1.611363 0.070384
v 0.018501 1.630860 0.070520
v 0.023166 1.615551 0.070058
v 0.053609 1.654665 0.072463
v 0.055592 1.608531 0.066697
v 0.067072 1.646050 0.065591
v 0.066019 1.615944 0.062560
v 0.047614 1.655168 0.074029
v 0.051055 1.607735 0.067797
v 0.071323 1.638718 0.061770
v 0.018767 1.623918 0.069599
v 0.071285 1.626874 0.060141
v 0.071094 1.637695 0.050271
v 0.038002 1.662241 0.063149
v 0.021788 1.650485 0.062993
v 0.063571 1.655012 0.056152
v 0.017032 1.637200 0.060299
v 0.025665 1.654941 0.063559
v 0.058880 1.658950 0.057888
v 0.069158 1.647361 0.052994
v 0.069059 1.621759 0.050163
v 0.019623 1.616597 0.058864
v 0.044544 1.602018 0.056769
v 0.030546 1.606209 0.058882
v 0.062936 1.607228 0.052459
v 0.023808 1.610417 0.059579
v 0.034844 1.604534 0.058327
v 0.059269 1.604173 0.053843
v 0.067899 1.616505 0.050520
v 0.018165 1.620191 0.058664
v 0.070806 1.632342 0.049854
v 0.031118 1.659379 0.063730
v 0.039530 1.603076 0.057642
v 0.017943 1.641753 0.061142
v 0.026799 1.608125 0.059344
v 0.016565 1.632660 0.059508
v 0.021526 1.613264 0.059242
v 0.052731 1.662266 0.059897
v 0.054774 1.602487 0.054836
v 0.067031 1.651278 0.054797
v 0.065943 1.611447 0.051240
v 0.045426 1.663458 0.061769
v 0.049748 1.601777 0.055787
v 0.070458 1.642795 0.051391
v 0.017218 1.623965 0.058677
v 0.070007 1.627027 0.049926
v 0.053569 1.659522 0.067014
v 0.059342 1.656592 0.064540
v 0.027817 1.608992 0.065034
v 0.024452 1.611234 0.065075
v 0.067389 1.649051 0.060173
v 0.069901 1.645073 0.058312
v 0.040613 1.604679 0.063862
v 0.036037 1.605786 0.064387
v 0.059841 1.606419 0.059776
v 0.055357 1.604454 0.061070
v 0.068706 1.617691 0.056270
v 0.066463 1.613402 0.057202
v 0.063505 1.609548 0.058397
v 0.039633 1.659734 0.070376
v 0.046686 1.660443 0.068951
v 0.070308 1.622186 0.055595
v 0.022951 1.648874 0.069013
v 0.027156 1.653330 0.070107
v 0.050424 1.603697 0.062186
v 0.018129 1.620277 0.064461
v 0.017246 1.623769 0.064515
v 0.063830 1.652850 0.062162
v 0.071508 1.640795 0.056739
v 0.072325 1.636205 0.055643
v 0.071464 1.626778 0.055186
v 0.017219 1.635931 0.066186
v 0.018326 1.640287 0.067052
v 0.016697 1.631664 0.065407
v 0.072203 1.631463 0.055148
v 0.032801 1.657469 0.070890
v 0.045434 1.603915 0.063123
v 0.019620 1.616993 0.064596
v 0.021744 1.613943 0.064849
v 0.031754 1.607232 0.064769
v 0.019708 1.643282 0.055825
v 0.022063 1.650749 0.058559
v 0.022560 1.612819 0.054398
v 0.021218 1.616443 0.053718
v 0.029816 1.607215 0.053497
v 0.026166 1.608894 0.054414
v 0.049414 1.603302 0.049944
v 0.044132 1.603574 0.050800
v 0.018708 1.633824 0.054262
v 0.019011 1.638601 0.055000
v 0.034138 1.605615 0.052610
v 0.023915 1.610464 0.055634
v 0.062631 1.611060 0.045909
v 0.060318 1.606497 0.047348
v 0.051272 1.660999 0.052560
v 0.057901 1.658938 0.050974
v 0.066388 1.652622 0.050579
v 0.067404 1.649714 0.048075
v 0.038951 1.604330 0.051695
v 0.058159 1.604003 0.049571
v 0.054408 1.603366 0.049327
v 0.064113 1.616507 0.045749
v 0.037312 1.659279 0.056281
v 0.044195 1.661021 0.054512
v 0.065085 1.622098 0.045934
v 0.025325 1.653557 0.057684
v 0.020105 1.620357 0.053438
v 0.019358 1.624403 0.053456
v 0.063289 1.655738 0.050176
v 0.067840 1.644893 0.046228
v 0.067703 1.639339 0.045400
v 0.066016 1.627816 0.045861
v 0.066957 1.633578 0.045528
v 0.030861 1.656646 0.057260
v 0.012212 1.579695 0.111804
v 0.016370 1.580722 0.105379
v 0.011042 1.579407 0.110253
v 0.018304 1.581441 0.105992
v 0.011950 1.579520 0.108231
v 0.016596 1.581195 0.111225
v 0.013997 1.579987 0.106431
v 0.014395 1.580426 0.112037
v 0.018236 1.581668 0.109684
v 0.011460 1.582988 0.111222
v 0.015031 1.583089 0.105975
v 0.010713 1.582528 0.109676
v 0.016579 1.583693 0.106341
v 0.011611 1.582435 0.107994
v 0.015170 1.583968 0.110693
v 0.013224 1.582635 0.106684
v 0.013304 1.583531 0.111415
v 0.016601 1.584183 0.109368
v 0.010912 1.585578 0.110259
v 0.013729 1.585290 0.106396
v 0.010402 1.585170 0.109163
v 0.014915 1.585714 0.106615
v 0.011074 1.585000 0.107900
v 0.013685 1.586141 0.109804
v 0.012327 1.585040 0.106915
v 0.012256 1.585926 0.110351
v 0.014844 1.586205 0.108824
v 0.010421 1.587474 0.109657
v 0.012747 1.587041 0.106694
v 0.010042 1.587150 0.108852
v 0.013688 1.587258 0.106751
v 0.010625 1.587020 0.107932
v 0.012562 1.587710 0.109046
v 0.011638 1.586969 0.107172
v 0.011452 1.587664 0.109559
v 0.013510 1.587655 0.108299
v 0.010127 1.588616 0.109381
v 0.012299 1.588265 0.106999
v 0.009813 1.588302 0.108683
v 0.013062 1.588134 0.106865
v 0.010414 1.588449 0.108063
v 0.011835 1.588668 0.108367
v 0.011361 1.588348 0.107495
v 0.010919 1.588810 0.108956
v 0.012706 1.588537 0.107781
v 0.042458 1.564296 0.070674
v 0.032437 1.581285 0.078234
v 0.039253 1.573325 0.074499
v 0.022351 1.586180 0.080949
v 0.044445 1.555315 0.067778
v 0.046504 1.546259 0.066222
v 0.045145 1.537161 0.065425
v 0.040639 1.529282 0.065753
v 0.009245 1.512829 0.071832
v 0.018548 1.514124 0.070866
v 0.027175 1.517548 0.069198
v 0.034505 1.522782 0.067233
v 0.011103 1.587708 0.082411
v 0.043968 1.544801 0.074825
v 0.043041 1.536988 0.074856
v 0.031236 1.575050 0.087620
v 0.011000 1.581511 0.092166
v 0.039184 1.530159 0.075986
v 0.009291 1.514245 0.082919
v 0.037161 1.567926 0.083182
v 0.021886 1.579739 0.090728
v 0.018687 1.515265 0.082010
v 0.026977 1.519213 0.080077
v 0.039660 1.560179 0.078684
v 0.041631 1.552520 0.075739
v 0.033745 1.524332 0.077939
v 0.042959 1.572657 0.038533
v 0.028924 1.587188 0.042754
v 0.037217 1.581248 0.040611
v 0.019530 1.590710 0.044731
v 0.045331 1.562547 0.036663
v 0.044800 1.552137 0.034947
v 0.041931 1.542199 0.033349
v 0.037263 1.533423 0.032170
v 0.007794 1.518102 0.033563
v 0.015694 1.519378 0.032948
v 0.023576 1.521981 0.032195
v 0.030990 1.526558 0.031792
v 0.009833 1.592608 0.046266
v 0.035405 1.570623 0.016563
v 0.024112 1.581765 0.018779
v 0.030587 1.576942 0.017649
v 0.016576 1.585157 0.019834
v 0.038311 1.563110 0.015585
v 0.038773 1.554708 0.015052
v 0.036243 1.546389 0.015253
v 0.031974 1.539177 0.015525
v 0.006637 1.526699 0.018260
v 0.013339 1.528064 0.017630
v 0.020018 1.530277 0.016762
v 0.026380 1.533824 0.016006
v 0.008503 1.587517 0.020581
v 0.021102 1.553056 -0.011656
v 0.016878 1.558968 -0.014309
v 0.019754 1.556115 -0.012992
v 0.012383 1.561256 -0.015321
v 0.021240 1.549994 -0.010315
v 0.020411 1.547013 -0.008985
v 0.018731 1.544243 -0.007657
v 0.016390 1.541773 -0.006449
v 0.003893 1.533296 -0.002627
v 0.007486 1.534982 -0.003408
v 0.010745 1.537062 -0.004294
v 0.013683 1.539392 -0.005316
v 0.006609 1.562796 -0.015945
v 0.015554 1.533471 -0.025287
v 0.013006 1.537145 -0.029793
v 0.014905 1.535288 -0.027469
v 0.009641 1.538725 -0.031685
v 0.015424 1.531790 -0.023270
v 0.014787 1.530192 -0.021346
v 0.013718 1.528650 -0.019438
v 0.012290 1.527162 -0.017600
v 0.003620 1.521901 -0.011170
v 0.006609 1.522893 -0.012405
v 0.008862 1.524210 -0.013964
v 0.010665 1.525671 -0.015750
v 0.005137 1.539763 -0.032845
v 0.010674 1.505548 -0.038617
v 0.012957 1.504762 -0.036692
v 0.007554 1.505952 -0.039950
v 0.014493 1.502017 -0.031757
v 0.003567 1.496097 -0.018761
v 0.008311 1.515189 0.044867
v 0.008832 1.513391 0.058331
v 0.021752 1.589471 0.069332
v 0.020703 1.590751 0.057184
v 0.017684 1.514846 0.057516
v 0.016675 1.516678 0.044211
v 0.026172 1.518013 0.056150
v 0.024871 1.519637 0.043273
v 0.044297 1.568119 0.060978
v 0.044536 1.571087 0.050030
v 0.046390 1.560601 0.047615
v 0.046248 1.558093 0.058198
v 0.033748 1.523133 0.054807
v 0.032394 1.524573 0.042592
v 0.046018 1.550106 0.045478
v 0.047095 1.548033 0.056064
v 0.039967 1.577686 0.064087
v 0.039242 1.580443 0.052584
v 0.040182 1.529928 0.054165
v 0.038725 1.531507 0.042676
v 0.043407 1.540185 0.043708
v 0.044990 1.538315 0.054598
v 0.030740 1.587035 0.055012
v 0.032065 1.585195 0.066977
v 0.010325 1.592459 0.058870
v 0.010771 1.590955 0.070980
v 0.007269 1.522103 0.025072
v 0.018177 1.589052 0.032141
v 0.014663 1.523181 0.024361
v 0.022131 1.525362 0.023488
v 0.039701 1.572474 0.027244
v 0.042619 1.563490 0.025867
v 0.029284 1.529436 0.022976
v 0.042678 1.553827 0.024758
v 0.034188 1.580029 0.028831
v 0.035416 1.535871 0.023144
v 0.039940 1.544334 0.023883
v 0.026693 1.585515 0.030528
v 0.009243 1.591281 0.033379
v 0.004589 1.534878 0.004404
v 0.005720 1.531555 0.011673
v 0.015093 1.578696 0.007862
v 0.013757 1.570473 -0.004001
v 0.011429 1.533347 0.011280
v 0.009128 1.536676 0.003910
v 0.017039 1.535536 0.010550
v 0.013565 1.538656 0.003228
v 0.030402 1.566714 0.006710
v 0.025405 1.560686 -0.002688
v 0.026444 1.556333 -0.002091
v 0.032542 1.560816 0.006409
v 0.022269 1.538462 0.009641
v 0.017641 1.541056 0.002342
v 0.026053 1.551769 -0.001206
v 0.032701 1.554215 0.006607
v 0.026716 1.571716 0.007093
v 0.023002 1.564588 -0.003195
v 0.026894 1.542457 0.008622
v 0.021259 1.543936 0.001240
v 0.024182 1.547490 0.000013
v 0.030521 1.547807 0.007564
v 0.019109 1.567914 -0.003683
v 0.021526 1.575732 0.007467
v 0.007274 1.572185 -0.004217
v 0.007850 1.580665 0.008125
v 0.003639 1.528458 -0.007624
v 0.010982 1.550668 -0.024949
v 0.006773 1.529809 -0.008723
v 0.009330 1.531603 -0.010028
v 0.017707 1.543867 -0.019400
v 0.017509 1.541663 -0.017671
v 0.011508 1.533600 -0.011487
v 0.016684 1.539560 -0.016030
v 0.016970 1.546233 -0.021327
v 0.013525 1.535594 -0.012982
v 0.015329 1.537535 -0.014452
v 0.014799 1.548635 -0.023300
v 0.005873 1.552036 -0.026006
v 0.008857 1.515593 -0.016849
v 0.006672 1.514680 -0.015194
v 0.008508 1.526757 -0.035564
v 0.010534 1.516615 -0.018776
v 0.014567 1.522798 -0.029342
v 0.014649 1.521385 -0.027139
v 0.013677 1.524274 -0.031648
v 0.011997 1.517693 -0.020793
v 0.014168 1.520062 -0.024980
v 0.004487 1.527444 -0.036610
v 0.013249 1.518832 -0.022874
v 0.003673 1.513971 -0.013925
v 0.011672 1.525658 -0.033842
v 0.008839 1.506362 -0.019395
v 0.010498 1.507180 -0.021273
v 0.014192 1.512671 -0.032288
v 0.013097 1.513981 -0.034624
v 0.011901 1.508047 -0.023259
v 0.003633 1.505084 -0.016527
v 0.010948 1.515055 -0.036652
v 0.006630 1.505638 -0.017769
v 0.007847 1.515812 -0.038172
v 0.014403 1.511329 -0.029909
v 0.013974 1.510099 -0.027566
v 0.004101 1.516235 -0.039162
v 0.013094 1.509005 -0.025337
v 0.014327 1.577305 0.106198
v 0.015036 1.576883 0.111983
v 0.011010 1.575783 0.110880
v 0.012633 1.575692 0.111930
v 0.011511 1.576374 0.108782
v 0.019828 1.579194 0.105831
v 0.017419 1.578261 0.111345
v 0.017673 1.578492 0.104658
v 0.019287 1.579098 0.109855
v 0.018927 1.581762 0.107765
v 0.017202 1.584126 0.107733
v 0.015378 1.586097 0.107620
v 0.014006 1.587525 0.107459
v 0.013277 1.588296 0.107319
v 0.020235 1.579373 0.107864
v 0.038796 1.537742 0.081378
v 0.028517 1.567636 0.094139
v 0.010619 1.574074 0.100357
v 0.035388 1.532621 0.083157
v 0.033926 1.562100 0.089533
v 0.038622 1.549949 0.081906
v 0.040058 1.543693 0.080910
v 0.008891 1.518688 0.092077
v 0.020482 1.571770 0.097956
v 0.017835 1.519660 0.091334
v 0.025405 1.523287 0.088876
v 0.036364 1.556093 0.084763
v 0.030921 1.527933 0.085805
v 0.014202 1.503470 -0.034321
v 0.014028 1.500743 -0.029256
v 0.013099 1.499710 -0.026976
v 0.011892 1.498902 -0.024933
v 0.006566 1.496638 -0.019825
v 0.008829 1.497379 -0.021333
v 0.010512 1.498178 -0.023066
v 0.003913 1.506120 -0.040823
v 0.014030 1.495575 -0.035669
v 0.010501 1.497343 -0.039491
v 0.012787 1.497045 -0.037867
v 0.007392 1.497201 -0.040581
v 0.014314 1.493820 -0.032987
v 0.013781 1.492405 -0.030319
v 0.012781 1.491491 -0.027968
v 0.011599 1.491009 -0.025973
v 0.003384 1.488188 -0.020960
v 0.006352 1.488771 -0.021741
v 0.008668 1.489688 -0.022933
v 0.010336 1.490602 -0.024334
v 0.003794 1.497047 -0.041199
v -0.000000 1.518486 0.092457
v -0.000000 1.540110 -0.033161
v -0.000000 1.521753 0.025330
v -0.000000 1.513661 -0.013335
v -0.000000 1.588621 0.020865
v -0.000000 1.572906 -0.004323
v -0.000000 1.593205 0.046971
v -0.000000 1.527670 -0.036960
v -0.000000 1.516362 -0.039544
v -0.000000 1.563360 -0.016118
v -0.000000 1.552516 -0.026287
v -0.000000 1.574932 0.101330
v -0.000000 1.581829 0.092594
v -0.000000 1.517734 0.033800
v -0.000000 1.533936 0.004572
v -0.000000 1.488001 -0.020800
v -0.000000 1.592185 0.033951
v -0.000000 1.530648 0.011724
v -0.000000 1.506155 -0.041221
v -0.000000 1.527876 -0.007122
v -0.000000 1.496983 -0.041550
v -0.000000 1.532534 -0.002251
v -0.000000 1.504844 -0.016023
v -0.000000 1.587506 0.082708
v -0.000000 1.526149 0.018466
v -0.000000 1.514731 0.045075
v -0.000000 1.513009 0.058560
v -0.000000 1.591096 0.071606
v -0.000000 1.512653 0.071966
v -0.000000 1.514357 0.083290
v -0.000000 1.592863 0.059607
v -0.000000 1.495886 -0.018370
v -0.000000 1.581606 0.008120
v -0.000000 1.521467 -0.010581
v 0.013802 1.549575 0.103948
v -0.000000 1.550384 0.107550
v 0.007598 1.550211 0.107041
v 0.018523 1.548617 0.099657
v 0.022813 1.547338 0.095828
v 0.026658 1.545740 0.092611
v 0.006247 1.540055 0.107453
v -0.000000 1.539923 0.108380
v 0.011754 1.540245 0.104844
v 0.016554 1.540496 0.101490
v 0.020945 1.540837 0.097891
v 0.025115 1.541204 0.094391
v 0.029154 1.541467 0.091442
v 0.032038 1.542174 0.089762
v 0.030075 1.543939 0.090257
v -0.000000 1.557731 0.109674
v 0.007006 1.533152 0.103718
v -0.000000 1.532848 0.104629
v 0.013317 1.533974 0.101199
v 0.018538 1.535303 0.097732
v 0.022930 1.536856 0.094100
v 0.027015 1.538469 0.090894
v 0.030833 1.540175 0.088443
v 0.033054 1.542528 0.087235
v 0.031703 1.545665 0.088007
v 0.016485 1.555952 0.104873
v 0.008987 1.557301 0.108654
v 0.021542 1.554023 0.099413
v 0.025641 1.551641 0.094651
v 0.028993 1.548840 0.090733
v -0.000000 1.566451 0.107387
v 0.008086 1.525306 0.099114
v -0.000000 1.524895 0.099758
v 0.015751 1.526684 0.097376
v 0.021936 1.529395 0.094085
v 0.026654 1.532472 0.090484
v 0.030740 1.535567 0.087458
v 0.034213 1.538908 0.085317
v 0.035858 1.542991 0.084503
v 0.034633 1.547643 0.085447
v 0.019034 1.563784 0.103429
v 0.010023 1.565769 0.106389
v 0.025498 1.560373 0.098426
v 0.029763 1.556412 0.093182
v 0.032383 1.552207 0.088465
v 0.013355 1.489619 -0.036815
v 0.010538 1.490788 -0.039398
v 0.012459 1.492062 -0.038257
v 0.007341 1.489781 -0.040126
v 0.013547 1.487140 -0.034050
v 0.012845 1.485538 -0.031046
v 0.011797 1.484908 -0.028474
v 0.010784 1.485133 -0.026443
v 0.003183 1.482282 -0.023332
v 0.006153 1.482939 -0.023729
v 0.008595 1.484278 -0.024409
v 0.009983 1.486051 -0.025140
v 0.003710 1.489239 -0.040441
v -0.000000 1.482126 -0.023311
v -0.000000 1.489066 -0.040631
v 0.011150 1.485862 -0.038199
v 0.011540 1.482210 -0.035341
v 0.010881 1.480404 -0.031732
v 0.009897 1.480193 -0.028662
v 0.009065 1.481353 -0.026266
v 0.007552 1.483835 -0.038858
v 0.007800 1.479414 -0.036231
v 0.007456 1.477386 -0.032300
v 0.006782 1.477509 -0.028751
v 0.006278 1.479303 -0.026002
v 0.003697 1.482977 -0.038862
v 0.003700 1.478492 -0.036251
v 0.003541 1.476448 -0.032454
v 0.003271 1.476663 -0.028853
v 0.003123 1.478553 -0.025963
v -0.000000 1.482761 -0.038860
v -0.000000 1.478345 -0.036184
v -0.000000 1.476367 -0.032499
v -0.000000 1.476592 -0.028946
v -0.000000 1.478438 -0.025993
v 0.016308 1.630533 0.086830
v 0.018799 1.629398 0.083005
v 0.023792 1.627541 0.079162
v 0.020267 1.628572 0.079922
v 0.013445 1.631717 0.091124
v -0.000000 1.634293 0.100539
v 0.007347 1.633510 0.098097
v 0.003816 1.634094 0.100036
v 0.010474 1.632702 0.094989
v 0.021778 1.628135 0.078972
v 0.024123 1.627713 0.076462
v 0.018416 1.627253 0.069936
v 0.016654 1.628218 0.058946
v 0.016765 1.627603 0.064828
v 0.018858 1.629043 0.053729
v 0.019406 1.654334 0.100431
v 0.021875 1.651792 0.095032
v 0.028250 1.639918 0.083092
v 0.024678 1.645666 0.080553
v 0.023107 1.648892 0.089472
v 0.006943 1.657299 0.105671
v 0.013815 1.656043 0.104230
v -0.000000 1.657746 0.105943
v 0.026066 1.642559 0.083544
v 0.023549 1.647052 0.084957
v 0.028775 1.639256 0.079384
v 0.022455 1.642457 0.072915
v 0.019393 1.646178 0.062048
v 0.020125 1.644580 0.067986
v 0.020708 1.647637 0.056900
v 0.055359 1.607126 0.046093
v 0.056969 1.612030 0.044947
v 0.058364 1.617365 0.044858
v 0.059472 1.623011 0.044887
v 0.060447 1.629029 0.044693
v 0.061324 1.635185 0.044154
v 0.062018 1.641246 0.043446
v 0.062431 1.647103 0.043584
v 0.062788 1.652508 0.045495
v 0.050113 1.607715 0.046798
v 0.051356 1.612877 0.045834
v 0.052532 1.618258 0.045590
v 0.053557 1.624004 0.045495
v 0.054486 1.630226 0.045393
v 0.055315 1.636712 0.045247
v 0.055942 1.643027 0.045151
v 0.056267 1.648834 0.045426
v 0.056682 1.654442 0.046719
v 0.044734 1.608293 0.047817
v 0.045713 1.613598 0.046990
v 0.046610 1.619036 0.046725
v 0.047402 1.624806 0.046672
v 0.048145 1.631060 0.046779
v 0.048847 1.637661 0.047076
v 0.049461 1.644091 0.047469
v 0.049906 1.649903 0.047849
v 0.050302 1.655560 0.048933
v 0.039404 1.608979 0.048790
v 0.040112 1.614254 0.048085
v 0.040713 1.619625 0.047881
v 0.041225 1.625274 0.047919
v 0.041686 1.631345 0.048170
v 0.042126 1.637742 0.048626
v 0.042607 1.644035 0.049117
v 0.043149 1.649844 0.049615
v 0.043624 1.655454 0.050945
v 0.034318 1.609864 0.049667
v 0.034691 1.614900 0.049012
v 0.034961 1.620035 0.048891
v 0.035167 1.625402 0.049007
v 0.035341 1.631142 0.049315
v 0.035530 1.637151 0.049767
v 0.035870 1.643109 0.050274
v 0.036427 1.648727 0.050978
v 0.036964 1.654090 0.052641
v 0.029636 1.610912 0.050507
v 0.029592 1.615561 0.049828
v 0.029485 1.620315 0.049791
v 0.029374 1.625263 0.049972
v 0.029272 1.630613 0.050287
v 0.029245 1.636192 0.050684
v 0.029454 1.641726 0.051148
v 0.029986 1.647021 0.051913
v 0.030591 1.652022 0.053675
v 0.025524 1.611975 0.051665
v 0.024926 1.616139 0.050901
v 0.024398 1.620464 0.050843
v 0.023982 1.624920 0.051024
v 0.023639 1.629889 0.051313
v 0.023456 1.635042 0.051676
v 0.023592 1.640152 0.052139
v 0.024129 1.645107 0.052882
v 0.024876 1.649735 0.054419
v 0.061945 1.617261 0.069051
v 0.058881 1.615493 0.070344
v 0.043201 1.649109 0.077586
v 0.047994 1.649190 0.076624
v 0.052603 1.648685 0.075417
v 0.068445 1.624689 0.065640
v 0.066766 1.622108 0.066638
v 0.029027 1.643160 0.077169
v 0.033300 1.645860 0.077881
v 0.055388 1.614263 0.071524
v 0.051575 1.613247 0.072563
v 0.022258 1.622127 0.073262
v 0.021509 1.624542 0.073340
v 0.061612 1.645074 0.072450
v 0.065298 1.642194 0.070562
v 0.069622 1.636421 0.066443
v 0.070515 1.633396 0.065190
v 0.069674 1.627391 0.064926
v 0.022384 1.633766 0.074926
v 0.023813 1.637215 0.075629
v 0.021600 1.630408 0.074240
v 0.070430 1.630280 0.064727
v 0.038173 1.647895 0.077925
v 0.047707 1.612591 0.073436
v 0.043775 1.612590 0.074084
v 0.057208 1.647371 0.073994
v 0.023655 1.620027 0.073469
v 0.067845 1.639306 0.068447
v 0.025771 1.618096 0.073896
v 0.035994 1.613938 0.074587
v 0.032107 1.615029 0.074588
v 0.039887 1.613051 0.074469
v 0.028595 1.616396 0.074366
v 0.064590 1.619618 0.067868
v 0.021325 1.627358 0.073672
v 0.025977 1.640280 0.076339
v 0.083800 1.611432 -0.063256
v 0.102931 1.666631 -0.047400
v 0.129193 1.594675 -0.051319
v 0.139172 1.642951 -0.058652
v 0.139308 1.645880 -0.065404
v 0.128824 1.598537 -0.045886
v 0.134747 1.639797 -0.053510
v 0.124656 1.593796 -0.055574
v 0.124497 1.601674 -0.043959
v 0.128948 1.637951 -0.052238
v 0.091547 1.596434 -0.030259
v 0.095193 1.603464 -0.023608
v 0.095847 1.630692 -0.026242
v 0.105315 1.634117 -0.031115
v 0.113964 1.638265 -0.034452
v 0.104644 1.616521 -0.031706
v 0.100127 1.622661 -0.025154
v 0.099649 1.595732 -0.036005
v 0.104942 1.596233 -0.040723
v 0.103036 1.606955 -0.030692
v 0.122906 1.639634 -0.058068
v 0.119979 1.602496 -0.043926
v 0.114959 1.600666 -0.043965
v 0.110431 1.597791 -0.043570
v 0.116506 1.641378 -0.043333
v 0.116854 1.640964 -0.051849
v 0.122852 1.645131 -0.069756
v 0.114564 1.596924 -0.059161
v 0.119668 1.594659 -0.058036
v 0.131669 1.646057 -0.069563
v 0.118005 1.644825 -0.065695
v 0.110679 1.600634 -0.057576
v 0.100040 1.657652 -0.046452
v 0.086259 1.612456 -0.054930
v 0.092225 1.608795 -0.055805
v 0.097908 1.607376 -0.055222
v 0.103861 1.651828 -0.046513
v 0.108205 1.651089 -0.051562
v 0.103438 1.606776 -0.053523
v 0.111664 1.649259 -0.056218
v 0.107461 1.604038 -0.055428
v 0.114352 1.647006 -0.061557
v 0.103902 1.689655 -0.042601
v 0.048573 1.779011 0.013507
v 0.033895 1.784489 0.015781
v 0.095354 1.732116 -0.015177
v 0.092063 1.740669 -0.008064
v 0.088166 1.749453 -0.002105
v 0.072750 1.765943 0.006985
v 0.061631 1.772932 0.010626
v 0.017583 1.788792 0.017430
v 0.098453 1.723049 -0.022880
v -0.000000 1.790254 0.017924
v 0.081956 1.758238 0.002850
v 0.101230 1.712981 -0.030352
v 0.017931 1.601931 -0.138146
v 0.071249 1.606919 -0.099995
v 0.081675 1.610002 -0.074119
v 0.103942 1.677420 -0.046321
v 0.103066 1.701765 -0.037060
v -0.000000 1.601256 -0.140378
v 0.061863 1.605524 -0.112696
v 0.034602 1.603170 -0.132341
v 0.049531 1.604290 -0.123830
v 0.077775 1.608405 -0.086792
v 0.121673 0.841362 -0.096937
v 0.139642 0.851068 -0.043094
v 0.142165 0.850812 -0.006354
v 0.133442 0.847335 0.027225
v 0.108853 0.840981 0.051122
v 0.074716 0.831691 0.054638
v 0.042833 0.820066 0.043427
v 0.030440 0.812447 0.032371
v 0.009195 0.796160 -0.038935
v 0.091415 0.836520 0.054954
v 0.057258 0.826436 0.051295
v 0.122742 0.844396 0.041442
v 0.139467 0.849242 0.011433
v 0.141954 0.851278 -0.024171
v 0.131526 0.846016 -0.079993
v 0.136779 0.849021 -0.061282
v 0.012254 0.797524 -0.057218
v 0.009183 0.796474 -0.020419
v 0.012018 0.799075 -0.001510
v 0.019215 0.804401 0.017314
v 0.026099 0.764168 0.033013
v 0.025823 0.780813 0.033489
v 0.027091 0.796938 0.033723
v 0.039753 0.766685 0.047270
v 0.039712 0.784431 0.047310
v 0.040837 0.802190 0.046480
v 0.075965 0.773243 0.060705
v 0.075650 0.792650 0.059632
v 0.075534 0.812074 0.057699
v 0.114054 0.779646 0.055164
v 0.112968 0.800154 0.054550
v 0.111554 0.820629 0.053118
v 0.139203 0.784082 0.027824
v 0.137985 0.805132 0.027680
v 0.136289 0.826310 0.027285
v 0.148867 0.786348 -0.005340
v 0.147498 0.807824 -0.005918
v 0.145272 0.829456 -0.006548
v 0.148583 0.786266 -0.039036
v 0.146101 0.807795 -0.040537
v 0.143031 0.829563 -0.042156
v 0.009946 0.759268 -0.040032
v 0.009246 0.773185 -0.039327
v 0.009368 0.785416 -0.038630
v 0.131457 0.780250 -0.087474
v 0.128833 0.800469 -0.090605
v 0.125350 0.821165 -0.094139
v 0.095224 0.776563 0.059710
v 0.094502 0.796569 0.058947
v 0.093712 0.816549 0.057294
v 0.056775 0.769849 0.057115
v 0.056807 0.788534 0.056387
v 0.057390 0.807319 0.054725
v 0.129529 0.782200 0.043640
v 0.128142 0.803015 0.043196
v 0.126297 0.823863 0.042238
v 0.145402 0.785458 0.011358
v 0.144236 0.806743 0.011131
v 0.142456 0.828184 0.010773
v 0.149848 0.786658 -0.022178
v 0.147939 0.808228 -0.023227
v 0.145278 0.829985 -0.024309
v 0.140199 0.783104 -0.072227
v 0.137827 0.804108 -0.074839
v 0.134710 0.825539 -0.077770
v 0.145335 0.785087 -0.055735
v 0.142774 0.806442 -0.057753
v 0.139668 0.828100 -0.059982
v 0.013466 0.758815 -0.056768
v 0.012511 0.772864 -0.056270
v 0.012273 0.785559 -0.055924
v 0.009553 0.760084 -0.022222
v 0.009166 0.774142 -0.021482
v 0.009523 0.786288 -0.020535
v 0.011832 0.761148 -0.003564
v 0.011520 0.775721 -0.002913
v 0.012050 0.788428 -0.001816
v 0.016941 0.762420 0.015371
v 0.016558 0.777906 0.015974
v 0.017431 0.792022 0.016971
v 0.115166 0.497951 -0.057583
v 0.084864 0.497273 -0.079699
v 0.108757 0.498292 -0.065348
v 0.103251 0.498462 -0.074033
v 0.124033 0.495249 -0.031892
v 0.123028 0.496480 -0.040867
v 0.043863 0.488022 -0.046582
v 0.048506 0.485021 -0.018373
v 0.053771 0.484513 -0.009971
v 0.059650 0.492719 -0.060960
v 0.120704 0.491951 -0.014841
v 0.072504 0.479823 0.014693
v 0.074022 0.193750 -0.082583
v 0.074992 0.183079 -0.081278
v 0.075837 0.172754 -0.080129
v 0.077613 0.153122 -0.077609
v 0.080057 0.193583 -0.088200
v 0.080883 0.182858 -0.086741
v 0.081634 0.172471 -0.085471
v 0.082990 0.152706 -0.083026
v 0.087285 0.193456 -0.092247
v 0.087852 0.182665 -0.090777
v 0.088407 0.172207 -0.089495
v 0.089456 0.152354 -0.086965
v 0.079781 0.194996 -0.024163
v 0.080175 0.184461 -0.023959
v 0.080302 0.174353 -0.023544
v 0.080009 0.155052 -0.022165
v 0.094719 0.194905 -0.017316
v 0.094817 0.184329 -0.017891
v 0.094785 0.174133 -0.018193
v 0.094561 0.154489 -0.018410
v 0.109954 0.194880 -0.022406
v 0.109422 0.184197 -0.022976
v 0.108926 0.173921 -0.023280
v 0.108192 0.154114 -0.023255
v 0.103373 0.193519 -0.093038
v 0.103393 0.182659 -0.091458
v 0.103542 0.172142 -0.089973
v 0.103871 0.152201 -0.086802
v 0.110843 0.193617 -0.090264
v 0.110465 0.182765 -0.088624
v 0.110256 0.172273 -0.087023
v 0.110060 0.152353 -0.083766
v 0.070994 0.194921 -0.037608
v 0.071780 0.184375 -0.037175
v 0.072190 0.174273 -0.036605
v 0.071746 0.155093 -0.034945
v 0.067920 0.194778 -0.044867
v 0.068930 0.184238 -0.044359
v 0.069583 0.174136 -0.043779
v 0.069744 0.154911 -0.042303
v 0.128317 0.194352 -0.058547
v 0.126914 0.183575 -0.058128
v 0.125869 0.173189 -0.057610
v 0.125478 0.153432 -0.056325
v 0.128135 0.194450 -0.051568
v 0.126800 0.183676 -0.051371
v 0.125826 0.173307 -0.051028
v 0.125533 0.153591 -0.049861
v 0.065678 0.194561 -0.052433
v 0.066746 0.184022 -0.051795
v 0.067593 0.173918 -0.051173
v 0.068564 0.154654 -0.049823
v 0.122209 0.193916 -0.079666
v 0.121261 0.183090 -0.078479
v 0.120648 0.172635 -0.077335
v 0.120858 0.152738 -0.075557
v 0.124759 0.194612 -0.038243
v 0.123670 0.183862 -0.038395
v 0.122900 0.173535 -0.038294
v 0.122510 0.153802 -0.037325
v 0.066167 0.194106 -0.068342
v 0.067182 0.183528 -0.067414
v 0.067948 0.173324 -0.066596
v 0.068622 0.153879 -0.065150
v 0.096841 0.152160 -0.088360
v 0.096045 0.172100 -0.091017
v 0.095663 0.182615 -0.092311
v 0.095343 0.193457 -0.093800
v 0.074933 0.155166 -0.027982
v 0.075547 0.174346 -0.029706
v 0.075375 0.184446 -0.030267
v 0.074829 0.194988 -0.030623
v 0.086974 0.154778 -0.018758
v 0.086922 0.174267 -0.019168
v 0.086763 0.184410 -0.019203
v 0.086396 0.194945 -0.018989
v 0.101693 0.154271 -0.020255
v 0.102268 0.174023 -0.020006
v 0.102545 0.184269 -0.019682
v 0.102779 0.194908 -0.019098
v 0.113958 0.153993 -0.027146
v 0.114686 0.173806 -0.027521
v 0.115331 0.184101 -0.027331
v 0.116105 0.194812 -0.026867
v 0.115937 0.152492 -0.080347
v 0.116157 0.172424 -0.082886
v 0.116591 0.182903 -0.084266
v 0.117264 0.193752 -0.085688
v 0.124468 0.153226 -0.062744
v 0.125016 0.173049 -0.064250
v 0.126084 0.183454 -0.064989
v 0.127471 0.194234 -0.065667
v 0.124264 0.153693 -0.043574
v 0.124849 0.173420 -0.044576
v 0.125777 0.183766 -0.044771
v 0.127012 0.194530 -0.044780
v 0.067804 0.154321 -0.057432
v 0.066799 0.173630 -0.058864
v 0.065929 0.183764 -0.059589
v 0.064846 0.194310 -0.060372
v 0.123047 0.153004 -0.069156
v 0.123356 0.172866 -0.070879
v 0.124276 0.183291 -0.071848
v 0.125513 0.194088 -0.072800
v 0.118935 0.153898 -0.031728
v 0.119446 0.173671 -0.032533
v 0.120156 0.183981 -0.032506
v 0.121102 0.194714 -0.032196
v 0.072492 0.153459 -0.071892
v 0.070994 0.173014 -0.073874
v 0.070260 0.183294 -0.074790
v 0.069292 0.193921 -0.075872
v 0.094812 0.241340 -0.102066
v 0.095259 0.268726 -0.107635
v 0.096193 0.299030 -0.115058
v 0.096533 0.315659 -0.118914
v 0.096525 0.333440 -0.123333
v 0.071593 0.242261 -0.029830
v 0.069777 0.268611 -0.028376
v 0.068581 0.296181 -0.027242
v 0.068018 0.310160 -0.026468
v 0.066788 0.324228 -0.024858
v 0.085903 0.242330 -0.016433
v 0.085841 0.268628 -0.014639
v 0.085767 0.295899 -0.013567
v 0.085489 0.309698 -0.013016
v 0.085031 0.323609 -0.011915
v 0.105232 0.242556 -0.014350
v 0.106499 0.268750 -0.011194
v 0.106964 0.295690 -0.008084
v 0.106631 0.309430 -0.006590
v 0.106240 0.323375 -0.005025
v 0.121103 0.242679 -0.022607
v 0.123576 0.269096 -0.019676
v 0.125086 0.296419 -0.016823
v 0.125341 0.310404 -0.015341
v 0.125400 0.324649 -0.013691
v 0.121978 0.242034 -0.092059
v 0.126052 0.269726 -0.095908
v 0.131774 0.300103 -0.100577
v 0.134830 0.316510 -0.102794
v 0.137706 0.333858 -0.104650
v 0.134923 0.242378 -0.067855
v 0.140101 0.269790 -0.068788
v 0.146349 0.299133 -0.069536
v 0.149522 0.314625 -0.069624
v 0.152323 0.330826 -0.069314
v 0.134443 0.242455 -0.043101
v 0.138874 0.269289 -0.041411
v 0.142999 0.297486 -0.039054
v 0.144787 0.312087 -0.037609
v 0.146290 0.327128 -0.035931
v 0.058423 0.241293 -0.063664
v 0.053786 0.267804 -0.064790
v 0.048254 0.296217 -0.064915
v 0.045724 0.311084 -0.064434
v 0.042503 0.326314 -0.063425
v 0.132360 0.242317 -0.076419
v 0.137351 0.269902 -0.078307
v 0.143731 0.299655 -0.080346
v 0.147126 0.315476 -0.081142
v 0.150134 0.332080 -0.081451
v 0.127102 0.242603 -0.028533
v 0.130178 0.269149 -0.025846
v 0.132436 0.296735 -0.022950
v 0.133077 0.310899 -0.021433
v 0.133486 0.325364 -0.019686
v 0.062583 0.240853 -0.081876
v 0.057591 0.267402 -0.085362
v 0.051555 0.296601 -0.088431
v 0.049121 0.312405 -0.089169
v 0.046308 0.328795 -0.089529
v 0.053851 0.330211 -0.102253
v 0.056438 0.313202 -0.101077
v 0.058954 0.297067 -0.099276
v 0.063981 0.267491 -0.094536
v 0.068128 0.240778 -0.089943
v 0.065263 0.331537 -0.113111
v 0.067539 0.314024 -0.110813
v 0.069656 0.297667 -0.107786
v 0.073040 0.267804 -0.101629
v 0.075777 0.240864 -0.096342
v 0.079984 0.332633 -0.120554
v 0.081485 0.314864 -0.116902
v 0.082500 0.298357 -0.113111
v 0.083807 0.268262 -0.105991
v 0.084933 0.241078 -0.100455
v 0.075709 0.323940 -0.018096
v 0.076503 0.309976 -0.019481
v 0.076845 0.296106 -0.020123
v 0.077335 0.268701 -0.021182
v 0.078197 0.242369 -0.022787
v 0.094948 0.323309 -0.006370
v 0.095388 0.309389 -0.007442
v 0.095861 0.295620 -0.008313
v 0.095971 0.268547 -0.010421
v 0.095502 0.242353 -0.013064
v 0.116480 0.323956 -0.008597
v 0.116636 0.309895 -0.010252
v 0.116681 0.296060 -0.011750
v 0.115661 0.268980 -0.014774
v 0.113787 0.242676 -0.017791
v 0.112709 0.334005 -0.120862
v 0.111205 0.316268 -0.116868
v 0.109694 0.299582 -0.113456
v 0.106674 0.269125 -0.106493
v 0.104734 0.241594 -0.101160
v 0.126764 0.334157 -0.114228
v 0.124340 0.316540 -0.111357
v 0.121934 0.299930 -0.108522
v 0.117258 0.269444 -0.102544
v 0.114037 0.241818 -0.097773
v 0.058668 0.324543 -0.032622
v 0.060362 0.310311 -0.034343
v 0.061266 0.296188 -0.035226
v 0.063369 0.268430 -0.036389
v 0.066122 0.242045 -0.037507
v 0.051645 0.324962 -0.041575
v 0.053877 0.310496 -0.043276
v 0.055297 0.296194 -0.044215
v 0.058535 0.268249 -0.045300
v 0.062059 0.241807 -0.045817
v 0.152431 0.329506 -0.057415
v 0.149919 0.313702 -0.058297
v 0.147055 0.298535 -0.058870
v 0.141233 0.269611 -0.059380
v 0.136077 0.242401 -0.059380
v 0.150377 0.328244 -0.046142
v 0.148294 0.312841 -0.047512
v 0.145892 0.297975 -0.048628
v 0.140795 0.269435 -0.050225
v 0.135883 0.242425 -0.051117
v 0.045997 0.325525 -0.051792
v 0.048806 0.310734 -0.053277
v 0.050815 0.296191 -0.054100
v 0.055308 0.268047 -0.054810
v 0.059427 0.241556 -0.054568
v 0.145443 0.333132 -0.093447
v 0.142398 0.316131 -0.092431
v 0.138978 0.300003 -0.090902
v 0.132753 0.269883 -0.087568
v 0.128128 0.242202 -0.084705
v 0.140623 0.326160 -0.026995
v 0.139692 0.311437 -0.028811
v 0.138485 0.297074 -0.030396
v 0.135365 0.269192 -0.033153
v 0.131613 0.242508 -0.035443
v 0.042593 0.327456 -0.076257
v 0.045747 0.311679 -0.076598
v 0.048252 0.296340 -0.076538
v 0.054311 0.267547 -0.075127
v 0.059365 0.241039 -0.072909
v 0.064706 0.352905 -0.019783
v 0.064765 0.367774 -0.017587
v 0.065084 0.382908 -0.015667
v 0.065016 0.398029 -0.013819
v 0.064227 0.412879 -0.011854
v 0.062877 0.427316 -0.009702
v 0.107668 0.463655 -0.080909
v 0.110884 0.451753 -0.086312
v 0.114575 0.438699 -0.092595
v 0.118526 0.424273 -0.099257
v 0.122400 0.408326 -0.105643
v 0.125683 0.390891 -0.110989
v 0.127985 0.372262 -0.114856
v 0.140289 0.371124 -0.104972
v 0.138391 0.389797 -0.102042
v 0.135044 0.407543 -0.097631
v 0.130513 0.423748 -0.091912
v 0.125623 0.438366 -0.085798
v 0.121046 0.451646 -0.080088
v 0.116963 0.463687 -0.075021
v 0.054966 0.442385 -0.014979
v 0.055626 0.428403 -0.016972
v 0.056291 0.414003 -0.019090
v 0.056567 0.399138 -0.021164
v 0.056213 0.383967 -0.023105
v 0.055583 0.368640 -0.025084
v 0.055543 0.353581 -0.027406
v 0.154979 0.365250 -0.066880
v 0.154072 0.382931 -0.064539
v 0.151884 0.400327 -0.061499
v 0.148069 0.416798 -0.057935
v 0.143071 0.431939 -0.054197
v 0.138131 0.445993 -0.050716
v 0.133757 0.459180 -0.047770
v 0.134897 0.456640 -0.037662
v 0.139383 0.443219 -0.040197
v 0.144193 0.429008 -0.043095
v 0.148768 0.413760 -0.046202
v 0.152177 0.397397 -0.049306
v 0.154082 0.380303 -0.052116
v 0.154788 0.363025 -0.054398
v 0.134157 0.454004 -0.027823
v 0.138672 0.440332 -0.029970
v 0.143225 0.425943 -0.032401
v 0.147349 0.410643 -0.035054
v 0.150315 0.394454 -0.037822
v 0.151940 0.377708 -0.040425
v 0.152394 0.360847 -0.042636
v 0.147884 0.358844 -0.032087
v 0.147638 0.375261 -0.029957
v 0.146340 0.391638 -0.027510
v 0.143852 0.407596 -0.024930
v 0.140307 0.422892 -0.022495
v 0.136188 0.437463 -0.020360
v 0.131769 0.451382 -0.018645
v 0.046265 0.445321 -0.032132
v 0.045400 0.431710 -0.034342
v 0.044473 0.417545 -0.036850
v 0.043620 0.402695 -0.039556
v 0.042511 0.387344 -0.042211
v 0.041338 0.371708 -0.044701
v 0.041145 0.356034 -0.047191
v 0.124921 0.463012 -0.067053
v 0.129291 0.450562 -0.071389
v 0.134273 0.436984 -0.076359
v 0.139626 0.422146 -0.081704
v 0.144280 0.405709 -0.086599
v 0.147278 0.387899 -0.090325
v 0.148600 0.369437 -0.092799
v 0.153082 0.367420 -0.079763
v 0.152048 0.385502 -0.077384
v 0.149448 0.403142 -0.074063
v 0.145115 0.419635 -0.069900
v 0.139875 0.434653 -0.065416
v 0.134856 0.448506 -0.061219
v 0.130473 0.461375 -0.057640
v 0.127754 0.448813 -0.010388
v 0.131702 0.434657 -0.011896
v 0.135337 0.419986 -0.013942
v 0.138358 0.404780 -0.016338
v 0.140478 0.389080 -0.018781
v 0.141546 0.373056 -0.021037
v 0.141791 0.357069 -0.023025
v 0.134223 0.355571 -0.015836
v 0.133908 0.371188 -0.014025
v 0.132984 0.386895 -0.012053
v 0.131046 0.402358 -0.009918
v 0.128288 0.417424 -0.007689
v 0.125073 0.432079 -0.005574
v 0.121738 0.446337 -0.003857
v 0.087095 0.462042 -0.085419
v 0.088019 0.449933 -0.090656
v 0.089241 0.436942 -0.097209
v 0.090783 0.422500 -0.103789
v 0.092458 0.406720 -0.110091
v 0.094033 0.389774 -0.115902
v 0.095245 0.371807 -0.121039
v 0.112287 0.372535 -0.120451
v 0.110263 0.390830 -0.115571
v 0.107725 0.407926 -0.109646
v 0.104954 0.423695 -0.103068
v 0.102230 0.438060 -0.096275
v 0.099756 0.451016 -0.089697
v 0.097722 0.463073 -0.084444
v 0.117297 0.429935 -0.001240
v 0.120278 0.415371 -0.003307
v 0.122848 0.400411 -0.005180
v 0.124576 0.385106 -0.006915
v 0.125405 0.369637 -0.008536
v 0.125764 0.354295 -0.010130
v 0.116625 0.353173 -0.005223
v 0.116296 0.368334 -0.003830
v 0.115604 0.383651 -0.002546
v 0.114162 0.398877 -0.001280
v 0.111834 0.413790 0.000064
v 0.108998 0.428314 0.001743
v 0.106160 0.442447 0.003766
v 0.050406 0.452625 -0.060959
v 0.048141 0.439973 -0.065268
v 0.045975 0.426475 -0.070079
v 0.044664 0.411824 -0.074959
v 0.044103 0.396168 -0.079551
v 0.044007 0.379756 -0.083467
v 0.043717 0.362920 -0.086710
v 0.080566 0.426294 0.001437
v 0.082486 0.411833 -0.000660
v 0.083832 0.396967 -0.002361
v 0.084448 0.381890 -0.004153
v 0.084643 0.366872 -0.006043
v 0.084626 0.352099 -0.007972
v 0.074542 0.352427 -0.013442
v 0.074590 0.367194 -0.011363
v 0.074600 0.382226 -0.009444
v 0.074164 0.397294 -0.007569
v 0.072978 0.412137 -0.005658
v 0.071161 0.426600 -0.003434
v 0.069134 0.440673 -0.000844
v 0.057582 0.455294 -0.069569
v 0.055317 0.443114 -0.074948
v 0.053451 0.429867 -0.080705
v 0.052391 0.415297 -0.086390
v 0.052034 0.399536 -0.091552
v 0.052296 0.382823 -0.095648
v 0.052359 0.365594 -0.099074
v 0.100299 0.427165 0.003470
v 0.102776 0.412657 0.002230
v 0.104657 0.397764 0.001372
v 0.105631 0.382575 0.000464
v 0.106045 0.367353 -0.000647
v 0.106227 0.352314 -0.001945
v 0.094956 0.352006 -0.003232
v 0.094945 0.366909 -0.001646
v 0.094745 0.382030 -0.000150
v 0.094126 0.397164 0.001187
v 0.092738 0.412032 0.002259
v 0.090793 0.426502 0.003700
v 0.088648 0.440631 0.005599
v 0.065840 0.458117 -0.077475
v 0.064663 0.446051 -0.083166
v 0.063645 0.432969 -0.089561
v 0.063302 0.418422 -0.095726
v 0.063437 0.402579 -0.101267
v 0.063921 0.385670 -0.105714
v 0.064258 0.368104 -0.109466
v 0.044762 0.447342 -0.041612
v 0.043337 0.433993 -0.044279
v 0.041829 0.420019 -0.047332
v 0.040554 0.405260 -0.050643
v 0.039209 0.389856 -0.053937
v 0.037976 0.373994 -0.056988
v 0.037632 0.357909 -0.059642
v 0.038657 0.360285 -0.073259
v 0.039170 0.376738 -0.070287
v 0.039901 0.392839 -0.066663
v 0.040807 0.408358 -0.062666
v 0.042145 0.423060 -0.058603
v 0.044121 0.436804 -0.054762
v 0.046134 0.449820 -0.051379
v 0.047520 0.354621 -0.036527
v 0.047626 0.369975 -0.034134
v 0.048523 0.385421 -0.031965
v 0.049279 0.400670 -0.029748
v 0.049548 0.415538 -0.027426
v 0.049694 0.429866 -0.025210
v 0.049947 0.443713 -0.023271
v 0.075933 0.460507 -0.083448
v 0.075928 0.448409 -0.088777
v 0.076005 0.435397 -0.095286
v 0.076560 0.420859 -0.101609
v 0.077379 0.404984 -0.107417
v 0.078273 0.387998 -0.112453
v 0.078879 0.370223 -0.116907
v 0.148245 0.720642 0.012048
v 0.148688 0.698239 0.011499
v 0.148334 0.675756 0.010609
v 0.146983 0.653552 0.009482
v 0.144286 0.631949 0.008155
v 0.140167 0.611173 0.006600
v 0.135213 0.591287 0.004859
v 0.130114 0.572294 0.003013
v 0.125333 0.554206 0.001077
v 0.119899 0.520273 -0.002388
v 0.119725 0.504489 -0.004085
v 0.118545 0.501974 0.005449
v 0.117469 0.518355 0.007007
v 0.120342 0.552731 0.010514
v 0.125149 0.570686 0.013573
v 0.129725 0.589692 0.016333
v 0.134081 0.609601 0.018953
v 0.137900 0.630345 0.021419
v 0.140778 0.651881 0.023677
v 0.142377 0.674098 0.025573
v 0.142707 0.696683 0.026946
v 0.142171 0.719209 0.027816
v 0.060936 0.709972 -0.105027
v 0.062775 0.690479 -0.103847
v 0.064412 0.670650 -0.101786
v 0.065836 0.650591 -0.099322
v 0.066965 0.630505 -0.096725
v 0.067737 0.610534 -0.094396
v 0.068283 0.590833 -0.092391
v 0.068764 0.571549 -0.090735
v 0.069890 0.553274 -0.087481
v 0.073130 0.522480 -0.077687
v 0.073357 0.508582 -0.077654
v 0.096969 0.713978 0.058449
v 0.097213 0.692091 0.056543
v 0.097123 0.670083 0.053843
v 0.096707 0.648324 0.050349
v 0.096053 0.627035 0.046392
v 0.095262 0.606323 0.042260
v 0.094406 0.586297 0.037964
v 0.093526 0.567129 0.033411
v 0.092702 0.548767 0.029146
v 0.093602 0.512776 0.028079
v 0.093929 0.495554 0.025664
v 0.015615 0.708637 -0.022656
v 0.018784 0.689268 -0.022471
v 0.022184 0.669267 -0.022345
v 0.025528 0.648870 -0.022321
v 0.028171 0.628368 -0.022388
v 0.029910 0.607977 -0.022515
v 0.031036 0.587905 -0.022693
v 0.031874 0.568339 -0.022919
v 0.032695 0.549468 -0.023209
v 0.035552 0.514329 -0.024317
v 0.039133 0.499014 -0.025386
v 0.132311 0.717530 0.043410
v 0.132807 0.694982 0.042382
v 0.132388 0.672350 0.040545
v 0.130608 0.650174 0.037659
v 0.127880 0.628728 0.034251
v 0.124753 0.608001 0.030814
v 0.121384 0.588034 0.027336
v 0.117791 0.568975 0.023655
v 0.113472 0.551197 0.019154
v 0.104958 0.497268 0.021880
v 0.104700 0.514381 0.024123
v 0.103928 0.549893 0.025557
v 0.106537 0.567788 0.030772
v 0.108742 0.586890 0.035167
v 0.110799 0.606919 0.039229
v 0.112726 0.627659 0.043242
v 0.114456 0.649031 0.047268
v 0.115700 0.671033 0.050739
v 0.116176 0.693444 0.053001
v 0.116006 0.715751 0.054315
v 0.116187 0.511309 -0.057682
v 0.119392 0.525225 -0.059365
v 0.125814 0.556984 -0.063469
v 0.128717 0.574899 -0.065622
v 0.131453 0.593863 -0.067843
v 0.134377 0.613642 -0.070397
v 0.136532 0.634219 -0.072792
v 0.137371 0.655342 -0.074709
v 0.137465 0.676632 -0.076521
v 0.137232 0.697876 -0.078520
v 0.136557 0.718938 -0.080615
v 0.084373 0.509796 -0.079501
v 0.084153 0.523602 -0.079256
v 0.083218 0.554230 -0.089291
v 0.082806 0.572322 -0.092649
v 0.082466 0.591514 -0.094499
v 0.082121 0.611209 -0.096680
v 0.081661 0.631241 -0.099088
v 0.080989 0.651441 -0.101668
v 0.080067 0.671635 -0.104229
v 0.078834 0.691665 -0.106619
v 0.077162 0.711452 -0.108277
v 0.110080 0.511454 -0.065867
v 0.112770 0.525214 -0.067936
v 0.118408 0.556524 -0.073735
v 0.120490 0.574449 -0.076309
v 0.122309 0.593429 -0.078781
v 0.124210 0.613168 -0.081596
v 0.125539 0.633607 -0.084226
v 0.125930 0.654494 -0.086344
v 0.125782 0.675489 -0.088407
v 0.125410 0.696395 -0.090721
v 0.124547 0.717117 -0.092982
v 0.093913 0.713211 -0.107280
v 0.095315 0.693138 -0.105186
v 0.096183 0.672868 -0.102632
v 0.096757 0.652452 -0.100234
v 0.097059 0.632053 -0.097866
v 0.097078 0.611913 -0.095368
v 0.096950 0.592213 -0.092962
v 0.096848 0.573097 -0.090820
v 0.096490 0.555062 -0.087706
v 0.094725 0.524388 -0.078813
v 0.094670 0.510663 -0.078614
v 0.103938 0.511124 -0.074340
v 0.104527 0.524920 -0.074878
v 0.108650 0.555818 -0.082372
v 0.109791 0.573817 -0.085180
v 0.110606 0.592867 -0.087521
v 0.111477 0.612589 -0.090192
v 0.112029 0.632877 -0.092774
v 0.112033 0.653514 -0.094982
v 0.111667 0.674208 -0.097208
v 0.111099 0.694774 -0.099723
v 0.110012 0.715164 -0.102007
v 0.123480 0.509235 -0.030664
v 0.125984 0.524053 -0.029950
v 0.132807 0.557019 -0.029724
v 0.136810 0.575141 -0.030073
v 0.141395 0.594192 -0.030612
v 0.146348 0.614074 -0.031267
v 0.150306 0.634873 -0.031931
v 0.152420 0.656448 -0.032506
v 0.153274 0.678397 -0.033037
v 0.153395 0.700387 -0.033661
v 0.152873 0.722206 -0.034488
v 0.144800 0.720491 -0.065716
v 0.145502 0.699128 -0.064061
v 0.145672 0.677589 -0.062515
v 0.145324 0.656035 -0.061071
v 0.143990 0.634722 -0.059491
v 0.141083 0.614044 -0.057565
v 0.137297 0.594223 -0.055541
v 0.133878 0.575229 -0.053804
v 0.130563 0.557246 -0.052262
v 0.123584 0.525099 -0.049703
v 0.120345 0.510908 -0.048868
v 0.122852 0.510210 -0.039827
v 0.125838 0.524694 -0.039791
v 0.132793 0.557265 -0.040856
v 0.136426 0.575329 -0.041813
v 0.140415 0.594367 -0.042987
v 0.144866 0.614229 -0.044356
v 0.148403 0.634978 -0.045686
v 0.150191 0.656443 -0.046801
v 0.150786 0.678219 -0.047804
v 0.150675 0.700006 -0.048873
v 0.149992 0.721614 -0.050104
v 0.016018 0.708354 -0.040391
v 0.018681 0.689117 -0.039962
v 0.021638 0.669285 -0.039418
v 0.024777 0.649065 -0.038807
v 0.027417 0.628722 -0.038208
v 0.029059 0.608437 -0.037694
v 0.030158 0.588438 -0.037246
v 0.031255 0.568957 -0.036839
v 0.032218 0.550167 -0.036503
v 0.035311 0.515374 -0.036122
v 0.038334 0.500164 -0.036183
v 0.040383 0.501374 -0.047122
v 0.037269 0.516297 -0.047992
v 0.034052 0.550782 -0.049728
v 0.032858 0.569467 -0.050707
v 0.031762 0.588889 -0.051717
v 0.030740 0.608814 -0.052695
v 0.029333 0.629004 -0.053710
v 0.026911 0.649222 -0.054873
v 0.024112 0.669304 -0.055933
v 0.021654 0.689020 -0.056670
v 0.019438 0.708141 -0.057099
v 0.043053 0.498296 -0.015276
v 0.038729 0.513541 -0.012949
v 0.035297 0.548733 -0.010186
v 0.034328 0.567632 -0.009219
v 0.033427 0.587229 -0.008316
v 0.032303 0.607354 -0.007450
v 0.030611 0.627839 -0.006604
v 0.027965 0.648475 -0.005768
v 0.024613 0.669063 -0.005054
v 0.021202 0.689295 -0.004559
v 0.017973 0.708875 -0.004267
v 0.047265 0.497319 -0.005372
v 0.043641 0.512907 -0.002254
v 0.040128 0.548051 0.002113
v 0.038767 0.566903 0.003914
v 0.037644 0.586483 0.005596
v 0.036496 0.606628 0.007194
v 0.034839 0.627165 0.008810
v 0.032169 0.647890 0.010537
v 0.028914 0.668650 0.012097
v 0.025928 0.689166 0.013192
v 0.023251 0.709060 0.013887
v 0.025793 0.708099 -0.072464
v 0.027791 0.689067 -0.072060
v 0.029876 0.669418 -0.071178
v 0.032249 0.649405 -0.069783
v 0.034340 0.629265 -0.068193
v 0.035523 0.609155 -0.066823
v 0.036311 0.589283 -0.065498
v 0.037259 0.569893 -0.064034
v 0.038696 0.551297 -0.062384
v 0.043665 0.517607 -0.058641
v 0.047428 0.503308 -0.056396
v 0.056678 0.505774 -0.062983
v 0.053149 0.519559 -0.066337
v 0.046224 0.551711 -0.073833
v 0.044439 0.570220 -0.076327
v 0.043799 0.589632 -0.077924
v 0.043303 0.609473 -0.079322
v 0.042320 0.629525 -0.080926
v 0.040603 0.649631 -0.082809
v 0.038582 0.669626 -0.084502
v 0.036673 0.689271 -0.085587
v 0.034737 0.708307 -0.086100
v 0.153429 0.722230 -0.018936
v 0.153848 0.700209 -0.018579
v 0.153528 0.678037 -0.018450
v 0.152461 0.655960 -0.018428
v 0.150105 0.634328 -0.018428
v 0.145893 0.613519 -0.018460
v 0.140642 0.593639 -0.018566
v 0.135611 0.574602 -0.018756
v 0.131268 0.556447 -0.019081
v 0.124848 0.523094 -0.020464
v 0.122596 0.507988 -0.021707
v 0.120489 0.506478 -0.013081
v 0.122468 0.521862 -0.011390
v 0.128895 0.555476 -0.008816
v 0.133486 0.573625 -0.007758
v 0.138717 0.592635 -0.006773
v 0.143959 0.612515 -0.005872
v 0.148213 0.633315 -0.005110
v 0.150748 0.654954 -0.004496
v 0.151959 0.677117 -0.003975
v 0.152357 0.699461 -0.003589
v 0.151988 0.721689 -0.003467
v 0.044106 0.709924 0.044533
v 0.045957 0.689257 0.043040
v 0.048025 0.668148 0.040820
v 0.050295 0.647022 0.037789
v 0.052188 0.626103 0.034551
v 0.053483 0.605506 0.031489
v 0.054480 0.585388 0.028496
v 0.055429 0.565897 0.025513
v 0.056535 0.547169 0.022456
v 0.057694 0.511444 0.017642
v 0.058896 0.494564 0.014454
v 0.047237 0.547510 0.013184
v 0.045850 0.566303 0.015728
v 0.044660 0.585837 0.018179
v 0.043501 0.605972 0.020526
v 0.041945 0.626539 0.022909
v 0.039489 0.647343 0.025516
v 0.036556 0.668274 0.027916
v 0.034059 0.689091 0.029534
v 0.031942 0.709363 0.030523
v 0.046465 0.708916 -0.097270
v 0.048424 0.689720 -0.096416
v 0.050335 0.670025 -0.094852
v 0.052122 0.650021 -0.092763
v 0.053602 0.629946 -0.090482
v 0.054550 0.609956 -0.088478
v 0.055073 0.590184 -0.086879
v 0.055468 0.570778 -0.085510
v 0.056982 0.552308 -0.082640
v 0.062598 0.521107 -0.073221
v 0.063896 0.507138 -0.071516
v 0.077934 0.712259 0.059248
v 0.078726 0.690798 0.056784
v 0.079390 0.669144 0.053656
v 0.079871 0.647611 0.050079
v 0.080166 0.626428 0.046219
v 0.080312 0.605737 0.042233
v 0.080394 0.585665 0.038176
v 0.080503 0.566341 0.034126
v 0.080663 0.547711 0.030821
v 0.081508 0.511654 0.028020
v 0.081918 0.494512 0.025404
v 0.069583 0.494261 0.021520
v 0.068944 0.511329 0.024369
v 0.067923 0.547143 0.029009
v 0.067334 0.565818 0.032149
v 0.066726 0.585258 0.035522
v 0.066068 0.605370 0.039044
v 0.065234 0.626015 0.042641
v 0.064073 0.647064 0.046293
v 0.062635 0.668380 0.049775
v 0.061086 0.689743 0.052762
v 0.059585 0.710817 0.054951
v 0.071485 0.216297 -0.085893
v 0.078110 0.216239 -0.091851
v 0.086082 0.216258 -0.095951
v 0.094891 0.216367 -0.097606
v 0.078859 0.217623 -0.023922
v 0.073253 0.217586 -0.030723
v 0.094801 0.217589 -0.015509
v 0.085849 0.217571 -0.018022
v 0.111515 0.217760 -0.020492
v 0.103682 0.217707 -0.017070
v 0.103776 0.216505 -0.096844
v 0.118242 0.217722 -0.025125
v 0.112105 0.216645 -0.093833
v 0.119260 0.216800 -0.088753
v 0.068636 0.217453 -0.037955
v 0.130908 0.217220 -0.066853
v 0.065161 0.217270 -0.045625
v 0.131849 0.217308 -0.059109
v 0.131593 0.217384 -0.051559
v 0.130274 0.217451 -0.044244
v 0.062837 0.217047 -0.053665
v 0.062037 0.216802 -0.062062
v 0.124826 0.216956 -0.082145
v 0.128648 0.217101 -0.074645
v 0.127728 0.217527 -0.037226
v 0.123709 0.217627 -0.030761
v 0.063304 0.216596 -0.070533
v 0.066485 0.216421 -0.078628
v 0.056559 0.338892 -0.030023
v 0.048902 0.339613 -0.039089
v 0.042810 0.340590 -0.049619
v 0.039566 0.343704 -0.075283
v 0.043988 0.345784 -0.088953
v 0.052205 0.347950 -0.101817
v 0.078966 0.351661 -0.120833
v 0.154337 0.347754 -0.068446
v 0.139917 0.352177 -0.105711
v 0.128391 0.352944 -0.115977
v 0.113295 0.353169 -0.122803
v 0.152292 0.349465 -0.081064
v 0.151801 0.344277 -0.044509
v 0.141446 0.341365 -0.024970
v 0.125681 0.339244 -0.011848
v 0.084695 0.337689 -0.010023
v 0.106194 0.337629 -0.003401
v 0.064048 0.349987 -0.112800
v 0.039136 0.341911 -0.061804
v 0.065357 0.338395 -0.022326
v 0.074868 0.338020 -0.015794
v 0.094874 0.337471 -0.004885
v 0.116600 0.338340 -0.006811
v 0.134022 0.340228 -0.017701
v 0.147395 0.342731 -0.034034
v 0.154204 0.345979 -0.056142
v 0.147757 0.350976 -0.093713
v 0.096023 0.352761 -0.124650
v 0.055511 0.470350 -0.012549
v 0.050682 0.471246 -0.020557
v 0.045490 0.472030 -0.028548
v 0.046687 0.475383 -0.046941
v 0.052522 0.477500 -0.055120
v 0.061076 0.479600 -0.061261
v 0.074701 0.484124 -0.078218
v 0.126134 0.483860 -0.042931
v 0.110394 0.486099 -0.067467
v 0.103761 0.486601 -0.075276
v 0.095333 0.486431 -0.080217
v 0.122879 0.485018 -0.051795
v 0.126374 0.480355 -0.024407
v 0.119069 0.476022 -0.009031
v 0.076238 0.468181 0.006434
v 0.093141 0.469025 0.008590
v 0.066555 0.481976 -0.070719
v 0.044136 0.473447 -0.037739
v 0.061148 0.469467 -0.004914
v 0.068164 0.468729 0.001598
v 0.085337 0.468199 0.008626
v 0.100617 0.470455 0.006247
v 0.113195 0.473984 -0.003381
v 0.123664 0.478242 -0.016065
v 0.127017 0.482221 -0.033564
v 0.117666 0.485789 -0.060095
v 0.085490 0.485484 -0.080721
v 0.020733 0.728001 0.014384
v 0.018487 0.745798 0.014853
v 0.015230 0.727556 -0.004120
v 0.013151 0.745053 -0.003948
v 0.012918 0.727143 -0.022792
v 0.010870 0.744384 -0.022689
v 0.017220 0.726447 -0.057298
v 0.015133 0.743365 -0.057201
v 0.023723 0.726324 -0.072586
v 0.021931 0.743263 -0.072328
v 0.033027 0.726593 -0.085970
v 0.031672 0.743697 -0.085250
v 0.059364 0.728802 -0.104223
v 0.057708 0.746591 -0.102940
v 0.091763 0.732877 -0.107972
v 0.089219 0.751595 -0.107611
v 0.148934 0.742972 -0.051624
v 0.147476 0.764063 -0.053526
v 0.108058 0.735184 -0.103439
v 0.105485 0.754550 -0.104458
v 0.122919 0.737445 -0.094842
v 0.120649 0.757315 -0.096549
v 0.143693 0.741565 -0.067563
v 0.142230 0.762375 -0.069718
v 0.152435 0.743944 -0.019623
v 0.151325 0.765335 -0.020754
v 0.147246 0.742663 0.012169
v 0.146265 0.764194 0.011871
v 0.131464 0.739633 0.043911
v 0.130565 0.761153 0.043953
v 0.058249 0.731229 0.056377
v 0.057264 0.750856 0.057075
v 0.096457 0.735420 0.059563
v 0.095852 0.756259 0.059930
v 0.045042 0.727418 -0.096769
v 0.043788 0.744785 -0.095481
v 0.013598 0.726752 -0.040638
v 0.011503 0.743789 -0.040546
v 0.029750 0.728674 0.031378
v 0.027601 0.746888 0.032258
v 0.042294 0.729734 0.045716
v 0.040715 0.748586 0.046676
v 0.077128 0.733219 0.060636
v 0.076448 0.753517 0.061087
v 0.115472 0.737595 0.055043
v 0.114806 0.758868 0.055291
v 0.141177 0.741338 0.028198
v 0.140184 0.762907 0.028132
v 0.150997 0.743561 -0.003716
v 0.149941 0.765026 -0.004400
v 0.151794 0.743760 -0.035614
v 0.150443 0.765033 -0.037172
v 0.135266 0.739644 -0.082639
v 0.133479 0.760015 -0.084795
v 0.075170 0.730683 -0.107957
v 0.073067 0.748881 -0.106871
v 0.057304 0.529081 0.019822
v 0.093146 0.530482 0.029627
v 0.080738 0.529410 0.030327
v 0.112086 0.533535 0.017210
v 0.114323 0.444141 0.000757
v 0.097725 0.441293 0.005245
v 0.078451 0.440366 0.003939
v 0.061416 0.441359 -0.007420
v 0.060429 0.455258 -0.005506
v 0.112868 0.516315 0.016358
v 0.113484 0.499432 0.014549
v 0.109929 0.484971 0.008642
v 0.051505 0.495805 0.004905
v 0.049256 0.512056 0.008321
v 0.048481 0.529489 0.010635
v 0.107248 0.472222 0.001848
v 0.111130 0.458165 0.001705
v 0.058043 0.483023 -0.000921
v 0.121596 0.536907 -0.000791
v 0.117326 0.535302 0.008225
v 0.071666 0.537207 -0.081889
v 0.033569 0.531345 -0.023626
v 0.104083 0.531892 0.025045
v 0.122604 0.540394 -0.061304
v 0.083721 0.538267 -0.083547
v 0.115724 0.540083 -0.070777
v 0.095586 0.538964 -0.082817
v 0.106723 0.539524 -0.078562
v 0.129290 0.539951 -0.029644
v 0.127072 0.540499 -0.050861
v 0.129266 0.540349 -0.040155
v 0.033334 0.532184 -0.036258
v 0.035279 0.532923 -0.048862
v 0.036368 0.530582 -0.011313
v 0.041590 0.529999 0.000130
v 0.040592 0.533672 -0.060738
v 0.049352 0.534698 -0.070401
v 0.127790 0.539245 -0.019595
v 0.125234 0.538213 -0.009987
v 0.059817 0.535864 -0.077796
v 0.068210 0.528973 0.026890
v 0.113406 0.474882 -0.070755
v 0.129864 0.471666 -0.045263
v 0.127480 0.464878 -0.017261
v 0.126614 0.473348 -0.054605
v 0.118206 0.460271 -0.002754
v 0.096372 0.474904 -0.081898
v 0.103349 0.456498 0.004502
v 0.068481 0.454561 0.000929
v 0.087675 0.454463 0.006239
v 0.047396 0.462584 -0.048611
v 0.050316 0.457368 -0.021711
v 0.105251 0.475103 -0.077256
v 0.054598 0.456224 -0.013345
v 0.130768 0.469521 -0.035475
v 0.129985 0.467239 -0.025989
v 0.046682 0.458746 -0.030268
v 0.121099 0.474494 -0.063315
v 0.123721 0.462566 -0.009293
v 0.086358 0.473852 -0.082541
v 0.052309 0.464918 -0.057304
v 0.078077 0.454263 0.005153
v 0.059728 0.467118 -0.064864
v 0.095473 0.455285 0.005865
v 0.066322 0.469963 -0.073395
v 0.045368 0.460469 -0.039400
v 0.075439 0.472381 -0.080232
v 0.117050 0.490039 -0.007193
v 0.074132 0.495988 -0.077544
v 0.093808 0.480047 0.019552
v 0.042924 0.485247 -0.026815
v 0.094658 0.498118 -0.078604
v 0.119945 0.497356 -0.049433
v 0.041560 0.486426 -0.036647
v 0.050616 0.490202 -0.054959
v 0.123334 0.493726 -0.023055
v 0.063979 0.481299 0.007545
v 0.065265 0.494312 -0.070525
v 0.083228 0.479251 0.019102
v 0.113969 0.487766 0.000720
v 0.103186 0.482220 0.015496
v 0.064107 0.796844 -0.107141
v 0.059473 0.810244 -0.113013
v 0.094974 0.808679 -0.112307
v 0.091544 0.826314 -0.116772
v 0.111798 0.815409 -0.106259
v 0.108102 0.835015 -0.109819
v 0.078686 0.802084 -0.110909
v 0.073918 0.817165 -0.116946
v 0.038325 0.789407 -0.095359
v 0.035420 0.801657 -0.098599
v 0.050835 0.792611 -0.102527
v 0.046703 0.805203 -0.107168
v 0.027477 0.787344 -0.084984
v 0.026138 0.799525 -0.087286
v 0.018632 0.786272 -0.071883
v 0.018226 0.798303 -0.073387
v 0.102501 0.772866 -0.106187
v 0.118208 0.776645 -0.099061
v 0.086200 0.769171 -0.107725
v 0.070613 0.765826 -0.105986
v 0.055821 0.763086 -0.101994
v 0.042215 0.760972 -0.094774
v 0.030176 0.759619 -0.084718
v 0.020320 0.758908 -0.071988
v 0.099128 0.790842 -0.108776
v 0.115278 0.795795 -0.102409
v 0.082865 0.786014 -0.108500
v 0.067851 0.781747 -0.105656
v 0.053696 0.778340 -0.101555
v 0.040473 0.775783 -0.094675
v 0.028912 0.774156 -0.084561
v 0.019340 0.773209 -0.071726
v 0.036004 1.398823 0.040774
v 0.042352 1.370937 0.057784
v 0.039101 1.386429 0.050890
v 0.033198 1.407515 0.028855
v 0.023612 1.395455 0.040719
v 0.027892 1.368515 0.058821
v 0.025615 1.383095 0.050500
v 0.216154 1.333114 -0.107484
v 0.242702 1.344135 -0.101980
v 0.260882 1.353526 -0.081616
v 0.262977 1.355509 -0.051922
v 0.254699 1.350294 -0.023767
v 0.236585 1.339065 -0.001850
v 0.188117 1.316697 0.000652
v 0.174360 1.318804 0.002410
v 0.172165 1.295347 -0.034423
v 0.168347 1.283695 -0.067943
v 0.164088 1.283634 -0.098900
v 0.187872 1.313967 -0.107162
v 0.142382 1.378429 -0.135755
v 0.159087 1.404720 -0.117919
v 0.172406 1.423138 -0.089842
v 0.177450 1.428967 -0.058136
v 0.173623 1.426891 -0.029030
v 0.163949 1.414517 -0.002584
v 0.146904 1.384150 0.020973
v 0.143904 1.377727 0.025347
v 0.126242 1.350628 -0.143013
v 0.089015 1.346798 -0.152363
v 0.093704 1.381215 -0.145914
v 0.103390 1.412563 -0.127446
v 0.118169 1.433725 -0.093973
v 0.129820 1.446224 -0.061679
v 0.127578 1.440698 -0.031137
v 0.120501 1.422143 -0.004350
v 0.121377 1.387391 0.028058
v 0.124973 1.375386 0.034256
v 0.164622 1.294069 0.014705
v 0.172322 1.271430 -0.030070
v 0.170416 1.257494 -0.068257
v 0.155017 1.255602 -0.102247
v 0.171769 1.322979 -0.123612
v 0.194749 1.351305 -0.120056
v 0.215176 1.377641 -0.111702
v 0.232703 1.402967 -0.056441
v 0.225145 1.398193 -0.025613
v 0.173162 1.354021 0.019019
v 0.162229 1.345190 0.023629
v 0.229436 1.398256 -0.089453
v 0.208780 1.384550 0.000044
v 0.146350 1.298154 -0.127066
v 0.148564 1.329881 0.039007
v 0.128773 1.267464 -0.128335
v 0.114317 1.330109 -0.144041
v 0.091742 1.314364 -0.149844
v 0.259636 1.353755 -0.037403
v 0.176334 1.428602 -0.043339
v 0.132420 1.445630 -0.045595
v 0.230141 1.401247 -0.040603
v 0.263000 1.356324 -0.066830
v 0.176281 1.427593 -0.073867
v 0.128111 1.441819 -0.077762
v 0.232340 1.402773 -0.073195
v 0.247177 1.345267 -0.011644
v 0.169328 1.422161 -0.015301
v 0.125021 1.432353 -0.017924
v 0.218064 1.392354 -0.011916
v 0.223011 1.332285 0.004794
v 0.158082 1.404296 0.007504
v 0.120848 1.412924 0.010621
v 0.197928 1.374695 0.009452
v 0.253741 1.350795 -0.094127
v 0.166354 1.415198 -0.104712
v 0.111683 1.426052 -0.112224
v 0.224418 1.388963 -0.102857
v 0.229787 1.339368 -0.105664
v 0.150897 1.392057 -0.128222
v 0.098363 1.397739 -0.138394
v 0.206004 1.364894 -0.117009
v 0.108902 1.353584 -0.148124
v 0.119479 1.383448 -0.141276
v 0.132591 1.411611 -0.121882
v 0.153137 1.434557 -0.030127
v 0.143354 1.419953 -0.003989
v 0.155404 1.437838 -0.059475
v 0.147294 1.429427 -0.090715
v 0.135982 1.387951 0.023639
v 0.136389 1.377785 0.028883
v 0.168638 1.307782 0.007158
v 0.172294 1.286150 -0.033391
v 0.169005 1.272386 -0.068624
v 0.157489 1.270528 -0.100614
v 0.154478 1.337824 0.030997
v 0.134975 1.284880 -0.128158
v 0.105277 1.325643 -0.146724
v 0.155301 1.437748 -0.044395
v 0.152632 1.434880 -0.075003
v 0.150365 1.427916 -0.016935
v 0.142513 1.410786 0.008660
v 0.140719 1.422338 -0.106987
v 0.127682 1.398896 -0.132995
v 0.154528 1.376629 0.020385
v 0.189236 1.422272 -0.027307
v 0.190999 1.418539 -0.090843
v 0.160942 1.369589 -0.130728
v 0.142618 1.341898 -0.137831
v 0.122686 1.320909 -0.140915
v 0.097169 1.298569 -0.145593
v 0.147666 1.370080 0.026022
v 0.177626 1.408071 -0.001181
v 0.194403 1.425298 -0.057600
v 0.178069 1.396705 -0.116223
v 0.130405 1.362112 0.038527
v 0.192647 1.424485 -0.042091
v 0.194054 1.423931 -0.074226
v 0.184274 1.417201 -0.013116
v 0.169914 1.396727 0.007554
v 0.185345 1.408762 -0.105015
v 0.169783 1.383568 -0.124673
v 0.111330 1.311765 -0.142996
v 0.139561 1.366507 0.031892
v 0.120730 1.356776 0.045893
v 0.109500 1.351650 0.053647
v 0.178796 1.360722 -0.125599
v 0.197165 1.388212 -0.114616
v 0.207158 1.413410 -0.025959
v 0.153965 1.358720 0.025988
v 0.210727 1.411039 -0.091108
v 0.192631 1.398348 -0.000381
v 0.137989 1.347054 0.040377
v 0.145892 1.353132 0.032950
v 0.158249 1.331704 -0.131791
v 0.213878 1.417953 -0.057054
v 0.163225 1.366514 0.020215
v 0.132931 1.309192 -0.135496
v 0.109228 1.281230 -0.138650
v 0.211801 1.416516 -0.040962
v 0.213910 1.416569 -0.074225
v 0.200926 1.407435 -0.012090
v 0.183271 1.387381 0.008664
v 0.205634 1.400915 -0.104968
v 0.188555 1.374885 -0.121105
v 0.118513 1.299455 -0.137133
v 0.207423 1.340688 -0.113615
v 0.231594 1.362428 -0.107898
v 0.241609 1.378170 -0.025923
v 0.170526 1.330787 0.017072
v 0.246909 1.378445 -0.087076
v 0.224165 1.366733 -0.000886
v 0.144206 1.259346 -0.116586
v 0.158608 1.311627 0.032197
v 0.181763 1.315305 -0.113735
v 0.249353 1.381787 -0.055983
v 0.182776 1.340001 0.014784
v 0.156315 1.289134 -0.114699
v 0.246631 1.380805 -0.040601
v 0.249319 1.382152 -0.071822
v 0.234240 1.373395 -0.012464
v 0.211937 1.358485 0.008190
v 0.241004 1.371740 -0.099816
v 0.220405 1.352079 -0.112099
v 0.163428 1.321735 0.023789
v 0.146204 1.274273 -0.116539
v 0.206992 1.324972 0.006821
v 0.150926 1.393558 0.014686
v 0.121216 1.400512 0.020703
v 0.186014 1.364236 0.015805
v 0.137120 1.398847 0.016782
v 0.161926 1.385826 0.014474
v 0.173349 1.376408 0.015373
v 0.197929 1.349576 0.013698
v 0.201808 1.324581 -0.108205
v 0.134049 1.364280 -0.140528
v 0.090553 1.364812 -0.150460
v 0.183226 1.337601 -0.122050
v 0.114023 1.369316 -0.145991
v 0.151911 1.355376 -0.135055
v 0.168795 1.346645 -0.129113
v 0.194169 1.328676 -0.114019
v 0.174401 1.300144 -0.102472
v 0.159550 1.309358 -0.125251
v 0.119824 1.338016 -0.143980
v 0.089106 1.330727 -0.152135
v 0.105525 1.339051 -0.148343
v 0.132893 1.330258 -0.139490
v 0.146426 1.319223 -0.133805
v 0.169600 1.300920 -0.113177
v 0.070752 1.377050 0.051832
v 0.075898 1.361229 0.059899
v 0.061737 1.405001 0.034401
v 0.066329 1.392263 0.044425
v 0.056679 1.373773 0.055416
v 0.061044 1.358016 0.063909
v 0.048825 1.401947 0.038494
v 0.052787 1.389173 0.048305
v 0.074884 1.407972 0.028691
v 0.079702 1.395367 0.039234
v 0.084294 1.380351 0.046740
v 0.089821 1.364712 0.054362
v 0.106644 1.400045 0.026380
v 0.114137 1.372019 0.040808
v 0.103752 1.413167 0.014738
v 0.109334 1.385714 0.033930
v 0.113334 1.452054 -0.063462
v 0.108478 1.447853 -0.080773
v 0.045713 1.355112 0.066080
v 0.030232 1.352484 0.066598
v 0.173742 1.305805 -0.016352
v 0.168590 1.281585 -0.008633
v 0.170772 1.296475 -0.013732
v 0.170790 1.287897 -0.052222
v 0.173006 1.263094 -0.049961
v 0.171801 1.277717 -0.051910
v 0.166713 1.281517 -0.083342
v 0.164281 1.254728 -0.085519
v 0.164473 1.269599 -0.084752
v 0.075602 1.410717 -0.132867
v 0.048485 1.405831 -0.135181
v 0.023422 1.401357 -0.132669
v 0.022695 1.297618 -0.136474
v 0.044443 1.299270 -0.149133
v 0.069904 1.304970 -0.151803
v 0.021574 1.317408 -0.139004
v 0.042434 1.319284 -0.150785
v 0.066749 1.324273 -0.154061
v 0.021227 1.335202 -0.140787
v 0.042403 1.337855 -0.150446
v 0.065837 1.341693 -0.154210
v 0.021542 1.353259 -0.141173
v 0.043243 1.356057 -0.148392
v 0.066498 1.360134 -0.151995
v 0.021973 1.370188 -0.139684
v 0.044759 1.373697 -0.144825
v 0.068735 1.377891 -0.147874
v 0.046507 1.389791 -0.140273
v 0.071768 1.394384 -0.141679
v 0.047818 1.277835 -0.145145
v 0.075523 1.284554 -0.147544
v 0.024175 1.275734 -0.133912
v 0.102567 1.368371 0.047761
v 0.171741 1.294673 -0.036428
v 0.168162 1.290136 -0.071690
v 0.178286 1.303057 -0.018217
v 0.168638 1.290387 -0.055188
v 0.170216 1.292014 -0.087013
v 0.088665 1.410960 0.021888
v 0.169281 1.252597 -0.026465
v 0.168099 1.240468 -0.067065
v 0.149496 1.238623 -0.101400
v 0.113668 1.248386 -0.128429
v 0.084864 1.259550 -0.140043
v 0.133569 1.242039 -0.115774
v 0.163026 1.261452 -0.003325
v 0.170933 1.245491 -0.047613
v 0.160130 1.238167 -0.084873
v 0.065855 1.340355 0.071877
v 0.081801 1.343413 0.067351
v 0.049293 1.337697 0.074269
v 0.032586 1.335093 0.074570
v 0.096468 1.347140 0.061055
v 0.034937 1.316102 0.082562
v 0.036595 1.054561 -0.087493
v 0.018772 1.054532 -0.081006
v 0.019196 1.147973 -0.096428
v 0.038223 1.146048 -0.100860
v 0.118092 1.058046 -0.021073
v 0.132567 1.139753 -0.030374
v 0.085742 1.055557 0.050171
v 0.103935 1.144047 0.057411
v 0.053744 1.051841 0.090333
v 0.056163 1.145274 0.089127
v 0.050427 1.255001 -0.139016
v 0.025067 1.253722 -0.130167
v 0.126879 1.139533 -0.047166
v 0.114985 1.057891 -0.037865
v 0.107676 1.057437 -0.052987
v 0.118100 1.139563 -0.062641
v 0.096840 1.056735 -0.065248
v 0.106427 1.139947 -0.076438
v 0.084261 1.055929 -0.074971
v 0.091939 1.140864 -0.087766
v 0.070268 1.055196 -0.082380
v 0.075312 1.142248 -0.096169
v 0.054450 1.054698 -0.087277
v 0.057172 1.144063 -0.100771
v 0.131726 1.141617 0.006583
v 0.112997 1.057685 0.011713
v 0.117208 1.057962 -0.004172
v 0.134269 1.140517 -0.012129
v 0.021282 1.188343 -0.110793
v 0.022849 1.209284 -0.118299
v 0.024368 1.231570 -0.124975
v 0.164647 1.231198 -0.023969
v 0.158837 1.208161 -0.020954
v 0.151257 1.184988 -0.017669
v 0.150051 1.182573 -0.038013
v 0.158371 1.204587 -0.042118
v 0.165952 1.225834 -0.045398
v 0.157257 1.237283 -0.001764
v 0.153050 1.212177 0.000732
v 0.146999 1.187728 0.003190
v 0.138437 1.221024 -0.098496
v 0.128208 1.201898 -0.093459
v 0.120195 1.181219 -0.087804
v 0.103567 1.182699 -0.099382
v 0.111507 1.203369 -0.105780
v 0.122046 1.222989 -0.112181
v 0.152397 1.220251 -0.083075
v 0.142334 1.201308 -0.078521
v 0.134041 1.180538 -0.073441
v 0.161972 1.221868 -0.065175
v 0.152860 1.202092 -0.061373
v 0.144316 1.180964 -0.056670
v 0.084815 1.184477 -0.108047
v 0.091685 1.205637 -0.115057
v 0.101181 1.226658 -0.122970
v 0.064397 1.186142 -0.113087
v 0.069444 1.207586 -0.120676
v 0.075868 1.230495 -0.129924
v 0.049158 1.230941 -0.130073
v 0.046120 1.208418 -0.121620
v 0.042998 1.187257 -0.114013
v 0.040375 1.166998 -0.107130
v 0.020092 1.168588 -0.103575
v 0.141142 1.160884 -0.033995
v 0.135523 1.159999 -0.051835
v 0.125827 1.159894 -0.067990
v 0.112809 1.160538 -0.081978
v 0.060300 1.165318 -0.106482
v 0.079374 1.163464 -0.101771
v 0.097070 1.161824 -0.093296
v 0.142655 1.162386 -0.014685
v 0.139516 1.164207 0.005132
v 0.036994 1.123858 -0.094645
v 0.036447 1.100652 -0.089718
v 0.036218 1.077268 -0.087968
v 0.018824 1.077869 -0.080659
v 0.018967 1.101973 -0.082765
v 0.018880 1.125688 -0.088899
v 0.124959 1.119093 -0.027263
v 0.119490 1.098615 -0.024777
v 0.117749 1.078146 -0.022830
v 0.098048 1.121505 0.054866
v 0.090721 1.100078 0.050959
v 0.085852 1.077992 0.048957
v 0.055994 1.122331 0.091133
v 0.054666 1.098955 0.090805
v 0.053950 1.075522 0.090615
v 0.119999 1.119038 -0.043408
v 0.116162 1.098362 -0.040915
v 0.114898 1.077902 -0.039196
v 0.112547 1.118988 -0.058438
v 0.109648 1.098163 -0.055982
v 0.108284 1.077557 -0.054304
v 0.102043 1.119121 -0.072101
v 0.099588 1.098061 -0.069455
v 0.098068 1.077142 -0.067354
v 0.088452 1.119706 -0.083180
v 0.086401 1.098259 -0.080103
v 0.085250 1.076810 -0.077697
v 0.072618 1.120731 -0.091173
v 0.071069 1.098767 -0.087540
v 0.070490 1.076675 -0.085044
v 0.055264 1.122165 -0.095345
v 0.054275 1.099569 -0.091204
v 0.054089 1.076806 -0.089068
v 0.124259 1.119920 0.007636
v 0.116624 1.099266 0.008222
v 0.112856 1.078411 0.009502
v 0.126620 1.119351 -0.009993
v 0.119645 1.098917 -0.008186
v 0.116992 1.078305 -0.006282
v 0.132154 1.165830 0.024417
v 0.125357 1.142704 0.024790
v 0.105950 1.057196 0.025932
v 0.106005 1.078429 0.023925
v 0.110742 1.099566 0.023874
v 0.118473 1.120522 0.024739
v 0.116037 1.143508 0.041955
v 0.096677 1.078334 0.036747
v 0.101946 1.099853 0.038158
v 0.109558 1.121067 0.040626
v 0.096670 1.056479 0.038503
v 0.089942 1.144325 0.071066
v 0.075483 1.054458 0.063182
v 0.075320 1.077296 0.062395
v 0.077631 1.100144 0.062710
v 0.084061 1.122069 0.066795
v 0.073880 1.144889 0.082034
v 0.066417 1.076363 0.077683
v 0.067350 1.099432 0.077559
v 0.068666 1.122473 0.077009
v 0.066295 1.053136 0.077747
v 0.039113 1.145786 0.098429
v 0.036985 1.050950 0.097408
v 0.037449 1.074900 0.098562
v 0.038018 1.098612 0.099218
v 0.038758 1.122244 0.099595
v 0.108779 1.167410 0.059003
v 0.058573 1.168031 0.092235
v 0.121562 1.166919 0.042500
v 0.094037 1.167554 0.073459
v 0.077170 1.167601 0.084893
v 0.038586 1.168296 0.094156
v 0.040197 1.190073 0.098597
v 0.040621 1.211386 0.096557
v 0.041104 1.232488 0.103862
v 0.040372 1.253763 0.102621
v 0.037136 1.295856 0.090341
v 0.039001 1.274966 0.097319
v 0.052383 0.899696 -0.129135
v 0.022856 0.915838 -0.120664
v 0.130369 0.937126 -0.011257
v 0.086940 0.920361 0.047274
v 0.046366 0.909014 0.063537
v 0.130648 0.938020 -0.030344
v 0.128669 0.936485 -0.050584
v 0.123013 0.932467 -0.070989
v 0.112160 0.926335 -0.089317
v 0.097161 0.919243 -0.104835
v 0.077824 0.911694 -0.117720
v 0.120735 0.931531 0.021092
v 0.127118 0.934645 0.006123
v 0.111175 0.927945 0.032704
v 0.099487 0.924136 0.040853
v 0.073884 0.916571 0.052972
v 0.060349 0.912731 0.058372
v 0.031479 0.906021 0.067172
v 0.115703 1.038551 -0.036793
v 0.118080 1.019868 -0.036258
v 0.122197 1.001201 -0.035787
v 0.125365 0.981292 -0.034481
v 0.128110 0.960053 -0.032587
v 0.125799 0.959744 -0.052856
v 0.122326 0.981967 -0.054570
v 0.118041 1.002116 -0.055052
v 0.111748 1.020033 -0.053329
v 0.107930 1.038167 -0.052109
v 0.065786 1.029757 0.076609
v 0.064340 1.006487 0.073509
v 0.062239 0.983531 0.068709
v 0.060991 0.960294 0.064406
v 0.060565 0.936609 0.061240
v 0.074099 0.939697 0.055315
v 0.074328 0.962891 0.057437
v 0.074783 0.985931 0.059717
v 0.075546 1.008769 0.062088
v 0.075676 1.031630 0.063154
v 0.106391 1.035965 0.027668
v 0.107470 1.014597 0.029226
v 0.108242 0.992994 0.030185
v 0.108045 0.971230 0.030165
v 0.108968 0.949483 0.030795
v 0.117495 0.952731 0.018559
v 0.115788 0.974058 0.017114
v 0.115045 0.995280 0.016153
v 0.113861 1.016216 0.014847
v 0.113151 1.036983 0.013429
v 0.036111 1.026851 0.094385
v 0.031707 0.931395 0.071266
v 0.046473 0.933747 0.066680
v 0.047396 0.957704 0.071681
v 0.048917 0.981162 0.077385
v 0.051020 1.004422 0.083310
v 0.052844 1.027979 0.088094
v 0.070346 1.034585 -0.079848
v 0.072322 1.014444 -0.081077
v 0.076796 0.995680 -0.088675
v 0.082637 0.974289 -0.095463
v 0.089659 0.947000 -0.100837
v 0.071174 0.942168 -0.110013
v 0.064319 0.971375 -0.100680
v 0.059703 0.992602 -0.090946
v 0.056539 1.012322 -0.083206
v 0.055149 1.033443 -0.084883
v 0.019262 1.031984 -0.081872
v 0.020299 1.009774 -0.082928
v 0.021188 0.988627 -0.090072
v 0.022123 0.967059 -0.099562
v 0.023381 0.942146 -0.109378
v 0.086350 1.033224 0.051151
v 0.087049 1.010800 0.051647
v 0.087256 0.988246 0.051244
v 0.087123 0.965572 0.050192
v 0.086859 0.942902 0.048582
v 0.098560 0.946176 0.040565
v 0.098421 0.968382 0.041137
v 0.098830 0.990616 0.041919
v 0.098489 1.012771 0.041604
v 0.097453 1.034706 0.040233
v 0.117400 1.037777 -0.002428
v 0.118062 1.017675 -0.001023
v 0.119777 0.997457 0.000422
v 0.121570 0.976821 0.001943
v 0.123872 0.955819 0.003774
v 0.127403 0.958489 -0.013484
v 0.124834 0.979372 -0.015385
v 0.122266 0.999477 -0.016969
v 0.119746 1.018944 -0.018251
v 0.118580 1.038340 -0.019519
v 0.037673 1.032596 -0.086313
v 0.039304 1.010784 -0.083691
v 0.041293 0.990165 -0.091211
v 0.043895 0.969284 -0.102549
v 0.048282 0.939721 -0.115109
v 0.096454 1.037128 -0.063713
v 0.100726 1.018933 -0.066873
v 0.107923 1.001410 -0.071819
v 0.113272 0.980641 -0.072969
v 0.118345 0.957100 -0.072429
v 0.105603 0.952536 -0.088507
v 0.099262 0.977757 -0.086788
v 0.093240 0.998993 -0.083086
v 0.087150 1.016848 -0.076007
v 0.083868 1.035846 -0.072731
v -0.000000 0.806736 -0.019334
v 0.004477 0.807060 -0.019915
v 0.017013 0.892714 -0.126703
v 0.037074 0.880818 -0.133985
v 0.034985 1.003066 0.089382
v 0.033681 0.979442 0.083518
v 0.032605 0.955607 0.077468
v 0.044774 1.409495 0.025687
v 0.022753 1.386292 -0.136571
v 0.023473 1.415577 -0.128455
v -0.000000 1.311232 0.076454
v -0.000000 1.054153 -0.071549
v -0.000000 1.150017 -0.089401
v -0.000000 1.050729 0.098047
v -0.000000 1.145814 0.105113
v -0.000000 1.254307 -0.124026
v -0.000000 1.190199 -0.103973
v -0.000000 1.210928 -0.111223
v -0.000000 1.232940 -0.118067
v -0.000000 1.170618 -0.096814
v -0.000000 1.078195 -0.071152
v -0.000000 1.103168 -0.074052
v -0.000000 1.127495 -0.081197
v -0.000000 1.122144 0.103712
v -0.000000 1.098451 0.102067
v -0.000000 1.074660 0.100290
v -0.000000 1.168554 0.101113
v -0.000000 1.190279 0.100919
v -0.000000 1.210698 0.098646
v -0.000000 1.250908 0.094897
v -0.000000 1.291420 0.084682
v -0.000000 0.987196 -0.086653
v -0.000000 1.031037 -0.073601
v -0.000000 1.026592 0.093691
v -0.000000 0.978269 0.087306
v -0.000000 0.954013 0.081705
v -0.000000 0.929424 0.075157
v -0.000000 1.002279 0.092132
v -0.000000 1.275632 -0.129215
v 0.093028 1.398127 0.032983
v -0.000000 1.390373 0.037263
v -0.000000 1.363469 0.053807
v -0.000000 1.377879 0.046096
v -0.000000 1.347551 0.061189
v -0.000000 1.330115 0.068571
v -0.000000 0.903709 0.070120
v -0.000000 1.398784 -0.126057
v -0.000000 1.297299 -0.133277
v -0.000000 1.316634 -0.135843
v -0.000000 1.334456 -0.136775
v -0.000000 1.352149 -0.135908
v -0.000000 1.368813 -0.133479
v -0.000000 1.384268 -0.130055
v -0.000000 0.915543 -0.103534
v -0.000000 0.940033 -0.098820
v -0.000000 0.894680 -0.107696
v -0.000000 1.230644 0.095931
v -0.000000 1.271229 0.091432
v -0.000000 0.964920 -0.094171
v -0.000000 1.008508 -0.078322
v 0.113614 1.450848 -0.046836
v 0.098140 1.423763 -0.003028
v 0.097680 1.439030 -0.097516
v 0.097142 1.383320 0.040461
v 0.129129 1.339648 0.048450
v 0.117793 1.332662 0.057282
v 0.103861 1.327072 0.065903
v 0.088089 1.323086 0.073149
v 0.070896 1.320330 0.078536
v 0.052987 1.318273 0.081717
v 0.139791 1.319733 0.047985
v 0.127422 1.310932 0.058702
v 0.111805 1.304776 0.069232
v 0.094485 1.301063 0.077888
v 0.075854 1.298875 0.084466
v 0.056559 1.297495 0.088660
v 0.150147 1.297682 0.042570
v 0.136543 1.287307 0.057729
v 0.119203 1.281430 0.071077
v 0.100272 1.278458 0.081666
v 0.080218 1.276968 0.089655
v 0.059633 1.276163 0.094774
v 0.154807 1.271884 0.026028
v 0.141362 1.263448 0.053594
v 0.123855 1.258449 0.071043
v 0.104278 1.256185 0.084136
v 0.083362 1.255222 0.093745
v 0.061858 1.254731 0.099611
v 0.145345 1.241540 0.021514
v 0.135174 1.239119 0.046693
v 0.122427 1.236391 0.068025
v 0.104807 1.234690 0.083843
v 0.084436 1.233900 0.095179
v 0.062784 1.233498 0.101437
v 0.141643 1.214989 0.021704
v 0.128265 1.215222 0.041924
v 0.114171 1.214271 0.060608
v 0.099478 1.213040 0.077375
v 0.081648 1.212241 0.089869
v 0.061324 1.211886 0.095314
v 0.137758 1.189911 0.023289
v 0.125469 1.190943 0.042080
v 0.111568 1.191098 0.059201
v 0.096028 1.190836 0.073861
v 0.078680 1.190446 0.085415
v 0.059770 1.190246 0.093208
v 0.007503 0.857688 -0.114741
v 0.016451 0.849584 -0.121119
v -0.000000 0.865542 -0.102059
v 0.005292 0.839011 -0.092588
v 0.010505 0.833163 -0.096296
v -0.000000 0.845979 -0.087066
v 0.006773 0.823893 -0.070212
v 0.011948 0.820424 -0.075693
v -0.000000 0.829134 -0.066080
v 0.006253 0.816527 -0.055731
v 0.011530 0.810001 -0.061219
v -0.000000 0.820011 -0.053199
v 0.358076 1.163094 -0.086626
v 0.362018 1.168371 -0.061266
v 0.345648 1.163092 -0.041473
v 0.325327 1.151530 -0.040889
v 0.295622 1.136056 -0.047895
v 0.284711 1.130654 -0.068635
v 0.284101 1.128296 -0.093635
v 0.337163 1.190989 -0.089286
v 0.343675 1.192926 -0.067675
v 0.335290 1.184976 -0.047903
v 0.322281 1.172637 -0.031823
v 0.288771 1.151879 -0.028811
v 0.271195 1.147600 -0.053024
v 0.268607 1.150966 -0.081123
v 0.297494 1.082916 -0.090657
v 0.296024 1.086973 -0.063737
v 0.310779 1.096600 -0.046031
v 0.338252 1.111526 -0.026055
v 0.364634 1.120685 -0.031220
v 0.383887 1.124861 -0.051413
v 0.356129 1.103680 -0.119668
v 0.383381 1.121294 -0.079294
v 0.356580 1.167219 -0.049985
v 0.340984 1.190191 -0.056736
v 0.376384 1.123730 -0.039587
v 0.362809 1.167102 -0.075155
v 0.342366 1.192941 -0.079143
v 0.386282 1.123991 -0.065879
v 0.336009 1.157335 -0.039471
v 0.328981 1.179287 -0.039659
v 0.351248 1.116377 -0.026880
v 0.315100 1.146458 -0.043173
v 0.313047 1.165436 -0.026326
v 0.326697 1.106321 -0.029851
v 0.350283 1.158419 -0.095128
v 0.330174 1.187907 -0.097444
v 0.377082 1.117337 -0.089964
v 0.318005 1.182836 -0.114417
v 0.301067 1.158445 -0.025113
v 0.306511 1.140384 -0.042235
v 0.317638 1.101279 -0.037124
v 0.278782 1.158870 -0.105354
v 0.289796 1.132242 -0.056555
v 0.277502 1.148444 -0.039829
v 0.302689 1.091726 -0.053784
v 0.283952 1.128746 -0.079623
v 0.268277 1.148811 -0.067845
v 0.294831 1.084133 -0.076899
v 0.288535 1.128930 -0.106769
v 0.271879 1.154150 -0.095056
v 0.304521 1.083650 -0.104442
v 0.264528 1.247937 -0.118796
v 0.286864 1.257675 -0.108881
v 0.302617 1.262032 -0.087470
v 0.306244 1.260064 -0.061753
v 0.302583 1.254959 -0.037035
v 0.288978 1.243740 -0.013658
v 0.243643 1.219905 -0.011692
v 0.219295 1.212138 -0.041563
v 0.214171 1.213512 -0.073950
v 0.236598 1.230854 -0.114175
v 0.305261 1.257890 -0.049363
v 0.305422 1.261486 -0.074443
v 0.297782 1.250411 -0.024387
v 0.276305 1.235771 -0.007648
v 0.296431 1.260793 -0.099699
v 0.276133 1.253479 -0.115215
v 0.261220 1.227858 -0.006843
v 0.250956 1.240115 -0.118931
v 0.224328 1.222193 -0.103507
v 0.228324 1.214112 -0.024502
v 0.214849 1.212118 -0.058270
v 0.217111 1.216605 -0.088915
v 0.254913 1.263842 -0.119762
v 0.245715 1.278986 -0.119144
v 0.237212 1.292263 -0.116570
v 0.229224 1.304157 -0.112698
v 0.253757 1.312220 -0.103464
v 0.261611 1.300767 -0.106524
v 0.269827 1.288090 -0.108725
v 0.278227 1.273346 -0.109235
v 0.269526 1.315654 -0.082604
v 0.276985 1.303150 -0.083895
v 0.285624 1.290863 -0.085306
v 0.293949 1.276849 -0.086394
v 0.273608 1.314553 -0.056689
v 0.279696 1.300152 -0.058118
v 0.288579 1.287606 -0.059157
v 0.297418 1.274220 -0.060390
v 0.268175 1.310020 -0.032501
v 0.275171 1.294993 -0.035040
v 0.284512 1.282409 -0.035668
v 0.293699 1.269171 -0.036179
v 0.252284 1.301551 -0.013339
v 0.261257 1.286518 -0.014543
v 0.271099 1.273339 -0.013398
v 0.280304 1.259081 -0.012945
v 0.205142 1.285409 -0.008042
v 0.213148 1.268897 -0.008161
v 0.222549 1.252078 -0.008719
v 0.233034 1.235642 -0.009986
v 0.181025 1.273981 -0.035709
v 0.189352 1.259692 -0.037199
v 0.198540 1.244367 -0.039138
v 0.208361 1.227960 -0.040626
v 0.176529 1.272160 -0.070665
v 0.184528 1.259146 -0.070730
v 0.193302 1.244861 -0.071369
v 0.202961 1.228881 -0.072535
v 0.199688 1.288814 -0.109080
v 0.206456 1.275010 -0.112148
v 0.215275 1.260968 -0.113609
v 0.225423 1.246105 -0.114344
v 0.271915 1.312876 -0.044255
v 0.278209 1.297874 -0.046373
v 0.287278 1.285221 -0.047308
v 0.296368 1.271981 -0.048240
v 0.272872 1.315607 -0.069612
v 0.279456 1.301971 -0.070671
v 0.288232 1.289571 -0.071831
v 0.296734 1.275904 -0.073092
v 0.261786 1.306340 -0.021813
v 0.269894 1.291283 -0.024049
v 0.279636 1.278649 -0.023912
v 0.288961 1.265153 -0.023819
v 0.239307 1.296372 -0.007790
v 0.248713 1.281062 -0.007703
v 0.258289 1.266713 -0.006455
v 0.267429 1.251502 -0.006467
v 0.263337 1.314693 -0.094579
v 0.271317 1.303016 -0.096767
v 0.279668 1.290588 -0.098528
v 0.287858 1.276115 -0.099252
v 0.242280 1.308828 -0.109452
v 0.250065 1.297271 -0.112966
v 0.258278 1.284260 -0.115389
v 0.267085 1.269318 -0.115975
v 0.223446 1.291142 -0.005422
v 0.232208 1.275376 -0.004600
v 0.241900 1.259611 -0.004337
v 0.251669 1.243664 -0.005277
v 0.214488 1.297246 -0.112723
v 0.222218 1.284509 -0.116666
v 0.230884 1.270912 -0.119001
v 0.240552 1.255802 -0.119717
v 0.188313 1.280567 -0.099639
v 0.194343 1.266804 -0.100987
v 0.202329 1.252232 -0.101863
v 0.212698 1.237180 -0.102835
v 0.190404 1.278694 -0.019296
v 0.198465 1.263135 -0.020815
v 0.207131 1.246669 -0.022264
v 0.217129 1.229792 -0.023257
v 0.177054 1.271748 -0.053561
v 0.185277 1.258523 -0.054373
v 0.194347 1.244008 -0.055754
v 0.204075 1.227847 -0.057172
v 0.180246 1.275000 -0.086411
v 0.187274 1.261710 -0.086378
v 0.195675 1.247326 -0.086650
v 0.205413 1.231615 -0.087672
v 0.295331 1.242106 -0.108220
v 0.303286 1.227092 -0.107495
v 0.310466 1.212735 -0.106568
v 0.317223 1.199027 -0.106013
v 0.310850 1.247046 -0.088292
v 0.318171 1.232278 -0.088734
v 0.324729 1.218029 -0.088944
v 0.331139 1.204388 -0.089245
v 0.314628 1.245678 -0.063084
v 0.322164 1.231457 -0.064351
v 0.328911 1.217719 -0.065584
v 0.336026 1.204951 -0.066749
v 0.310871 1.240244 -0.038160
v 0.318000 1.225535 -0.039831
v 0.324089 1.211284 -0.042114
v 0.329536 1.197735 -0.044958
v 0.297133 1.228202 -0.015123
v 0.304481 1.213107 -0.017511
v 0.311104 1.198773 -0.021040
v 0.316916 1.185340 -0.026018
v 0.253883 1.204846 -0.013778
v 0.263462 1.190510 -0.016428
v 0.272432 1.176999 -0.019750
v 0.280796 1.164131 -0.023806
v 0.230631 1.197539 -0.042727
v 0.241954 1.184125 -0.044531
v 0.252794 1.171773 -0.046966
v 0.262397 1.159634 -0.049775
v 0.226425 1.199746 -0.075201
v 0.238761 1.187187 -0.076278
v 0.250294 1.175303 -0.077369
v 0.260062 1.163183 -0.078947
v 0.248083 1.216346 -0.113185
v 0.259088 1.202688 -0.112120
v 0.269412 1.189764 -0.111119
v 0.279235 1.177450 -0.110482
v 0.313602 1.243490 -0.050640
v 0.320926 1.229185 -0.052138
v 0.327231 1.215275 -0.053890
v 0.333482 1.202124 -0.055640
v 0.313774 1.246905 -0.075665
v 0.321205 1.232476 -0.076638
v 0.327952 1.218560 -0.077447
v 0.334967 1.205480 -0.078323
v 0.305962 1.235270 -0.025549
v 0.313091 1.220303 -0.027568
v 0.319209 1.205835 -0.030619
v 0.324449 1.192178 -0.034708
v 0.284767 1.220201 -0.009484
v 0.292627 1.205238 -0.011895
v 0.299967 1.191076 -0.015290
v 0.306687 1.177875 -0.020374
v 0.304718 1.245452 -0.099866
v 0.312170 1.230455 -0.099607
v 0.318824 1.216012 -0.099112
v 0.325150 1.202069 -0.098783
v 0.284927 1.237794 -0.113808
v 0.293334 1.222775 -0.112605
v 0.301194 1.208566 -0.111555
v 0.308916 1.195203 -0.111424
v 0.270310 1.212414 -0.008769
v 0.278791 1.197571 -0.011061
v 0.286802 1.183547 -0.014195
v 0.294333 1.170550 -0.019083
v 0.261355 1.225004 -0.117146
v 0.271281 1.210647 -0.115494
v 0.280630 1.197045 -0.114289
v 0.289689 1.184178 -0.113797
v 0.236541 1.208265 -0.103540
v 0.248399 1.195283 -0.103329
v 0.259511 1.183011 -0.103078
v 0.269754 1.171115 -0.103406
v 0.239622 1.199554 -0.026316
v 0.250439 1.185916 -0.028809
v 0.260461 1.173093 -0.031903
v 0.269230 1.160451 -0.035271
v 0.226309 1.197649 -0.059439
v 0.238049 1.184535 -0.060903
v 0.249354 1.172494 -0.062666
v 0.259264 1.160566 -0.064856
v 0.229752 1.203151 -0.089692
v 0.242195 1.190717 -0.090206
v 0.253672 1.178771 -0.090768
v 0.263531 1.166661 -0.092144
v 0.299642 1.190286 -0.114352
v 0.291387 1.203420 -0.114320
v 0.282888 1.217446 -0.115463
v 0.273905 1.232335 -0.117003
v 0.347009 1.177094 -0.089018
v 0.353178 1.181185 -0.066346
v 0.341369 1.173992 -0.047523
v 0.323987 1.161672 -0.039539
v 0.292597 1.143021 -0.038570
v 0.278625 1.138937 -0.061707
v 0.277913 1.140376 -0.088081
v 0.301866 1.153040 -0.112558
v 0.349974 1.179442 -0.055450
v 0.352008 1.180822 -0.079517
v 0.333173 1.167466 -0.043937
v 0.314314 1.155666 -0.035160
v 0.338067 1.173500 -0.097225
v 0.330949 1.170837 -0.119524
v 0.305823 1.147934 -0.032288
v 0.309289 1.158707 -0.119079
v 0.285143 1.139149 -0.047425
v 0.277476 1.138764 -0.072979
v 0.279985 1.141653 -0.100183
v 0.287120 1.116617 -0.067645
v 0.302919 1.125157 -0.052262
v 0.328444 1.139868 -0.034319
v 0.352069 1.150004 -0.037004
v 0.370311 1.154723 -0.057612
v 0.367113 1.149354 -0.084425
v 0.287327 1.113470 -0.093905
v 0.363560 1.153701 -0.045197
v 0.371620 1.153094 -0.071607
v 0.340094 1.145105 -0.033773
v 0.318852 1.134406 -0.039126
v 0.359761 1.144443 -0.093140
v 0.311615 1.129523 -0.046282
v 0.294171 1.120359 -0.058009
v 0.285585 1.114315 -0.080176
v 0.293888 1.114405 -0.107577
v 0.291379 1.097990 -0.092856
v 0.369943 1.138961 -0.041479
v 0.379271 1.138655 -0.068381
v 0.344984 1.131168 -0.029386
v 0.321651 1.120867 -0.033546
v 0.368405 1.130750 -0.091299
v 0.313696 1.115819 -0.041322
v 0.297293 1.106317 -0.055827
v 0.288454 1.098961 -0.078916
v 0.298778 1.099015 -0.106645
v 0.289795 1.101679 -0.065482
v 0.306678 1.111165 -0.049640
v 0.332540 1.126187 -0.029213
v 0.358141 1.135686 -0.033323
v 0.377305 1.139936 -0.053704
v 0.375502 1.135281 -0.081544
v 0.304768 1.068484 -0.087912
v 0.312856 1.054688 -0.084800
v 0.321311 1.041339 -0.081500
v 0.329965 1.028446 -0.078032
v 0.338647 1.016006 -0.074485
v 0.346854 1.003710 -0.071073
v 0.354294 0.991439 -0.067911
v 0.361127 0.979472 -0.064944
v 0.367574 0.968111 -0.062185
v 0.373718 0.957566 -0.059602
v 0.362063 1.089229 -0.116496
v 0.367983 1.074591 -0.112677
v 0.373800 1.059882 -0.108481
v 0.379316 1.045300 -0.103886
v 0.384472 1.031044 -0.098958
v 0.389337 1.017165 -0.093997
v 0.394003 1.003679 -0.089297
v 0.398633 0.990607 -0.085172
v 0.403191 0.978005 -0.081835
v 0.407468 0.966056 -0.079031
v 0.379613 1.099692 -0.098831
v 0.386690 1.085168 -0.096222
v 0.392167 1.070135 -0.092595
v 0.397052 1.055139 -0.088895
v 0.401557 1.040366 -0.085228
v 0.405647 1.025872 -0.081566
v 0.409473 1.011745 -0.078001
v 0.413096 0.998052 -0.074612
v 0.416588 0.984886 -0.071551
v 0.419837 0.972362 -0.068873
v 0.370998 0.959817 -0.043571
v 0.365704 0.970753 -0.045476
v 0.359644 0.982350 -0.047528
v 0.352884 0.994503 -0.049739
v 0.345315 1.006959 -0.051982
v 0.337002 1.019566 -0.054150
v 0.328282 1.032358 -0.056223
v 0.319536 1.045430 -0.058205
v 0.310990 1.058825 -0.060070
v 0.303109 1.072684 -0.061931
v 0.375439 0.964593 -0.029517
v 0.371123 0.975829 -0.031384
v 0.365732 0.987720 -0.032925
v 0.359570 1.000228 -0.034397
v 0.352653 1.013168 -0.035786
v 0.345113 1.026420 -0.037018
v 0.337284 1.039941 -0.038192
v 0.329590 1.053713 -0.039490
v 0.322337 1.067724 -0.041027
v 0.315901 1.082027 -0.043071
v 0.392455 0.973546 -0.021378
v 0.388753 0.985241 -0.022695
v 0.384570 0.997645 -0.023731
v 0.379911 1.010687 -0.024335
v 0.374712 1.024218 -0.024565
v 0.369027 1.038136 -0.024610
v 0.363004 1.052374 -0.024536
v 0.356801 1.066876 -0.024350
v 0.350546 1.081596 -0.024228
v 0.344318 1.096528 -0.024493
v 0.405894 0.977281 -0.026905
v 0.403408 0.989612 -0.027648
v 0.400560 1.002606 -0.028261
v 0.397462 1.016211 -0.028641
v 0.394046 1.030327 -0.028841
v 0.390126 1.044816 -0.028985
v 0.385700 1.059585 -0.029215
v 0.380887 1.074589 -0.029524
v 0.375816 1.089821 -0.029837
v 0.370462 1.105235 -0.030273
v 0.415447 0.978087 -0.038501
v 0.413524 0.990805 -0.039743
v 0.411469 1.004192 -0.040991
v 0.409314 1.018166 -0.042205
v 0.406965 1.032632 -0.043389
v 0.404137 1.047439 -0.044595
v 0.400864 1.062530 -0.045810
v 0.397394 1.077930 -0.046986
v 0.393609 1.093562 -0.048221
v 0.389333 1.109321 -0.049615
v 0.391467 0.960756 -0.077168
v 0.386240 0.971936 -0.080345
v 0.380645 0.983814 -0.083878
v 0.374704 0.996088 -0.088122
v 0.368449 1.008648 -0.092979
v 0.361856 1.021382 -0.098405
v 0.355126 1.034502 -0.103984
v 0.348446 1.048267 -0.109030
v 0.341938 1.062568 -0.113464
v 0.335678 1.077294 -0.117239
v 0.420960 0.976466 -0.053018
v 0.418572 0.989246 -0.055066
v 0.416051 1.002670 -0.057341
v 0.413442 1.016641 -0.059791
v 0.410660 1.031062 -0.062375
v 0.407585 1.045842 -0.065045
v 0.404029 1.060876 -0.067760
v 0.400120 1.076142 -0.070556
v 0.395689 1.091523 -0.073516
v 0.390323 1.106727 -0.076562
v 0.381874 1.108114 -0.038445
v 0.386592 1.092454 -0.037750
v 0.390974 1.076980 -0.037129
v 0.394958 1.061706 -0.036562
v 0.398605 1.046713 -0.035949
v 0.401776 1.032011 -0.035336
v 0.404443 1.017663 -0.034711
v 0.406876 1.003824 -0.033982
v 0.409159 0.990590 -0.033123
v 0.411194 0.978022 -0.032212
v 0.392122 1.108788 -0.063341
v 0.396556 1.093195 -0.060924
v 0.400303 1.077607 -0.058704
v 0.403774 1.062225 -0.056625
v 0.407030 1.047122 -0.054605
v 0.409817 1.032282 -0.052633
v 0.412230 1.017794 -0.050720
v 0.414467 1.003777 -0.048878
v 0.416640 0.990331 -0.047120
v 0.418706 0.977547 -0.045487
v 0.357335 1.101201 -0.025635
v 0.363134 1.086003 -0.025405
v 0.368752 1.071002 -0.025379
v 0.374202 1.056225 -0.025401
v 0.379431 1.041728 -0.025349
v 0.384311 1.027554 -0.025273
v 0.388727 1.013766 -0.025097
v 0.392737 1.000482 -0.024665
v 0.396379 0.987812 -0.023937
v 0.399543 0.975815 -0.023018
v 0.332774 1.091564 -0.027836
v 0.339509 1.076977 -0.027257
v 0.346472 1.062597 -0.027201
v 0.353438 1.048382 -0.027173
v 0.360227 1.034382 -0.027021
v 0.366632 1.020681 -0.026653
v 0.372473 1.007356 -0.026020
v 0.377632 0.994500 -0.025038
v 0.382152 0.982279 -0.023655
v 0.385955 0.970790 -0.021874
v 0.385522 1.103544 -0.088164
v 0.392410 1.088882 -0.085392
v 0.397426 1.073671 -0.081990
v 0.401777 1.058519 -0.078652
v 0.405768 1.043595 -0.075390
v 0.409382 1.028950 -0.072179
v 0.412758 1.014672 -0.069072
v 0.415895 1.000814 -0.066112
v 0.418835 0.987466 -0.063385
v 0.421599 0.974763 -0.060975
v 0.372730 1.095100 -0.109286
v 0.378897 1.080428 -0.105959
v 0.384548 1.065539 -0.102031
v 0.389811 1.050700 -0.097971
v 0.394645 1.036092 -0.093806
v 0.399034 1.021798 -0.089560
v 0.403160 1.007902 -0.085415
v 0.407190 0.994466 -0.081578
v 0.411185 0.981563 -0.078276
v 0.414972 0.969313 -0.075491
v 0.323074 1.086634 -0.034283
v 0.329773 1.072252 -0.032839
v 0.337072 1.058130 -0.032065
v 0.344596 1.044173 -0.031510
v 0.352051 1.030414 -0.030964
v 0.359129 1.016934 -0.030268
v 0.365600 1.003803 -0.029349
v 0.371309 0.991119 -0.028192
v 0.376241 0.979051 -0.026727
v 0.380189 0.967688 -0.024740
v 0.349077 1.083102 -0.118845
v 0.355060 1.068431 -0.114927
v 0.361112 1.053938 -0.110494
v 0.367113 1.039757 -0.105567
v 0.372972 1.026026 -0.100213
v 0.378645 1.012691 -0.094894
v 0.384086 0.999669 -0.089986
v 0.389379 0.986987 -0.085756
v 0.394470 0.974736 -0.082315
v 0.399236 0.963134 -0.079386
v 0.322337 1.071959 -0.112024
v 0.329334 1.057653 -0.107710
v 0.336542 1.043674 -0.103328
v 0.344061 1.030351 -0.098435
v 0.351720 1.017740 -0.093166
v 0.359125 1.005429 -0.088165
v 0.366018 0.993189 -0.083716
v 0.372432 0.981177 -0.079771
v 0.378488 0.969639 -0.076277
v 0.384227 0.958864 -0.073006
v 0.308824 1.077280 -0.051743
v 0.315931 1.063181 -0.049931
v 0.323737 1.049436 -0.048268
v 0.331820 1.035946 -0.046590
v 0.339988 1.022718 -0.044916
v 0.347852 1.009730 -0.043169
v 0.355078 0.996993 -0.041320
v 0.361586 0.984659 -0.039490
v 0.367420 0.972950 -0.037775
v 0.372307 0.961885 -0.036018
v 0.302172 1.069838 -0.074661
v 0.310120 1.055970 -0.072217
v 0.318559 1.042549 -0.069635
v 0.327315 1.029586 -0.066935
v 0.336159 1.017044 -0.064174
v 0.344639 1.004724 -0.061420
v 0.352443 0.992545 -0.058730
v 0.359501 0.980641 -0.056147
v 0.365874 0.969226 -0.053754
v 0.371590 0.958454 -0.051572
v 0.311454 1.068952 -0.101181
v 0.319126 1.054947 -0.097375
v 0.327119 1.041396 -0.093374
v 0.335462 1.028489 -0.089032
v 0.343888 1.016160 -0.084534
v 0.351850 1.003960 -0.080314
v 0.359069 0.991718 -0.076560
v 0.365673 0.979691 -0.073177
v 0.371964 0.968254 -0.070049
v 0.378051 0.957686 -0.067030
v 0.364178 1.127285 -0.102238
v 0.371278 1.113403 -0.100280
v 0.366475 1.109405 -0.111978
v 0.343103 1.097952 -0.121316
v 0.329834 1.092484 -0.119630
v 0.316004 1.086969 -0.115487
v 0.310868 1.102674 -0.116854
v 0.288445 1.146493 -0.109485
v 0.320288 1.165252 -0.124696
v 0.305938 1.118313 -0.116559
v 0.361667 1.123747 -0.115411
v 0.357193 1.138754 -0.119105
v 0.349221 1.156215 -0.123347
v 0.345837 1.132230 -0.128123
v 0.336077 1.149213 -0.132494
v 0.337332 1.112843 -0.121997
v 0.331739 1.127333 -0.123917
v 0.322238 1.142823 -0.125549
v 0.319799 1.123390 -0.117651
v 0.312312 1.138937 -0.115353
v 0.336837 1.172038 -0.108249
v 0.351964 1.157785 -0.107477
v 0.298976 1.171783 -0.114557
v 0.307704 1.178056 -0.117340
v 0.288856 1.165571 -0.109996
v 0.324099 1.185809 -0.106417
v 0.299642 1.133080 -0.115223
v 0.358156 1.142093 -0.105024
v 0.350830 1.117854 -0.123403
v 0.324617 1.107939 -0.119567
v 0.425371 0.940767 -0.035426
v 0.394611 0.940330 -0.017447
v 0.394582 0.950415 -0.017999
v 0.406169 0.942171 -0.076442
v 0.421251 0.946339 -0.072245
v 0.381276 0.943273 -0.031377
v 0.417019 0.954484 -0.029530
v 0.424756 0.953014 -0.042757
v 0.387472 0.939891 -0.061109
v 0.427846 0.950387 -0.058068
v 0.392467 0.939617 -0.068274
v 0.380943 0.940378 -0.046182
v 0.406633 0.953714 -0.019868
v 0.421693 0.953631 -0.035912
v 0.413195 0.953960 -0.024162
v 0.427135 0.951905 -0.050179
v 0.425998 0.948756 -0.065634
v 0.380381 0.941886 -0.038282
v 0.398993 0.940311 -0.073851
v 0.383950 0.940072 -0.053676
v 0.400862 0.952195 -0.017928
v 0.388997 0.948259 -0.020403
v 0.384750 0.946050 -0.024813
v 0.413198 0.944060 -0.075903
v 0.375893 0.950098 -0.041248
v 0.379543 0.954512 -0.027016
v 0.396683 0.962588 -0.019596
v 0.409074 0.965505 -0.025700
v 0.418293 0.965706 -0.037158
v 0.396021 0.950409 -0.074632
v 0.424016 0.964058 -0.051250
v 0.379567 0.948351 -0.056710
v 0.411485 0.954794 -0.077059
v 0.423353 0.960403 -0.066866
v 0.414183 0.965854 -0.031005
v 0.421556 0.965107 -0.043936
v 0.403433 0.964404 -0.021605
v 0.389988 0.960195 -0.019702
v 0.424900 0.962500 -0.059045
v 0.418704 0.957688 -0.073464
v 0.384548 0.957525 -0.022056
v 0.403422 0.952410 -0.077109
v 0.389337 0.949023 -0.070050
v 0.376967 0.952135 -0.033626
v 0.376960 0.949165 -0.048881
v 0.383768 0.948732 -0.063628
v 0.174945 1.286514 -0.035476
v 0.170962 1.283437 -0.070972
v 0.269414 1.333395 -0.054516
v 0.183769 1.292894 -0.018435
v 0.171067 1.283162 -0.053741
v 0.175187 1.286022 -0.086299
v 0.223129 1.317565 -0.107787
v 0.208651 1.310597 -0.108332
v 0.215405 1.308252 -0.001917
v 0.235670 1.322132 -0.105318
v 0.258680 1.330499 -0.093868
v 0.230870 1.314152 -0.002994
v 0.254663 1.324854 -0.017069
v 0.269286 1.333971 -0.068526
v 0.266794 1.331932 -0.040964
v 0.265944 1.332477 -0.082265
v 0.247793 1.326348 -0.101221
v 0.194546 1.301911 -0.106030
v 0.244301 1.319730 -0.008377
v 0.262015 1.329026 -0.028250
v 0.198220 1.301590 -0.006324
v 0.182758 1.292260 -0.098961
v 0.420350 0.934274 -0.073722
v 0.417619 0.941586 -0.023159
v 0.412458 0.941956 -0.018615
v 0.425086 0.935099 -0.067067
v 0.406888 0.941565 -0.016397
v 0.388500 0.932331 -0.058915
v 0.395900 0.932717 -0.074667
v 0.403476 0.933177 -0.078053
v 0.428798 0.937625 -0.051355
v 0.383347 0.934353 -0.042165
v 0.017039 0.978523 0.086578
v 0.017099 1.313714 0.081054
v 0.020225 1.145947 0.104719
v 0.018942 1.074584 0.101533
v 0.019335 1.098408 0.102973
v 0.019768 1.122146 0.104151
v 0.018485 1.050494 0.099945
v 0.019619 1.168470 0.099089
v 0.020217 1.190243 0.101129
v 0.020268 1.210932 0.098334
v 0.019470 1.252419 0.101269
v 0.018045 1.293703 0.089320
v 0.017989 1.026283 0.096682
v 0.017561 1.002402 0.091945
v 0.016588 0.954381 0.080777
v 0.016116 0.929915 0.074199
v 0.017919 0.815260 0.017859
v 0.013883 1.365538 0.056561
v 0.011786 1.392431 0.039225
v 0.012780 1.379874 0.048301
v 0.014957 1.349824 0.064745
v 0.016048 1.332550 0.072810
v 0.015903 0.904273 0.069243
v 0.020295 1.231421 0.100647
v 0.018821 1.273119 0.096621
v -0.000000 0.812134 0.025505
v 0.010082 0.812750 0.023620
v 0.015251 0.824103 0.047592
v -0.000000 0.823893 0.049587
v 0.027128 0.829635 0.038171
v 0.008673 0.804191 -0.020755
v -0.000000 0.812037 -0.037725
v 0.004835 0.810642 -0.038691
v 0.008585 0.805308 -0.039910
v 0.006322 0.807533 0.001043
v -0.000000 0.806307 0.002222
v 0.011748 0.807142 -0.001316
v 0.017494 0.847405 0.066502
v -0.000000 0.847116 0.067884
v 0.033163 0.851080 0.060830
v 0.016435 0.876951 0.069298
v 0.032636 0.879104 0.067024
v -0.000000 0.876425 0.069871
v 0.138989 0.871947 -0.005445
v 0.130322 0.868119 0.027744
v 0.105528 0.861219 0.049037
v 0.073409 0.851515 0.050818
v 0.044125 0.840757 0.038237
v 0.089155 0.856567 0.052022
v 0.058238 0.846010 0.046713
v 0.119465 0.864994 0.040620
v 0.136519 0.870394 0.011909
v 0.118549 0.860155 -0.099190
v 0.136966 0.871639 -0.043441
v 0.138832 0.872824 -0.024408
v 0.128402 0.865015 -0.082175
v 0.134127 0.868697 -0.062960
v 0.055134 0.822885 -0.120991
v 0.087458 0.843103 -0.121425
v 0.104552 0.852828 -0.113007
v 0.069863 0.832128 -0.123641
v 0.042030 0.816046 -0.114746
v 0.030904 0.811650 -0.104748
v 0.023151 0.809892 -0.092046
v 0.017197 0.809369 -0.078047
v 0.045024 0.860473 0.052120
v 0.058500 0.867469 0.046856
v 0.046850 0.883790 0.061067
v 0.059506 0.889399 0.053668
v 0.011194 0.872913 -0.123612
v -0.000000 0.878312 -0.106699
v 0.024928 0.863568 -0.130437
v 0.005826 0.846787 -0.103811
v -0.000000 0.855024 -0.095298
v 0.011943 0.839536 -0.108700
v 0.006027 0.831609 -0.081970
v -0.000000 0.837531 -0.077382
v 0.010752 0.827495 -0.085990
v 0.073463 0.872172 0.048455
v 0.088383 0.876967 0.049281
v 0.103399 0.881652 0.046628
v 0.117058 0.885761 0.039054
v 0.127915 0.889189 0.026891
v 0.133895 0.891802 0.011037
v 0.136133 0.893805 -0.006490
v 0.135899 0.894455 -0.025791
v 0.134043 0.892408 -0.045582
v 0.130920 0.888443 -0.065712
v 0.124332 0.883876 -0.085220
v 0.113049 0.878110 -0.102725
v 0.097575 0.869834 -0.117135
v 0.079831 0.859321 -0.126264
v 0.062905 0.847511 -0.129487
v 0.048059 0.836423 -0.127106
v 0.035289 0.827127 -0.120817
v 0.025131 0.821025 -0.109760
v 0.101525 0.902619 0.043592
v 0.114324 0.906790 0.036113
v 0.124680 0.910425 0.024349
v 0.130648 0.913314 0.008715
v 0.133231 0.915547 -0.008831
v 0.133177 0.916077 -0.027996
v 0.131308 0.913864 -0.048121
v 0.127322 0.909424 -0.068742
v 0.118858 0.903648 -0.088326
v 0.105633 0.896984 -0.105532
v 0.088190 0.888290 -0.119899
v 0.068470 0.876936 -0.129863
v 0.052048 0.863364 -0.133963
v 0.038057 0.850309 -0.131241
v 0.026349 0.838662 -0.123659
v 0.018433 0.830540 -0.111247
v 0.087673 0.898254 0.047678
v 0.073412 0.894002 0.049672
v 0.019370 0.818826 -0.096471
v 0.015781 0.818539 -0.084792
v 0.015289 0.826652 -0.098247
v 0.014022 0.824396 -0.089646
v 0.101758 0.135820 -0.020602
v 0.108163 0.135485 -0.023234
v 0.114064 0.135266 -0.026558
v 0.119279 0.135128 -0.030789
v 0.122487 0.134963 -0.036594
v 0.124808 0.134804 -0.042657
v 0.127239 0.134749 -0.048746
v 0.127307 0.134488 -0.055395
v 0.125821 0.134118 -0.061865
v 0.123702 0.133817 -0.068160
v 0.121123 0.133569 -0.074429
v 0.115909 0.133322 -0.078897
v 0.109595 0.133251 -0.081420
v 0.103382 0.133247 -0.084138
v 0.096668 0.133343 -0.086046
v 0.089554 0.133637 -0.084791
v 0.083189 0.134013 -0.080922
v 0.078748 0.134485 -0.074709
v 0.073826 0.134935 -0.068807
v 0.067851 0.135524 -0.063473
v 0.066830 0.135966 -0.055450
v 0.067446 0.136248 -0.047625
v 0.067857 0.136779 -0.039701
v 0.070576 0.136985 -0.032290
v 0.074453 0.137072 -0.025444
v 0.080537 0.136933 -0.020516
v 0.087827 0.136623 -0.018369
v 0.094959 0.136219 -0.018752
v 0.096881 0.119592 -0.018999
v 0.103151 0.118824 -0.021395
v 0.109399 0.118265 -0.023764
v 0.115156 0.117829 -0.026745
v 0.120174 0.117366 -0.030769
v 0.123105 0.116584 -0.036557
v 0.126155 0.116009 -0.042551
v 0.130332 0.115820 -0.048379
v 0.131852 0.115581 -0.055755
v 0.129540 0.114922 -0.062974
v 0.126192 0.114437 -0.069515
v 0.122103 0.114247 -0.075727
v 0.115720 0.113936 -0.079540
v 0.108618 0.113852 -0.081202
v 0.101968 0.114127 -0.083928
v 0.094913 0.114620 -0.085808
v 0.087546 0.115096 -0.084405
v 0.080697 0.115532 -0.080559
v 0.076660 0.115610 -0.073421
v 0.071461 0.116040 -0.066864
v 0.063467 0.117129 -0.062063
v 0.060524 0.117845 -0.052790
v 0.060421 0.118449 -0.042913
v 0.065676 0.118683 -0.034989
v 0.071651 0.119219 -0.028854
v 0.076783 0.119867 -0.022726
v 0.083237 0.120319 -0.018734
v 0.090262 0.120299 -0.017329
v 0.095087 0.204687 -0.095594
v 0.074037 0.206014 -0.030786
v 0.086033 0.205971 -0.018633
v 0.103100 0.206029 -0.018206
v 0.117034 0.205992 -0.026104
v 0.118176 0.205031 -0.087188
v 0.129109 0.205473 -0.066288
v 0.128530 0.205744 -0.044597
v 0.063553 0.205311 -0.061207
v 0.122250 0.205905 -0.031602
v 0.126996 0.205336 -0.073733
v 0.068027 0.204942 -0.077165
v 0.072851 0.204798 -0.084131
v 0.094646 0.205964 -0.016517
v 0.069865 0.205934 -0.037879
v 0.066607 0.205778 -0.045296
v 0.126104 0.205815 -0.037842
v 0.064877 0.205114 -0.069392
v 0.079280 0.206025 -0.024177
v 0.079129 0.204689 -0.089914
v 0.123424 0.205181 -0.080892
v 0.064376 0.205561 -0.053069
v 0.130000 0.205582 -0.058871
v 0.111401 0.204892 -0.091999
v 0.103515 0.204780 -0.094854
v 0.110591 0.206043 -0.021568
v 0.086688 0.204635 -0.093989
v 0.129772 0.205672 -0.051625
v 0.069906 0.228281 -0.087835
v 0.095117 0.229739 -0.014296
v 0.063678 0.229289 -0.045815
v 0.133864 0.229568 -0.059276
v 0.133661 0.229634 -0.051385
v 0.061218 0.229043 -0.054182
v 0.061446 0.228567 -0.071720
v 0.078554 0.229767 -0.023490
v 0.104160 0.228751 -0.098956
v 0.112960 0.228934 -0.095758
v 0.129633 0.229773 -0.036414
v 0.112625 0.229994 -0.019223
v 0.126380 0.229278 -0.083417
v 0.094776 0.228557 -0.099775
v 0.119653 0.229972 -0.023944
v 0.132304 0.229697 -0.043738
v 0.104434 0.229906 -0.015759
v 0.085852 0.229719 -0.017309
v 0.064672 0.228386 -0.080209
v 0.125388 0.229878 -0.029722
v 0.072438 0.229688 -0.030394
v 0.067437 0.229511 -0.037854
v 0.132815 0.229501 -0.067373
v 0.120508 0.229116 -0.090379
v 0.130418 0.229409 -0.075540
v 0.060331 0.228790 -0.062896
v 0.076977 0.228283 -0.093992
v 0.085474 0.228382 -0.098111
v 0.085908 0.255324 -0.015464
v 0.137330 0.255827 -0.068323
v 0.060274 0.253854 -0.083597
v 0.077766 0.255361 -0.021927
v 0.105530 0.255045 -0.103589
v 0.138519 0.255771 -0.059423
v 0.138258 0.255716 -0.050744
v 0.133555 0.255672 -0.034356
v 0.114846 0.255706 -0.016279
v 0.130214 0.255742 -0.086064
v 0.070675 0.255243 -0.029088
v 0.122454 0.255749 -0.021163
v 0.084359 0.254357 -0.103027
v 0.074466 0.254021 -0.098872
v 0.128740 0.255718 -0.027228
v 0.134648 0.255830 -0.077327
v 0.095824 0.255321 -0.011722
v 0.115428 0.255314 -0.099978
v 0.094939 0.254722 -0.104603
v 0.056258 0.254305 -0.064316
v 0.136653 0.255676 -0.042334
v 0.123786 0.255567 -0.093866
v 0.057433 0.254563 -0.054786
v 0.057036 0.254037 -0.074060
v 0.105964 0.255542 -0.012805
v 0.064720 0.255022 -0.036969
v 0.060301 0.254798 -0.045627
v 0.066169 0.253836 -0.092178
v 0.095716 0.283429 -0.111254
v 0.106885 0.282137 -0.009677
v 0.141004 0.283230 -0.040312
v 0.050994 0.281783 -0.065013
v 0.071476 0.282313 -0.104627
v 0.116323 0.282430 -0.013264
v 0.144129 0.283863 -0.059211
v 0.143360 0.283525 -0.049527
v 0.135708 0.284616 -0.089215
v 0.096040 0.281989 -0.009300
v 0.119510 0.284266 -0.105512
v 0.053021 0.281957 -0.054591
v 0.051179 0.281611 -0.076015
v 0.085819 0.282178 -0.013994
v 0.061546 0.281848 -0.096972
v 0.054494 0.281580 -0.087089
v 0.077067 0.282325 -0.020620
v 0.108131 0.283903 -0.109944
v 0.062179 0.282209 -0.035838
v 0.069077 0.282309 -0.027795
v 0.124467 0.282658 -0.018252
v 0.143151 0.284220 -0.069217
v 0.128777 0.284539 -0.098209
v 0.137004 0.283002 -0.031837
v 0.140416 0.284499 -0.079344
v 0.056813 0.282101 -0.044846
v 0.131429 0.282827 -0.024419
v 0.083223 0.282877 -0.109414
v 0.102249 0.127232 -0.021169
v 0.108495 0.126769 -0.023761
v 0.114341 0.126435 -0.026818
v 0.119508 0.126160 -0.030873
v 0.122613 0.125781 -0.036641
v 0.125574 0.125491 -0.042501
v 0.128878 0.125443 -0.048462
v 0.129556 0.125188 -0.055469
v 0.127405 0.124616 -0.062149
v 0.124553 0.124208 -0.068425
v 0.121115 0.123985 -0.074414
v 0.115726 0.123750 -0.078839
v 0.109120 0.123673 -0.081026
v 0.102723 0.123787 -0.083638
v 0.095934 0.124058 -0.085570
v 0.088786 0.124434 -0.084265
v 0.082261 0.124825 -0.080446
v 0.078211 0.125131 -0.073690
v 0.073123 0.125580 -0.067515
v 0.066256 0.126497 -0.062554
v 0.064513 0.127001 -0.054138
v 0.064426 0.127560 -0.045751
v 0.066077 0.128022 -0.037410
v 0.070619 0.128123 -0.030527
v 0.075312 0.128346 -0.024138
v 0.081716 0.128415 -0.019826
v 0.088903 0.128221 -0.018187
v 0.095792 0.127756 -0.019097
v 0.101561 0.144845 -0.020328
v 0.108058 0.144610 -0.023123
v 0.113925 0.144459 -0.026732
v 0.119082 0.144377 -0.031104
v 0.122541 0.144284 -0.036793
v 0.124456 0.144177 -0.042997
v 0.126219 0.144098 -0.049212
v 0.126114 0.143892 -0.055729
v 0.124953 0.143627 -0.062153
v 0.123475 0.143381 -0.068561
v 0.121347 0.143101 -0.075059
v 0.116020 0.142854 -0.079490
v 0.109906 0.142765 -0.082368
v 0.103771 0.142669 -0.085277
v 0.096957 0.142664 -0.087055
v 0.089754 0.142898 -0.085768
v 0.083365 0.143268 -0.081860
v 0.078409 0.143749 -0.076137
v 0.073351 0.144142 -0.070477
v 0.068480 0.144587 -0.064390
v 0.067831 0.145053 -0.056552
v 0.068521 0.145361 -0.048917
v 0.069021 0.145722 -0.041215
v 0.071078 0.145937 -0.033770
v 0.074477 0.146006 -0.026810
v 0.080014 0.145840 -0.021326
v 0.087203 0.145504 -0.018537
v 0.094591 0.145144 -0.018520
v 0.076685 0.162766 -0.078961
v 0.082346 0.162420 -0.084260
v 0.088964 0.162099 -0.088251
v 0.080200 0.164560 -0.022927
v 0.094672 0.164179 -0.018331
v 0.108504 0.163913 -0.023354
v 0.103740 0.161989 -0.088423
v 0.096465 0.161943 -0.089724
v 0.068453 0.163453 -0.065855
v 0.068219 0.164153 -0.050539
v 0.124294 0.163422 -0.044176
v 0.067437 0.163832 -0.058163
v 0.124398 0.163002 -0.063472
v 0.115943 0.162307 -0.081525
v 0.114204 0.163805 -0.027463
v 0.101962 0.164027 -0.020182
v 0.086946 0.164386 -0.018973
v 0.120455 0.162543 -0.076277
v 0.110159 0.162143 -0.085396
v 0.122501 0.163544 -0.037936
v 0.122887 0.162797 -0.069937
v 0.118979 0.163679 -0.032314
v 0.071711 0.163074 -0.072954
v 0.125291 0.163167 -0.056987
v 0.069899 0.164384 -0.043118
v 0.075375 0.164605 -0.028951
v 0.125282 0.163302 -0.050521
v 0.072213 0.164529 -0.035887
v 0.098791 0.112209 -0.016041
v 0.111740 0.110469 -0.021308
v 0.117399 0.109711 -0.024927
v 0.122176 0.108881 -0.029501
v 0.124399 0.107377 -0.035729
v 0.132590 0.104910 -0.064162
v 0.128627 0.104395 -0.071343
v 0.108213 0.103729 -0.081941
v 0.101333 0.104238 -0.085120
v 0.078779 0.106005 -0.081270
v 0.074486 0.105956 -0.073854
v 0.069880 0.106244 -0.066505
v 0.073408 0.110359 -0.027149
v 0.084532 0.112725 -0.016060
v 0.091789 0.113211 -0.014151
v 0.427928 0.939000 -0.043317
v 0.400354 0.940930 -0.016185
v 0.427736 0.935816 -0.059773
v 0.385314 0.934304 -0.049898
v 0.422183 0.940976 -0.028949
v 0.388936 0.938824 -0.021385
v 0.385602 0.937922 -0.026592
v 0.391072 0.932377 -0.067119
v 0.412414 0.933402 -0.076840
v 0.383536 0.936861 -0.033422
v 0.414111 0.742268 -0.004977
v 0.385112 0.925429 -0.048200
v 0.412862 0.771789 -0.082351
v 0.355512 0.857271 0.025465
v 0.399766 0.823374 -0.049632
v 0.423767 0.762830 -0.058249
v 0.435709 0.864008 -0.037115
v 0.434876 0.875236 -0.037907
v 0.434368 0.875917 -0.026021
v 0.434913 0.864337 -0.025057
v 0.429276 0.908205 -0.031614
v 0.428226 0.918084 -0.033665
v 0.426087 0.919758 -0.024603
v 0.427389 0.909989 -0.021590
v 0.395019 0.751919 0.025155
v 0.403250 0.765090 -0.028791
v 0.385317 0.772694 0.017897
v 0.410547 0.768722 0.004593
v 0.430785 0.885054 -0.060804
v 0.432526 0.885482 -0.050012
v 0.429307 0.895394 -0.061088
v 0.428417 0.905421 -0.061323
v 0.429580 0.905947 -0.051467
v 0.430832 0.895871 -0.050733
v 0.390022 0.729994 0.012643
v 0.386765 0.924152 -0.068667
v 0.409095 0.798520 -0.037761
v 0.435734 0.844254 -0.070999
v 0.433240 0.835497 -0.070604
v 0.387350 0.871530 -0.013794
v 0.386474 0.867947 -0.002020
v 0.422822 0.763953 -0.037941
v 0.396348 0.746831 -0.038023
v 0.397367 0.777182 -0.082491
v 0.394240 0.771940 -0.082474
v 0.400391 0.893311 -0.090748
v 0.401693 0.881650 -0.091156
v 0.428593 0.822520 0.006822
v 0.404401 0.722581 -0.053532
v 0.361523 0.820644 0.039701
v 0.409165 0.766196 -0.082355
v 0.388417 0.760974 0.000603
v 0.383997 0.752697 -0.000138
v 0.385701 0.732945 0.024051
v 0.389196 0.891921 -0.082203
v 0.387725 0.903767 -0.082674
v 0.394970 0.834493 -0.050679
v 0.395632 0.834208 -0.037816
v 0.370813 0.844541 0.018117
v 0.420642 0.759699 -0.006262
v 0.409242 0.827624 -0.074947
v 0.395792 0.838897 0.013046
v 0.394212 0.848504 0.011795
v 0.403615 0.870392 -0.091003
v 0.405655 0.859665 -0.090624
v 0.391487 0.767783 -0.000311
v 0.392041 0.880558 -0.080810
v 0.387784 0.880795 -0.068081
v 0.383541 0.891852 -0.069654
v 0.410601 0.787078 -0.028921
v 0.410531 0.840565 -0.087048
v 0.413018 0.833539 -0.084987
v 0.389925 0.720417 -0.011907
v 0.372135 0.827539 0.054894
v 0.364709 0.823983 0.055144
v 0.411030 0.813859 -0.047646
v 0.400834 0.756890 -0.027447
v 0.411155 0.773193 -0.066619
v 0.407917 0.761707 0.005529
v 0.403812 0.722959 -0.042181
v 0.408287 0.809987 -0.065623
v 0.417251 0.924941 -0.007804
v 0.415457 0.933357 -0.013489
v 0.393828 0.774450 -0.002430
v 0.397903 0.748433 -0.026407
v 0.393085 0.739216 -0.027078
v 0.399866 0.904756 -0.089111
v 0.370686 0.881871 -0.015200
v 0.372414 0.874817 -0.000363
v 0.393662 0.878329 0.028122
v 0.394231 0.858048 0.009682
v 0.425048 0.806512 -0.063881
v 0.424810 0.895832 -0.083092
v 0.422789 0.905962 -0.081678
v 0.426638 0.905439 -0.071335
v 0.427562 0.895419 -0.071635
v 0.437015 0.822254 -0.048554
v 0.391873 0.720770 -0.020690
v 0.410637 0.810860 -0.083749
v 0.394137 0.847902 -0.001401
v 0.394864 0.837437 -0.000286
v 0.389756 0.741024 -0.007382
v 0.409756 0.733067 -0.024907
v 0.410989 0.791588 -0.056680
v 0.421041 0.798981 -0.000516
v 0.399081 0.751287 -0.077926
v 0.419470 0.789444 -0.065455
v 0.429802 0.794808 -0.008186
v 0.364164 0.823644 0.032348
v 0.359324 0.821741 0.046200
v 0.358488 0.823180 0.048980
v 0.432035 0.876831 -0.013519
v 0.431562 0.853862 -0.082361
v 0.432362 0.844488 -0.081839
v 0.386642 0.864467 0.033222
v 0.406904 0.818422 -0.023509
v 0.410014 0.817033 -0.012344
v 0.432409 0.864865 -0.012515
v 0.432012 0.843452 0.002285
v 0.437294 0.818964 -0.021789
v 0.413495 0.739702 -0.057434
v 0.381965 0.847714 0.038287
v 0.400128 0.837068 -0.076979
v 0.405987 0.830154 -0.074922
v 0.397041 0.835567 -0.063630
v 0.384290 0.868422 0.007633
v 0.428617 0.874311 -0.083705
v 0.396194 0.728915 -0.044031
v 0.410050 0.816126 -0.035720
v 0.407428 0.820042 -0.048221
v 0.424183 0.800862 -0.064191
v 0.395318 0.749971 -0.009017
v 0.430537 0.888534 -0.015795
v 0.426426 0.890629 -0.003293
v 0.399118 0.748026 0.008461
v 0.419819 0.791736 0.000262
v 0.375806 0.758278 0.020883
v 0.356408 0.834894 0.055189
v 0.356100 0.829504 0.055333
v 0.398015 0.847506 -0.051544
v 0.398891 0.847304 -0.038616
v 0.381332 0.903642 -0.070542
v 0.397855 0.753417 -0.068181
v 0.375525 0.899896 0.030738
v 0.377836 0.909068 0.023986
v 0.410966 0.794476 -0.030173
v 0.399807 0.817542 -0.001628
v 0.407973 0.767677 -0.066796
v 0.381676 0.765907 0.018925
v 0.404774 0.769746 -0.037982
v 0.420845 0.788073 -0.081969
v 0.368427 0.836055 0.020839
v 0.356254 0.827045 0.054306
v 0.430591 0.874412 -0.071657
v 0.404343 0.768913 -0.057386
v 0.351404 0.850316 0.028993
v 0.382064 0.917974 -0.036165
v 0.379186 0.907827 -0.034877
v 0.369543 0.911674 -0.026185
v 0.375541 0.921941 -0.027827
v 0.398711 0.777936 -0.067712
v 0.383902 0.926905 -0.038726
v 0.426857 0.885174 -0.083679
v 0.427710 0.878105 0.000282
v 0.428421 0.865478 0.000833
v 0.430271 0.863757 -0.083122
v 0.386447 0.779848 0.017806
v 0.432289 0.826129 -0.071043
v 0.398893 0.715150 -0.009608
v 0.422558 0.921911 -0.015863
v 0.423842 0.912396 -0.011619
v 0.396898 0.847849 -0.013321
v 0.396341 0.836101 -0.012152
v 0.433177 0.886161 -0.038976
v 0.384325 0.856584 0.035305
v 0.392791 0.870419 -0.066541
v 0.396870 0.859745 -0.065421
v 0.396064 0.859838 -0.052369
v 0.392004 0.871239 -0.053397
v 0.431112 0.827536 -0.079528
v 0.361130 0.824181 0.053080
v 0.407288 0.788915 -0.010782
v 0.401273 0.924726 -0.082710
v 0.408351 0.804863 -0.066752
v 0.434401 0.842458 -0.010539
v 0.433148 0.853278 -0.011830
v 0.427531 0.815041 0.007704
v 0.403594 0.754844 0.007166
v 0.395605 0.859955 -0.039149
v 0.388214 0.934230 0.000546
v 0.392216 0.937673 -0.008535
v 0.396005 0.772873 -0.067262
v 0.396933 0.821266 0.011465
v 0.398682 0.826506 0.009748
v 0.428915 0.784172 -0.030121
v 0.430051 0.819542 -0.071254
v 0.395341 0.869846 -0.079410
v 0.415838 0.777432 -0.082397
v 0.426364 0.800790 -0.082262
v 0.348656 0.831212 0.044368
v 0.416711 0.796893 0.021069
v 0.433931 0.853857 -0.070988
v 0.416245 0.879425 0.015646
v 0.438356 0.830325 -0.022328
v 0.437494 0.841620 -0.023450
v 0.403559 0.801103 -0.006303
v 0.381964 0.928975 -0.030127
v 0.431617 0.836146 -0.080515
v 0.417700 0.751264 -0.005268
v 0.397489 0.859261 -0.078602
v 0.380491 0.904371 -0.057524
v 0.382576 0.892991 -0.056269
v 0.387024 0.895944 -0.044031
v 0.384544 0.906086 -0.045662
v 0.435561 0.852786 -0.024367
v 0.417093 0.746771 -0.057213
v 0.354161 0.826297 0.050213
v 0.351700 0.827504 0.048416
v 0.399364 0.822562 -0.024354
v 0.429428 0.821031 -0.079501
v 0.419826 0.924281 -0.076507
v 0.413644 0.741340 -0.025109
v 0.430052 0.792224 -0.030846
v 0.394839 0.745357 -0.058008
v 0.404114 0.793948 -0.084088
v 0.438846 0.842382 -0.048306
v 0.439639 0.831563 -0.048086
v 0.432439 0.832808 0.003742
v 0.382456 0.932047 -0.021604
v 0.360032 0.894125 -0.000836
v 0.361835 0.885967 0.007722
v 0.385563 0.886446 0.034259
v 0.390521 0.895662 0.030546
v 0.429779 0.786699 -0.006766
v 0.436254 0.853006 -0.048369
v 0.396013 0.915480 0.017747
v 0.401161 0.937973 -0.006334
v 0.430333 0.797253 -0.059871
v 0.424841 0.924469 -0.068946
v 0.427387 0.925201 -0.060459
v 0.411502 0.812513 -0.022064
v 0.394391 0.757390 -0.069396
v 0.373953 0.852484 0.015241
v 0.420867 0.758191 -0.027195
v 0.367638 0.918315 -0.013329
v 0.375233 0.926692 -0.017316
v 0.428509 0.926073 -0.052032
v 0.428590 0.927118 -0.043580
v 0.409329 0.734339 -0.004564
v 0.393238 0.872801 -0.039829
v 0.429655 0.789048 -0.059774
v 0.431316 0.896694 -0.040239
v 0.384064 0.916115 -0.046900
v 0.387669 0.915330 -0.081864
v 0.357771 0.864820 0.022194
v 0.407980 0.822246 -0.074964
v 0.380798 0.918055 0.016468
v 0.387210 0.882143 -0.054774
v 0.423000 0.816472 -0.006695
v 0.410277 0.822674 -0.060590
v 0.407824 0.849496 -0.089407
v 0.402264 0.794683 -0.004229
v 0.395465 0.860387 -0.025991
v 0.416584 0.748328 -0.038136
v 0.432677 0.887163 -0.027598
v 0.397457 0.830586 0.013750
v 0.399793 0.767201 -0.008787
v 0.369144 0.872430 0.037345
v 0.417807 0.749758 -0.026413
v 0.403999 0.766625 0.024749
v 0.396332 0.728831 -0.051770
v 0.427323 0.807643 -0.081269
v 0.379707 0.734669 0.008803
v 0.399830 0.758968 0.024875
v 0.400118 0.915357 -0.086387
v 0.396256 0.834735 -0.025173
v 0.398438 0.847549 -0.025899
v 0.397355 0.847885 -0.078246
v 0.420904 0.915296 -0.079430
v 0.425781 0.915090 -0.070410
v 0.409512 0.804910 -0.083269
v 0.362912 0.854274 0.041226
v 0.403590 0.761752 -0.039093
v 0.433521 0.863843 -0.060036
v 0.429932 0.906880 -0.041580
v 0.428972 0.916726 -0.042885
v 0.398873 0.885571 0.019772
v 0.417994 0.804286 0.019357
v 0.411108 0.799447 -0.057318
v 0.428932 0.884993 -0.071759
v 0.402429 0.761040 -0.056367
v 0.414073 0.829062 -0.085011
v 0.403911 0.795471 -0.066296
v 0.427593 0.915052 -0.061301
v 0.418367 0.905506 0.003391
v 0.418139 0.915657 -0.002154
v 0.360178 0.879553 0.013542
v 0.381927 0.915134 -0.070133
v 0.381829 0.915269 -0.058063
v 0.420553 0.931245 -0.019979
v 0.347788 0.836655 0.039376
v 0.427366 0.928789 -0.034961
v 0.429564 0.853867 0.000975
v 0.361660 0.906962 -0.008104
v 0.394107 0.758640 -0.076932
v 0.373119 0.890062 0.034062
v 0.435126 0.863874 -0.048759
v 0.414164 0.778929 -0.066064
v 0.428653 0.915688 -0.052106
v 0.419849 0.756096 -0.037834
v 0.375376 0.737609 0.019347
v 0.400169 0.715547 -0.019800
v 0.407212 0.796334 -0.011005
v 0.400599 0.783241 -0.067294
v 0.390437 0.885184 -0.041652
v 0.428795 0.899583 -0.018628
v 0.424992 0.901960 -0.007493
v 0.430552 0.789749 -0.037636
v 0.432265 0.863948 -0.071321
v 0.395725 0.827348 0.000085
v 0.398490 0.925261 0.011180
v 0.395456 0.875229 -0.025461
v 0.376715 0.832801 0.047965
v 0.424408 0.930162 -0.027045
v 0.379679 0.896673 -0.032274
v 0.413607 0.740887 -0.038086
v 0.394454 0.859104 -0.001904
v 0.413058 0.814841 -0.010434
v 0.434084 0.874773 -0.049339
v 0.366477 0.897638 -0.022849
v 0.383986 0.927485 0.009299
v 0.432332 0.874488 -0.060449
v 0.406922 0.773496 0.023513
v 0.420923 0.754538 -0.058017
v 0.397161 0.847833 -0.064612
v 0.430566 0.797668 -0.038132
v 0.395858 0.860205 -0.013398
v 0.430732 0.897902 -0.029548
v 0.390733 0.925035 -0.078785
v 0.417925 0.893902 0.009077
v 0.413200 0.823332 -0.084687
v 0.436913 0.810326 -0.020665
v 0.366240 0.863638 0.039091
v 0.398593 0.753541 -0.057226
v 0.385572 0.886108 -0.027559
v 0.385888 0.924240 -0.058243
v 0.410303 0.791303 -0.039299
v 0.400500 0.933196 0.002962
v 0.393434 0.905697 0.024384
v 0.436728 0.814505 -0.048513
v 0.400097 0.782216 -0.082606
v 0.397774 0.758707 -0.009070
v 0.401103 0.754396 -0.039418
v 0.400905 0.823080 -0.002587
v 0.357749 0.840622 0.050631
v 0.394517 0.799863 0.014711
v 0.394657 0.807092 0.014384
v 0.417867 0.796014 -0.005469
v 0.419908 0.793273 -0.032917
v 0.395577 0.717500 -0.021283
v 0.393564 0.717073 -0.009273
v 0.417173 0.788370 -0.004470
v 0.418964 0.785681 -0.031770
v 0.406750 0.755546 -0.002612
v 0.409026 0.753424 -0.029639
v 0.412143 0.761695 -0.030384
v 0.409903 0.763887 -0.003112
v 0.417928 0.814564 -0.008623
v 0.418254 0.810858 -0.008177
v 0.421032 0.809387 -0.033469
v 0.421211 0.809912 -0.035230
v 0.364810 0.904572 0.013777
v 0.379293 0.930900 -0.007584
v 0.401933 0.735784 -0.029695
v 0.399425 0.738088 -0.000852
v 0.424332 0.829116 -0.084315
v 0.415474 0.883828 -0.090108
v 0.419211 0.862224 -0.088918
v 0.420730 0.852629 -0.087148
v 0.411433 0.915094 -0.083545
v 0.422216 0.843896 -0.085998
v 0.423388 0.836078 -0.085148
v 0.417421 0.872769 -0.090021
v 0.409960 0.827725 0.017112
v 0.405895 0.861790 0.014616
v 0.408405 0.852052 0.015914
v 0.410494 0.842442 0.016746
v 0.408954 0.821095 0.018197
v 0.412004 0.833803 0.018032
v 0.360235 0.823203 0.050916
v 0.354768 0.826796 0.052508
v 0.382211 0.848813 0.024890
v 0.358019 0.862776 0.033904
v 0.354746 0.855157 0.037685
v 0.380873 0.840135 0.027667
v 0.352129 0.829563 0.052753
v 0.364121 0.821023 0.049822
v 0.376801 0.824946 0.038892
v 0.349503 0.842313 0.047875
v 0.372012 0.819531 0.045822
v 0.349586 0.835301 0.051501
v 0.380730 0.865416 0.009507
v 0.363207 0.887181 0.025352
v 0.363481 0.895704 0.020632
v 0.360752 0.870960 0.031480
v 0.385120 0.856474 0.022846
v 0.373125 0.923964 -0.000636
v 0.412337 0.905458 -0.086693
v 0.411216 0.924060 -0.080167
v 0.403700 0.746588 -0.002645
v 0.405604 0.744858 -0.029057
v 0.419934 0.797893 -0.034507
v 0.419893 0.798353 -0.061368
v 0.399000 0.725108 -0.053663
v 0.398650 0.725359 -0.042005
v 0.419327 0.790547 -0.035152
v 0.419067 0.790409 -0.060818
v 0.411210 0.759503 -0.035943
v 0.411099 0.757935 -0.061256
v 0.413709 0.765715 -0.061651
v 0.413873 0.767299 -0.035149
v 0.420581 0.816193 -0.059726
v 0.405047 0.742150 -0.063368
v 0.405408 0.744359 -0.034601
v 0.408402 0.752005 -0.036210
v 0.408010 0.750177 -0.062036
v 0.406582 0.806804 0.019763
v 0.413204 0.799449 -0.005276
v 0.384547 0.730772 0.009454
v 0.379153 0.733722 0.024134
v 0.404771 0.799623 0.021645
v 0.411483 0.792699 -0.004224
v 0.393442 0.770939 0.025391
v 0.400419 0.764299 -0.000039
v 0.403461 0.771036 -0.001483
v 0.396230 0.777895 0.025376
v 0.393908 0.749641 0.001366
v 0.385858 0.756297 0.028403
v 0.390124 0.763521 0.025685
v 0.397122 0.757510 0.001385
v 0.416513 0.808126 -0.062135
v 0.419540 0.809466 -0.085562
v 0.395500 0.755165 -0.078409
v 0.415576 0.802795 -0.063019
v 0.417727 0.802656 -0.085848
v 0.406899 0.781479 -0.064211
v 0.407699 0.779764 -0.085544
v 0.412781 0.790657 -0.085974
v 0.411862 0.792603 -0.062998
v 0.423133 0.822680 -0.084404
v 0.402188 0.769029 -0.086486
v 0.401871 0.770631 -0.064676
v 0.404529 0.775991 -0.064842
v 0.405119 0.774508 -0.085552
v 0.416369 0.812377 -0.006761
v 0.418838 0.818170 -0.061682
v 0.385395 0.934847 -0.014513
v 0.368256 0.914433 0.006306
v 0.413698 0.894912 -0.089121
v 0.408705 0.910375 0.012397
v 0.405687 0.899035 0.017400
v 0.410020 0.920224 0.006044
v 0.410312 0.928646 -0.001122
v 0.409693 0.935772 -0.008376
v 0.426269 0.815366 -0.035434
v 0.437708 0.841491 -0.036029
v 0.436392 0.852710 -0.036544
v 0.414127 0.813471 -0.035267
v 0.420733 0.812482 -0.035122
v 0.434600 0.853349 -0.059740
v 0.436016 0.843210 -0.059831
v 0.424111 0.822230 -0.061084
v 0.413376 0.820729 -0.060364
v 0.419022 0.820668 -0.060395
v 0.430209 0.819325 -0.035659
v 0.426623 0.819725 -0.005448
v 0.427741 0.825049 -0.060797
v 0.422909 0.806093 -0.001617
v 0.420032 0.811397 0.018762
v 0.395428 0.814557 0.013226
v 0.414824 0.806083 -0.006341
v 0.407970 0.813939 0.018774
v 0.405346 0.807620 -0.008131
v 0.429836 0.802881 -0.008652
v 0.430957 0.800568 -0.032217
v 0.420538 0.801274 -0.033945
v 0.418205 0.803654 -0.006449
v 0.407605 0.804442 -0.011385
v 0.411514 0.802724 -0.031033
v 0.430538 0.806269 -0.059746
v 0.411677 0.807332 -0.057293
v 0.431542 0.805283 -0.038190
v 0.420466 0.806952 -0.061337
v 0.420765 0.804538 -0.034400
v 0.409746 0.805710 -0.037171
v 0.426283 0.812487 -0.063531
v 0.428025 0.814412 -0.080141
v 0.411640 0.817342 -0.084086
v 0.417720 0.813549 -0.061277
v 0.421355 0.816278 -0.084916
v 0.409079 0.815578 -0.064615
v 0.359281 0.872551 0.018441
v 0.389598 0.871451 0.031194
v 0.371529 0.880981 0.035949
v 0.377485 0.859639 0.011828
v 0.388198 0.863235 0.020699
v 0.362679 0.879084 0.028985
v 0.395666 0.740994 0.009654
v 0.381142 0.744278 0.001952
v 0.391299 0.744794 0.026154
v 0.373238 0.749426 0.021371
v 0.390752 0.741774 0.002278
v 0.382180 0.748532 0.030219
v 0.407463 0.724731 -0.024252
v 0.391042 0.730505 -0.025294
v 0.405662 0.726467 -0.004097
v 0.387783 0.731481 -0.007699
v 0.396177 0.729122 0.000103
v 0.399374 0.727467 -0.028246
v 0.411068 0.732659 -0.057453
v 0.393857 0.737320 -0.056504
v 0.410098 0.733690 -0.038681
v 0.394474 0.738325 -0.039286
v 0.402422 0.734247 -0.063364
v 0.402443 0.736400 -0.034175
v 0.406699 0.760097 -0.082710
v 0.392536 0.766094 -0.081119
v 0.405092 0.762237 -0.066243
v 0.394396 0.767158 -0.067755
v 0.399128 0.762952 -0.087145
v 0.399193 0.765283 -0.064318
v 0.414452 0.787616 0.022795
v 0.393255 0.794375 0.015230
v 0.417897 0.782555 0.001439
v 0.400528 0.788762 -0.003560
v 0.409544 0.785201 -0.003390
v 0.402535 0.792404 0.023856
v 0.424184 0.767778 -0.006424
v 0.402769 0.775343 -0.009001
v 0.424242 0.766359 -0.028281
v 0.406121 0.773218 -0.029167
v 0.415072 0.769868 -0.031009
v 0.413023 0.771965 -0.003273
v 0.429344 0.781160 -0.037078
v 0.409977 0.784641 -0.039472
v 0.428863 0.780580 -0.059859
v 0.410556 0.784428 -0.056438
v 0.418587 0.783122 -0.034858
v 0.418397 0.782442 -0.060800
v 0.422183 0.794395 -0.064797
v 0.407074 0.800900 -0.066622
v 0.423955 0.793321 -0.082167
v 0.407231 0.800029 -0.083949
v 0.414322 0.797665 -0.063058
v 0.415701 0.796251 -0.086053
v 0.428146 0.776322 -0.005810
v 0.406241 0.782722 -0.010069
v 0.415817 0.780148 -0.003336
v 0.427610 0.774701 -0.029408
v 0.409456 0.780836 -0.028730
v 0.417819 0.777956 -0.031387
v 0.426789 0.771277 -0.059144
v 0.407257 0.776806 -0.057706
v 0.416623 0.775337 -0.034597
v 0.416519 0.773918 -0.061694
v 0.426359 0.772263 -0.037652
v 0.406990 0.777942 -0.038076
v 0.418184 0.782948 -0.082102
v 0.401951 0.787774 -0.083697
v 0.416892 0.784385 -0.065785
v 0.401848 0.789142 -0.066536
v 0.410108 0.785191 -0.085788
v 0.409294 0.787120 -0.063417
v 0.414011 0.775398 0.003011
v 0.396993 0.781717 -0.003408
v 0.406451 0.778044 -0.002548
v 0.399177 0.784933 0.024848
v 0.410307 0.780060 0.022856
v 0.388955 0.787503 0.016833
v 0.359726 0.846567 0.045248
v 0.347860 0.843562 0.033583
v 0.379557 0.839320 0.042452
v 0.366422 0.829023 0.025397
v 0.379462 0.832098 0.032453
v 0.351372 0.848653 0.042829
v 0.424993 0.814023 -0.002299
v 0.429027 0.812830 -0.008848
v 0.431885 0.820453 -0.010488
v 0.428877 0.821589 -0.002111
v 0.432930 0.830718 -0.008711
v 0.431402 0.813069 -0.037417
v 0.429168 0.816860 -0.058652
v 0.431367 0.810292 -0.032620
v 0.426975 0.818987 -0.063005
v 0.434104 0.821184 -0.039122
v 0.432555 0.820123 -0.031812
v 0.436042 0.830708 -0.036257
v 0.429820 0.825446 -0.063739
v 0.431798 0.824710 -0.057794
v 0.433622 0.832683 -0.060088
v 0.400923 0.821317 -0.036752
v 0.410183 0.820063 -0.064412
v 0.413295 0.815869 -0.056201
v 0.414236 0.812832 -0.030015
v 0.412388 0.811944 -0.038864
v 0.403280 0.825506 -0.062081
v 0.410925 0.812362 -0.013253
v 0.399725 0.823345 -0.011932
v 0.408476 0.813838 -0.008251
v 0.407430 0.818814 -0.015252
v 0.406544 0.819628 -0.009947
v 0.408111 0.817928 -0.039882
v 0.408232 0.817824 -0.031795
v 0.408956 0.821664 -0.056343
v 0.409317 0.825553 -0.065228
v 0.394552 0.717136 -0.015600
v 0.390414 0.720577 -0.016639
v 0.402642 0.775177 -0.020010
v 0.408683 0.788313 -0.020530
v 0.422586 0.757838 -0.017019
v 0.420435 0.749194 -0.016103
v 0.397838 0.758801 -0.019112
v 0.399463 0.767186 -0.019777
v 0.426157 0.766025 -0.017767
v 0.408196 0.795799 -0.021479
v 0.434048 0.792942 -0.019905
v 0.433444 0.784568 -0.019268
v 0.435883 0.801427 -0.020421
v 0.407990 0.804078 -0.022155
v 0.390055 0.741117 -0.018144
v 0.396142 0.750076 -0.018318
v 0.417592 0.740018 -0.015412
v 0.410304 0.732798 -0.014985
v 0.407995 0.724657 -0.014292
v 0.399856 0.714599 -0.014705
v 0.388354 0.732141 -0.017439
v 0.430889 0.774223 -0.018285
v 0.407298 0.782307 -0.020089
v 0.381364 0.730845 0.016621
v 0.376782 0.735812 0.013741
v 0.395818 0.792163 0.004233
v 0.397429 0.797510 0.003512
v 0.410605 0.769947 0.014386
v 0.408657 0.762892 0.015705
v 0.387061 0.771057 0.007485
v 0.388175 0.778063 0.005860
v 0.418873 0.783794 0.012467
v 0.396833 0.804219 0.001496
v 0.422728 0.800985 0.009853
v 0.421451 0.793497 0.010955
v 0.397544 0.811240 -0.000529
v 0.394827 0.742156 0.018153
v 0.388529 0.730061 0.018802
v 0.404732 0.755418 0.016653
v 0.375944 0.747692 0.010164
v 0.377407 0.756086 0.008487
v 0.383309 0.764070 0.008258
v 0.425251 0.807959 0.008711
v 0.398409 0.749079 0.017113
v 0.390978 0.785418 0.004632
v 0.414180 0.776578 0.013270
v 0.396000 0.728834 -0.047845
v 0.393384 0.738832 -0.047702
v 0.393783 0.746866 -0.047453
v 0.398720 0.754595 -0.047364
v 0.398753 0.724568 -0.047894
v 0.408883 0.784969 -0.048066
v 0.409494 0.791894 -0.048191
v 0.425825 0.762250 -0.047751
v 0.423725 0.753861 -0.047386
v 0.402130 0.762017 -0.047321
v 0.402454 0.770123 -0.047579
v 0.433032 0.779950 -0.048483
v 0.408338 0.799391 -0.048238
v 0.434438 0.797389 -0.049029
v 0.434140 0.789008 -0.048947
v 0.435756 0.805917 -0.049090
v 0.408410 0.806851 -0.047807
v 0.420707 0.745816 -0.047064
v 0.413805 0.739702 -0.047643
v 0.412372 0.732429 -0.047784
v 0.404625 0.721490 -0.047753
v 0.404710 0.778500 -0.048068
v 0.429205 0.770766 -0.048094
v 0.393488 0.773269 -0.073998
v 0.396649 0.778218 -0.074339
v 0.395074 0.755423 -0.073488
v 0.394128 0.758777 -0.073252
v 0.405150 0.801306 -0.075127
v 0.407865 0.805359 -0.074774
v 0.421133 0.787778 -0.073488
v 0.417320 0.777012 -0.073611
v 0.399117 0.783298 -0.074584
v 0.401811 0.795447 -0.075152
v 0.424181 0.792835 -0.073242
v 0.407755 0.810989 -0.074740
v 0.427512 0.806273 -0.072452
v 0.426718 0.799981 -0.072948
v 0.407677 0.816924 -0.074572
v 0.415280 0.771251 -0.073573
v 0.410209 0.765728 -0.074087
v 0.392636 0.767547 -0.073836
v 0.407254 0.759956 -0.073891
v 0.398460 0.750895 -0.072740
v 0.428456 0.812819 -0.071815
v 0.400071 0.789088 -0.074935
v 0.418918 0.782628 -0.073592
v 0.357347 0.824812 0.051756
v 0.356020 0.824492 0.049418
v 0.352855 0.829150 0.033128
v 0.355837 0.841874 0.021128
v 0.354386 0.824177 0.045982
v 0.359123 0.849209 0.017796
v 0.375645 0.860989 0.039052
v 0.372220 0.851007 0.040537
v 0.352977 0.825276 0.039763
v 0.366984 0.837210 0.049959
v 0.378413 0.869660 0.037194
v 0.361277 0.856140 0.013079
v 0.381567 0.877784 0.035750
v 0.364327 0.832232 0.055462
v 0.360780 0.827361 0.055948
v 0.358660 0.825380 0.054010
v 0.363803 0.863277 0.008386
v 0.369054 0.842493 0.043860
v 0.353434 0.834912 0.026010
v 0.421637 0.818540 0.018043
v 0.401434 0.870214 0.014049
v 0.423050 0.825527 0.016824
v 0.421031 0.866009 0.015199
v 0.423156 0.854484 0.014035
v 0.425339 0.844354 0.014958
v 0.427098 0.834469 0.016664
v 0.391003 0.869020 0.018617
v 0.391365 0.865940 0.007752
v 0.368109 0.870352 0.005817
v 0.394106 0.873731 0.015365
v 0.404558 0.716893 -0.022610
v 0.390658 0.723978 -0.023053
v 0.397477 0.720895 -0.025132
v 0.393765 0.720159 -0.002735
v 0.387723 0.723907 -0.009516
v 0.402675 0.717049 -0.005241
v 0.388267 0.725274 -0.017005
v 0.406014 0.715017 -0.014088
v 0.393129 0.734354 0.011002
v 0.379795 0.738197 0.005249
v 0.387681 0.735236 0.004925
v 0.379799 0.740328 0.029481
v 0.373607 0.742423 0.020599
v 0.389353 0.736925 0.027260
v 0.375934 0.741468 0.011857
v 0.393309 0.734960 0.019305
v 0.394922 0.732148 -0.041847
v 0.407541 0.726622 -0.039549
v 0.408707 0.725549 -0.056565
v 0.394803 0.731696 -0.053982
v 0.400067 0.727818 -0.059917
v 0.400025 0.729465 -0.036721
v 0.411031 0.724526 -0.047566
v 0.394519 0.733078 -0.047838
v 0.403712 0.752579 -0.081357
v 0.393153 0.761143 -0.079033
v 0.402047 0.756347 -0.065951
v 0.394242 0.762107 -0.068754
v 0.396452 0.756674 -0.084112
v 0.396903 0.760247 -0.065691
v 0.393123 0.762549 -0.073650
v 0.404876 0.752917 -0.072730
v 0.393833 0.760269 -0.071131
v 0.087730 0.003322 -0.071892
v 0.091429 0.016214 -0.001463
v 0.092234 0.002376 0.044832
v 0.094575 0.000931 0.059061
v 0.074119 0.005356 -0.043816
v 0.088639 0.015303 -0.012419
v 0.084907 0.013465 -0.023409
v 0.079789 0.009593 -0.033532
v 0.093409 0.012435 0.020995
v 0.129648 0.052277 0.071899
v 0.082395 0.037358 0.080052
v 0.076197 0.027099 0.080010
v 0.075547 0.014191 0.078760
v 0.179217 0.034252 0.046930
v 0.183267 0.026650 0.043049
v 0.184605 0.018466 0.041050
v 0.161919 0.004117 0.049119
v 0.153490 0.049522 0.063399
v 0.142238 0.002978 0.057773
v 0.121205 0.003107 0.065665
v 0.098055 0.003096 0.072914
v 0.103827 0.049772 0.077778
v 0.179708 0.010897 0.041897
v 0.091748 0.045223 0.079392
v 0.173263 0.041663 0.052428
v 0.085676 0.005018 0.076051
v 0.117486 0.071722 0.031774
v 0.081832 0.046725 0.029883
v 0.079686 0.036579 0.027989
v 0.080750 0.026725 0.025718
v 0.166090 0.047143 0.006838
v 0.171410 0.036291 0.002159
v 0.175043 0.024643 -0.001344
v 0.150979 0.007094 0.004385
v 0.141361 0.070687 0.024877
v 0.111753 0.005813 0.015939
v 0.093173 0.067047 0.034742
v 0.085949 0.018550 0.023413
v 0.159672 0.057282 0.012862
v 0.169600 0.014010 -0.001158
v 0.085685 0.057241 0.032031
v 0.132904 0.046430 0.082719
v 0.126644 0.058465 0.061773
v 0.123512 0.062197 0.051046
v 0.111403 0.082789 0.014465
v 0.097231 0.003441 -0.074417
v 0.106465 0.004404 -0.076423
v 0.114489 0.006860 -0.077693
v 0.121081 0.009287 -0.079119
v 0.133649 0.049566 -0.074451
v 0.136772 0.039113 -0.076547
v 0.138926 0.028752 -0.078113
v 0.061708 0.010640 -0.055078
v 0.058151 0.042442 -0.055370
v 0.056057 0.031525 -0.055168
v 0.056207 0.020465 -0.054823
v 0.136485 0.019449 -0.076809
v 0.060154 0.053689 -0.055606
v 0.063647 0.045181 -0.031038
v 0.064219 0.034050 -0.030486
v 0.066786 0.023857 -0.030575
v 0.143610 0.050911 -0.056045
v 0.147179 0.039608 -0.057008
v 0.149892 0.028648 -0.058254
v 0.131232 0.010444 -0.050626
v 0.097386 0.005093 -0.039187
v 0.072189 0.015514 -0.031617
v 0.145821 0.019233 -0.056500
v 0.063935 0.056665 -0.032127
v 0.067962 0.047354 -0.019438
v 0.069166 0.036250 -0.019182
v 0.072309 0.026332 -0.019740
v 0.148774 0.052847 -0.046059
v 0.152487 0.040479 -0.046528
v 0.155202 0.028499 -0.047592
v 0.135034 0.010658 -0.039730
v 0.101096 0.007701 -0.028470
v 0.077767 0.018686 -0.021221
v 0.150649 0.018748 -0.045844
v 0.068094 0.058988 -0.020688
v 0.058854 0.041868 -0.068087
v 0.059935 0.043476 -0.042877
v 0.072310 0.049513 -0.007453
v 0.055742 0.030927 -0.068587
v 0.059181 0.032420 -0.042286
v 0.073185 0.038188 -0.007620
v 0.055643 0.019443 -0.068387
v 0.060584 0.021590 -0.041848
v 0.076157 0.028281 -0.008578
v 0.153189 0.055520 -0.034210
v 0.138558 0.049849 -0.065378
v 0.157755 0.041675 -0.035088
v 0.142034 0.039238 -0.066982
v 0.160836 0.028393 -0.036460
v 0.144496 0.028963 -0.068414
v 0.139167 0.009916 -0.028665
v 0.127839 0.009826 -0.061150
v 0.104419 0.008321 -0.017339
v 0.093835 0.002551 -0.050052
v 0.081553 0.020558 -0.010224
v 0.065811 0.012114 -0.042385
v 0.061628 0.010420 -0.067541
v 0.141265 0.019684 -0.066921
v 0.156007 0.017442 -0.035024
v 0.061678 0.052878 -0.067479
v 0.060970 0.054919 -0.043683
v 0.073167 0.061889 -0.008565
v 0.186608 0.016740 0.050787
v 0.185468 0.025041 0.052654
v 0.181175 0.031992 0.056875
v 0.183593 0.019578 0.030640
v 0.181219 0.028629 0.033129
v 0.176422 0.036650 0.037130
v 0.181883 0.020487 0.020127
v 0.178691 0.030706 0.023112
v 0.173372 0.039513 0.027337
v 0.075409 0.020276 0.050352
v 0.075892 0.032056 0.052752
v 0.080723 0.042274 0.054213
v 0.074560 0.017205 0.064419
v 0.075756 0.029538 0.066209
v 0.081257 0.039786 0.067021
v 0.077978 0.010709 0.092504
v 0.076639 0.024653 0.093637
v 0.082451 0.036420 0.093344
v 0.079018 0.029203 0.002711
v 0.076611 0.039207 0.004230
v 0.076802 0.051009 0.005280
v 0.166195 0.028230 -0.024715
v 0.162545 0.042482 -0.022215
v 0.155943 0.058829 -0.018815
v 0.187290 0.014562 0.068825
v 0.185804 0.022075 0.071195
v 0.181512 0.026952 0.075433
v 0.088067 0.031865 0.114920
v 0.083403 0.020071 0.112954
v 0.085722 0.009180 0.110495
v 0.164308 0.003525 0.060711
v 0.159645 0.003701 0.037838
v 0.157340 0.003124 0.026558
v 0.155157 0.042996 0.073549
v 0.151409 0.055582 0.053551
v 0.148219 0.060207 0.043502
v 0.145657 0.002450 0.070450
v 0.125048 0.002502 0.079140
v 0.118176 0.000000 0.052821
v 0.115559 0.000168 0.039814
v 0.101766 0.001927 0.086666
v 0.107158 0.046198 0.089807
v 0.100780 0.054627 0.066580
v 0.098327 0.058504 0.055342
v 0.176213 0.011034 0.020657
v 0.178008 0.011222 0.031334
v 0.181959 0.008947 0.051976
v 0.087422 0.052004 0.055341
v 0.089125 0.049054 0.067443
v 0.093847 0.043282 0.091955
v 0.174344 0.037439 0.062724
v 0.170878 0.045171 0.042395
v 0.167540 0.048648 0.032562
v 0.089128 0.002450 0.089609
v 0.082284 0.005956 0.061776
v 0.081694 0.009405 0.047480
v 0.143314 0.009431 -0.017554
v 0.158591 0.032081 0.098129
v 0.133049 0.081321 0.007404
v 0.169015 0.006733 0.081263
v 0.140437 0.035835 0.107797
v 0.153892 0.006619 0.093323
v 0.107278 0.008520 -0.006375
v 0.134673 0.006837 0.102069
v 0.087684 0.077299 0.014220
v 0.116329 0.037412 0.115114
v 0.111119 0.007487 0.106702
v 0.149841 0.069631 -0.007286
v 0.161212 0.016330 -0.023877
v 0.079514 0.065701 0.005930
v 0.084281 0.021471 0.000773
v 0.174501 0.027235 0.085506
v 0.183020 0.007730 0.069643
v 0.100293 0.039076 0.114848
v 0.095344 0.004634 0.107041
v 0.126449 0.012583 -0.082435
v 0.130984 0.018967 -0.085951
v 0.125144 0.007108 -0.011769
v 0.121731 0.007305 -0.022810
v 0.137001 0.001075 0.033533
v 0.118197 0.007381 -0.033947
v 0.139572 0.000941 0.045631
v 0.114872 0.006202 -0.044947
v 0.131427 0.005753 0.010598
v 0.111831 0.004845 -0.055772
v 0.132319 0.028863 -0.087090
v 0.119442 0.003942 0.129165
v 0.121490 0.025181 0.133468
v 0.123470 0.022697 0.141869
v 0.114979 0.004765 0.119178
v 0.121184 0.003176 0.138317
v 0.119714 0.005563 0.144516
v 0.096416 0.024448 0.139206
v 0.100604 0.021962 0.147534
v 0.105665 0.019976 0.154210
v 0.123435 0.019767 0.149361
v 0.093396 0.004019 0.135490
v 0.104210 0.005797 0.147664
v 0.098598 0.003382 0.143202
v 0.089331 0.005864 0.126384
v 0.119574 0.029644 0.126629
v 0.094694 0.028118 0.131773
v 0.123962 0.011518 0.148083
v 0.103748 0.011625 0.152785
v 0.094979 0.012476 0.147221
v 0.129295 0.012905 0.139793
v 0.122418 0.015717 0.120917
v 0.086731 0.017219 0.129939
v 0.127595 0.014834 0.129664
v 0.088925 0.014880 0.139110
v 0.092509 0.030039 0.123664
v 0.087775 0.008783 0.117614
v 0.116470 0.032828 0.120971
v 0.109911 0.007340 0.111817
v 0.115723 0.017950 0.115849
v 0.085802 0.019102 0.121022
v 0.114107 0.011297 0.151381
v 0.111826 0.004967 0.145938
v 0.101197 0.003394 0.122143
v 0.108992 0.001268 0.139403
v 0.105675 0.001642 0.131480
v 0.107220 0.031704 0.130875
v 0.109030 0.025302 0.136577
v 0.112416 0.023351 0.144692
v 0.115327 0.020876 0.153683
v 0.104904 0.035983 0.123951
v 0.097809 0.006035 0.113690
v 0.140220 0.004054 0.123710
v 0.141846 0.023448 0.128271
v 0.142685 0.021312 0.134273
v 0.138096 0.006293 0.116316
v 0.140761 0.004436 0.131735
v 0.139368 0.006918 0.137245
v 0.121666 0.021162 0.130912
v 0.123807 0.020629 0.138100
v 0.126860 0.019895 0.144200
v 0.141852 0.019051 0.139974
v 0.119042 0.005174 0.127788
v 0.126850 0.007555 0.140163
v 0.122878 0.005105 0.135485
v 0.117211 0.008049 0.120215
v 0.141031 0.027139 0.122679
v 0.119968 0.025225 0.124903
v 0.142326 0.012228 0.139476
v 0.125369 0.012996 0.144172
v 0.118326 0.012837 0.138903
v 0.147201 0.012394 0.132717
v 0.144693 0.016100 0.118378
v 0.114371 0.017202 0.123466
v 0.147071 0.013821 0.125161
v 0.114573 0.014169 0.131250
v 0.119855 0.029391 0.117696
v 0.117194 0.009900 0.112894
v 0.139974 0.031365 0.115872
v 0.135496 0.008202 0.108938
v 0.142297 0.018392 0.112741
v 0.117103 0.019402 0.116425
v 0.134403 0.012688 0.143294
v 0.133304 0.006188 0.139248
v 0.127053 0.003677 0.117426
v 0.131512 0.001796 0.132784
v 0.129066 0.000501 0.124749
v 0.130392 0.029411 0.124837
v 0.131805 0.024331 0.129724
v 0.133397 0.023200 0.136128
v 0.135032 0.020823 0.143733
v 0.129408 0.033676 0.117629
v 0.125279 0.007214 0.110256
v 0.113410 0.002652 0.082736
v 0.121542 0.005111 0.102435
v 0.109769 0.003306 0.069320
v 0.157693 0.003249 0.115485
v 0.159061 0.019874 0.120594
v 0.159193 0.018185 0.125834
v 0.157157 0.005468 0.109138
v 0.156958 0.004105 0.121670
v 0.155478 0.006180 0.125892
v 0.143581 0.018951 0.121359
v 0.144410 0.017103 0.126912
v 0.146077 0.015535 0.131419
v 0.157925 0.015539 0.129665
v 0.139980 0.005270 0.117334
v 0.145267 0.006143 0.127994
v 0.142254 0.004679 0.123761
v 0.138952 0.007686 0.111166
v 0.158957 0.022612 0.114476
v 0.143280 0.022647 0.115976
v 0.157925 0.010437 0.128349
v 0.144504 0.010607 0.130936
v 0.140261 0.011601 0.125801
v 0.162220 0.011060 0.123686
v 0.164015 0.013677 0.110997
v 0.138277 0.015761 0.113715
v 0.163963 0.011985 0.117785
v 0.138642 0.013170 0.119638
v 0.143119 0.028622 0.110792
v 0.138982 0.009662 0.105725
v 0.158245 0.027816 0.107036
v 0.155557 0.007965 0.101964
v 0.162169 0.016381 0.105129
v 0.139396 0.018366 0.109338
v 0.151632 0.009988 0.131266
v 0.150462 0.004958 0.127383
v 0.146868 0.003934 0.109436
v 0.149099 0.001210 0.121902
v 0.147698 0.000420 0.115315
v 0.150520 0.025447 0.116707
v 0.150726 0.021332 0.122101
v 0.151565 0.019119 0.127168
v 0.152324 0.016091 0.132183
v 0.150268 0.031229 0.109718
v 0.145857 0.007288 0.103139
v 0.171636 0.003223 0.100899
v 0.173969 0.017222 0.105412
v 0.174127 0.015637 0.110652
v 0.170868 0.005247 0.095029
v 0.170988 0.003914 0.106707
v 0.169827 0.005722 0.110400
v 0.160129 0.018408 0.108394
v 0.160945 0.016412 0.112953
v 0.162626 0.014359 0.116510
v 0.172929 0.013447 0.114461
v 0.157760 0.006377 0.104253
v 0.161693 0.006607 0.112450
v 0.159323 0.005823 0.109253
v 0.156846 0.007816 0.099104
v 0.172781 0.019457 0.100027
v 0.159194 0.022024 0.104077
v 0.172361 0.008962 0.112724
v 0.161398 0.010106 0.115191
v 0.157807 0.011328 0.111504
v 0.176083 0.009190 0.108228
v 0.175509 0.012309 0.096607
v 0.155012 0.015494 0.101885
v 0.177389 0.010221 0.102264
v 0.156356 0.012933 0.106664
v 0.159578 0.026008 0.099049
v 0.156991 0.008540 0.094820
v 0.172217 0.023722 0.093667
v 0.169451 0.007285 0.088850
v 0.173012 0.014790 0.092133
v 0.156248 0.017981 0.097437
v 0.167086 0.009215 0.115084
v 0.165645 0.005378 0.111703
v 0.162980 0.004193 0.096494
v 0.164386 0.002914 0.107420
v 0.163509 0.002486 0.102030
v 0.166573 0.023050 0.103410
v 0.167093 0.019491 0.108051
v 0.167603 0.017425 0.112577
v 0.168176 0.014466 0.116936
v 0.166402 0.027549 0.097158
v 0.162363 0.005976 0.090855
v 0.182654 0.004544 0.089121
v 0.184044 0.017703 0.092841
v 0.183639 0.015608 0.097251
v 0.182941 0.006496 0.083430
v 0.181815 0.004595 0.094629
v 0.180780 0.005900 0.098265
v 0.172984 0.018399 0.095576
v 0.173811 0.016339 0.099242
v 0.175025 0.014332 0.102256
v 0.182664 0.013436 0.100610
v 0.170425 0.006306 0.091899
v 0.174220 0.006900 0.099609
v 0.172149 0.005979 0.096533
v 0.169784 0.007626 0.087155
v 0.184195 0.019617 0.087583
v 0.172471 0.021420 0.091802
v 0.182546 0.009225 0.100063
v 0.173814 0.010493 0.101834
v 0.170855 0.011753 0.098524
v 0.185023 0.010045 0.095814
v 0.186782 0.013124 0.084632
v 0.168631 0.015589 0.090289
v 0.186422 0.011487 0.090579
v 0.169301 0.013335 0.094527
v 0.174531 0.024265 0.087401
v 0.171508 0.007377 0.083074
v 0.184578 0.021141 0.080414
v 0.182825 0.008172 0.077273
v 0.186602 0.014348 0.077526
v 0.171153 0.016742 0.087060
v 0.178417 0.009311 0.102269
v 0.177500 0.005433 0.099282
v 0.175911 0.004332 0.084511
v 0.176560 0.002673 0.094914
v 0.175826 0.002112 0.089530
v 0.178638 0.022274 0.090324
v 0.178600 0.019583 0.094655
v 0.178906 0.017330 0.098507
v 0.179175 0.014297 0.102569
v 0.179662 0.024934 0.083991
v 0.176376 0.006075 0.079520
v 0.116760 0.051964 0.075233
v 0.120299 0.047204 0.086517
v 0.127611 0.039074 0.108443
v 0.144420 0.044899 0.078118
v 0.149140 0.036652 0.100102
v 0.141926 0.051219 0.067794
v 0.164201 0.046752 0.058306
v 0.165190 0.040887 0.068274
v 0.166791 0.031563 0.088432
v 0.173472 0.004782 0.055675
v 0.171419 0.006067 0.044936
v 0.175972 0.005685 0.073244
v 0.152122 0.003337 0.053438
v 0.154945 0.002845 0.065359
v 0.160536 0.004530 0.084218
v 0.132000 0.002916 0.061758
v 0.135602 0.002265 0.074646
v 0.143046 0.004954 0.095210
v 0.115564 0.020511 0.114121
v 0.113478 0.011485 0.110870
v 0.117602 0.030931 0.118904
v 0.141419 0.030081 0.112133
v 0.139486 0.019889 0.110087
v 0.137085 0.010881 0.106483
v 0.158731 0.026999 0.102277
v 0.157696 0.018346 0.101689
v 0.156283 0.010109 0.098101
v 0.173589 0.022917 0.089420
v 0.172389 0.015733 0.089038
v 0.171471 0.008263 0.085761
v 0.105500 0.069974 0.033632
v 0.110917 0.060684 0.053462
v 0.099678 0.082416 0.016394
v 0.113625 0.057294 0.064548
v 0.129445 0.071743 0.028738
v 0.136004 0.061603 0.047522
v 0.139324 0.057493 0.057905
v 0.122262 0.082146 0.011350
v 0.113994 0.039796 -0.099863
v 0.102942 0.039993 -0.103711
v 0.123146 0.039539 -0.093431
v 0.152940 0.067135 0.019544
v 0.130610 0.039285 -0.085464
v 0.162555 0.052161 0.048435
v 0.159806 0.056958 0.038582
v 0.143546 0.078381 0.001371
v 0.102143 0.008027 0.018436
v 0.099212 0.012174 -0.003830
v 0.104187 0.000382 0.042493
v 0.088539 0.006633 -0.036371
v 0.092900 0.010296 -0.025993
v 0.096447 0.011652 -0.014852
v 0.084203 0.002684 -0.046965
v 0.106737 0.000226 0.056080
v 0.109642 0.006596 -0.031153
v 0.112992 0.006876 -0.020045
v 0.103074 0.003129 -0.053011
v 0.126475 0.000432 0.036794
v 0.106257 0.004933 -0.042082
v 0.121590 0.005436 0.013379
v 0.129116 0.000180 0.049328
v 0.116090 0.006962 -0.009039
v 0.134248 0.007983 -0.014597
v 0.130466 0.008348 -0.025657
v 0.147216 0.002055 0.030096
v 0.126675 0.008795 -0.036773
v 0.149691 0.002166 0.041744
v 0.123173 0.008154 -0.047761
v 0.141249 0.006303 0.007580
v 0.120045 0.007179 -0.058419
v 0.160489 0.009288 0.001377
v 0.135160 0.013523 -0.064139
v 0.147601 0.012650 -0.031754
v 0.143054 0.013708 -0.042771
v 0.138921 0.013736 -0.053605
v 0.169335 0.006208 0.034157
v 0.167344 0.005526 0.023205
v 0.152076 0.011924 -0.020560
v 0.066896 0.029651 -0.093103
v 0.068917 0.041130 -0.091470
v 0.124479 0.009332 -0.070904
v 0.131220 0.013014 -0.073975
v 0.117075 0.006710 -0.068514
v 0.108909 0.004435 -0.066325
v 0.099972 0.002859 -0.063944
v 0.090570 0.002316 -0.061327
v 0.124581 0.028970 -0.095250
v 0.103418 0.028541 -0.105400
v 0.115124 0.028627 -0.101978
v 0.070552 0.004183 -0.056085
v 0.080737 0.001703 -0.058712
v 0.078228 0.003004 -0.069382
v 0.069482 0.005251 -0.067125
v 0.090866 0.028530 -0.104663
v 0.090880 0.040120 -0.103268
v 0.128186 0.049821 -0.083104
v 0.102523 0.051076 -0.100899
v 0.112832 0.050725 -0.097112
v 0.121415 0.050291 -0.090923
v 0.077995 0.028869 -0.101224
v 0.079018 0.040561 -0.099431
v 0.059210 0.030364 -0.081802
v 0.062251 0.041528 -0.080419
v 0.124358 0.018657 -0.094210
v 0.070835 0.052170 -0.089496
v 0.091209 0.051263 -0.100693
v 0.080117 0.051690 -0.097088
v 0.065022 0.052456 -0.078955
v 0.115390 0.017031 -0.100520
v 0.059487 0.018538 -0.081059
v 0.067113 0.017637 -0.091804
v 0.121078 0.012251 -0.089186
v 0.113558 0.010602 -0.092978
v 0.064892 0.010404 -0.077715
v 0.071033 0.008453 -0.086069
v 0.118307 0.009802 -0.084823
v 0.112767 0.007997 -0.085600
v 0.069987 0.006880 -0.074595
v 0.075802 0.004775 -0.078385
v 0.103804 0.016759 -0.103919
v 0.091226 0.016463 -0.102760
v 0.078350 0.016222 -0.099484
v 0.104020 0.008597 -0.095595
v 0.092798 0.007317 -0.094998
v 0.081382 0.007178 -0.091665
v 0.104677 0.005688 -0.085937
v 0.094905 0.004624 -0.084515
v 0.084977 0.004533 -0.081770
v 0.108186 0.104619 -0.014266
v 0.101048 0.105661 -0.011743
v 0.115142 0.103797 -0.017326
v 0.121069 0.102514 -0.021642
v 0.125731 0.100947 -0.027079
v 0.127483 0.098458 -0.033844
v 0.127960 0.096343 -0.041135
v 0.129258 0.095264 -0.048677
v 0.132533 0.094630 -0.056024
v 0.134672 0.093691 -0.064691
v 0.130831 0.093116 -0.073022
v 0.123833 0.093021 -0.078751
v 0.115264 0.093112 -0.080162
v 0.108084 0.093323 -0.083500
v 0.100997 0.094135 -0.087306
v 0.092826 0.094950 -0.088747
v 0.084426 0.095595 -0.087016
v 0.076828 0.096072 -0.082406
v 0.072151 0.096058 -0.074682
v 0.068702 0.096201 -0.066347
v 0.064632 0.096693 -0.058300
v 0.062956 0.097273 -0.049147
v 0.066368 0.098548 -0.040513
v 0.070486 0.099889 -0.032457
v 0.074587 0.101540 -0.024550
v 0.079247 0.103580 -0.017422
v 0.085514 0.105591 -0.012140
v 0.093404 0.106688 -0.009924
v 0.105953 0.093964 -0.000365
v 0.114871 0.093020 -0.003156
v 0.123653 0.092311 -0.006741
v 0.131323 0.090091 -0.012267
v 0.136145 0.085621 -0.019669
v 0.138723 0.081154 -0.028154
v 0.139216 0.077842 -0.037439
v 0.137856 0.075298 -0.046550
v 0.135351 0.073427 -0.055144
v 0.132191 0.072258 -0.063348
v 0.128213 0.071658 -0.071091
v 0.123371 0.071533 -0.078270
v 0.117405 0.071788 -0.084669
v 0.110067 0.072238 -0.089898
v 0.101497 0.072989 -0.093817
v 0.091701 0.073669 -0.094627
v 0.081933 0.074258 -0.091918
v 0.073690 0.074635 -0.085628
v 0.068427 0.074808 -0.076656
v 0.064909 0.075240 -0.066915
v 0.062711 0.076016 -0.056742
v 0.063070 0.077097 -0.046288
v 0.066087 0.078548 -0.036291
v 0.070204 0.080520 -0.026692
v 0.074838 0.083241 -0.017346
v 0.079964 0.086962 -0.008566
v 0.086868 0.091375 -0.001818
v 0.096274 0.094453 0.001267
v 0.108645 0.088403 0.006657
v 0.118602 0.087494 0.003617
v 0.128413 0.086785 -0.000195
v 0.137523 0.084289 -0.006132
v 0.142906 0.077783 -0.014443
v 0.146256 0.071325 -0.024306
v 0.146252 0.067629 -0.035799
v 0.143879 0.064792 -0.046299
v 0.139981 0.062641 -0.055679
v 0.135808 0.061395 -0.064512
v 0.131297 0.060863 -0.072952
v 0.126101 0.060868 -0.080929
v 0.119591 0.061132 -0.088036
v 0.111478 0.061473 -0.093630
v 0.102006 0.062041 -0.097518
v 0.091395 0.062491 -0.097876
v 0.080925 0.062988 -0.094664
v 0.072336 0.063350 -0.087490
v 0.067054 0.063572 -0.077644
v 0.063697 0.064087 -0.067054
v 0.061724 0.064995 -0.056067
v 0.062113 0.066250 -0.044873
v 0.064937 0.067927 -0.034011
v 0.069118 0.070168 -0.023443
v 0.074174 0.073148 -0.012915
v 0.079901 0.077536 -0.002458
v 0.087222 0.084162 0.005282
v 0.097781 0.088492 0.008382
v 0.111392 0.098598 -0.009169
v 0.119144 0.097796 -0.012505
v 0.125762 0.096033 -0.017420
v 0.130453 0.093292 -0.023817
v 0.132544 0.089972 -0.031275
v 0.132899 0.087109 -0.039224
v 0.132205 0.085005 -0.047288
v 0.130794 0.083774 -0.055213
v 0.129243 0.083155 -0.062879
v 0.126361 0.082637 -0.070072
v 0.121299 0.082308 -0.075982
v 0.115403 0.082300 -0.081391
v 0.108747 0.082841 -0.086344
v 0.101069 0.083740 -0.090289
v 0.092120 0.084520 -0.091383
v 0.083049 0.085179 -0.089279
v 0.075150 0.085600 -0.083859
v 0.070040 0.085705 -0.075662
v 0.066628 0.085947 -0.066681
v 0.064019 0.086514 -0.057435
v 0.063820 0.087382 -0.047733
v 0.066812 0.088649 -0.038517
v 0.070741 0.090340 -0.029728
v 0.074947 0.092604 -0.021207
v 0.079733 0.095485 -0.013391
v 0.086263 0.098546 -0.007417
v 0.094865 0.100447 -0.004834
v 0.103462 0.099563 -0.006582
v 0.105248 0.111083 -0.018739
v 0.126296 0.106242 -0.042453
v 0.130512 0.105739 -0.048651
v 0.134280 0.105396 -0.055866
v 0.123627 0.104109 -0.078077
v 0.115763 0.103734 -0.080459
v 0.093823 0.104947 -0.086870
v 0.086014 0.105528 -0.085366
v 0.062125 0.106706 -0.060750
v 0.058119 0.106933 -0.050879
v 0.061777 0.107885 -0.040940
v 0.068249 0.109223 -0.034027
v 0.078264 0.111623 -0.020594
v 0.092437 0.007387 0.032282
v 0.081238 0.044500 0.041863
v 0.077572 0.034377 0.039999
v 0.120505 0.066597 0.041086
v 0.175400 0.033221 0.012891
v 0.178947 0.022241 0.009513
v 0.170020 0.042997 0.017334
v 0.173325 0.012109 0.009776
v 0.086680 0.054416 0.043518
v 0.078053 0.023545 0.037476
v 0.144853 0.065255 0.034009
v 0.154388 0.004553 0.015310
v 0.113545 0.002935 0.027603
v 0.095997 0.062455 0.044725
v 0.083815 0.014212 0.034897
v 0.163802 0.052658 0.022794
v 0.134286 0.003394 0.021942
v 0.108303 0.064773 0.043128
v 0.132733 0.066389 0.037855
v 0.156587 0.061950 0.029018
v 0.102815 0.003768 0.029924
v 0.124020 0.003054 0.024939
v 0.144373 0.003910 0.018704
v 0.164313 0.006752 0.012134
v 0.093268 0.015643 0.009750
v 0.161694 0.052241 -0.004787
v 0.167230 0.039639 -0.009473
v 0.086078 0.021097 0.011985
v 0.155250 0.062841 0.002627
v 0.090056 0.071927 0.024632
v 0.170846 0.026831 -0.012777
v 0.147291 0.008795 -0.006532
v 0.109735 0.007835 0.004647
v 0.114417 0.077161 0.022882
v 0.080432 0.049107 0.017844
v 0.080947 0.028798 0.014113
v 0.079249 0.038483 0.016086
v 0.137474 0.076078 0.015928
v 0.083590 0.060805 0.020073
v 0.165666 0.015375 -0.012457
v 0.128383 0.006815 -0.000694
v 0.102477 0.076128 0.024867
v 0.125963 0.077007 0.019853
v 0.148693 0.072594 0.010162
v 0.101211 0.011299 0.007300
v 0.118965 0.006579 0.002011
v 0.137860 0.007572 -0.003550
v 0.156370 0.011108 -0.009475
v 0.137004 0.041694 0.095771
v 0.084367 0.034532 0.104922
v 0.181925 0.029367 0.066584
v 0.080060 0.021925 0.104218
v 0.182819 0.007834 0.060954
v 0.096722 0.041439 0.103892
v 0.166698 0.004158 0.072004
v 0.157384 0.037174 0.085997
v 0.149695 0.003068 0.082852
v 0.093029 0.002211 0.099663
v 0.129670 0.003072 0.091783
v 0.106184 0.002603 0.098097
v 0.111715 0.042884 0.103284
v 0.174876 0.032463 0.074359
v 0.186456 0.023443 0.061941
v 0.187607 0.015326 0.059822
v 0.082514 0.009069 0.102566
v 0.117390 0.003124 0.093671
v 0.124312 0.043708 0.098265
v 0.147177 0.040241 0.089416
v 0.166378 0.035743 0.078789
v 0.174717 0.004741 0.065107
v 0.157806 0.003279 0.076048
v 0.139441 0.002664 0.086090
v 0.119126 0.037669 0.111110
v 0.111358 0.039462 0.113981
v 0.142854 0.036895 0.103867
v 0.136342 0.037520 0.106767
v 0.155691 0.034209 0.097729
v 0.161000 0.032202 0.093050
v 0.172042 0.029037 0.085341
v 0.176962 0.028224 0.080704
v 0.105198 0.005983 0.105168
v 0.114070 0.005144 0.105350
v 0.130169 0.005559 0.101182
v 0.136658 0.005394 0.098797
v 0.150403 0.005925 0.093204
v 0.155521 0.004769 0.088895
v 0.166294 0.005659 0.081400
v 0.170921 0.005829 0.077630
v -0.082268 1.418573 0.007414
v -0.058067 1.466546 -0.007661
v -0.074885 1.428829 -0.001274
v -0.069014 1.439823 -0.004497
v -0.064686 1.449791 -0.005807
v -0.061080 1.458634 -0.006860
v -0.055565 1.473697 -0.008112
v -0.053574 1.480282 -0.008063
v -0.052285 1.486555 -0.007297
v -0.052064 1.492452 -0.005561
v -0.053413 1.497850 -0.002802
v -0.079945 1.428045 -0.119239
v -0.056559 1.502615 0.000728
v -0.061153 1.506894 0.004963
v -0.021917 1.405102 0.029734
v -0.110921 1.445430 -0.031908
v -0.105821 1.436415 -0.018262
v -0.069011 1.414670 0.014899
v -0.049062 1.421083 -0.129405
v -0.027831 1.479902 0.027925
v -0.024714 1.469000 0.014798
v -0.032644 1.483259 0.044492
v -0.029930 1.481614 0.034912
v -0.026263 1.477479 0.022407
v -0.025307 1.473778 0.018136
v -0.024338 1.463184 0.012159
v -0.070842 1.487975 -0.047927
v -0.064759 1.496830 -0.059798
v -0.061736 1.503888 -0.059185
v -0.059766 1.511378 -0.058866
v -0.058583 1.519340 -0.058794
v -0.057918 1.527829 -0.058978
v -0.057418 1.536788 -0.059354
v -0.024311 1.539523 -0.094622
v -0.024928 1.531721 -0.094300
v -0.025632 1.523708 -0.094407
v -0.026577 1.515413 -0.095226
v -0.027790 1.506596 -0.096534
v -0.029153 1.496984 -0.097996
v -0.035092 1.539635 -0.089067
v -0.035922 1.531605 -0.088775
v -0.036842 1.523478 -0.088809
v -0.038135 1.515260 -0.089430
v -0.039900 1.506866 -0.090555
v -0.041938 1.498032 -0.092035
v -0.051419 1.538457 -0.070773
v -0.052104 1.529813 -0.070248
v -0.052990 1.521417 -0.070011
v -0.054456 1.513368 -0.070176
v -0.056748 1.505682 -0.070761
v -0.059978 1.498317 -0.071882
v -0.063993 1.491079 -0.073488
v -0.055666 1.490504 -0.084953
v -0.052326 1.498609 -0.082959
v -0.067302 1.494580 -0.047530
v -0.049540 1.506626 -0.081535
v -0.047344 1.514623 -0.080618
v -0.045815 1.522741 -0.080222
v -0.044869 1.531013 -0.080360
v -0.044030 1.539329 -0.080770
v -0.067507 1.481578 -0.024694
v -0.062361 1.477627 -0.015486
v -0.064305 1.529133 -0.032903
v -0.065423 1.522375 -0.018758
v -0.065172 1.513927 -0.006174
v -0.055696 1.500545 0.014804
v -0.049922 1.493981 0.024155
v -0.043114 1.487525 0.033577
v -0.063886 1.520091 -0.033809
v -0.062201 1.514534 -0.021169
v -0.060237 1.508553 -0.009544
v -0.051676 1.496751 0.010090
v -0.046231 1.490657 0.018940
v -0.039389 1.484994 0.027382
v -0.064183 1.512147 -0.034449
v -0.061965 1.507301 -0.022784
v -0.057893 1.502637 -0.012303
v -0.048569 1.492745 0.005995
v -0.043227 1.487436 0.014258
v -0.036552 1.482723 0.021699
v -0.064751 1.504945 -0.034923
v -0.062478 1.500661 -0.023736
v -0.057684 1.496489 -0.014092
v -0.046547 1.488259 0.002541
v -0.040973 1.483879 0.010242
v -0.034471 1.479934 0.017002
v -0.065750 1.498193 -0.035299
v -0.063421 1.494352 -0.024351
v -0.058475 1.490317 -0.015120
v -0.045909 1.482957 -0.000031
v -0.039878 1.479302 0.007102
v -0.033307 1.475953 0.013367
v -0.067609 1.491669 -0.035571
v -0.065083 1.488062 -0.024652
v -0.060093 1.484122 -0.015520
v -0.046471 1.476916 -0.001553
v -0.039663 1.473795 0.004833
v -0.032699 1.470970 0.010562
v -0.064883 1.501405 -0.047232
v -0.063406 1.508608 -0.046996
v -0.062519 1.516323 -0.046815
v -0.062005 1.524691 -0.046689
v -0.061791 1.533842 -0.046665
v -0.012270 1.539340 -0.096658
v -0.012549 1.531628 -0.095945
v -0.012884 1.523633 -0.095631
v -0.013353 1.515170 -0.096074
v -0.013985 1.505920 -0.097205
v -0.014741 1.495613 -0.098887
v -0.015616 1.484562 -0.101153
v -0.018357 1.478088 0.032787
v -0.016303 1.467940 0.017516
v -0.020417 1.479038 0.049489
v -0.019562 1.479001 0.040272
v -0.017396 1.476014 0.026631
v -0.016734 1.472622 0.021593
v -0.032981 1.476732 -0.103819
v -0.047755 1.479888 -0.097456
v -0.059753 1.482386 -0.087523
v -0.073508 1.483188 -0.061772
v -0.068841 1.490078 -0.060738
v -0.030841 1.486840 -0.100185
v -0.044464 1.488897 -0.094121
v -0.070495 1.485161 -0.035698
v -0.047811 1.470227 -0.002192
v -0.039974 1.467426 0.003157
v -0.032348 1.465060 0.008189
v -0.032517 1.457890 0.006473
v -0.041076 1.459997 0.002451
v -0.065279 1.470630 -0.015038
v -0.016683 1.473340 -0.104294
v -0.016061 1.461975 0.014606
v -0.024575 1.447777 0.009028
v -0.024205 1.456226 0.010068
v -0.025847 1.438113 0.010431
v -0.027819 1.427771 0.014087
v -0.030249 1.416638 0.018986
v -0.068552 1.483724 -0.075351
v -0.075121 1.481219 -0.048340
v -0.049800 1.462883 -0.002031
v -0.070824 1.474746 -0.024468
v -0.074286 1.478442 -0.035683
v -0.016164 1.446713 0.011564
v -0.015965 1.454991 0.012567
v -0.016872 1.436966 0.012454
v -0.019995 1.415081 0.020613
v -0.018166 1.426158 0.015118
v -0.033528 1.449351 0.006282
v -0.035408 1.439927 0.008186
v -0.037798 1.429653 0.011283
v -0.040769 1.418505 0.015849
v -0.051642 1.420760 0.011036
v -0.048053 1.432076 0.007045
v -0.045194 1.442359 0.004511
v -0.042848 1.451657 0.002935
v -0.063028 1.424040 0.005254
v -0.055054 1.445594 -0.000174
v -0.058517 1.435339 0.001666
v -0.052161 1.454756 -0.001410
v -0.080080 1.474275 -0.048763
v -0.078836 1.471488 -0.035575
v -0.078807 1.476107 -0.062863
v -0.064817 1.474187 -0.090555
v -0.074967 1.467586 -0.023922
v -0.073987 1.476269 -0.077307
v -0.017955 1.462195 -0.107967
v -0.035587 1.466462 -0.107823
v -0.051805 1.470711 -0.101348
v -0.085004 1.469063 -0.063752
v -0.079975 1.459891 -0.023202
v -0.080364 1.468853 -0.079158
v -0.038584 1.456059 -0.112131
v -0.056436 1.461195 -0.105211
v -0.085908 1.467255 -0.048999
v -0.084191 1.464209 -0.035339
v -0.070663 1.465746 -0.093454
v -0.019397 1.451258 -0.112439
v -0.092766 1.462625 -0.064252
v -0.086080 1.451680 -0.022390
v -0.088162 1.461759 -0.080740
v -0.042080 1.445482 -0.117196
v -0.061919 1.451192 -0.108964
v -0.093328 1.460780 -0.048805
v -0.090996 1.457067 -0.034758
v -0.077654 1.457103 -0.096083
v -0.020915 1.440274 -0.117795
v -0.102481 1.457380 -0.064241
v -0.094668 1.443813 -0.020486
v -0.097647 1.454993 -0.081707
v -0.046001 1.434179 -0.123126
v -0.068962 1.440504 -0.113094
v -0.102811 1.455598 -0.047965
v -0.100141 1.451008 -0.033328
v -0.086264 1.448043 -0.097899
v -0.068874 1.463078 -0.014265
v -0.073288 1.454758 -0.013234
v -0.078591 1.445429 -0.012191
v -0.086302 1.435358 -0.009453
v -0.056667 1.411888 0.021077
v -0.022413 1.428578 -0.123407
v -0.039098 1.550667 0.091805
v -0.053329 1.556456 0.080882
v -0.009827 1.506481 0.105672
v -0.033895 1.516228 0.088274
v -0.023001 1.557810 0.110613
v -0.009361 1.560717 0.120666
v -0.025821 1.512324 0.093364
v -0.027626 1.555928 0.104443
v -0.036670 1.536415 0.090155
v -0.023023 1.525207 0.102547
v -0.028910 1.528315 0.098559
v -0.007972 1.521755 0.108279
v -0.038957 1.541682 0.089189
v -0.007434 1.543011 0.111960
v -0.018550 1.542379 0.105535
v -0.029862 1.541983 0.094666
v -0.022897 1.541977 0.101583
v -0.029733 1.542155 0.095137
v -0.018635 1.542928 0.107527
v -0.023005 1.542686 0.103366
v -0.007354 1.543353 0.114336
v -0.031563 1.541886 0.092379
v -0.008344 1.540065 0.117692
v -0.020874 1.540253 0.109630
v -0.024801 1.543244 0.104767
v -0.031551 1.541920 0.095729
v -0.031911 1.541641 0.092760
v -0.031037 1.541364 0.095941
v -0.025247 1.540605 0.104906
v -0.008001 1.544586 0.116900
v -0.020166 1.544113 0.109238
v -0.033171 1.598200 0.089141
v -0.052747 1.545003 0.078353
v -0.050455 1.531894 0.076957
v -0.043657 1.588276 0.088565
v -0.023769 1.605926 0.092697
v -0.038090 1.593696 0.088786
v -0.009039 1.525054 0.118107
v -0.009073 1.554327 0.121127
v -0.027892 1.550733 0.106268
v -0.023024 1.552414 0.112048
v -0.024215 1.529738 0.108655
v -0.033750 1.538509 0.094314
v -0.034104 1.541204 0.090983
v -0.036287 1.544964 0.094659
v -0.028605 1.532952 0.103300
v -0.033826 1.542723 0.095730
v -0.032441 1.539924 0.095467
v -0.027200 1.536847 0.104617
v -0.021387 1.547870 0.110990
v -0.008822 1.532619 0.118720
v -0.022849 1.535037 0.109765
v -0.026369 1.546509 0.106108
v -0.032884 1.541340 0.092216
v -0.008432 1.549062 0.119495
v -0.024634 1.577918 0.109578
v -0.028904 1.585866 0.110603
v -0.028432 1.591213 0.108940
v -0.014503 1.577073 0.120847
v -0.015566 1.588983 0.128171
v -0.014417 1.595949 0.125798
v -0.014819 1.616018 0.099318
v -0.019835 1.588341 0.121397
v -0.018945 1.578408 0.117038
v -0.018311 1.593891 0.119344
v -0.008627 1.589152 0.133455
v -0.008449 1.574992 0.123824
v -0.008419 1.597525 0.131519
v -0.017218 1.559486 0.116422
v -0.017947 1.508260 0.100063
v -0.015802 1.523245 0.105666
v -0.013565 1.543177 0.111346
v -0.013512 1.542767 0.109263
v -0.014676 1.544604 0.113503
v -0.015393 1.540144 0.114140
v -0.018065 1.526905 0.113890
v -0.016737 1.553608 0.117041
v -0.016979 1.533690 0.114733
v -0.015490 1.548779 0.115556
v -0.018493 1.575977 0.113407
v -0.015198 1.574332 0.115467
v -0.021899 1.577547 0.108368
v -0.007617 1.572163 0.112739
v -0.009374 1.572517 0.116408
v -0.033434 1.532063 0.094142
v -0.026720 1.542444 0.099065
v -0.028711 1.540984 0.100151
v -0.041615 1.522266 0.083061
v -0.032051 1.535772 0.098445
v -0.030598 1.538357 0.099666
v -0.019784 1.582418 0.120461
v -0.008494 1.580536 0.130765
v -0.032612 1.553843 0.098343
v -0.026631 1.541809 0.097880
v -0.028611 1.542431 0.100204
v -0.032186 1.548401 0.100206
v -0.030568 1.544814 0.100906
v -0.027236 1.580961 0.110478
v -0.015163 1.581653 0.126170
v -0.073671 1.632586 0.066905
v -0.070641 1.631485 0.070449
v -0.044304 1.646813 0.083464
v -0.044046 1.653337 0.082167
v -0.031133 1.642636 0.083816
v -0.028501 1.648792 0.081503
v -0.061409 1.642607 0.078698
v -0.062973 1.647249 0.075459
v -0.025126 1.633616 0.081250
v -0.020660 1.637199 0.079918
v -0.035058 1.644526 0.084237
v -0.033437 1.651159 0.082388
v -0.057299 1.644650 0.080398
v -0.058538 1.649944 0.077609
v -0.067933 1.636765 0.074467
v -0.070351 1.640302 0.071305
v -0.072897 1.621571 0.067223
v -0.069135 1.626188 0.072250
v -0.023861 1.619361 0.079550
v -0.026202 1.621073 0.078381
v -0.049906 1.616516 0.081146
v -0.049723 1.608013 0.076986
v -0.037631 1.617115 0.081461
v -0.036646 1.611071 0.079863
v -0.063082 1.620830 0.076756
v -0.065550 1.612751 0.071403
v -0.030980 1.618954 0.080057
v -0.029228 1.614727 0.079648
v -0.041575 1.616554 0.081666
v -0.040868 1.609554 0.079389
v -0.060244 1.619193 0.078061
v -0.062076 1.610709 0.072933
v -0.067664 1.624387 0.073696
v -0.071144 1.618261 0.068400
v -0.024568 1.622653 0.077967
v -0.022043 1.621992 0.079474
v -0.070710 1.629637 0.070340
v -0.073972 1.628790 0.066051
v -0.082111 1.635442 0.057968
v -0.050046 1.660518 0.092712
v -0.027853 1.655970 0.096475
v -0.071967 1.654955 0.076263
v -0.014551 1.636617 0.091978
v -0.035548 1.658328 0.096598
v -0.067337 1.657928 0.080670
v -0.079936 1.646294 0.066820
v -0.083739 1.615304 0.057132
v -0.018124 1.617287 0.092584
v -0.052902 1.592575 0.086698
v -0.035065 1.602218 0.087605
v -0.077100 1.599060 0.070338
v -0.025791 1.608987 0.089487
v -0.040164 1.598739 0.087481
v -0.072546 1.596197 0.075314
v -0.083433 1.608007 0.060542
v -0.015619 1.622087 0.092264
v -0.082279 1.629166 0.055644
v -0.084500 1.637474 0.051660
v -0.053584 1.666981 0.095752
v -0.026922 1.661594 0.105108
v -0.076983 1.659330 0.074735
v -0.037249 1.664954 0.102766
v -0.072936 1.662303 0.081062
v -0.082205 1.650195 0.061675
v -0.087892 1.612873 0.049476
v -0.039561 1.646025 0.084053
v -0.051328 1.580997 0.087883
v -0.045683 1.616384 0.081617
v -0.080252 1.590359 0.066764
v -0.038726 1.652741 0.082592
v -0.045274 1.608481 0.078375
v -0.075482 1.586938 0.073123
v -0.088584 1.600832 0.052565
v -0.085192 1.630045 0.048918
v -0.043080 1.659746 0.095287
v -0.045973 1.595320 0.087329
v -0.045791 1.666589 0.099402
v -0.010133 1.619167 0.105067
v -0.008976 1.624042 0.101858
v -0.008457 1.638541 0.099200
v -0.004362 1.639173 0.100976
v -0.004905 1.625677 0.105003
v -0.005657 1.621684 0.108905
v -0.015679 1.648393 0.098531
v -0.018327 1.646661 0.093904
v -0.055788 1.675762 0.093430
v -0.079464 1.665300 0.069529
v -0.038566 1.676079 0.101159
v -0.076303 1.669164 0.077105
v -0.084615 1.654660 0.054917
v -0.047433 1.676217 0.097395
v -0.028852 1.675421 0.104416
v -0.013530 1.642829 0.097309
v -0.016195 1.641537 0.093025
v -0.011834 1.637707 0.096026
v -0.012453 1.622455 0.097380
v -0.028381 1.602135 0.090280
v -0.032292 1.583957 0.104939
v -0.025732 1.576795 0.105987
v -0.032321 1.589234 0.103207
v -0.021957 1.577440 0.105460
v -0.029439 1.579394 0.105704
v -0.026445 1.636878 0.082231
v -0.022106 1.641638 0.080082
v -0.034030 1.618037 0.080932
v -0.032765 1.612822 0.079912
v -0.030300 1.605588 0.088194
v -0.022423 1.578445 0.113301
v -0.019432 1.610265 0.095924
v -0.024085 1.587306 0.115671
v -0.022831 1.592313 0.113777
v -0.020591 1.577186 0.110983
v -0.023896 1.582060 0.115384
v -0.024273 1.630449 0.080239
v -0.020162 1.632647 0.079924
v -0.028427 1.619892 0.079128
v -0.026310 1.616907 0.079622
v -0.021637 1.612783 0.091228
v -0.030445 1.687110 0.100650
v -0.032184 1.698256 0.096986
v -0.053113 1.567949 0.084273
v -0.053116 1.646028 0.081711
v -0.015822 1.563429 0.112750
v -0.015098 1.566728 0.110031
v -0.027105 1.561608 0.102605
v -0.026287 1.566858 0.100973
v -0.021908 1.562416 0.107983
v -0.021087 1.566496 0.105718
v -0.007890 1.567031 0.113097
v -0.008357 1.564180 0.116093
v -0.037836 1.561850 0.091299
v -0.035646 1.570655 0.090429
v -0.032394 1.561302 0.097151
v -0.031104 1.568178 0.096022
v -0.046027 1.543158 0.084348
v -0.031496 1.522396 0.093454
v -0.024064 1.518817 0.097348
v -0.007734 1.514845 0.102195
v -0.034616 1.589412 0.088228
v -0.022107 1.602653 0.095371
v -0.045513 1.553621 0.085173
v -0.030625 1.594585 0.089227
v -0.043113 1.534352 0.085104
v -0.015585 1.516572 0.099630
v -0.038417 1.582818 0.087288
v -0.014618 1.611123 0.104589
v -0.037639 1.527364 0.088871
v -0.010589 1.614545 0.109237
v -0.006166 1.617541 0.113269
v -0.026055 1.598679 0.091361
v -0.018451 1.606922 0.100030
v -0.042328 1.574776 0.086825
v -0.044275 1.564630 0.085899
v -0.053959 1.651827 0.079576
v -0.057046 1.617884 0.079304
v -0.058264 1.609181 0.074408
v -0.062183 1.659795 0.085035
v -0.067018 1.593903 0.080073
v -0.067626 1.664558 0.086908
v -0.069303 1.584022 0.079007
v -0.071477 1.672261 0.084302
v -0.065126 1.639844 0.076737
v -0.067063 1.643932 0.073492
v -0.065660 1.622640 0.075245
v -0.068668 1.615276 0.069827
v -0.076359 1.650950 0.071835
v -0.080887 1.602749 0.065362
v -0.080069 1.655325 0.068161
v -0.084374 1.594549 0.060343
v -0.082255 1.660491 0.062068
v -0.079401 1.552067 0.045544
v -0.074527 1.547191 0.052332
v -0.085636 1.560338 0.035782
v -0.068540 1.542346 0.059868
v -0.083220 1.556801 0.039760
v -0.085787 1.583811 0.054501
v -0.085331 1.573013 0.049154
v -0.084107 1.563885 0.044521
v -0.087041 1.566183 0.037526
v -0.088772 1.575228 0.040561
v -0.089941 1.586817 0.045482
v -0.069954 1.573348 0.075456
v -0.069877 1.562428 0.070904
v -0.069222 1.551979 0.065660
v -0.075320 1.556098 0.058471
v -0.076169 1.566101 0.064144
v -0.076282 1.576787 0.069083
v -0.081357 1.580328 0.062057
v -0.081221 1.569761 0.056914
v -0.080235 1.560189 0.051417
v -0.097690 1.599520 0.008889
v -0.089326 1.551601 0.011010
v -0.092867 1.562004 0.007684
v -0.095819 1.573197 0.006181
v -0.097468 1.586055 0.007057
v -0.012784 1.475922 0.095853
v -0.038544 1.494895 0.073551
v -0.031828 1.488207 0.082191
v -0.054246 1.506606 0.057144
v -0.024534 1.480501 0.090683
v -0.046248 1.500697 0.065541
v -0.079780 1.533506 0.022535
v -0.074494 1.526011 0.030632
v -0.068274 1.519360 0.039274
v -0.084809 1.542001 0.015859
v -0.089268 1.565942 0.029349
v -0.091316 1.564299 0.019402
v -0.093976 1.574964 0.019192
v -0.091634 1.575731 0.030599
v -0.093596 1.587402 0.033507
v -0.095977 1.586954 0.020452
v -0.096472 1.599700 0.022360
v -0.093697 1.600409 0.037507
v -0.086636 1.558029 0.030039
v -0.088088 1.554894 0.021402
v -0.068417 1.533690 0.053311
v -0.068445 1.526096 0.046255
v -0.074482 1.532286 0.038292
v -0.074347 1.539281 0.045637
v -0.022112 1.499804 0.100262
v -0.024398 1.489656 0.097355
v -0.030551 1.496786 0.086918
v -0.028515 1.504940 0.090515
v -0.012451 1.496115 0.108252
v -0.013318 1.484401 0.104690
v -0.035794 1.509607 0.083601
v -0.037320 1.502294 0.078734
v -0.045019 1.507867 0.071081
v -0.043691 1.515165 0.076996
v -0.053484 1.513841 0.063141
v -0.052521 1.521900 0.069739
v -0.079563 1.539069 0.031117
v -0.079265 1.545158 0.038859
v -0.084082 1.546571 0.025326
v -0.083347 1.551385 0.033427
v -0.092104 1.612283 0.038059
v -0.088397 1.631700 0.039840
v -0.087412 1.640241 0.043416
v -0.058540 1.685083 0.090172
v -0.081795 1.671762 0.063106
v -0.040281 1.686786 0.097650
v -0.078480 1.676428 0.071288
v -0.087308 1.659797 0.046702
v -0.049571 1.686141 0.094039
v -0.074439 1.680405 0.079442
v -0.084806 1.666255 0.054807
v -0.094904 1.612060 0.023975
v -0.091360 1.634150 0.028214
v -0.090528 1.643841 0.033113
v -0.061346 1.694953 0.085476
v -0.084011 1.678699 0.055630
v -0.042333 1.697482 0.093722
v -0.080367 1.684125 0.064359
v -0.089841 1.665399 0.037545
v -0.051956 1.696386 0.089677
v -0.076356 1.688858 0.072834
v -0.087141 1.672454 0.046513
v -0.096400 1.612493 0.010446
v -0.094260 1.637500 0.014912
v -0.093678 1.648268 0.021440
v -0.005004 1.644621 0.102262
v -0.009759 1.643821 0.100643
v -0.034101 1.655244 0.090149
v -0.046957 1.657198 0.088371
v -0.041002 1.603329 0.084697
v -0.036121 1.605948 0.084914
v -0.079579 1.617706 0.061851
v -0.078408 1.612522 0.064387
v -0.067581 1.652063 0.075652
v -0.075719 1.643792 0.068748
v -0.079106 1.634105 0.062153
v -0.079287 1.628795 0.060309
v -0.027546 1.611741 0.085764
v -0.020842 1.618415 0.087111
v -0.052078 1.599912 0.082960
v -0.063129 1.654785 0.079317
v -0.071973 1.605278 0.070925
v -0.018579 1.622160 0.087169
v -0.027809 1.652723 0.089943
v -0.067702 1.602798 0.074217
v -0.046325 1.601165 0.084196
v -0.040674 1.656565 0.089709
v -0.031641 1.608780 0.085226
v -0.023873 1.614879 0.086469
v -0.016862 1.635195 0.087513
v -0.018180 1.639872 0.088314
v -0.020106 1.644449 0.088886
v -0.063053 1.600885 0.077548
v -0.058237 1.656431 0.082869
v -0.075757 1.608379 0.067587
v -0.071844 1.648211 0.072271
v -0.008232 1.665394 0.107836
v -0.016910 1.664249 0.106793
v -0.010068 1.687734 0.103559
v -0.020245 1.687498 0.102533
v -0.009327 1.676287 0.107673
v -0.018928 1.675882 0.106446
v -0.021578 1.698807 0.099094
v -0.010790 1.699041 0.100275
v -0.005817 1.650657 0.103635
v -0.011386 1.649633 0.102127
v -0.048848 1.646759 0.082735
v -0.049114 1.652990 0.081023
v -0.053667 1.616949 0.080321
v -0.056418 1.660589 0.089159
v -0.061034 1.666211 0.091838
v -0.064114 1.674538 0.089571
v -0.054134 1.608247 0.075758
v -0.060405 1.592480 0.084178
v -0.061576 1.581870 0.084091
v -0.062189 1.570428 0.080918
v -0.062124 1.559177 0.076744
v -0.061422 1.548199 0.072385
v -0.060687 1.537537 0.067707
v -0.061387 1.513012 0.048153
v -0.061056 1.528105 0.061473
v -0.061326 1.520095 0.054620
v -0.067571 1.683443 0.086156
v -0.070513 1.692788 0.080685
v -0.052826 1.657200 0.085967
v -0.057837 1.599893 0.080657
v -0.072190 1.632107 0.068685
v -0.044206 1.650333 0.083165
v -0.029429 1.645715 0.084385
v -0.062386 1.645422 0.077028
v -0.022973 1.635183 0.081258
v -0.034032 1.648115 0.084618
v -0.058052 1.647733 0.079011
v -0.069510 1.638950 0.072939
v -0.071193 1.623443 0.069777
v -0.025032 1.619910 0.078481
v -0.049866 1.611966 0.078776
v -0.037104 1.613698 0.080542
v -0.064386 1.616278 0.073785
v -0.030157 1.616614 0.079865
v -0.041199 1.612687 0.080314
v -0.061152 1.614518 0.075089
v -0.069535 1.620834 0.070966
v -0.023040 1.622049 0.077957
v -0.072397 1.629049 0.068155
v -0.045519 1.612085 0.079783
v -0.039078 1.649765 0.084094
v -0.033385 1.615056 0.080448
v -0.024104 1.638980 0.082392
v -0.027454 1.618173 0.079210
v -0.022239 1.631520 0.080123
v -0.057563 1.613184 0.076334
v -0.053625 1.649299 0.080728
v -0.067264 1.618421 0.072323
v -0.066355 1.642435 0.075038
v -0.053860 1.612309 0.077547
v -0.049044 1.650157 0.082056
v -0.033295 1.653338 0.085576
v -0.041090 1.606877 0.081851
v -0.075769 1.619726 0.064755
v -0.064708 1.649499 0.075243
v -0.076140 1.633232 0.064892
v -0.028637 1.613708 0.082293
v -0.050839 1.604524 0.079638
v -0.064217 1.607147 0.073028
v -0.045102 1.654940 0.085006
v -0.036540 1.608907 0.082204
v -0.074159 1.615636 0.066436
v -0.072556 1.641898 0.070090
v -0.076419 1.628715 0.063578
v -0.022738 1.619114 0.082653
v -0.060273 1.652183 0.078158
v -0.068025 1.609416 0.070810
v -0.020843 1.622169 0.082758
v -0.027603 1.650852 0.085210
v -0.045911 1.605361 0.081067
v -0.039317 1.654468 0.085663
v -0.032374 1.611226 0.082312
v -0.025406 1.616276 0.082396
v -0.018841 1.633718 0.083490
v -0.019576 1.638293 0.084085
v -0.021053 1.642711 0.084519
v -0.060132 1.605417 0.075299
v -0.055580 1.653902 0.080984
v -0.071516 1.612164 0.068554
v -0.068907 1.645903 0.072738
v -0.055656 1.604513 0.077603
v -0.050513 1.654814 0.083323
v -0.069770 1.634008 0.071983
v -0.072663 1.636398 0.068930
v -0.081636 1.641118 0.061857
v -0.083651 1.644177 0.056032
v -0.086281 1.647880 0.048572
v -0.089234 1.652349 0.039408
v -0.092134 1.657431 0.029198
v -0.078224 1.639030 0.065243
v -0.071475 1.635381 0.070620
v -0.075086 1.637581 0.067315
v -0.023764 1.624914 0.078231
v -0.020878 1.625055 0.079699
v -0.013782 1.626733 0.091317
v -0.007478 1.628458 0.099081
v -0.003983 1.629382 0.101521
v -0.010556 1.627438 0.095462
v -0.016990 1.626113 0.086865
v -0.021911 1.624919 0.078154
v -0.019555 1.625535 0.082825
v -0.007282 1.544698 0.108201
v -0.017570 1.543809 0.101537
v -0.029246 1.542464 0.092451
v -0.021701 1.543396 0.097892
v -0.029072 1.542156 0.094092
v -0.017122 1.543264 0.105450
v -0.021527 1.542964 0.101702
v -0.006553 1.543392 0.111237
v -0.031690 1.541895 0.091962
v -0.012217 1.543423 0.108736
v -0.012955 1.544270 0.105271
v -0.025529 1.542564 0.097736
v -0.025483 1.542867 0.094761
v -0.034279 1.709508 0.093755
v -0.098280 1.600235 -0.003371
v -0.091087 1.547872 -0.000569
v -0.094460 1.558914 -0.005734
v -0.094430 1.569906 -0.008924
v -0.095888 1.585257 -0.007203
v -0.011277 1.473722 0.084325
v -0.039243 1.488497 0.067660
v -0.031638 1.482168 0.074741
v -0.054766 1.499661 0.051382
v -0.022208 1.476829 0.080438
v -0.047314 1.493727 0.060082
v -0.080804 1.527506 0.014129
v -0.074684 1.519662 0.023421
v -0.068065 1.512789 0.032789
v -0.086373 1.536948 0.005853
v -0.064517 1.705351 0.079953
v -0.086019 1.685857 0.047230
v -0.044784 1.708370 0.089696
v -0.082076 1.692181 0.056458
v -0.092230 1.671232 0.028148
v -0.054729 1.706989 0.084821
v -0.077811 1.697671 0.065172
v -0.089333 1.678802 0.037565
v -0.098011 1.613441 -0.001852
v -0.098059 1.642184 -0.000112
v -0.096728 1.653838 0.010217
v -0.023150 1.710274 0.096592
v -0.011629 1.710534 0.098173
v -0.061315 1.506274 0.042085
v -0.072986 1.702402 0.073735
v -0.094758 1.663037 0.019184
v -0.070170 1.627988 0.071017
v -0.073836 1.625104 0.066366
v -0.083046 1.622422 0.055460
v -0.086406 1.621940 0.048228
v -0.089882 1.622378 0.038218
v -0.092573 1.623399 0.025431
v -0.094524 1.625102 0.011829
v -0.079683 1.623253 0.060385
v -0.072168 1.626187 0.068745
v -0.076452 1.624157 0.063716
v -0.096910 1.626710 -0.001194
v -0.036303 1.720934 0.088895
v -0.068068 1.716285 0.073270
v -0.088219 1.692998 0.037842
v -0.047343 1.719648 0.084019
v -0.084101 1.700251 0.047427
v -0.094652 1.677259 0.018559
v -0.057882 1.718223 0.078603
v -0.079447 1.706657 0.056419
v -0.091663 1.685210 0.028002
v -0.100078 1.653559 -0.007976
v -0.099020 1.661061 0.000886
v -0.024698 1.721977 0.092697
v -0.012556 1.722629 0.095288
v -0.074936 1.712180 0.065316
v -0.097154 1.669213 0.009640
v -0.042076 1.748038 0.071587
v -0.074409 1.736963 0.051906
v -0.093117 1.706127 0.015859
v -0.054548 1.745620 0.066333
v -0.089198 1.714629 0.025083
v -0.099041 1.688600 -0.001917
v -0.066000 1.742467 0.060098
v -0.084448 1.722572 0.033983
v -0.096371 1.697326 0.006686
v -0.102475 1.666651 -0.022081
v -0.102117 1.672679 -0.016415
v -0.028765 1.750002 0.075560
v -0.014680 1.751326 0.077840
v -0.079376 1.729961 0.042695
v -0.100961 1.680258 -0.009658
v -0.046531 1.771415 0.035251
v -0.079784 1.753097 0.020674
v -0.097350 1.717629 -0.009571
v -0.059171 1.766072 0.031223
v -0.093748 1.726739 -0.001418
v -0.102356 1.697718 -0.024868
v -0.070192 1.759995 0.026215
v -0.090224 1.735578 0.006529
v -0.100354 1.707934 -0.017566
v -0.103998 1.668841 -0.038632
v -0.104003 1.677244 -0.035731
v -0.032326 1.775891 0.038126
v -0.016755 1.779610 0.040009
v -0.086249 1.744517 0.014009
v -0.103494 1.687255 -0.031048
v -0.094042 1.691454 0.017731
v -0.096948 1.683162 0.008601
v -0.099204 1.675154 0.000170
v -0.100735 1.667657 -0.007646
v -0.101412 1.661343 -0.014829
v -0.071349 1.726987 0.064074
v -0.076657 1.721406 0.054932
v -0.090602 1.699795 0.027357
v -0.039502 1.734514 0.083274
v -0.051130 1.732568 0.077417
v -0.061867 1.730297 0.071014
v -0.013699 1.736895 0.090143
v -0.086522 1.707764 0.036922
v -0.026977 1.736023 0.087659
v -0.081694 1.715023 0.046029
v -0.083400 1.737909 0.029192
v -0.087486 1.729445 0.020716
v -0.091712 1.720938 0.012197
v -0.015807 1.766347 0.060610
v -0.030602 1.763696 0.058522
v -0.098593 1.702787 -0.005110
v -0.100856 1.693421 -0.013097
v -0.102373 1.684255 -0.020058
v -0.103236 1.675819 -0.025737
v -0.103612 1.669126 -0.029960
v -0.077517 1.746017 0.037246
v -0.095533 1.712052 0.003498
v -0.044351 1.760559 0.055011
v -0.056823 1.756623 0.050065
v -0.068122 1.752141 0.044192
v -0.093858 1.658344 -0.082476
v -0.096710 1.678849 -0.082418
v -0.097432 1.698439 -0.079235
v -0.051041 1.783789 -0.010131
v -0.084195 1.761185 -0.015582
v -0.098613 1.728644 -0.035605
v -0.064582 1.777240 -0.011725
v -0.096123 1.737221 -0.028022
v -0.075632 1.769486 -0.013577
v -0.093268 1.744640 -0.021661
v -0.035626 1.789566 -0.008744
v -0.018474 1.794171 -0.007601
v -0.089870 1.752599 -0.017995
v -0.053742 1.784984 -0.035265
v -0.086561 1.761359 -0.033460
v -0.021998 1.784603 -0.091672
v -0.067402 1.777712 -0.034853
v -0.095838 1.741788 -0.056323
v -0.078259 1.769553 -0.034275
v -0.096618 1.730179 -0.065876
v -0.037696 1.791224 -0.035478
v -0.019610 1.796148 -0.035507
v -0.091557 1.753156 -0.032366
v -0.100217 1.676299 -0.069589
v -0.100993 1.694712 -0.066928
v -0.096798 1.654840 -0.067619
v -0.020911 1.693065 -0.144437
v -0.020057 1.667176 -0.145379
v -0.021965 1.719737 -0.141486
v -0.042838 1.717598 -0.136665
v -0.040847 1.691765 -0.139662
v -0.039428 1.666641 -0.141183
v -0.075052 1.710345 -0.116613
v -0.073229 1.687418 -0.120895
v -0.071442 1.664414 -0.122668
v -0.058834 1.689827 -0.131940
v -0.057172 1.665684 -0.133812
v -0.061144 1.714346 -0.128295
v -0.083711 1.684769 -0.108191
v -0.081903 1.662867 -0.109695
v -0.085012 1.706263 -0.103996
v -0.100709 1.710608 -0.061690
v -0.097409 1.715657 -0.073592
v -0.023193 1.747330 -0.135171
v -0.044920 1.744024 -0.129978
v -0.063237 1.738704 -0.120923
v -0.076415 1.732284 -0.108968
v -0.085635 1.726227 -0.096807
v -0.099344 1.723996 -0.054843
v -0.100888 1.718258 -0.042931
v -0.077256 1.596694 -0.068298
v -0.079850 1.599207 -0.056524
v -0.016807 1.587176 -0.131650
v -0.032076 1.588794 -0.125316
v -0.057372 1.591364 -0.106306
v -0.045681 1.590178 -0.116764
v -0.066451 1.592829 -0.094115
v -0.066290 1.575585 -0.055951
v -0.070026 1.576038 -0.042067
v -0.014274 1.566609 -0.116201
v -0.027586 1.567785 -0.111194
v -0.049192 1.570759 -0.093591
v -0.039365 1.569194 -0.103516
v -0.056743 1.572524 -0.081991
v -0.062168 1.554775 -0.048912
v -0.066912 1.552130 -0.034765
v -0.012160 1.554105 -0.101522
v -0.023706 1.554610 -0.097879
v -0.043340 1.555926 -0.083494
v -0.034144 1.555335 -0.091731
v -0.051124 1.556184 -0.073520
v -0.013058 1.559881 -0.108403
v -0.036031 1.562357 -0.096778
v -0.062946 1.565608 -0.051619
v -0.067794 1.564343 -0.037673
v -0.025327 1.560868 -0.104006
v -0.052622 1.564813 -0.076810
v -0.045105 1.563750 -0.087495
v -0.087159 1.545646 -0.012844
v -0.087175 1.558072 -0.017057
v -0.085881 1.566846 -0.018756
v -0.084685 1.532130 -0.005562
v -0.076270 1.547722 -0.022311
v -0.076530 1.561119 -0.025552
v -0.076291 1.574823 -0.027307
v -0.073897 1.531450 -0.016505
v -0.065901 1.539675 -0.032572
v -0.010330 1.474405 0.073351
v -0.036976 1.486026 0.060421
v -0.029211 1.481828 0.065662
v -0.052037 1.494726 0.044832
v -0.020146 1.477812 0.070118
v -0.044520 1.489777 0.053367
v -0.078994 1.521818 0.005458
v -0.072072 1.514299 0.016279
v -0.065185 1.507652 0.026157
v -0.058519 1.501200 0.035617
v -0.010072 1.475197 0.062815
v -0.035284 1.485128 0.054971
v -0.029141 1.482221 0.056552
v -0.047787 1.491040 0.039014
v -0.019934 1.478396 0.059962
v -0.040266 1.486928 0.048074
v -0.072177 1.518443 -0.001755
v -0.066660 1.510745 0.010053
v -0.060399 1.504135 0.020186
v -0.054185 1.497555 0.029676
v -0.008282 1.572896 0.109919
v -0.007665 1.569382 0.111134
v -0.026828 1.595589 0.106021
v -0.021533 1.599176 0.098349
v -0.012937 1.601368 0.121987
v -0.011016 1.610234 0.113574
v -0.025527 1.575509 0.102568
v -0.025119 1.571125 0.099774
v -0.030320 1.592423 0.092106
v -0.032627 1.590989 0.097220
v -0.030768 1.586432 0.089886
v -0.033957 1.587300 0.097762
v -0.019567 1.576708 0.102215
v -0.020379 1.570035 0.104079
v -0.034080 1.581903 0.099442
v -0.030762 1.578581 0.088787
v -0.014806 1.606987 0.108793
v -0.016686 1.598594 0.116199
v -0.007660 1.603850 0.127104
v -0.006492 1.613233 0.117739
v -0.014594 1.569533 0.107963
v -0.013115 1.574765 0.104348
v -0.028705 1.573471 0.094912
v -0.030380 1.577606 0.101330
v -0.026553 1.596372 0.094657
v -0.031054 1.593479 0.100897
v -0.018130 1.603280 0.103595
v -0.020920 1.596331 0.110680
v -0.029823 1.576154 0.097683
v -0.024763 1.574247 0.100071
v -0.014111 1.572030 0.106414
v -0.007687 1.571314 0.110225
v -0.033709 1.586528 0.093359
v -0.033833 1.580372 0.094684
v -0.019789 1.573176 0.102962
v -0.018887 1.599600 0.107079
v -0.024188 1.597755 0.102156
v -0.032188 1.591928 0.094466
v -0.029382 1.596105 0.097728
v -0.015459 1.602880 0.112620
v -0.006956 1.608801 0.122353
v -0.011769 1.605961 0.117841
v -0.092172 1.702332 -0.091496
v -0.091217 1.681942 -0.095237
v -0.089221 1.660931 -0.096227
v -0.092426 1.720797 -0.085149
v -0.072834 1.594650 -0.081092
v -0.062111 1.574307 -0.069290
v -0.057284 1.555946 -0.061908
v -0.058361 1.565571 -0.064760
v -0.012014 1.546949 -0.097742
v -0.043353 1.547648 -0.081583
v -0.034274 1.547523 -0.089657
v -0.023710 1.547143 -0.095265
v -0.050969 1.547290 -0.071706
v -0.057120 1.546202 -0.060171
v -0.061905 1.543901 -0.047162
v -0.041850 1.779189 -0.088287
v -0.059421 1.773210 -0.083988
v -0.074418 1.766659 -0.078738
v -0.085951 1.758940 -0.072376
v -0.092866 1.750149 -0.064802
v -0.097730 1.734769 -0.046852
v -0.056368 1.781325 -0.060250
v -0.039817 1.788033 -0.062573
v -0.020863 1.793463 -0.064214
v -0.094019 1.749674 -0.044981
v -0.070334 1.773980 -0.057354
v -0.081406 1.766086 -0.053934
v -0.089789 1.758140 -0.049959
v -0.095653 1.742586 -0.038248
v -0.023141 1.770342 -0.117011
v -0.044439 1.766085 -0.112542
v -0.063364 1.760620 -0.106424
v -0.078219 1.753181 -0.097794
v -0.087259 1.744543 -0.087080
v -0.092601 1.736830 -0.076337
v -0.103079 1.691894 -0.054641
v -0.102497 1.676516 -0.057552
v -0.100722 1.661927 -0.056603
v -0.102593 1.705957 -0.049437
v -0.093545 1.746980 -0.031189
v -0.010103 1.475769 0.052546
v -0.007958 1.461261 0.015873
v -0.008007 1.446052 0.012943
v -0.010998 1.402875 0.029045
v -0.009181 1.475662 0.036005
v -0.009742 1.476003 0.043486
v -0.007907 1.454254 0.013702
v -0.009006 1.425461 0.016569
v -0.009987 1.413528 0.020372
v -0.008679 1.474313 0.029624
v -0.008074 1.467217 0.019271
v -0.008311 1.471557 0.024018
v -0.008380 1.436387 0.014217
v -0.137028 1.650935 -0.053139
v -0.134196 1.657215 -0.045318
v -0.129026 1.659540 -0.034474
v -0.121685 1.658438 -0.022763
v -0.110258 1.654381 -0.015783
v -0.100277 1.649113 -0.017919
v -0.139100 1.634755 -0.067952
v -0.126935 1.669211 -0.040130
v -0.100548 1.576593 -0.013972
v -0.107192 1.570349 -0.019064
v -0.112792 1.569710 -0.026473
v -0.125520 1.587630 -0.046428
v -0.133036 1.602459 -0.055407
v -0.136967 1.612898 -0.059176
v -0.139197 1.623640 -0.060742
v -0.139969 1.633578 -0.060671
v -0.132977 1.646402 -0.050226
v -0.130405 1.650756 -0.044115
v -0.125313 1.651962 -0.034768
v -0.119235 1.649921 -0.024749
v -0.111352 1.645565 -0.015913
v -0.100275 1.639137 -0.015012
v -0.134194 1.666210 -0.051455
v -0.138638 1.656984 -0.060767
v -0.103330 1.584407 -0.016042
v -0.108848 1.579114 -0.020158
v -0.113364 1.578650 -0.025991
v -0.125385 1.592486 -0.042016
v -0.131209 1.605550 -0.049621
v -0.133453 1.614550 -0.053469
v -0.135129 1.623958 -0.055203
v -0.135496 1.632247 -0.054877
v -0.120119 1.670602 -0.027515
v -0.109334 1.665355 -0.020335
v -0.101261 1.656301 -0.023036
v -0.137708 1.623272 -0.068987
v -0.134236 1.611723 -0.066467
v -0.129059 1.601669 -0.060982
v -0.120645 1.586015 -0.050252
v -0.107806 1.562353 -0.031697
v -0.101689 1.562633 -0.022533
v -0.096867 1.567312 -0.015368
v -0.127990 1.643533 -0.049936
v -0.125132 1.648025 -0.045898
v -0.120411 1.649926 -0.037805
v -0.115532 1.646475 -0.028608
v -0.112027 1.638589 -0.021712
v -0.107594 1.632614 -0.018585
v -0.103321 1.590962 -0.020037
v -0.109901 1.588547 -0.021844
v -0.113761 1.587672 -0.026580
v -0.122349 1.596607 -0.040708
v -0.126322 1.607850 -0.047272
v -0.128060 1.615298 -0.051035
v -0.129284 1.623643 -0.053009
v -0.129310 1.631281 -0.053441
v -0.097176 1.591977 -0.014832
v -0.098228 1.596541 -0.018715
v -0.100287 1.626396 -0.012091
v -0.104574 1.625722 -0.017119
v -0.093921 1.606888 -0.026568
v -0.093784 1.604901 -0.032713
v -0.096433 1.620256 -0.026303
v -0.095161 1.624423 -0.031498
v -0.101081 1.604655 -0.036631
v -0.104293 1.627078 -0.034362
v -0.108386 1.605537 -0.040098
v -0.112191 1.629831 -0.037362
v -0.101916 1.614481 -0.011828
v -0.101058 1.602712 -0.012649
v -0.110417 1.615772 -0.018592
v -0.108630 1.603950 -0.019637
v -0.095634 1.617693 -0.033403
v -0.095496 1.611520 -0.033379
v -0.098642 1.615827 -0.028806
v -0.098132 1.610482 -0.028695
v -0.103477 1.619477 -0.036186
v -0.102376 1.612123 -0.036974
v -0.109324 1.613117 -0.040496
v -0.110635 1.620856 -0.039212
v -0.121385 1.630958 -0.061101
v -0.120952 1.607916 -0.047873
v -0.122004 1.622149 -0.057491
v -0.121878 1.614313 -0.053008
v -0.096751 1.592537 -0.024907
v -0.097189 1.599800 -0.021889
v -0.103144 1.631274 -0.022848
v -0.102955 1.624435 -0.021877
v -0.104554 1.592357 -0.028740
v -0.106277 1.638312 -0.026128
v -0.109186 1.592423 -0.032992
v -0.108314 1.646164 -0.033566
v -0.111890 1.616426 -0.026365
v -0.108272 1.603921 -0.026770
v -0.118519 1.649188 -0.051403
v -0.119712 1.598855 -0.041110
v -0.123748 1.643866 -0.053216
v -0.113112 1.649465 -0.042699
v -0.121627 1.580215 -0.040368
v -0.121873 1.586585 -0.037217
v -0.116518 1.577386 -0.044670
v -0.119551 1.592555 -0.036969
v -0.119227 1.622898 -0.050498
v -0.116776 1.614548 -0.049517
v -0.114989 1.606460 -0.049345
v -0.118691 1.632221 -0.051768
v -0.116868 1.596866 -0.039402
v -0.117577 1.573634 -0.033724
v -0.118100 1.581394 -0.031750
v -0.112879 1.568536 -0.039383
v -0.116842 1.589223 -0.032053
v -0.118666 1.621685 -0.042785
v -0.115675 1.613614 -0.043536
v -0.112532 1.606442 -0.044864
v -0.118964 1.632116 -0.043576
v -0.113346 1.594475 -0.036594
v -0.122583 1.634879 -0.071460
v -0.114426 1.665731 -0.052107
v -0.118065 1.662515 -0.061250
v -0.121725 1.655054 -0.067520
v -0.110040 1.666033 -0.044083
v -0.106593 1.664609 -0.037468
v -0.103441 1.664207 -0.033109
v -0.121724 1.624433 -0.071236
v -0.120114 1.614324 -0.068668
v -0.117540 1.604923 -0.064462
v -0.111156 1.589382 -0.053872
v -0.094632 1.572261 -0.042135
v -0.087979 1.571203 -0.037095
v -0.083822 1.573974 -0.030892
v -0.106855 1.581863 -0.049226
v -0.101298 1.575938 -0.045644
v -0.130156 1.658304 -0.067338
v -0.131260 1.634857 -0.071700
v -0.123535 1.602652 -0.063915
v -0.115683 1.586913 -0.052393
v -0.111214 1.578726 -0.047082
v -0.106220 1.570577 -0.043702
v -0.113064 1.671476 -0.038109
v -0.119231 1.670228 -0.047872
v -0.129724 1.623680 -0.072573
v -0.099842 1.563724 -0.039161
v -0.127251 1.612376 -0.069685
v -0.125695 1.668428 -0.059070
v -0.093168 1.562102 -0.030845
v -0.106917 1.669062 -0.030308
v -0.089116 1.565346 -0.023414
v -0.102506 1.661708 -0.027597
v -0.117584 1.636013 -0.066752
v -0.112634 1.658211 -0.054181
v -0.115343 1.654769 -0.060583
v -0.118219 1.651391 -0.064413
v -0.109446 1.659651 -0.047840
v -0.106176 1.659021 -0.042092
v -0.102520 1.662003 -0.039954
v -0.116884 1.626575 -0.066408
v -0.115675 1.617302 -0.064305
v -0.113321 1.608572 -0.061447
v -0.107970 1.593435 -0.053070
v -0.094338 1.582095 -0.040326
v -0.088557 1.583207 -0.034957
v -0.084641 1.584045 -0.029529
v -0.104370 1.587078 -0.049087
v -0.099648 1.583242 -0.045085
v -0.097398 1.652084 -0.052759
v -0.094514 1.644228 -0.058149
v -0.091459 1.633870 -0.059911
v -0.081558 1.603357 -0.045899
v -0.089055 1.623029 -0.059016
v -0.068920 1.642531 -0.121432
v -0.037975 1.642928 -0.140133
v -0.055151 1.642770 -0.132761
v -0.019328 1.642770 -0.144472
v -0.078983 1.642112 -0.108291
v -0.090014 1.640081 -0.081320
v -0.091453 1.637748 -0.069230
v -0.086079 1.641341 -0.094798
v -0.018681 1.620699 -0.142257
v -0.075366 1.623460 -0.104813
v -0.086068 1.624259 -0.078581
v -0.087664 1.624024 -0.067578
v -0.065647 1.622783 -0.117801
v -0.036391 1.621537 -0.137099
v -0.052552 1.622108 -0.129135
v -0.082238 1.623942 -0.091487
v -0.076299 1.592767 -0.031547
v -0.061665 1.581352 -0.087959
v -0.015577 1.575564 -0.124147
v -0.072391 1.584928 -0.061959
v -0.053253 1.579818 -0.099888
v -0.029712 1.577248 -0.118101
v -0.042328 1.578658 -0.109930
v -0.075191 1.587320 -0.048669
v -0.067636 1.583202 -0.075019
v -0.094774 1.618963 -0.060489
v -0.099967 1.616359 -0.060211
v -0.099864 1.639572 -0.060417
v -0.103719 1.636531 -0.063769
v -0.097296 1.629450 -0.061889
v -0.101877 1.626103 -0.063501
v -0.089792 1.600028 -0.047209
v -0.096262 1.599628 -0.047980
v -0.088983 1.592199 -0.036583
v -0.095785 1.591404 -0.040985
v -0.102289 1.648113 -0.055619
v -0.105558 1.646167 -0.059949
v -0.105183 1.614704 -0.058122
v -0.108462 1.632814 -0.063778
v -0.106935 1.623258 -0.062141
v -0.101897 1.598976 -0.049046
v -0.109713 1.641877 -0.060878
v -0.100088 1.590917 -0.046322
v -0.110289 1.612136 -0.057845
v -0.113425 1.629534 -0.062050
v -0.112273 1.620646 -0.060255
v -0.105200 1.596854 -0.051862
v -0.114256 1.638468 -0.062132
v -0.103342 1.591505 -0.049112
v -0.068540 1.632080 0.068884
v -0.044267 1.646146 0.079830
v -0.031687 1.641900 0.080050
v -0.059962 1.641934 0.075458
v -0.025423 1.633303 0.077836
v -0.035583 1.643942 0.080346
v -0.056140 1.644015 0.076953
v -0.065797 1.636744 0.071965
v -0.066545 1.626133 0.069725
v -0.026407 1.621827 0.076009
v -0.048861 1.617313 0.077095
v -0.037948 1.617893 0.077860
v -0.060484 1.621125 0.073151
v -0.031058 1.619464 0.077127
v -0.041679 1.617493 0.077865
v -0.057933 1.619852 0.074297
v -0.064910 1.624406 0.070791
v -0.025019 1.623329 0.075821
v -0.068573 1.629902 0.068507
v -0.039832 1.645327 0.080172
v -0.045277 1.617235 0.077603
v -0.026805 1.636438 0.078589
v -0.034277 1.618604 0.077611
v -0.024523 1.630359 0.077135
v -0.028464 1.620523 0.076487
v -0.052293 1.645241 0.078189
v -0.055198 1.618855 0.075332
v -0.063451 1.639332 0.073739
v -0.062875 1.622805 0.072037
v -0.048459 1.645949 0.079140
v -0.052110 1.617895 0.076316
v -0.067458 1.634356 0.070171
v -0.024251 1.625286 0.075985
v -0.067854 1.627945 0.068842
v -0.072174 1.634787 0.060591
v -0.041607 1.654604 0.075132
v -0.025540 1.646066 0.073838
v -0.063460 1.649503 0.067834
v -0.019111 1.634749 0.071279
v -0.029964 1.649703 0.074862
v -0.059037 1.652634 0.070258
v -0.069693 1.642459 0.063501
v -0.070022 1.623078 0.060649
v -0.021029 1.618154 0.069720
v -0.046461 1.607601 0.068685
v -0.033639 1.609943 0.070160
v -0.063130 1.612840 0.063897
v -0.026033 1.613212 0.070371
v -0.037762 1.608756 0.069855
v -0.059680 1.610274 0.065367
v -0.068268 1.619429 0.061480
v -0.019592 1.620926 0.069537
v -0.072061 1.630792 0.060076
v -0.035522 1.652840 0.075516
v -0.042025 1.607945 0.069365
v -0.020371 1.638718 0.072106
v -0.029635 1.611363 0.070384
v -0.018501 1.630860 0.070520
v -0.023166 1.615551 0.070058
v -0.053609 1.654665 0.072463
v -0.055592 1.608531 0.066697
v -0.067072 1.646050 0.065591
v -0.066019 1.615944 0.062560
v -0.047614 1.655168 0.074029
v -0.051055 1.607735 0.067797
v -0.071323 1.638718 0.061770
v -0.018767 1.623918 0.069599
v -0.071285 1.626874 0.060141
v -0.071094 1.637695 0.050271
v -0.038002 1.662241 0.063149
v -0.021788 1.650485 0.062993
v -0.063571 1.655012 0.056152
v -0.017032 1.637200 0.060299
v -0.025665 1.654941 0.063559
v -0.058880 1.658950 0.057888
v -0.069159 1.647361 0.052994
v -0.069060 1.621759 0.050163
v -0.019623 1.616597 0.058864
v -0.044544 1.602018 0.056769
v -0.030546 1.606209 0.058882
v -0.062936 1.607228 0.052459
v -0.023808 1.610417 0.059579
v -0.034844 1.604534 0.058327
v -0.059269 1.604173 0.053843
v -0.067900 1.616505 0.050520
v -0.018165 1.620191 0.058664
v -0.070806 1.632342 0.049854
v -0.031118 1.659379 0.063730
v -0.039530 1.603076 0.057642
v -0.017943 1.641753 0.061142
v -0.026799 1.608125 0.059344
v -0.016565 1.632660 0.059508
v -0.021526 1.613264 0.059242
v -0.052731 1.662266 0.059897
v -0.054774 1.602487 0.054836
v -0.067031 1.651278 0.054797
v -0.065943 1.611447 0.051240
v -0.045426 1.663458 0.061769
v -0.049748 1.601777 0.055787
v -0.070458 1.642795 0.051391
v -0.017218 1.623965 0.058677
v -0.070007 1.627027 0.049926
v -0.053569 1.659522 0.067014
v -0.059342 1.656592 0.064540
v -0.027817 1.608992 0.065034
v -0.024452 1.611234 0.065075
v -0.067389 1.649051 0.060173
v -0.069901 1.645073 0.058312
v -0.040613 1.604679 0.063862
v -0.036038 1.605786 0.064387
v -0.059841 1.606419 0.059776
v -0.055357 1.604454 0.061070
v -0.068706 1.617691 0.056270
v -0.066463 1.613402 0.057202
v -0.063505 1.609548 0.058397
v -0.039634 1.659734 0.070376
v -0.046686 1.660443 0.068951
v -0.070308 1.622186 0.055595
v -0.022952 1.648874 0.069013
v -0.027156 1.653330 0.070107
v -0.050424 1.603697 0.062186
v -0.018129 1.620277 0.064461
v -0.017246 1.623769 0.064515
v -0.063830 1.652850 0.062162
v -0.071508 1.640795 0.056739
v -0.072325 1.636205 0.055643
v -0.071465 1.626778 0.055186
v -0.017219 1.635931 0.066186
v -0.018326 1.640287 0.067052
v -0.016697 1.631664 0.065407
v -0.072203 1.631463 0.055148
v -0.032801 1.657469 0.070890
v -0.045434 1.603915 0.063123
v -0.019620 1.616993 0.064596
v -0.021744 1.613943 0.064849
v -0.031754 1.607232 0.064769
v -0.019708 1.643282 0.055825
v -0.022063 1.650749 0.058559
v -0.022560 1.612819 0.054398
v -0.021218 1.616443 0.053718
v -0.029816 1.607215 0.053497
v -0.026166 1.608894 0.054414
v -0.049414 1.603302 0.049944
v -0.044132 1.603574 0.050800
v -0.018708 1.633824 0.054262
v -0.019011 1.638601 0.055000
v -0.034138 1.605615 0.052610
v -0.023915 1.610464 0.055634
v -0.062631 1.611060 0.045909
v -0.060318 1.606497 0.047348
v -0.051272 1.660999 0.052560
v -0.057902 1.658938 0.050974
v -0.066388 1.652622 0.050579
v -0.067404 1.649714 0.048075
v -0.038952 1.604330 0.051695
v -0.058159 1.604003 0.049571
v -0.054408 1.603366 0.049327
v -0.064113 1.616507 0.045749
v -0.037312 1.659279 0.056281
v -0.044195 1.661021 0.054512
v -0.065085 1.622098 0.045934
v -0.025325 1.653557 0.057684
v -0.020105 1.620357 0.053438
v -0.019358 1.624403 0.053456
v -0.063289 1.655738 0.050176
v -0.067840 1.644893 0.046228
v -0.067703 1.639339 0.045400
v -0.066016 1.627816 0.045861
v -0.066957 1.633578 0.045528
v -0.030861 1.656646 0.057260
v -0.012212 1.579695 0.111804
v -0.016370 1.580722 0.105379
v -0.011042 1.579407 0.110253
v -0.018304 1.581441 0.105992
v -0.011950 1.579520 0.108231
v -0.016596 1.581195 0.111225
v -0.013997 1.579987 0.106431
v -0.014395 1.580426 0.112037
v -0.018236 1.581668 0.109684
v -0.011460 1.582988 0.111222
v -0.015031 1.583089 0.105975
v -0.010713 1.582528 0.109676
v -0.016579 1.583693 0.106341
v -0.011611 1.582435 0.107994
v -0.015170 1.583968 0.110693
v -0.013224 1.582635 0.106684
v -0.013305 1.583531 0.111415
v -0.016601 1.584183 0.109368
v -0.010912 1.585578 0.110259
v -0.013729 1.585290 0.106396
v -0.010402 1.585170 0.109163
v -0.014915 1.585714 0.106615
v -0.011074 1.585000 0.107900
v -0.013685 1.586141 0.109804
v -0.012327 1.585040 0.106915
v -0.012256 1.585926 0.110351
v -0.014844 1.586205 0.108824
v -0.010421 1.587474 0.109657
v -0.012748 1.587041 0.106694
v -0.010042 1.587150 0.108852
v -0.013689 1.587258 0.106751
v -0.010625 1.587020 0.107932
v -0.012562 1.587710 0.109046
v -0.011638 1.586969 0.107172
v -0.011452 1.587664 0.109559
v -0.013510 1.587655 0.108299
v -0.010127 1.588616 0.109381
v -0.012299 1.588265 0.106999
v -0.009813 1.588302 0.108683
v -0.013062 1.588134 0.106865
v -0.010414 1.588449 0.108063
v -0.011835 1.588668 0.108367
v -0.011361 1.588348 0.107495
v -0.010919 1.588810 0.108956
v -0.012706 1.588537 0.107781
v -0.042458 1.564296 0.070674
v -0.032437 1.581285 0.078234
v -0.039253 1.573325 0.074499
v -0.022351 1.586180 0.080949
v -0.044446 1.555315 0.067778
v -0.046504 1.546259 0.066222
v -0.045145 1.537161 0.065425
v -0.040639 1.529282 0.065753
v -0.009245 1.512829 0.071832
v -0.018548 1.514124 0.070866
v -0.027175 1.517548 0.069198
v -0.034505 1.522782 0.067233
v -0.011103 1.587708 0.082411
v -0.043968 1.544801 0.074825
v -0.043041 1.536988 0.074856
v -0.031236 1.575050 0.087620
v -0.011000 1.581511 0.092166
v -0.039184 1.530159 0.075986
v -0.009291 1.514245 0.082919
v -0.037161 1.567926 0.083182
v -0.021886 1.579739 0.090728
v -0.018687 1.515265 0.082010
v -0.026977 1.519213 0.080077
v -0.039660 1.560179 0.078684
v -0.041631 1.552520 0.075739
v -0.033745 1.524332 0.077939
v -0.042959 1.572657 0.038533
v -0.028924 1.587188 0.042754
v -0.037217 1.581248 0.040611
v -0.019530 1.590710 0.044731
v -0.045331 1.562547 0.036663
v -0.044800 1.552137 0.034947
v -0.041932 1.542199 0.033349
v -0.037263 1.533423 0.032170
v -0.007794 1.518102 0.033563
v -0.015694 1.519378 0.032948
v -0.023576 1.521981 0.032195
v -0.030990 1.526558 0.031792
v -0.009833 1.592608 0.046266
v -0.035405 1.570623 0.016563
v -0.024112 1.581765 0.018779
v -0.030587 1.576942 0.017649
v -0.016577 1.585157 0.019834
v -0.038311 1.563110 0.015585
v -0.038773 1.554708 0.015052
v -0.036243 1.546389 0.015253
v -0.031974 1.539177 0.015525
v -0.006637 1.526699 0.018260
v -0.013339 1.528064 0.017630
v -0.020018 1.530277 0.016762
v -0.026380 1.533824 0.016006
v -0.008503 1.587517 0.020581
v -0.021102 1.553056 -0.011656
v -0.016878 1.558968 -0.014309
v -0.019754 1.556115 -0.012992
v -0.012383 1.561256 -0.015321
v -0.021240 1.549994 -0.010315
v -0.020411 1.547013 -0.008985
v -0.018731 1.544243 -0.007657
v -0.016390 1.541773 -0.006449
v -0.003893 1.533296 -0.002627
v -0.007486 1.534982 -0.003408
v -0.010745 1.537062 -0.004294
v -0.013683 1.539392 -0.005316
v -0.006609 1.562796 -0.015945
v -0.015554 1.533471 -0.025287
v -0.013006 1.537145 -0.029793
v -0.014905 1.535288 -0.027469
v -0.009641 1.538725 -0.031685
v -0.015425 1.531790 -0.023270
v -0.014787 1.530192 -0.021346
v -0.013719 1.528650 -0.019438
v -0.012290 1.527162 -0.017600
v -0.003620 1.521901 -0.011170
v -0.006609 1.522893 -0.012405
v -0.008863 1.524210 -0.013964
v -0.010665 1.525671 -0.015750
v -0.005137 1.539763 -0.032845
v -0.010674 1.505548 -0.038617
v -0.012958 1.504762 -0.036692
v -0.007554 1.505952 -0.039950
v -0.014493 1.502017 -0.031757
v -0.003567 1.496097 -0.018761
v -0.008311 1.515189 0.044867
v -0.008832 1.513391 0.058331
v -0.021752 1.589471 0.069332
v -0.020703 1.590751 0.057184
v -0.017684 1.514846 0.057516
v -0.016675 1.516678 0.044211
v -0.026172 1.518013 0.056150
v -0.024871 1.519637 0.043273
v -0.044297 1.568119 0.060978
v -0.044536 1.571087 0.050030
v -0.046390 1.560601 0.047615
v -0.046248 1.558093 0.058198
v -0.033748 1.523133 0.054807
v -0.032394 1.524573 0.042592
v -0.046019 1.550106 0.045478
v -0.047095 1.548033 0.056064
v -0.039967 1.577686 0.064087
v -0.039242 1.580443 0.052584
v -0.040183 1.529928 0.054165
v -0.038725 1.531507 0.042676
v -0.043407 1.540185 0.043708
v -0.044990 1.538315 0.054598
v -0.030740 1.587035 0.055012
v -0.032065 1.585195 0.066977
v -0.010325 1.592459 0.058870
v -0.010771 1.590955 0.070980
v -0.007269 1.522103 0.025072
v -0.018177 1.589052 0.032141
v -0.014663 1.523181 0.024361
v -0.022131 1.525362 0.023488
v -0.039702 1.572474 0.027244
v -0.042619 1.563490 0.025867
v -0.029284 1.529436 0.022976
v -0.042679 1.553827 0.024758
v -0.034188 1.580029 0.028831
v -0.035416 1.535871 0.023144
v -0.039940 1.544334 0.023883
v -0.026693 1.585515 0.030528
v -0.009243 1.591281 0.033379
v -0.004589 1.534878 0.004404
v -0.005720 1.531555 0.011673
v -0.015093 1.578696 0.007862
v -0.013757 1.570473 -0.004001
v -0.011429 1.533347 0.011280
v -0.009129 1.536676 0.003910
v -0.017039 1.535536 0.010550
v -0.013565 1.538656 0.003228
v -0.030402 1.566714 0.006710
v -0.025405 1.560686 -0.002688
v -0.026444 1.556333 -0.002091
v -0.032542 1.560816 0.006409
v -0.022269 1.538462 0.009641
v -0.017641 1.541056 0.002342
v -0.026053 1.551769 -0.001206
v -0.032701 1.554215 0.006607
v -0.026716 1.571716 0.007093
v -0.023002 1.564588 -0.003195
v -0.026895 1.542457 0.008622
v -0.021259 1.543936 0.001240
v -0.024182 1.547490 0.000013
v -0.030521 1.547807 0.007564
v -0.019109 1.567914 -0.003683
v -0.021526 1.575732 0.007467
v -0.007274 1.572185 -0.004217
v -0.007850 1.580665 0.008125
v -0.003639 1.528458 -0.007624
v -0.010982 1.550668 -0.024949
v -0.006773 1.529809 -0.008723
v -0.009330 1.531603 -0.010028
v -0.017707 1.543867 -0.019400
v -0.017509 1.541663 -0.017671
v -0.011509 1.533600 -0.011487
v -0.016684 1.539560 -0.016030
v -0.016970 1.546233 -0.021327
v -0.013525 1.535594 -0.012982
v -0.015329 1.537535 -0.014452
v -0.014799 1.548635 -0.023300
v -0.005873 1.552036 -0.026006
v -0.008857 1.515593 -0.016849
v -0.006672 1.514680 -0.015194
v -0.008508 1.526757 -0.035564
v -0.010534 1.516615 -0.018776
v -0.014567 1.522798 -0.029342
v -0.014649 1.521385 -0.027139
v -0.013677 1.524274 -0.031648
v -0.011997 1.517693 -0.020793
v -0.014168 1.520062 -0.024980
v -0.004488 1.527444 -0.036610
v -0.013249 1.518832 -0.022874
v -0.003673 1.513971 -0.013925
v -0.011672 1.525658 -0.033842
v -0.008840 1.506362 -0.019395
v -0.010498 1.507180 -0.021273
v -0.014192 1.512671 -0.032288
v -0.013097 1.513981 -0.034624
v -0.011901 1.508047 -0.023259
v -0.003634 1.505084 -0.016527
v -0.010948 1.515055 -0.036652
v -0.006630 1.505638 -0.017769
v -0.007847 1.515812 -0.038172
v -0.014403 1.511329 -0.029909
v -0.013974 1.510099 -0.027566
v -0.004101 1.516235 -0.039162
v -0.013094 1.509005 -0.025337
v -0.014327 1.577305 0.106198
v -0.015036 1.576883 0.111983
v -0.011010 1.575783 0.110880
v -0.012633 1.575692 0.111930
v -0.011511 1.576374 0.108782
v -0.019828 1.579194 0.105831
v -0.017419 1.578261 0.111345
v -0.017673 1.578492 0.104658
v -0.019287 1.579098 0.109855
v -0.018927 1.581762 0.107765
v -0.017202 1.584126 0.107733
v -0.015378 1.586097 0.107620
v -0.014006 1.587525 0.107459
v -0.013277 1.588296 0.107319
v -0.020235 1.579373 0.107864
v -0.038797 1.537742 0.081378
v -0.028517 1.567636 0.094139
v -0.010620 1.574074 0.100357
v -0.035388 1.532621 0.083157
v -0.033926 1.562100 0.089533
v -0.038622 1.549949 0.081906
v -0.040058 1.543693 0.080910
v -0.008891 1.518688 0.092077
v -0.020482 1.571770 0.097956
v -0.017835 1.519660 0.091334
v -0.025405 1.523287 0.088876
v -0.036364 1.556093 0.084763
v -0.030921 1.527933 0.085805
v -0.014202 1.503470 -0.034321
v -0.014028 1.500743 -0.029256
v -0.013099 1.499710 -0.026976
v -0.011893 1.498902 -0.024933
v -0.006566 1.496638 -0.019825
v -0.008829 1.497379 -0.021333
v -0.010512 1.498178 -0.023066
v -0.003913 1.506120 -0.040823
v -0.014030 1.495575 -0.035669
v -0.010501 1.497343 -0.039491
v -0.012787 1.497045 -0.037867
v -0.007393 1.497201 -0.040581
v -0.014314 1.493820 -0.032987
v -0.013781 1.492405 -0.030319
v -0.012781 1.491491 -0.027968
v -0.011599 1.491009 -0.025973
v -0.003384 1.488188 -0.020960
v -0.006352 1.488771 -0.021741
v -0.008668 1.489688 -0.022933
v -0.010336 1.490602 -0.024334
v -0.003794 1.497047 -0.041199
v -0.013802 1.549575 0.103948
v -0.007598 1.550211 0.107041
v -0.018523 1.548617 0.099657
v -0.022813 1.547338 0.095828
v -0.026658 1.545740 0.092611
v -0.006247 1.540055 0.107453
v -0.011754 1.540245 0.104844
v -0.016554 1.540496 0.101490
v -0.020945 1.540837 0.097891
v -0.025115 1.541204 0.094391
v -0.029155 1.541467 0.091442
v -0.032038 1.542174 0.089762
v -0.030075 1.543939 0.090257
v -0.007006 1.533152 0.103718
v -0.013317 1.533974 0.101199
v -0.018538 1.535303 0.097732
v -0.022930 1.536856 0.094100
v -0.027015 1.538469 0.090894
v -0.030833 1.540175 0.088443
v -0.033054 1.542528 0.087235
v -0.031703 1.545665 0.088007
v -0.016485 1.555952 0.104873
v -0.008987 1.557301 0.108654
v -0.021542 1.554023 0.099413
v -0.025641 1.551641 0.094651
v -0.028994 1.548840 0.090733
v -0.008086 1.525306 0.099114
v -0.015752 1.526684 0.097376
v -0.021936 1.529395 0.094085
v -0.026654 1.532472 0.090484
v -0.030740 1.535567 0.087458
v -0.034213 1.538908 0.085317
v -0.035858 1.542991 0.084503
v -0.034633 1.547643 0.085447
v -0.019034 1.563784 0.103429
v -0.010023 1.565769 0.106389
v -0.025498 1.560373 0.098426
v -0.029763 1.556412 0.093182
v -0.032383 1.552207 0.088465
v -0.013355 1.489619 -0.036815
v -0.010538 1.490788 -0.039398
v -0.012459 1.492062 -0.038257
v -0.007341 1.489781 -0.040126
v -0.013547 1.487140 -0.034050
v -0.012845 1.485538 -0.031046
v -0.011797 1.484908 -0.028474
v -0.010784 1.485133 -0.026443
v -0.003183 1.482282 -0.023332
v -0.006153 1.482939 -0.023729
v -0.008595 1.484278 -0.024409
v -0.009983 1.486051 -0.025140
v -0.003710 1.489239 -0.040441
v -0.011150 1.485862 -0.038199
v -0.011540 1.482210 -0.035341
v -0.010881 1.480404 -0.031732
v -0.009897 1.480193 -0.028662
v -0.009066 1.481353 -0.026266
v -0.007552 1.483835 -0.038858
v -0.007800 1.479414 -0.036231
v -0.007456 1.477386 -0.032300
v -0.006783 1.477509 -0.028751
v -0.006278 1.479303 -0.026002
v -0.003697 1.482977 -0.038862
v -0.003700 1.478492 -0.036251
v -0.003541 1.476448 -0.032454
v -0.003271 1.476663 -0.028853
v -0.003123 1.478553 -0.025963
v -0.016308 1.630533 0.086830
v -0.018800 1.629398 0.083005
v -0.023792 1.627541 0.079162
v -0.020267 1.628572 0.079922
v -0.013445 1.631717 0.091124
v -0.007347 1.633510 0.098097
v -0.003816 1.634094 0.100036
v -0.010475 1.632702 0.094989
v -0.021778 1.628135 0.078972
v -0.024123 1.627713 0.076462
v -0.018416 1.627253 0.069936
v -0.016654 1.628218 0.058946
v -0.016765 1.627603 0.064828
v -0.018858 1.629043 0.053729
v -0.019406 1.654334 0.100431
v -0.021875 1.651792 0.095032
v -0.028250 1.639918 0.083092
v -0.024678 1.645666 0.080553
v -0.023107 1.648892 0.089472
v -0.006943 1.657299 0.105671
v -0.013815 1.656043 0.104230
v -0.026066 1.642559 0.083544
v -0.023549 1.647052 0.084957
v -0.028775 1.639256 0.079384
v -0.022455 1.642457 0.072915
v -0.019393 1.646178 0.062048
v -0.020125 1.644580 0.067986
v -0.020708 1.647637 0.056900
v -0.055359 1.607126 0.046093
v -0.056969 1.612030 0.044947
v -0.058364 1.617365 0.044858
v -0.059472 1.623011 0.044887
v -0.060447 1.629029 0.044693
v -0.061324 1.635185 0.044154
v -0.062018 1.641246 0.043446
v -0.062431 1.647103 0.043584
v -0.062788 1.652508 0.045495
v -0.050113 1.607715 0.046798
v -0.051357 1.612877 0.045834
v -0.052532 1.618258 0.045590
v -0.053557 1.624004 0.045495
v -0.054486 1.630226 0.045393
v -0.055315 1.636712 0.045247
v -0.055942 1.643027 0.045151
v -0.056267 1.648834 0.045426
v -0.056682 1.654442 0.046719
v -0.044734 1.608293 0.047817
v -0.045713 1.613598 0.046990
v -0.046610 1.619036 0.046725
v -0.047402 1.624806 0.046672
v -0.048145 1.631060 0.046779
v -0.048847 1.637661 0.047076
v -0.049462 1.644091 0.047469
v -0.049907 1.649903 0.047849
v -0.050302 1.655560 0.048933
v -0.039404 1.608979 0.048790
v -0.040112 1.614254 0.048085
v -0.040713 1.619625 0.047881
v -0.041225 1.625274 0.047919
v -0.041686 1.631345 0.048170
v -0.042126 1.637742 0.048626
v -0.042607 1.644035 0.049117
v -0.043149 1.649844 0.049615
v -0.043624 1.655454 0.050945
v -0.034318 1.609864 0.049667
v -0.034691 1.614900 0.049012
v -0.034961 1.620035 0.048891
v -0.035167 1.625402 0.049007
v -0.035341 1.631142 0.049315
v -0.035530 1.637151 0.049767
v -0.035870 1.643109 0.050274
v -0.036427 1.648727 0.050978
v -0.036964 1.654090 0.052641
v -0.029636 1.610912 0.050507
v -0.029593 1.615561 0.049828
v -0.029486 1.620315 0.049791
v -0.029374 1.625263 0.049972
v -0.029272 1.630613 0.050287
v -0.029245 1.636192 0.050684
v -0.029454 1.641726 0.051148
v -0.029986 1.647021 0.051913
v -0.030591 1.652022 0.053675
v -0.025524 1.611975 0.051665
v -0.024926 1.616139 0.050901
v -0.024398 1.620464 0.050843
v -0.023982 1.624920 0.051024
v -0.023639 1.629889 0.051313
v -0.023456 1.635042 0.051676
v -0.023592 1.640152 0.052139
v -0.024129 1.645107 0.052882
v -0.024876 1.649735 0.054419
v -0.061945 1.617261 0.069051
v -0.058881 1.615493 0.070344
v -0.043201 1.649109 0.077586
v -0.047994 1.649190 0.076624
v -0.052603 1.648685 0.075417
v -0.068445 1.624689 0.065640
v -0.066766 1.622108 0.066638
v -0.029027 1.643160 0.077169
v -0.033300 1.645860 0.077881
v -0.055389 1.614263 0.071524
v -0.051575 1.613247 0.072563
v -0.022259 1.622127 0.073262
v -0.021509 1.624542 0.073340
v -0.061612 1.645074 0.072450
v -0.065298 1.642194 0.070562
v -0.069622 1.636421 0.066443
v -0.070515 1.633396 0.065190
v -0.069674 1.627391 0.064926
v -0.022384 1.633766 0.074926
v -0.023813 1.637215 0.075629
v -0.021600 1.630408 0.074240
v -0.070430 1.630280 0.064727
v -0.038173 1.647895 0.077925
v -0.047707 1.612591 0.073436
v -0.043775 1.612590 0.074084
v -0.057209 1.647371 0.073994
v -0.023655 1.620027 0.073469
v -0.067845 1.639306 0.068447
v -0.025771 1.618096 0.073896
v -0.035994 1.613938 0.074587
v -0.032107 1.615029 0.074588
v -0.039887 1.613051 0.074469
v -0.028595 1.616396 0.074366
v -0.064590 1.619618 0.067868
v -0.021325 1.627358 0.073672
v -0.025977 1.640280 0.076339
v -0.083800 1.611432 -0.063256
v -0.102931 1.666631 -0.047400
v -0.129194 1.594675 -0.051319
v -0.139172 1.642951 -0.058652
v -0.139308 1.645880 -0.065404
v -0.128824 1.598537 -0.045886
v -0.134747 1.639797 -0.053510
v -0.124656 1.593796 -0.055574
v -0.124497 1.601674 -0.043959
v -0.128948 1.637951 -0.052238
v -0.091547 1.596434 -0.030259
v -0.095194 1.603464 -0.023608
v -0.095847 1.630692 -0.026242
v -0.105316 1.634117 -0.031115
v -0.113964 1.638265 -0.034452
v -0.104644 1.616521 -0.031706
v -0.100127 1.622661 -0.025154
v -0.099649 1.595732 -0.036005
v -0.104942 1.596233 -0.040723
v -0.103036 1.606955 -0.030692
v -0.122906 1.639634 -0.058068
v -0.119979 1.602496 -0.043926
v -0.114959 1.600666 -0.043965
v -0.110431 1.597791 -0.043570
v -0.116506 1.641378 -0.043333
v -0.116854 1.640964 -0.051849
v -0.122852 1.645131 -0.069756
v -0.114565 1.596924 -0.059161
v -0.119669 1.594659 -0.058036
v -0.131669 1.646057 -0.069563
v -0.118005 1.644825 -0.065695
v -0.110679 1.600634 -0.057576
v -0.100040 1.657652 -0.046452
v -0.086259 1.612456 -0.054930
v -0.092225 1.608795 -0.055805
v -0.097908 1.607376 -0.055222
v -0.103861 1.651828 -0.046513
v -0.108205 1.651089 -0.051562
v -0.103438 1.606776 -0.053523
v -0.111664 1.649259 -0.056218
v -0.107462 1.604038 -0.055428
v -0.114352 1.647006 -0.061557
v -0.103902 1.689655 -0.042601
v -0.048573 1.779011 0.013507
v -0.033895 1.784489 0.015781
v -0.095354 1.732116 -0.015177
v -0.092064 1.740669 -0.008064
v -0.088166 1.749453 -0.002105
v -0.072750 1.765943 0.006985
v -0.061631 1.772932 0.010626
v -0.017583 1.788792 0.017430
v -0.098453 1.723049 -0.022880
v -0.081956 1.758238 0.002850
v -0.101230 1.712981 -0.030352
v -0.017931 1.601931 -0.138146
v -0.071249 1.606919 -0.099995
v -0.081675 1.610002 -0.074119
v -0.103942 1.677420 -0.046321
v -0.103066 1.701765 -0.037060
v -0.061863 1.605524 -0.112696
v -0.034602 1.603170 -0.132341
v -0.049531 1.604290 -0.123830
v -0.077775 1.608405 -0.086792
v -0.121673 0.841362 -0.096937
v -0.139642 0.851068 -0.043094
v -0.142165 0.850812 -0.006354
v -0.133442 0.847335 0.027225
v -0.108853 0.840981 0.051122
v -0.074716 0.831691 0.054638
v -0.042833 0.820066 0.043427
v -0.030440 0.812447 0.032371
v -0.009195 0.796160 -0.038935
v -0.091415 0.836520 0.054954
v -0.057258 0.826436 0.051295
v -0.122742 0.844396 0.041442
v -0.139467 0.849242 0.011433
v -0.141954 0.851278 -0.024171
v -0.131526 0.846016 -0.079993
v -0.136779 0.849021 -0.061282
v -0.012254 0.797524 -0.057218
v -0.009183 0.796474 -0.020419
v -0.012018 0.799075 -0.001510
v -0.019215 0.804401 0.017314
v -0.026099 0.764168 0.033013
v -0.025823 0.780813 0.033489
v -0.027091 0.796938 0.033723
v -0.039753 0.766685 0.047270
v -0.039712 0.784431 0.047310
v -0.040837 0.802190 0.046480
v -0.075965 0.773243 0.060705
v -0.075650 0.792650 0.059632
v -0.075534 0.812074 0.057699
v -0.114054 0.779646 0.055164
v -0.112968 0.800154 0.054550
v -0.111554 0.820629 0.053118
v -0.139203 0.784082 0.027824
v -0.137985 0.805132 0.027680
v -0.136289 0.826310 0.027285
v -0.148867 0.786348 -0.005340
v -0.147498 0.807824 -0.005918
v -0.145272 0.829456 -0.006548
v -0.148583 0.786266 -0.039036
v -0.146101 0.807795 -0.040537
v -0.143031 0.829563 -0.042156
v -0.009946 0.759268 -0.040032
v -0.009246 0.773185 -0.039327
v -0.009368 0.785416 -0.038630
v -0.131457 0.780250 -0.087474
v -0.128833 0.800469 -0.090605
v -0.125350 0.821165 -0.094139
v -0.095224 0.776563 0.059710
v -0.094503 0.796569 0.058947
v -0.093712 0.816549 0.057294
v -0.056775 0.769849 0.057115
v -0.056807 0.788534 0.056387
v -0.057390 0.807319 0.054725
v -0.129529 0.782200 0.043640
v -0.128142 0.803015 0.043196
v -0.126297 0.823863 0.042238
v -0.145402 0.785458 0.011358
v -0.144236 0.806743 0.011131
v -0.142456 0.828184 0.010773
v -0.149848 0.786658 -0.022178
v -0.147939 0.808228 -0.023227
v -0.145278 0.829985 -0.024309
v -0.140199 0.783104 -0.072227
v -0.137827 0.804108 -0.074839
v -0.134710 0.825539 -0.077770
v -0.145335 0.785087 -0.055735
v -0.142775 0.806442 -0.057753
v -0.139668 0.828100 -0.059982
v -0.013466 0.758815 -0.056768
v -0.012511 0.772864 -0.056270
v -0.012273 0.785559 -0.055924
v -0.009553 0.760084 -0.022222
v -0.009167 0.774142 -0.021482
v -0.009524 0.786288 -0.020535
v -0.011832 0.761148 -0.003564
v -0.011520 0.775721 -0.002913
v -0.012050 0.788428 -0.001816
v -0.016941 0.762420 0.015371
v -0.016558 0.777906 0.015974
v -0.017431 0.792022 0.016971
v -0.115166 0.497951 -0.057583
v -0.084864 0.497273 -0.079699
v -0.108757 0.498292 -0.065348
v -0.103251 0.498462 -0.074033
v -0.124033 0.495249 -0.031892
v -0.123028 0.496480 -0.040867
v -0.043863 0.488022 -0.046582
v -0.048506 0.485021 -0.018373
v -0.053771 0.484513 -0.009971
v -0.059650 0.492719 -0.060960
v -0.120704 0.491951 -0.014841
v -0.072504 0.479823 0.014693
v -0.074022 0.193750 -0.082583
v -0.074992 0.183079 -0.081278
v -0.075837 0.172754 -0.080129
v -0.077613 0.153122 -0.077609
v -0.080057 0.193583 -0.088200
v -0.080883 0.182858 -0.086741
v -0.081635 0.172471 -0.085471
v -0.082990 0.152706 -0.083026
v -0.087285 0.193456 -0.092247
v -0.087852 0.182665 -0.090777
v -0.088407 0.172207 -0.089495
v -0.089456 0.152354 -0.086965
v -0.079781 0.194996 -0.024163
v -0.080175 0.184461 -0.023959
v -0.080302 0.174353 -0.023544
v -0.080009 0.155052 -0.022165
v -0.094719 0.194905 -0.017316
v -0.094817 0.184329 -0.017891
v -0.094785 0.174133 -0.018193
v -0.094561 0.154489 -0.018410
v -0.109955 0.194880 -0.022406
v -0.109422 0.184197 -0.022976
v -0.108926 0.173921 -0.023280
v -0.108192 0.154114 -0.023255
v -0.103373 0.193519 -0.093038
v -0.103393 0.182659 -0.091458
v -0.103542 0.172142 -0.089973
v -0.103871 0.152201 -0.086802
v -0.110843 0.193617 -0.090264
v -0.110465 0.182765 -0.088624
v -0.110256 0.172273 -0.087023
v -0.110060 0.152353 -0.083766
v -0.070994 0.194921 -0.037608
v -0.071780 0.184375 -0.037175
v -0.072190 0.174273 -0.036605
v -0.071746 0.155093 -0.034945
v -0.067920 0.194778 -0.044867
v -0.068930 0.184238 -0.044359
v -0.069583 0.174136 -0.043779
v -0.069744 0.154911 -0.042303
v -0.128317 0.194352 -0.058547
v -0.126914 0.183575 -0.058128
v -0.125869 0.173189 -0.057610
v -0.125478 0.153432 -0.056325
v -0.128135 0.194450 -0.051568
v -0.126801 0.183676 -0.051371
v -0.125826 0.173307 -0.051028
v -0.125533 0.153591 -0.049861
v -0.065678 0.194561 -0.052433
v -0.066747 0.184022 -0.051795
v -0.067593 0.173918 -0.051173
v -0.068564 0.154654 -0.049823
v -0.122209 0.193916 -0.079666
v -0.121261 0.183090 -0.078479
v -0.120648 0.172635 -0.077335
v -0.120858 0.152738 -0.075557
v -0.124759 0.194612 -0.038243
v -0.123670 0.183862 -0.038395
v -0.122900 0.173535 -0.038294
v -0.122510 0.153802 -0.037325
v -0.066167 0.194106 -0.068342
v -0.067182 0.183528 -0.067414
v -0.067948 0.173324 -0.066596
v -0.068622 0.153879 -0.065150
v -0.096841 0.152160 -0.088360
v -0.096045 0.172100 -0.091017
v -0.095663 0.182615 -0.092311
v -0.095343 0.193457 -0.093800
v -0.074933 0.155166 -0.027982
v -0.075547 0.174346 -0.029706
v -0.075375 0.184446 -0.030267
v -0.074829 0.194988 -0.030623
v -0.086974 0.154778 -0.018758
v -0.086922 0.174267 -0.019168
v -0.086763 0.184410 -0.019203
v -0.086396 0.194945 -0.018989
v -0.101693 0.154271 -0.020255
v -0.102268 0.174023 -0.020006
v -0.102545 0.184269 -0.019682
v -0.102779 0.194908 -0.019098
v -0.113958 0.153993 -0.027146
v -0.114686 0.173806 -0.027521
v -0.115331 0.184101 -0.027331
v -0.116105 0.194812 -0.026867
v -0.115937 0.152492 -0.080347
v -0.116157 0.172424 -0.082886
v -0.116591 0.182903 -0.084266
v -0.117264 0.193752 -0.085688
v -0.124468 0.153226 -0.062744
v -0.125016 0.173049 -0.064250
v -0.126084 0.183454 -0.064989
v -0.127471 0.194234 -0.065667
v -0.124264 0.153693 -0.043574
v -0.124849 0.173420 -0.044576
v -0.125777 0.183766 -0.044771
v -0.127012 0.194530 -0.044780
v -0.067804 0.154321 -0.057432
v -0.066799 0.173630 -0.058864
v -0.065929 0.183764 -0.059589
v -0.064846 0.194310 -0.060372
v -0.123047 0.153004 -0.069156
v -0.123356 0.172866 -0.070879
v -0.124276 0.183291 -0.071848
v -0.125513 0.194088 -0.072800
v -0.118935 0.153898 -0.031728
v -0.119446 0.173671 -0.032533
v -0.120156 0.183981 -0.032506
v -0.121102 0.194714 -0.032196
v -0.072492 0.153459 -0.071892
v -0.070994 0.173014 -0.073874
v -0.070260 0.183294 -0.074790
v -0.069292 0.193921 -0.075872
v -0.094812 0.241340 -0.102066
v -0.095259 0.268726 -0.107635
v -0.096193 0.299030 -0.115058
v -0.096533 0.315659 -0.118914
v -0.096525 0.333440 -0.123333
v -0.071593 0.242261 -0.029830
v -0.069777 0.268611 -0.028376
v -0.068581 0.296181 -0.027242
v -0.068019 0.310160 -0.026468
v -0.066789 0.324228 -0.024858
v -0.085903 0.242330 -0.016433
v -0.085841 0.268628 -0.014639
v -0.085767 0.295899 -0.013567
v -0.085489 0.309698 -0.013016
v -0.085031 0.323609 -0.011915
v -0.105232 0.242556 -0.014350
v -0.106499 0.268750 -0.011194
v -0.106964 0.295690 -0.008084
v -0.106631 0.309430 -0.006590
v -0.106240 0.323375 -0.005025
v -0.121103 0.242679 -0.022607
v -0.123576 0.269096 -0.019676
v -0.125086 0.296419 -0.016823
v -0.125341 0.310404 -0.015341
v -0.125400 0.324649 -0.013691
v -0.121978 0.242034 -0.092059
v -0.126052 0.269726 -0.095908
v -0.131774 0.300103 -0.100577
v -0.134830 0.316510 -0.102794
v -0.137706 0.333858 -0.104650
v -0.134923 0.242378 -0.067855
v -0.140101 0.269790 -0.068788
v -0.146349 0.299133 -0.069536
v -0.149522 0.314625 -0.069624
v -0.152323 0.330826 -0.069314
v -0.134443 0.242455 -0.043101
v -0.138874 0.269289 -0.041411
v -0.142999 0.297486 -0.039054
v -0.144787 0.312087 -0.037609
v -0.146290 0.327128 -0.035931
v -0.058423 0.241293 -0.063664
v -0.053786 0.267804 -0.064790
v -0.048254 0.296217 -0.064915
v -0.045724 0.311084 -0.064434
v -0.042503 0.326314 -0.063425
v -0.132361 0.242317 -0.076419
v -0.137351 0.269902 -0.078307
v -0.143731 0.299655 -0.080346
v -0.147126 0.315476 -0.081142
v -0.150134 0.332080 -0.081451
v -0.127102 0.242603 -0.028533
v -0.130178 0.269149 -0.025846
v -0.132436 0.296735 -0.022950
v -0.133077 0.310899 -0.021433
v -0.133486 0.325364 -0.019686
v -0.062583 0.240853 -0.081876
v -0.057591 0.267402 -0.085362
v -0.051555 0.296601 -0.088431
v -0.049121 0.312405 -0.089169
v -0.046308 0.328795 -0.089529
v -0.053851 0.330211 -0.102253
v -0.056438 0.313202 -0.101077
v -0.058955 0.297067 -0.099276
v -0.063981 0.267491 -0.094536
v -0.068128 0.240778 -0.089943
v -0.065263 0.331537 -0.113111
v -0.067539 0.314024 -0.110813
v -0.069656 0.297667 -0.107786
v -0.073040 0.267804 -0.101629
v -0.075777 0.240864 -0.096342
v -0.079984 0.332633 -0.120554
v -0.081486 0.314864 -0.116902
v -0.082500 0.298357 -0.113111
v -0.083807 0.268262 -0.105991
v -0.084933 0.241078 -0.100455
v -0.075709 0.323940 -0.018096
v -0.076504 0.309976 -0.019481
v -0.076845 0.296106 -0.020123
v -0.077335 0.268701 -0.021182
v -0.078197 0.242369 -0.022787
v -0.094948 0.323309 -0.006370
v -0.095388 0.309389 -0.007442
v -0.095861 0.295620 -0.008313
v -0.095971 0.268547 -0.010421
v -0.095502 0.242353 -0.013064
v -0.116480 0.323956 -0.008597
v -0.116637 0.309895 -0.010252
v -0.116681 0.296060 -0.011750
v -0.115661 0.268980 -0.014774
v -0.113787 0.242676 -0.017791
v -0.112709 0.334005 -0.120862
v -0.111205 0.316268 -0.116868
v -0.109694 0.299582 -0.113456
v -0.106675 0.269125 -0.106493
v -0.104734 0.241594 -0.101160
v -0.126764 0.334157 -0.114228
v -0.124340 0.316540 -0.111357
v -0.121934 0.299930 -0.108522
v -0.117258 0.269444 -0.102544
v -0.114038 0.241818 -0.097773
v -0.058668 0.324543 -0.032622
v -0.060362 0.310311 -0.034343
v -0.061267 0.296188 -0.035226
v -0.063369 0.268430 -0.036389
v -0.066122 0.242045 -0.037507
v -0.051646 0.324962 -0.041575
v -0.053877 0.310496 -0.043276
v -0.055297 0.296194 -0.044215
v -0.058535 0.268249 -0.045300
v -0.062059 0.241807 -0.045817
v -0.152432 0.329506 -0.057415
v -0.149919 0.313702 -0.058297
v -0.147056 0.298535 -0.058870
v -0.141233 0.269611 -0.059380
v -0.136077 0.242401 -0.059380
v -0.150377 0.328244 -0.046142
v -0.148294 0.312841 -0.047512
v -0.145892 0.297975 -0.048628
v -0.140795 0.269435 -0.050225
v -0.135883 0.242425 -0.051117
v -0.045997 0.325525 -0.051792
v -0.048806 0.310734 -0.053277
v -0.050815 0.296191 -0.054100
v -0.055308 0.268047 -0.054810
v -0.059427 0.241556 -0.054568
v -0.145443 0.333132 -0.093447
v -0.142398 0.316131 -0.092431
v -0.138978 0.300003 -0.090902
v -0.132753 0.269883 -0.087568
v -0.128128 0.242202 -0.084705
v -0.140623 0.326160 -0.026995
v -0.139692 0.311437 -0.028811
v -0.138485 0.297074 -0.030396
v -0.135365 0.269192 -0.033153
v -0.131613 0.242508 -0.035443
v -0.042593 0.327456 -0.076257
v -0.045747 0.311679 -0.076598
v -0.048252 0.296340 -0.076538
v -0.054311 0.267547 -0.075127
v -0.059365 0.241039 -0.072909
v -0.064706 0.352905 -0.019783
v -0.064765 0.367774 -0.017587
v -0.065084 0.382908 -0.015667
v -0.065016 0.398029 -0.013819
v -0.064227 0.412879 -0.011854
v -0.062877 0.427316 -0.009702
v -0.107668 0.463655 -0.080909
v -0.110884 0.451753 -0.086312
v -0.114575 0.438699 -0.092595
v -0.118526 0.424273 -0.099257
v -0.122400 0.408326 -0.105643
v -0.125683 0.390891 -0.110989
v -0.127985 0.372262 -0.114856
v -0.140289 0.371124 -0.104972
v -0.138391 0.389797 -0.102042
v -0.135044 0.407543 -0.097631
v -0.130513 0.423748 -0.091912
v -0.125623 0.438366 -0.085798
v -0.121046 0.451646 -0.080088
v -0.116963 0.463687 -0.075021
v -0.054966 0.442385 -0.014979
v -0.055626 0.428403 -0.016972
v -0.056291 0.414003 -0.019090
v -0.056567 0.399138 -0.021164
v -0.056213 0.383967 -0.023105
v -0.055583 0.368640 -0.025084
v -0.055543 0.353581 -0.027406
v -0.154979 0.365250 -0.066880
v -0.154073 0.382931 -0.064539
v -0.151884 0.400327 -0.061499
v -0.148069 0.416798 -0.057935
v -0.143071 0.431939 -0.054197
v -0.138132 0.445993 -0.050716
v -0.133757 0.459180 -0.047770
v -0.134897 0.456640 -0.037662
v -0.139383 0.443219 -0.040197
v -0.144193 0.429008 -0.043095
v -0.148768 0.413760 -0.046202
v -0.152177 0.397397 -0.049306
v -0.154082 0.380303 -0.052116
v -0.154788 0.363025 -0.054398
v -0.134157 0.454004 -0.027823
v -0.138672 0.440332 -0.029970
v -0.143225 0.425943 -0.032401
v -0.147349 0.410643 -0.035054
v -0.150315 0.394454 -0.037822
v -0.151940 0.377708 -0.040425
v -0.152394 0.360847 -0.042636
v -0.147884 0.358844 -0.032087
v -0.147638 0.375261 -0.029957
v -0.146340 0.391638 -0.027510
v -0.143852 0.407596 -0.024930
v -0.140307 0.422892 -0.022495
v -0.136188 0.437463 -0.020360
v -0.131769 0.451382 -0.018645
v -0.046265 0.445321 -0.032132
v -0.045400 0.431710 -0.034342
v -0.044474 0.417545 -0.036850
v -0.043620 0.402695 -0.039556
v -0.042511 0.387344 -0.042211
v -0.041338 0.371708 -0.044701
v -0.041145 0.356034 -0.047191
v -0.124921 0.463012 -0.067053
v -0.129291 0.450562 -0.071389
v -0.134273 0.436984 -0.076359
v -0.139626 0.422146 -0.081704
v -0.144280 0.405709 -0.086599
v -0.147278 0.387899 -0.090325
v -0.148600 0.369437 -0.092799
v -0.153082 0.367420 -0.079763
v -0.152048 0.385502 -0.077384
v -0.149448 0.403142 -0.074063
v -0.145115 0.419635 -0.069900
v -0.139875 0.434653 -0.065416
v -0.134856 0.448506 -0.061219
v -0.130473 0.461375 -0.057640
v -0.127754 0.448813 -0.010388
v -0.131702 0.434657 -0.011896
v -0.135338 0.419986 -0.013942
v -0.138358 0.404780 -0.016338
v -0.140478 0.389080 -0.018781
v -0.141546 0.373056 -0.021037
v -0.141791 0.357069 -0.023025
v -0.134223 0.355571 -0.015836
v -0.133908 0.371188 -0.014025
v -0.132985 0.386895 -0.012053
v -0.131047 0.402358 -0.009918
v -0.128288 0.417424 -0.007689
v -0.125073 0.432079 -0.005574
v -0.121738 0.446337 -0.003857
v -0.087095 0.462042 -0.085419
v -0.088019 0.449933 -0.090656
v -0.089241 0.436942 -0.097209
v -0.090783 0.422500 -0.103789
v -0.092458 0.406720 -0.110091
v -0.094033 0.389774 -0.115902
v -0.095245 0.371807 -0.121039
v -0.112287 0.372535 -0.120451
v -0.110263 0.390830 -0.115571
v -0.107725 0.407926 -0.109646
v -0.104954 0.423695 -0.103068
v -0.102231 0.438060 -0.096275
v -0.099756 0.451016 -0.089697
v -0.097722 0.463073 -0.084444
v -0.117297 0.429935 -0.001240
v -0.120278 0.415371 -0.003307
v -0.122848 0.400411 -0.005180
v -0.124576 0.385106 -0.006915
v -0.125405 0.369637 -0.008536
v -0.125764 0.354295 -0.010130
v -0.116625 0.353173 -0.005223
v -0.116296 0.368334 -0.003830
v -0.115604 0.383651 -0.002546
v -0.114162 0.398877 -0.001280
v -0.111834 0.413790 0.000064
v -0.108998 0.428314 0.001743
v -0.106160 0.442447 0.003766
v -0.050406 0.452625 -0.060959
v -0.048141 0.439973 -0.065268
v -0.045975 0.426475 -0.070079
v -0.044664 0.411824 -0.074959
v -0.044103 0.396168 -0.079551
v -0.044008 0.379756 -0.083467
v -0.043717 0.362920 -0.086710
v -0.080566 0.426294 0.001437
v -0.082486 0.411833 -0.000660
v -0.083832 0.396967 -0.002361
v -0.084448 0.381890 -0.004153
v -0.084643 0.366872 -0.006043
v -0.084626 0.352099 -0.007972
v -0.074542 0.352427 -0.013442
v -0.074590 0.367194 -0.011363
v -0.074600 0.382226 -0.009444
v -0.074164 0.397294 -0.007569
v -0.072978 0.412137 -0.005658
v -0.071161 0.426600 -0.003434
v -0.069134 0.440673 -0.000844
v -0.057582 0.455294 -0.069569
v -0.055317 0.443114 -0.074948
v -0.053451 0.429867 -0.080705
v -0.052391 0.415297 -0.086390
v -0.052034 0.399536 -0.091552
v -0.052296 0.382823 -0.095648
v -0.052359 0.365594 -0.099074
v -0.100299 0.427165 0.003470
v -0.102776 0.412657 0.002230
v -0.104657 0.397764 0.001372
v -0.105631 0.382575 0.000464
v -0.106045 0.367353 -0.000647
v -0.106227 0.352314 -0.001945
v -0.094956 0.352006 -0.003232
v -0.094945 0.366909 -0.001646
v -0.094745 0.382030 -0.000150
v -0.094126 0.397164 0.001187
v -0.092738 0.412032 0.002259
v -0.090793 0.426502 0.003700
v -0.088648 0.440631 0.005599
v -0.065840 0.458117 -0.077475
v -0.064663 0.446051 -0.083166
v -0.063645 0.432969 -0.089561
v -0.063302 0.418422 -0.095726
v -0.063437 0.402579 -0.101267
v -0.063922 0.385670 -0.105714
v -0.064258 0.368104 -0.109466
v -0.044763 0.447342 -0.041612
v -0.043337 0.433993 -0.044279
v -0.041829 0.420019 -0.047332
v -0.040554 0.405260 -0.050643
v -0.039209 0.389856 -0.053937
v -0.037976 0.373994 -0.056988
v -0.037632 0.357909 -0.059642
v -0.038657 0.360285 -0.073259
v -0.039170 0.376738 -0.070287
v -0.039901 0.392839 -0.066663
v -0.040807 0.408358 -0.062666
v -0.042145 0.423060 -0.058603
v -0.044121 0.436804 -0.054762
v -0.046134 0.449820 -0.051379
v -0.047520 0.354621 -0.036527
v -0.047626 0.369975 -0.034134
v -0.048523 0.385421 -0.031965
v -0.049279 0.400670 -0.029748
v -0.049548 0.415538 -0.027426
v -0.049694 0.429866 -0.025210
v -0.049947 0.443713 -0.023271
v -0.075933 0.460507 -0.083448
v -0.075928 0.448409 -0.088777
v -0.076006 0.435397 -0.095286
v -0.076560 0.420859 -0.101609
v -0.077380 0.404984 -0.107417
v -0.078273 0.387998 -0.112453
v -0.078879 0.370223 -0.116907
v -0.148245 0.720642 0.012048
v -0.148688 0.698239 0.011499
v -0.148334 0.675756 0.010609
v -0.146983 0.653552 0.009482
v -0.144286 0.631949 0.008155
v -0.140168 0.611173 0.006600
v -0.135213 0.591287 0.004859
v -0.130114 0.572294 0.003013
v -0.125333 0.554206 0.001077
v -0.119899 0.520273 -0.002388
v -0.119725 0.504489 -0.004085
v -0.118545 0.501974 0.005449
v -0.117469 0.518355 0.007007
v -0.120342 0.552731 0.010514
v -0.125149 0.570686 0.013573
v -0.129725 0.589692 0.016333
v -0.134081 0.609601 0.018953
v -0.137900 0.630345 0.021419
v -0.140778 0.651881 0.023677
v -0.142378 0.674098 0.025573
v -0.142707 0.696683 0.026946
v -0.142171 0.719209 0.027816
v -0.060936 0.709972 -0.105027
v -0.062775 0.690479 -0.103847
v -0.064412 0.670650 -0.101786
v -0.065836 0.650591 -0.099322
v -0.066965 0.630505 -0.096725
v -0.067737 0.610534 -0.094396
v -0.068283 0.590833 -0.092391
v -0.068764 0.571549 -0.090735
v -0.069890 0.553274 -0.087481
v -0.073130 0.522480 -0.077687
v -0.073357 0.508582 -0.077654
v -0.096969 0.713978 0.058449
v -0.097213 0.692091 0.056543
v -0.097123 0.670083 0.053843
v -0.096707 0.648324 0.050349
v -0.096053 0.627035 0.046392
v -0.095262 0.606323 0.042260
v -0.094406 0.586297 0.037964
v -0.093527 0.567129 0.033411
v -0.092702 0.548767 0.029146
v -0.093602 0.512776 0.028079
v -0.093929 0.495554 0.025664
v -0.015615 0.708637 -0.022656
v -0.018784 0.689268 -0.022471
v -0.022184 0.669267 -0.022345
v -0.025528 0.648870 -0.022321
v -0.028171 0.628368 -0.022388
v -0.029910 0.607977 -0.022515
v -0.031036 0.587905 -0.022693
v -0.031874 0.568339 -0.022919
v -0.032695 0.549468 -0.023209
v -0.035552 0.514329 -0.024317
v -0.039133 0.499014 -0.025386
v -0.132311 0.717530 0.043410
v -0.132807 0.694982 0.042382
v -0.132388 0.672350 0.040545
v -0.130608 0.650174 0.037659
v -0.127880 0.628728 0.034251
v -0.124753 0.608001 0.030814
v -0.121384 0.588034 0.027336
v -0.117791 0.568975 0.023655
v -0.113472 0.551197 0.019154
v -0.104958 0.497268 0.021880
v -0.104700 0.514381 0.024123
v -0.103928 0.549893 0.025557
v -0.106537 0.567788 0.030772
v -0.108742 0.586890 0.035167
v -0.110799 0.606919 0.039229
v -0.112726 0.627659 0.043242
v -0.114456 0.649031 0.047268
v -0.115700 0.671033 0.050739
v -0.116176 0.693444 0.053001
v -0.116007 0.715751 0.054315
v -0.116187 0.511309 -0.057682
v -0.119392 0.525225 -0.059365
v -0.125814 0.556984 -0.063469
v -0.128717 0.574899 -0.065622
v -0.131453 0.593863 -0.067843
v -0.134377 0.613642 -0.070397
v -0.136532 0.634219 -0.072792
v -0.137371 0.655342 -0.074709
v -0.137465 0.676632 -0.076521
v -0.137232 0.697876 -0.078520
v -0.136557 0.718938 -0.080615
v -0.084373 0.509796 -0.079501
v -0.084154 0.523602 -0.079256
v -0.083218 0.554230 -0.089291
v -0.082807 0.572322 -0.092649
v -0.082466 0.591514 -0.094499
v -0.082121 0.611209 -0.096680
v -0.081661 0.631241 -0.099088
v -0.080989 0.651441 -0.101668
v -0.080067 0.671635 -0.104229
v -0.078834 0.691665 -0.106619
v -0.077162 0.711452 -0.108277
v -0.110080 0.511454 -0.065867
v -0.112770 0.525214 -0.067936
v -0.118408 0.556524 -0.073735
v -0.120490 0.574449 -0.076309
v -0.122309 0.593429 -0.078781
v -0.124211 0.613168 -0.081596
v -0.125539 0.633607 -0.084226
v -0.125930 0.654494 -0.086344
v -0.125782 0.675489 -0.088407
v -0.125410 0.696395 -0.090721
v -0.124547 0.717117 -0.092982
v -0.093913 0.713211 -0.107280
v -0.095316 0.693138 -0.105186
v -0.096183 0.672868 -0.102632
v -0.096757 0.652452 -0.100234
v -0.097059 0.632053 -0.097866
v -0.097078 0.611913 -0.095368
v -0.096950 0.592213 -0.092962
v -0.096848 0.573097 -0.090820
v -0.096490 0.555062 -0.087706
v -0.094725 0.524388 -0.078813
v -0.094670 0.510663 -0.078614
v -0.103938 0.511124 -0.074340
v -0.104527 0.524920 -0.074878
v -0.108650 0.555818 -0.082372
v -0.109791 0.573817 -0.085180
v -0.110606 0.592867 -0.087521
v -0.111477 0.612589 -0.090192
v -0.112029 0.632877 -0.092774
v -0.112033 0.653514 -0.094982
v -0.111667 0.674208 -0.097208
v -0.111099 0.694774 -0.099723
v -0.110012 0.715164 -0.102007
v -0.123481 0.509235 -0.030664
v -0.125984 0.524053 -0.029950
v -0.132807 0.557019 -0.029724
v -0.136810 0.575141 -0.030073
v -0.141395 0.594192 -0.030612
v -0.146348 0.614074 -0.031267
v -0.150306 0.634873 -0.031931
v -0.152420 0.656448 -0.032506
v -0.153274 0.678397 -0.033037
v -0.153395 0.700387 -0.033661
v -0.152873 0.722206 -0.034488
v -0.144800 0.720491 -0.065716
v -0.145502 0.699128 -0.064061
v -0.145672 0.677589 -0.062515
v -0.145324 0.656035 -0.061071
v -0.143990 0.634722 -0.059491
v -0.141083 0.614044 -0.057565
v -0.137297 0.594223 -0.055541
v -0.133878 0.575229 -0.053804
v -0.130563 0.557246 -0.052262
v -0.123584 0.525099 -0.049703
v -0.120345 0.510908 -0.048868
v -0.122852 0.510210 -0.039827
v -0.125838 0.524694 -0.039791
v -0.132793 0.557265 -0.040856
v -0.136426 0.575329 -0.041813
v -0.140415 0.594367 -0.042987
v -0.144866 0.614229 -0.044356
v -0.148403 0.634978 -0.045686
v -0.150191 0.656443 -0.046801
v -0.150786 0.678219 -0.047804
v -0.150675 0.700006 -0.048873
v -0.149992 0.721614 -0.050104
v -0.016018 0.708354 -0.040391
v -0.018681 0.689117 -0.039962
v -0.021639 0.669285 -0.039418
v -0.024777 0.649065 -0.038807
v -0.027417 0.628722 -0.038208
v -0.029059 0.608437 -0.037694
v -0.030158 0.588438 -0.037246
v -0.031256 0.568957 -0.036839
v -0.032218 0.550167 -0.036503
v -0.035311 0.515374 -0.036122
v -0.038334 0.500164 -0.036183
v -0.040383 0.501374 -0.047122
v -0.037269 0.516297 -0.047992
v -0.034052 0.550782 -0.049728
v -0.032858 0.569467 -0.050707
v -0.031762 0.588889 -0.051717
v -0.030740 0.608814 -0.052695
v -0.029333 0.629004 -0.053710
v -0.026911 0.649222 -0.054873
v -0.024112 0.669304 -0.055933
v -0.021654 0.689020 -0.056670
v -0.019438 0.708141 -0.057099
v -0.043054 0.498296 -0.015276
v -0.038729 0.513541 -0.012949
v -0.035297 0.548733 -0.010186
v -0.034328 0.567632 -0.009219
v -0.033427 0.587229 -0.008316
v -0.032304 0.607354 -0.007450
v -0.030611 0.627839 -0.006604
v -0.027965 0.648475 -0.005768
v -0.024613 0.669063 -0.005054
v -0.021202 0.689295 -0.004559
v -0.017974 0.708875 -0.004267
v -0.047265 0.497319 -0.005372
v -0.043641 0.512907 -0.002254
v -0.040128 0.548051 0.002113
v -0.038767 0.566903 0.003914
v -0.037644 0.586483 0.005596
v -0.036496 0.606628 0.007194
v -0.034839 0.627165 0.008810
v -0.032169 0.647890 0.010537
v -0.028914 0.668650 0.012097
v -0.025928 0.689166 0.013192
v -0.023251 0.709060 0.013887
v -0.025793 0.708099 -0.072464
v -0.027791 0.689067 -0.072060
v -0.029876 0.669418 -0.071178
v -0.032249 0.649405 -0.069783
v -0.034340 0.629265 -0.068193
v -0.035523 0.609155 -0.066823
v -0.036311 0.589283 -0.065498
v -0.037259 0.569893 -0.064034
v -0.038696 0.551297 -0.062384
v -0.043665 0.517607 -0.058641
v -0.047428 0.503308 -0.056396
v -0.056678 0.505774 -0.062983
v -0.053150 0.519559 -0.066337
v -0.046224 0.551711 -0.073833
v -0.044439 0.570220 -0.076327
v -0.043799 0.589632 -0.077924
v -0.043303 0.609473 -0.079322
v -0.042320 0.629525 -0.080926
v -0.040603 0.649631 -0.082809
v -0.038582 0.669626 -0.084502
v -0.036673 0.689271 -0.085587
v -0.034737 0.708307 -0.086100
v -0.153429 0.722230 -0.018936
v -0.153848 0.700209 -0.018579
v -0.153528 0.678037 -0.018450
v -0.152461 0.655960 -0.018428
v -0.150105 0.634328 -0.018428
v -0.145893 0.613519 -0.018460
v -0.140643 0.593639 -0.018566
v -0.135611 0.574602 -0.018756
v -0.131268 0.556447 -0.019081
v -0.124848 0.523094 -0.020464
v -0.122596 0.507988 -0.021707
v -0.120489 0.506478 -0.013081
v -0.122468 0.521862 -0.011390
v -0.128896 0.555476 -0.008816
v -0.133486 0.573625 -0.007758
v -0.138717 0.592635 -0.006773
v -0.143959 0.612515 -0.005872
v -0.148213 0.633315 -0.005110
v -0.150748 0.654954 -0.004496
v -0.151959 0.677117 -0.003975
v -0.152357 0.699461 -0.003589
v -0.151988 0.721689 -0.003467
v -0.044106 0.709924 0.044533
v -0.045957 0.689257 0.043040
v -0.048025 0.668148 0.040820
v -0.050295 0.647022 0.037789
v -0.052188 0.626103 0.034551
v -0.053483 0.605506 0.031489
v -0.054480 0.585388 0.028496
v -0.055429 0.565897 0.025513
v -0.056535 0.547169 0.022456
v -0.057694 0.511444 0.017642
v -0.058896 0.494564 0.014454
v -0.047237 0.547510 0.013184
v -0.045850 0.566303 0.015728
v -0.044660 0.585837 0.018179
v -0.043501 0.605972 0.020526
v -0.041946 0.626539 0.022909
v -0.039489 0.647343 0.025516
v -0.036556 0.668274 0.027916
v -0.034059 0.689091 0.029534
v -0.031942 0.709363 0.030523
v -0.046465 0.708916 -0.097270
v -0.048424 0.689720 -0.096416
v -0.050335 0.670025 -0.094852
v -0.052122 0.650021 -0.092763
v -0.053602 0.629946 -0.090482
v -0.054550 0.609956 -0.088478
v -0.055073 0.590184 -0.086879
v -0.055468 0.570778 -0.085510
v -0.056982 0.552308 -0.082640
v -0.062598 0.521107 -0.073221
v -0.063896 0.507138 -0.071516
v -0.077934 0.712259 0.059248
v -0.078726 0.690798 0.056784
v -0.079390 0.669144 0.053656
v -0.079871 0.647611 0.050079
v -0.080166 0.626428 0.046219
v -0.080312 0.605737 0.042233
v -0.080394 0.585665 0.038176
v -0.080504 0.566341 0.034126
v -0.080663 0.547711 0.030821
v -0.081509 0.511654 0.028020
v -0.081918 0.494512 0.025404
v -0.069583 0.494261 0.021520
v -0.068944 0.511329 0.024369
v -0.067923 0.547143 0.029009
v -0.067334 0.565818 0.032149
v -0.066726 0.585258 0.035522
v -0.066068 0.605370 0.039044
v -0.065234 0.626015 0.042641
v -0.064074 0.647064 0.046293
v -0.062635 0.668380 0.049775
v -0.061086 0.689743 0.052762
v -0.059585 0.710817 0.054951
v -0.071485 0.216297 -0.085893
v -0.078110 0.216239 -0.091851
v -0.086082 0.216258 -0.095951
v -0.094892 0.216367 -0.097606
v -0.078859 0.217623 -0.023922
v -0.073253 0.217586 -0.030723
v -0.094801 0.217589 -0.015509
v -0.085849 0.217571 -0.018022
v -0.111515 0.217760 -0.020492
v -0.103682 0.217707 -0.017070
v -0.103776 0.216505 -0.096844
v -0.118242 0.217722 -0.025125
v -0.112105 0.216645 -0.093833
v -0.119260 0.216800 -0.088753
v -0.068636 0.217453 -0.037955
v -0.130908 0.217220 -0.066853
v -0.065161 0.217270 -0.045625
v -0.131849 0.217308 -0.059109
v -0.131593 0.217384 -0.051559
v -0.130274 0.217451 -0.044244
v -0.062837 0.217047 -0.053665
v -0.062037 0.216802 -0.062062
v -0.124826 0.216956 -0.082145
v -0.128648 0.217101 -0.074645
v -0.127728 0.217527 -0.037226
v -0.123709 0.217627 -0.030761
v -0.063304 0.216596 -0.070533
v -0.066485 0.216421 -0.078628
v -0.056559 0.338892 -0.030023
v -0.048902 0.339613 -0.039089
v -0.042810 0.340590 -0.049619
v -0.039566 0.343704 -0.075283
v -0.043988 0.345784 -0.088953
v -0.052205 0.347950 -0.101817
v -0.078966 0.351661 -0.120833
v -0.154337 0.347754 -0.068446
v -0.139917 0.352177 -0.105711
v -0.128391 0.352944 -0.115977
v -0.113296 0.353169 -0.122803
v -0.152292 0.349465 -0.081064
v -0.151801 0.344277 -0.044509
v -0.141446 0.341365 -0.024970
v -0.125681 0.339244 -0.011848
v -0.084696 0.337689 -0.010023
v -0.106195 0.337629 -0.003401
v -0.064048 0.349987 -0.112800
v -0.039136 0.341911 -0.061804
v -0.065358 0.338395 -0.022326
v -0.074868 0.338020 -0.015794
v -0.094874 0.337471 -0.004885
v -0.116600 0.338340 -0.006811
v -0.134022 0.340228 -0.017701
v -0.147395 0.342731 -0.034034
v -0.154204 0.345979 -0.056142
v -0.147758 0.350976 -0.093713
v -0.096023 0.352761 -0.124650
v -0.055511 0.470350 -0.012549
v -0.050683 0.471246 -0.020557
v -0.045490 0.472030 -0.028548
v -0.046687 0.475383 -0.046941
v -0.052522 0.477500 -0.055120
v -0.061076 0.479600 -0.061261
v -0.074701 0.484124 -0.078218
v -0.126135 0.483860 -0.042931
v -0.110394 0.486099 -0.067467
v -0.103761 0.486601 -0.075276
v -0.095333 0.486431 -0.080217
v -0.122879 0.485018 -0.051795
v -0.126374 0.480355 -0.024407
v -0.119069 0.476022 -0.009031
v -0.076238 0.468181 0.006434
v -0.093141 0.469025 0.008590
v -0.066555 0.481976 -0.070719
v -0.044136 0.473447 -0.037739
v -0.061148 0.469467 -0.004914
v -0.068164 0.468729 0.001598
v -0.085337 0.468199 0.008626
v -0.100617 0.470455 0.006247
v -0.113195 0.473984 -0.003381
v -0.123664 0.478242 -0.016065
v -0.127017 0.482221 -0.033564
v -0.117667 0.485789 -0.060095
v -0.085490 0.485484 -0.080721
v -0.020733 0.728001 0.014384
v -0.018487 0.745798 0.014853
v -0.015230 0.727556 -0.004120
v -0.013151 0.745053 -0.003948
v -0.012919 0.727143 -0.022792
v -0.010870 0.744384 -0.022689
v -0.017220 0.726447 -0.057298
v -0.015133 0.743365 -0.057201
v -0.023723 0.726324 -0.072586
v -0.021931 0.743263 -0.072328
v -0.033027 0.726593 -0.085970
v -0.031672 0.743697 -0.085250
v -0.059364 0.728802 -0.104223
v -0.057709 0.746591 -0.102940
v -0.091763 0.732877 -0.107972
v -0.089220 0.751595 -0.107611
v -0.148934 0.742972 -0.051624
v -0.147476 0.764063 -0.053526
v -0.108058 0.735184 -0.103439
v -0.105485 0.754550 -0.104458
v -0.122919 0.737445 -0.094842
v -0.120649 0.757315 -0.096549
v -0.143693 0.741565 -0.067563
v -0.142230 0.762375 -0.069718
v -0.152435 0.743944 -0.019623
v -0.151325 0.765335 -0.020754
v -0.147246 0.742663 0.012169
v -0.146265 0.764194 0.011871
v -0.131464 0.739633 0.043911
v -0.130565 0.761153 0.043953
v -0.058249 0.731229 0.056377
v -0.057264 0.750856 0.057075
v -0.096457 0.735420 0.059563
v -0.095852 0.756259 0.059930
v -0.045042 0.727418 -0.096769
v -0.043788 0.744785 -0.095481
v -0.013599 0.726752 -0.040638
v -0.011503 0.743789 -0.040546
v -0.029750 0.728674 0.031378
v -0.027601 0.746888 0.032258
v -0.042294 0.729734 0.045716
v -0.040715 0.748586 0.046676
v -0.077128 0.733219 0.060636
v -0.076448 0.753517 0.061087
v -0.115472 0.737595 0.055043
v -0.114806 0.758868 0.055291
v -0.141177 0.741338 0.028198
v -0.140184 0.762907 0.028132
v -0.150997 0.743561 -0.003716
v -0.149941 0.765026 -0.004400
v -0.151794 0.743760 -0.035614
v -0.150443 0.765033 -0.037172
v -0.135266 0.739644 -0.082639
v -0.133479 0.760015 -0.084795
v -0.075170 0.730683 -0.107957
v -0.073067 0.748881 -0.106871
v -0.057304 0.529081 0.019822
v -0.093146 0.530482 0.029627
v -0.080738 0.529410 0.030327
v -0.112086 0.533535 0.017210
v -0.114323 0.444141 0.000757
v -0.097725 0.441293 0.005245
v -0.078451 0.440366 0.003939
v -0.061416 0.441359 -0.007420
v -0.060429 0.455258 -0.005506
v -0.112869 0.516315 0.016358
v -0.113484 0.499432 0.014549
v -0.109929 0.484971 0.008642
v -0.051505 0.495805 0.004905
v -0.049256 0.512056 0.008321
v -0.048481 0.529489 0.010635
v -0.107249 0.472222 0.001848
v -0.111130 0.458165 0.001705
v -0.058044 0.483023 -0.000921
v -0.121596 0.536907 -0.000791
v -0.117326 0.535302 0.008225
v -0.071667 0.537207 -0.081889
v -0.033569 0.531345 -0.023626
v -0.104083 0.531892 0.025045
v -0.122604 0.540394 -0.061304
v -0.083721 0.538267 -0.083547
v -0.115724 0.540083 -0.070777
v -0.095586 0.538964 -0.082817
v -0.106723 0.539524 -0.078562
v -0.129290 0.539951 -0.029644
v -0.127072 0.540499 -0.050861
v -0.129266 0.540349 -0.040155
v -0.033334 0.532184 -0.036258
v -0.035279 0.532923 -0.048862
v -0.036368 0.530582 -0.011313
v -0.041590 0.529999 0.000130
v -0.040592 0.533672 -0.060738
v -0.049352 0.534698 -0.070401
v -0.127790 0.539245 -0.019595
v -0.125234 0.538213 -0.009987
v -0.059817 0.535864 -0.077796
v -0.068210 0.528973 0.026890
v -0.113407 0.474882 -0.070755
v -0.129864 0.471666 -0.045263
v -0.127480 0.464878 -0.017261
v -0.126614 0.473348 -0.054605
v -0.118206 0.460271 -0.002754
v -0.096372 0.474904 -0.081898
v -0.103349 0.456498 0.004502
v -0.068481 0.454561 0.000929
v -0.087675 0.454463 0.006239
v -0.047396 0.462584 -0.048611
v -0.050316 0.457368 -0.021711
v -0.105252 0.475103 -0.077256
v -0.054598 0.456224 -0.013345
v -0.130769 0.469521 -0.035475
v -0.129985 0.467239 -0.025989
v -0.046682 0.458746 -0.030268
v -0.121099 0.474494 -0.063315
v -0.123721 0.462566 -0.009293
v -0.086358 0.473852 -0.082541
v -0.052309 0.464918 -0.057304
v -0.078077 0.454263 0.005153
v -0.059728 0.467118 -0.064864
v -0.095473 0.455285 0.005865
v -0.066322 0.469963 -0.073395
v -0.045368 0.460469 -0.039400
v -0.075439 0.472381 -0.080232
v -0.117050 0.490039 -0.007193
v -0.074132 0.495988 -0.077544
v -0.093808 0.480047 0.019552
v -0.042924 0.485247 -0.026815
v -0.094658 0.498118 -0.078604
v -0.119945 0.497356 -0.049433
v -0.041560 0.486426 -0.036647
v -0.050616 0.490202 -0.054959
v -0.123334 0.493726 -0.023055
v -0.063979 0.481299 0.007545
v -0.065265 0.494312 -0.070525
v -0.083228 0.479251 0.019102
v -0.113969 0.487766 0.000720
v -0.103186 0.482220 0.015496
v -0.064107 0.796844 -0.107141
v -0.059473 0.810244 -0.113013
v -0.094974 0.808679 -0.112307
v -0.091544 0.826314 -0.116772
v -0.111798 0.815409 -0.106259
v -0.108102 0.835015 -0.109819
v -0.078686 0.802084 -0.110909
v -0.073918 0.817165 -0.116946
v -0.038325 0.789407 -0.095359
v -0.035420 0.801657 -0.098599
v -0.050835 0.792611 -0.102527
v -0.046703 0.805203 -0.107168
v -0.027477 0.787344 -0.084984
v -0.026138 0.799525 -0.087286
v -0.018632 0.786272 -0.071883
v -0.018226 0.798303 -0.073387
v -0.102501 0.772866 -0.106187
v -0.118208 0.776645 -0.099061
v -0.086200 0.769171 -0.107725
v -0.070613 0.765826 -0.105986
v -0.055821 0.763086 -0.101994
v -0.042215 0.760972 -0.094774
v -0.030177 0.759619 -0.084718
v -0.020321 0.758908 -0.071988
v -0.099128 0.790842 -0.108776
v -0.115278 0.795795 -0.102409
v -0.082865 0.786014 -0.108500
v -0.067851 0.781747 -0.105656
v -0.053696 0.778340 -0.101555
v -0.040473 0.775783 -0.094675
v -0.028912 0.774156 -0.084561
v -0.019340 0.773209 -0.071726
v -0.036004 1.398823 0.040774
v -0.042352 1.370937 0.057784
v -0.039101 1.386429 0.050890
v -0.033198 1.407515 0.028855
v -0.023612 1.395455 0.040719
v -0.027892 1.368515 0.058821
v -0.025615 1.383095 0.050500
v -0.216154 1.333114 -0.107484
v -0.242702 1.344135 -0.101980
v -0.260882 1.353526 -0.081616
v -0.262977 1.355509 -0.051922
v -0.254699 1.350294 -0.023767
v -0.236585 1.339065 -0.001850
v -0.188117 1.316697 0.000652
v -0.174360 1.318804 0.002410
v -0.172165 1.295347 -0.034423
v -0.168347 1.283695 -0.067943
v -0.164088 1.283634 -0.098900
v -0.187872 1.313967 -0.107162
v -0.142382 1.378429 -0.135755
v -0.159087 1.404720 -0.117919
v -0.172406 1.423138 -0.089842
v -0.177450 1.428967 -0.058136
v -0.173623 1.426891 -0.029030
v -0.163949 1.414517 -0.002584
v -0.146904 1.384150 0.020973
v -0.143904 1.377727 0.025347
v -0.126242 1.350628 -0.143013
v -0.089015 1.346798 -0.152363
v -0.093704 1.381215 -0.145914
v -0.103390 1.412563 -0.127446
v -0.118169 1.433725 -0.093973
v -0.129820 1.446224 -0.061679
v -0.127578 1.440698 -0.031137
v -0.120501 1.422143 -0.004350
v -0.121377 1.387391 0.028058
v -0.124973 1.375386 0.034256
v -0.164622 1.294069 0.014705
v -0.172322 1.271430 -0.030070
v -0.170416 1.257494 -0.068257
v -0.155017 1.255602 -0.102247
v -0.171769 1.322979 -0.123612
v -0.194749 1.351305 -0.120056
v -0.215176 1.377641 -0.111702
v -0.232703 1.402967 -0.056441
v -0.225146 1.398193 -0.025613
v -0.173162 1.354021 0.019019
v -0.162229 1.345190 0.023629
v -0.229436 1.398256 -0.089453
v -0.208780 1.384550 0.000044
v -0.146350 1.298154 -0.127066
v -0.148564 1.329881 0.039007
v -0.128773 1.267464 -0.128335
v -0.114317 1.330109 -0.144041
v -0.091742 1.314364 -0.149844
v -0.259636 1.353755 -0.037403
v -0.176334 1.428602 -0.043339
v -0.132420 1.445630 -0.045595
v -0.230141 1.401247 -0.040603
v -0.263000 1.356324 -0.066830
v -0.176281 1.427593 -0.073867
v -0.128111 1.441819 -0.077762
v -0.232340 1.402773 -0.073195
v -0.247177 1.345267 -0.011644
v -0.169328 1.422161 -0.015301
v -0.125021 1.432353 -0.017924
v -0.218064 1.392354 -0.011916
v -0.223011 1.332285 0.004794
v -0.158082 1.404296 0.007504
v -0.120848 1.412924 0.010621
v -0.197928 1.374695 0.009452
v -0.253741 1.350795 -0.094127
v -0.166354 1.415198 -0.104712
v -0.111683 1.426052 -0.112224
v -0.224418 1.388963 -0.102857
v -0.229787 1.339368 -0.105664
v -0.150897 1.392057 -0.128222
v -0.098363 1.397739 -0.138394
v -0.206004 1.364894 -0.117009
v -0.108902 1.353584 -0.148124
v -0.119479 1.383448 -0.141276
v -0.132592 1.411611 -0.121882
v -0.153137 1.434557 -0.030127
v -0.143354 1.419953 -0.003989
v -0.155404 1.437838 -0.059475
v -0.147294 1.429427 -0.090715
v -0.135982 1.387951 0.023639
v -0.136389 1.377785 0.028883
v -0.168638 1.307782 0.007158
v -0.172294 1.286150 -0.033391
v -0.169005 1.272386 -0.068624
v -0.157489 1.270528 -0.100614
v -0.154478 1.337824 0.030997
v -0.134975 1.284880 -0.128158
v -0.105277 1.325643 -0.146724
v -0.155301 1.437748 -0.044395
v -0.152632 1.434880 -0.075003
v -0.150365 1.427916 -0.016935
v -0.142513 1.410786 0.008660
v -0.140719 1.422338 -0.106987
v -0.127682 1.398896 -0.132995
v -0.154528 1.376629 0.020385
v -0.189236 1.422272 -0.027307
v -0.190999 1.418539 -0.090843
v -0.160942 1.369589 -0.130728
v -0.142618 1.341898 -0.137831
v -0.122686 1.320909 -0.140915
v -0.097169 1.298569 -0.145593
v -0.147666 1.370080 0.026022
v -0.177626 1.408071 -0.001181
v -0.194403 1.425298 -0.057600
v -0.178069 1.396705 -0.116223
v -0.130405 1.362112 0.038527
v -0.192647 1.424485 -0.042091
v -0.194054 1.423931 -0.074226
v -0.184274 1.417201 -0.013116
v -0.169914 1.396727 0.007554
v -0.185345 1.408762 -0.105015
v -0.169783 1.383568 -0.124673
v -0.111330 1.311765 -0.142996
v -0.139561 1.366507 0.031892
v -0.120730 1.356776 0.045893
v -0.109500 1.351650 0.053647
v -0.178797 1.360722 -0.125599
v -0.197165 1.388212 -0.114616
v -0.207158 1.413410 -0.025959
v -0.153965 1.358720 0.025988
v -0.210727 1.411039 -0.091108
v -0.192631 1.398348 -0.000381
v -0.137989 1.347054 0.040377
v -0.145892 1.353132 0.032950
v -0.158249 1.331704 -0.131791
v -0.213878 1.417953 -0.057054
v -0.163225 1.366514 0.020215
v -0.132931 1.309192 -0.135496
v -0.109228 1.281230 -0.138650
v -0.211801 1.416516 -0.040962
v -0.213910 1.416569 -0.074225
v -0.200926 1.407435 -0.012090
v -0.183271 1.387381 0.008664
v -0.205634 1.400915 -0.104968
v -0.188555 1.374885 -0.121105
v -0.118513 1.299455 -0.137133
v -0.207423 1.340688 -0.113615
v -0.231594 1.362428 -0.107898
v -0.241609 1.378170 -0.025923
v -0.170526 1.330787 0.017072
v -0.246909 1.378445 -0.087076
v -0.224165 1.366733 -0.000886
v -0.144206 1.259346 -0.116586
v -0.158608 1.311627 0.032197
v -0.181764 1.315305 -0.113735
v -0.249353 1.381787 -0.055983
v -0.182776 1.340001 0.014784
v -0.156315 1.289134 -0.114699
v -0.246631 1.380805 -0.040601
v -0.249319 1.382152 -0.071822
v -0.234240 1.373395 -0.012464
v -0.211937 1.358485 0.008190
v -0.241004 1.371740 -0.099816
v -0.220405 1.352079 -0.112099
v -0.163428 1.321735 0.023789
v -0.146204 1.274273 -0.116539
v -0.206992 1.324972 0.006821
v -0.150926 1.393558 0.014686
v -0.121216 1.400512 0.020703
v -0.186014 1.364236 0.015805
v -0.137120 1.398847 0.016782
v -0.161926 1.385826 0.014474
v -0.173349 1.376408 0.015373
v -0.197929 1.349576 0.013698
v -0.201808 1.324581 -0.108205
v -0.134049 1.364280 -0.140528
v -0.090553 1.364812 -0.150460
v -0.183226 1.337601 -0.122050
v -0.114023 1.369316 -0.145991
v -0.151911 1.355376 -0.135055
v -0.168795 1.346645 -0.129113
v -0.194169 1.328676 -0.114019
v -0.174401 1.300144 -0.102472
v -0.159550 1.309358 -0.125251
v -0.119824 1.338016 -0.143980
v -0.089106 1.330727 -0.152135
v -0.105525 1.339051 -0.148343
v -0.132893 1.330258 -0.139490
v -0.146426 1.319223 -0.133805
v -0.169600 1.300920 -0.113177
v -0.070752 1.377050 0.051832
v -0.075898 1.361229 0.059899
v -0.061737 1.405001 0.034401
v -0.066329 1.392263 0.044425
v -0.056679 1.373773 0.055416
v -0.061044 1.358016 0.063909
v -0.048825 1.401947 0.038494
v -0.052787 1.389173 0.048305
v -0.074884 1.407972 0.028691
v -0.079702 1.395367 0.039234
v -0.084294 1.380351 0.046740
v -0.089821 1.364712 0.054362
v -0.106644 1.400045 0.026380
v -0.114137 1.372019 0.040808
v -0.103752 1.413167 0.014738
v -0.109335 1.385714 0.033930
v -0.113334 1.452054 -0.063462
v -0.108478 1.447853 -0.080773
v -0.045713 1.355112 0.066080
v -0.030232 1.352484 0.066598
v -0.173742 1.305805 -0.016352
v -0.168591 1.281585 -0.008633
v -0.170772 1.296475 -0.013732
v -0.170790 1.287897 -0.052222
v -0.173006 1.263094 -0.049961
v -0.171801 1.277717 -0.051910
v -0.166713 1.281517 -0.083342
v -0.164281 1.254728 -0.085519
v -0.164473 1.269599 -0.084752
v -0.075602 1.410717 -0.132867
v -0.048485 1.405831 -0.135181
v -0.023422 1.401357 -0.132669
v -0.022695 1.297618 -0.136474
v -0.044443 1.299270 -0.149133
v -0.069905 1.304970 -0.151803
v -0.021574 1.317408 -0.139004
v -0.042434 1.319284 -0.150785
v -0.066749 1.324273 -0.154061
v -0.021227 1.335202 -0.140787
v -0.042403 1.337855 -0.150446
v -0.065837 1.341693 -0.154210
v -0.021542 1.353259 -0.141173
v -0.043243 1.356057 -0.148392
v -0.066498 1.360134 -0.151995
v -0.021973 1.370188 -0.139684
v -0.044759 1.373697 -0.144825
v -0.068735 1.377891 -0.147874
v -0.046507 1.389791 -0.140273
v -0.071768 1.394384 -0.141679
v -0.047819 1.277835 -0.145145
v -0.075523 1.284554 -0.147544
v -0.024175 1.275734 -0.133912
v -0.102567 1.368371 0.047761
v -0.171741 1.294673 -0.036428
v -0.168162 1.290136 -0.071690
v -0.178286 1.303057 -0.018217
v -0.168638 1.290387 -0.055188
v -0.170216 1.292014 -0.087013
v -0.088665 1.410960 0.021888
v -0.169281 1.252597 -0.026465
v -0.168099 1.240468 -0.067065
v -0.149496 1.238623 -0.101400
v -0.113668 1.248386 -0.128429
v -0.084864 1.259550 -0.140043
v -0.133569 1.242039 -0.115774
v -0.163026 1.261452 -0.003325
v -0.170933 1.245491 -0.047613
v -0.160130 1.238167 -0.084873
v -0.065856 1.340355 0.071877
v -0.081801 1.343413 0.067351
v -0.049293 1.337697 0.074269
v -0.032586 1.335093 0.074570
v -0.096468 1.347140 0.061055
v -0.034937 1.316102 0.082562
v -0.036595 1.054561 -0.087493
v -0.018772 1.054532 -0.081006
v -0.019196 1.147973 -0.096428
v -0.038223 1.146048 -0.100860
v -0.118092 1.058046 -0.021073
v -0.132567 1.139753 -0.030374
v -0.085742 1.055557 0.050171
v -0.103935 1.144047 0.057411
v -0.053744 1.051841 0.090333
v -0.056163 1.145274 0.089127
v -0.050427 1.255001 -0.139016
v -0.025067 1.253722 -0.130167
v -0.126879 1.139533 -0.047166
v -0.114985 1.057891 -0.037865
v -0.107676 1.057437 -0.052987
v -0.118100 1.139563 -0.062641
v -0.096840 1.056735 -0.065248
v -0.106427 1.139947 -0.076438
v -0.084261 1.055929 -0.074971
v -0.091939 1.140864 -0.087766
v -0.070268 1.055196 -0.082380
v -0.075312 1.142248 -0.096169
v -0.054450 1.054698 -0.087277
v -0.057172 1.144063 -0.100771
v -0.131726 1.141617 0.006583
v -0.112997 1.057685 0.011713
v -0.117208 1.057962 -0.004172
v -0.134269 1.140517 -0.012129
v -0.021282 1.188343 -0.110793
v -0.022849 1.209284 -0.118299
v -0.024368 1.231570 -0.124975
v -0.164647 1.231198 -0.023969
v -0.158837 1.208161 -0.020954
v -0.151258 1.184988 -0.017669
v -0.150051 1.182573 -0.038013
v -0.158371 1.204587 -0.042118
v -0.165952 1.225834 -0.045398
v -0.157257 1.237283 -0.001764
v -0.153050 1.212177 0.000732
v -0.146999 1.187728 0.003190
v -0.138437 1.221024 -0.098496
v -0.128208 1.201898 -0.093459
v -0.120195 1.181219 -0.087804
v -0.103567 1.182699 -0.099382
v -0.111507 1.203369 -0.105780
v -0.122046 1.222989 -0.112181
v -0.152397 1.220251 -0.083075
v -0.142334 1.201308 -0.078521
v -0.134041 1.180538 -0.073441
v -0.161972 1.221868 -0.065175
v -0.152860 1.202092 -0.061373
v -0.144316 1.180964 -0.056670
v -0.084816 1.184477 -0.108047
v -0.091686 1.205637 -0.115057
v -0.101181 1.226658 -0.122970
v -0.064397 1.186142 -0.113087
v -0.069444 1.207586 -0.120676
v -0.075868 1.230495 -0.129924
v -0.049158 1.230941 -0.130073
v -0.046121 1.208418 -0.121620
v -0.042998 1.187257 -0.114013
v -0.040375 1.166998 -0.107130
v -0.020092 1.168588 -0.103575
v -0.141142 1.160884 -0.033995
v -0.135523 1.159999 -0.051835
v -0.125827 1.159894 -0.067990
v -0.112809 1.160538 -0.081978
v -0.060300 1.165318 -0.106482
v -0.079374 1.163464 -0.101771
v -0.097070 1.161824 -0.093296
v -0.142655 1.162386 -0.014685
v -0.139516 1.164207 0.005132
v -0.036994 1.123858 -0.094645
v -0.036447 1.100652 -0.089718
v -0.036218 1.077268 -0.087968
v -0.018824 1.077869 -0.080659
v -0.018967 1.101973 -0.082765
v -0.018880 1.125688 -0.088899
v -0.124959 1.119093 -0.027263
v -0.119490 1.098615 -0.024777
v -0.117749 1.078146 -0.022830
v -0.098049 1.121505 0.054866
v -0.090721 1.100078 0.050959
v -0.085853 1.077992 0.048957
v -0.055994 1.122331 0.091133
v -0.054666 1.098955 0.090805
v -0.053950 1.075522 0.090615
v -0.120000 1.119038 -0.043408
v -0.116163 1.098362 -0.040915
v -0.114898 1.077902 -0.039196
v -0.112547 1.118988 -0.058438
v -0.109649 1.098163 -0.055982
v -0.108284 1.077557 -0.054304
v -0.102043 1.119121 -0.072101
v -0.099588 1.098061 -0.069455
v -0.098068 1.077142 -0.067354
v -0.088452 1.119706 -0.083180
v -0.086401 1.098259 -0.080103
v -0.085250 1.076810 -0.077697
v -0.072618 1.120731 -0.091173
v -0.071069 1.098767 -0.087540
v -0.070490 1.076675 -0.085044
v -0.055264 1.122165 -0.095345
v -0.054275 1.099569 -0.091204
v -0.054089 1.076806 -0.089068
v -0.124259 1.119920 0.007636
v -0.116624 1.099266 0.008222
v -0.112856 1.078411 0.009502
v -0.126620 1.119351 -0.009993
v -0.119645 1.098917 -0.008186
v -0.116992 1.078305 -0.006282
v -0.132154 1.165830 0.024417
v -0.125357 1.142704 0.024790
v -0.105951 1.057196 0.025932
v -0.106005 1.078429 0.023925
v -0.110743 1.099566 0.023874
v -0.118474 1.120522 0.024739
v -0.116037 1.143508 0.041955
v -0.096677 1.078334 0.036747
v -0.101946 1.099853 0.038158
v -0.109558 1.121067 0.040626
v -0.096670 1.056479 0.038503
v -0.089942 1.144325 0.071066
v -0.075483 1.054458 0.063182
v -0.075320 1.077296 0.062395
v -0.077631 1.100144 0.062710
v -0.084061 1.122069 0.066795
v -0.073880 1.144889 0.082034
v -0.066417 1.076363 0.077683
v -0.067350 1.099432 0.077559
v -0.068666 1.122473 0.077009
v -0.066295 1.053136 0.077747
v -0.039113 1.145786 0.098429
v -0.036985 1.050950 0.097408
v -0.037449 1.074900 0.098562
v -0.038018 1.098612 0.099218
v -0.038758 1.122244 0.099595
v -0.108779 1.167410 0.059003
v -0.058573 1.168031 0.092235
v -0.121562 1.166919 0.042500
v -0.094037 1.167554 0.073459
v -0.077170 1.167601 0.084893
v -0.038586 1.168296 0.094156
v -0.040197 1.190073 0.098597
v -0.040621 1.211386 0.096557
v -0.041104 1.232488 0.103862
v -0.040373 1.253763 0.102621
v -0.037136 1.295856 0.090341
v -0.039001 1.274966 0.097319
v -0.052383 0.899696 -0.129135
v -0.022856 0.915838 -0.120664
v -0.130369 0.937126 -0.011257
v -0.086941 0.920361 0.047274
v -0.046366 0.909014 0.063537
v -0.130648 0.938020 -0.030344
v -0.128669 0.936485 -0.050584
v -0.123013 0.932467 -0.070989
v -0.112160 0.926335 -0.089317
v -0.097161 0.919243 -0.104835
v -0.077824 0.911694 -0.117720
v -0.120735 0.931531 0.021092
v -0.127118 0.934645 0.006123
v -0.111175 0.927945 0.032704
v -0.099487 0.924136 0.040853
v -0.073884 0.916571 0.052972
v -0.060349 0.912731 0.058372
v -0.031479 0.906021 0.067172
v -0.115703 1.038551 -0.036793
v -0.118080 1.019868 -0.036258
v -0.122197 1.001201 -0.035787
v -0.125365 0.981292 -0.034481
v -0.128110 0.960053 -0.032587
v -0.125799 0.959744 -0.052856
v -0.122326 0.981967 -0.054570
v -0.118041 1.002116 -0.055052
v -0.111748 1.020033 -0.053329
v -0.107930 1.038167 -0.052109
v -0.065787 1.029757 0.076609
v -0.064340 1.006487 0.073509
v -0.062239 0.983531 0.068709
v -0.060991 0.960294 0.064406
v -0.060565 0.936609 0.061240
v -0.074099 0.939697 0.055315
v -0.074328 0.962891 0.057437
v -0.074783 0.985931 0.059717
v -0.075546 1.008769 0.062088
v -0.075676 1.031630 0.063154
v -0.106391 1.035965 0.027668
v -0.107470 1.014597 0.029226
v -0.108242 0.992994 0.030185
v -0.108045 0.971230 0.030165
v -0.108968 0.949483 0.030795
v -0.117495 0.952731 0.018559
v -0.115788 0.974058 0.017114
v -0.115045 0.995280 0.016153
v -0.113861 1.016216 0.014847
v -0.113151 1.036983 0.013429
v -0.036111 1.026851 0.094385
v -0.031707 0.931395 0.071266
v -0.046473 0.933747 0.066680
v -0.047396 0.957704 0.071681
v -0.048917 0.981162 0.077385
v -0.051020 1.004422 0.083310
v -0.052845 1.027979 0.088094
v -0.070346 1.034585 -0.079848
v -0.072322 1.014444 -0.081077
v -0.076796 0.995680 -0.088675
v -0.082637 0.974289 -0.095463
v -0.089659 0.947000 -0.100837
v -0.071174 0.942168 -0.110013
v -0.064319 0.971375 -0.100680
v -0.059703 0.992602 -0.090946
v -0.056539 1.012322 -0.083206
v -0.055149 1.033443 -0.084883
v -0.019262 1.031984 -0.081872
v -0.020299 1.009774 -0.082928
v -0.021188 0.988627 -0.090072
v -0.022124 0.967059 -0.099562
v -0.023382 0.942146 -0.109378
v -0.086350 1.033224 0.051151
v -0.087049 1.010800 0.051647
v -0.087256 0.988246 0.051244
v -0.087123 0.965572 0.050192
v -0.086859 0.942902 0.048582
v -0.098560 0.946176 0.040565
v -0.098421 0.968382 0.041137
v -0.098830 0.990616 0.041919
v -0.098489 1.012771 0.041604
v -0.097453 1.034706 0.040233
v -0.117400 1.037777 -0.002428
v -0.118062 1.017675 -0.001023
v -0.119777 0.997457 0.000422
v -0.121570 0.976821 0.001943
v -0.123872 0.955819 0.003774
v -0.127403 0.958489 -0.013484
v -0.124835 0.979372 -0.015385
v -0.122266 0.999477 -0.016969
v -0.119746 1.018944 -0.018251
v -0.118580 1.038340 -0.019519
v -0.037673 1.032596 -0.086313
v -0.039304 1.010784 -0.083691
v -0.041293 0.990165 -0.091211
v -0.043895 0.969284 -0.102549
v -0.048282 0.939721 -0.115109
v -0.096454 1.037128 -0.063713
v -0.100726 1.018933 -0.066873
v -0.107923 1.001410 -0.071819
v -0.113272 0.980641 -0.072969
v -0.118345 0.957100 -0.072429
v -0.105603 0.952536 -0.088507
v -0.099262 0.977757 -0.086788
v -0.093240 0.998993 -0.083086
v -0.087150 1.016848 -0.076007
v -0.083868 1.035846 -0.072731
v -0.004477 0.807060 -0.019915
v -0.017013 0.892714 -0.126703
v -0.037075 0.880818 -0.133985
v -0.034985 1.003066 0.089382
v -0.033681 0.979442 0.083518
v -0.032606 0.955607 0.077468
v -0.044774 1.409495 0.025687
v -0.022753 1.386292 -0.136571
v -0.023473 1.415577 -0.128455
v -0.093028 1.398127 0.032983
v -0.113614 1.450848 -0.046836
v -0.098140 1.423763 -0.003028
v -0.097680 1.439030 -0.097516
v -0.097142 1.383320 0.040461
v -0.129129 1.339648 0.048450
v -0.117793 1.332662 0.057282
v -0.103861 1.327072 0.065903
v -0.088089 1.323086 0.073149
v -0.070896 1.320330 0.078536
v -0.052987 1.318273 0.081717
v -0.139791 1.319733 0.047985
v -0.127422 1.310932 0.058702
v -0.111805 1.304776 0.069232
v -0.094485 1.301063 0.077888
v -0.075854 1.298875 0.084466
v -0.056559 1.297495 0.088660
v -0.150147 1.297682 0.042570
v -0.136544 1.287307 0.057729
v -0.119203 1.281430 0.071077
v -0.100272 1.278458 0.081666
v -0.080218 1.276968 0.089655
v -0.059633 1.276163 0.094774
v -0.154807 1.271884 0.026028
v -0.141362 1.263448 0.053594
v -0.123855 1.258449 0.071043
v -0.104278 1.256185 0.084136
v -0.083362 1.255222 0.093745
v -0.061858 1.254731 0.099611
v -0.145345 1.241540 0.021514
v -0.135174 1.239119 0.046693
v -0.122427 1.236391 0.068025
v -0.104807 1.234690 0.083843
v -0.084436 1.233900 0.095179
v -0.062784 1.233498 0.101437
v -0.141643 1.214989 0.021704
v -0.128266 1.215222 0.041924
v -0.114171 1.214271 0.060608
v -0.099478 1.213040 0.077375
v -0.081648 1.212241 0.089869
v -0.061324 1.211886 0.095314
v -0.137758 1.189911 0.023289
v -0.125469 1.190943 0.042080
v -0.111568 1.191098 0.059201
v -0.096028 1.190836 0.073861
v -0.078680 1.190446 0.085415
v -0.059770 1.190246 0.093208
v -0.007503 0.857688 -0.114741
v -0.016451 0.849584 -0.121119
v -0.005292 0.839011 -0.092588
v -0.010505 0.833163 -0.096296
v -0.006773 0.823893 -0.070212
v -0.011948 0.820424 -0.075693
v -0.006253 0.816527 -0.055731
v -0.011530 0.810001 -0.061219
v -0.358076 1.163094 -0.086626
v -0.362018 1.168371 -0.061266
v -0.345648 1.163092 -0.041473
v -0.325327 1.151530 -0.040889
v -0.295622 1.136056 -0.047895
v -0.284711 1.130654 -0.068635
v -0.284101 1.128296 -0.093635
v -0.337163 1.190989 -0.089286
v -0.343675 1.192926 -0.067675
v -0.335290 1.184976 -0.047903
v -0.322281 1.172637 -0.031823
v -0.288771 1.151879 -0.028811
v -0.271195 1.147600 -0.053024
v -0.268607 1.150966 -0.081123
v -0.297494 1.082916 -0.090657
v -0.296024 1.086973 -0.063737
v -0.310779 1.096600 -0.046031
v -0.338252 1.111526 -0.026055
v -0.364634 1.120685 -0.031220
v -0.383887 1.124861 -0.051413
v -0.356129 1.103680 -0.119668
v -0.383381 1.121294 -0.079294
v -0.356580 1.167219 -0.049985
v -0.340984 1.190191 -0.056736
v -0.376384 1.123730 -0.039587
v -0.362809 1.167102 -0.075155
v -0.342366 1.192941 -0.079143
v -0.386282 1.123991 -0.065879
v -0.336009 1.157335 -0.039471
v -0.328981 1.179287 -0.039659
v -0.351248 1.116377 -0.026880
v -0.315100 1.146458 -0.043173
v -0.313047 1.165436 -0.026326
v -0.326697 1.106321 -0.029851
v -0.350283 1.158419 -0.095128
v -0.330174 1.187907 -0.097444
v -0.377082 1.117337 -0.089964
v -0.318005 1.182836 -0.114417
v -0.301067 1.158445 -0.025113
v -0.306511 1.140384 -0.042235
v -0.317638 1.101279 -0.037124
v -0.278782 1.158870 -0.105354
v -0.289796 1.132242 -0.056555
v -0.277502 1.148444 -0.039829
v -0.302690 1.091726 -0.053784
v -0.283952 1.128746 -0.079623
v -0.268278 1.148811 -0.067845
v -0.294831 1.084133 -0.076899
v -0.288535 1.128930 -0.106769
v -0.271879 1.154150 -0.095056
v -0.304522 1.083650 -0.104442
v -0.264528 1.247937 -0.118796
v -0.286864 1.257675 -0.108881
v -0.302618 1.262032 -0.087470
v -0.306244 1.260064 -0.061753
v -0.302583 1.254959 -0.037035
v -0.288978 1.243740 -0.013658
v -0.243643 1.219905 -0.011692
v -0.219295 1.212138 -0.041563
v -0.214171 1.213512 -0.073950
v -0.236599 1.230854 -0.114175
v -0.305261 1.257890 -0.049363
v -0.305422 1.261486 -0.074443
v -0.297782 1.250411 -0.024387
v -0.276305 1.235771 -0.007648
v -0.296431 1.260793 -0.099699
v -0.276134 1.253479 -0.115215
v -0.261220 1.227858 -0.006843
v -0.250956 1.240115 -0.118931
v -0.224328 1.222193 -0.103507
v -0.228324 1.214112 -0.024502
v -0.214849 1.212118 -0.058270
v -0.217111 1.216605 -0.088915
v -0.254913 1.263842 -0.119762
v -0.245716 1.278986 -0.119144
v -0.237212 1.292263 -0.116570
v -0.229225 1.304157 -0.112698
v -0.253757 1.312220 -0.103464
v -0.261611 1.300767 -0.106524
v -0.269827 1.288090 -0.108725
v -0.278227 1.273346 -0.109235
v -0.269526 1.315654 -0.082604
v -0.276985 1.303150 -0.083895
v -0.285624 1.290863 -0.085306
v -0.293949 1.276849 -0.086394
v -0.273608 1.314553 -0.056689
v -0.279696 1.300152 -0.058118
v -0.288579 1.287606 -0.059157
v -0.297418 1.274220 -0.060390
v -0.268175 1.310020 -0.032501
v -0.275171 1.294993 -0.035040
v -0.284512 1.282409 -0.035668
v -0.293699 1.269171 -0.036179
v -0.252284 1.301551 -0.013339
v -0.261257 1.286518 -0.014543
v -0.271099 1.273339 -0.013398
v -0.280304 1.259081 -0.012945
v -0.205142 1.285409 -0.008042
v -0.213148 1.268897 -0.008161
v -0.222549 1.252078 -0.008719
v -0.233034 1.235642 -0.009986
v -0.181025 1.273981 -0.035709
v -0.189353 1.259692 -0.037199
v -0.198540 1.244367 -0.039138
v -0.208361 1.227960 -0.040626
v -0.176529 1.272160 -0.070665
v -0.184529 1.259146 -0.070730
v -0.193302 1.244861 -0.071369
v -0.202961 1.228881 -0.072535
v -0.199688 1.288814 -0.109080
v -0.206456 1.275010 -0.112148
v -0.215275 1.260968 -0.113609
v -0.225424 1.246105 -0.114344
v -0.271915 1.312876 -0.044255
v -0.278209 1.297874 -0.046373
v -0.287278 1.285221 -0.047308
v -0.296368 1.271981 -0.048240
v -0.272873 1.315607 -0.069612
v -0.279456 1.301971 -0.070671
v -0.288232 1.289571 -0.071831
v -0.296734 1.275904 -0.073092
v -0.261786 1.306340 -0.021813
v -0.269894 1.291283 -0.024049
v -0.279636 1.278649 -0.023912
v -0.288961 1.265153 -0.023819
v -0.239307 1.296372 -0.007790
v -0.248713 1.281062 -0.007703
v -0.258289 1.266713 -0.006455
v -0.267429 1.251502 -0.006467
v -0.263337 1.314693 -0.094579
v -0.271317 1.303016 -0.096767
v -0.279668 1.290588 -0.098528
v -0.287858 1.276115 -0.099252
v -0.242280 1.308828 -0.109452
v -0.250065 1.297271 -0.112966
v -0.258278 1.284260 -0.115389
v -0.267085 1.269318 -0.115975
v -0.223446 1.291142 -0.005422
v -0.232208 1.275376 -0.004600
v -0.241900 1.259611 -0.004337
v -0.251669 1.243664 -0.005277
v -0.214488 1.297246 -0.112723
v -0.222218 1.284509 -0.116666
v -0.230884 1.270912 -0.119001
v -0.240552 1.255802 -0.119717
v -0.188314 1.280567 -0.099639
v -0.194343 1.266804 -0.100987
v -0.202329 1.252232 -0.101863
v -0.212698 1.237180 -0.102835
v -0.190404 1.278694 -0.019296
v -0.198466 1.263135 -0.020815
v -0.207131 1.246669 -0.022264
v -0.217129 1.229792 -0.023257
v -0.177054 1.271748 -0.053561
v -0.185277 1.258523 -0.054373
v -0.194347 1.244008 -0.055754
v -0.204075 1.227847 -0.057172
v -0.180246 1.275000 -0.086411
v -0.187274 1.261710 -0.086378
v -0.195675 1.247326 -0.086650
v -0.205413 1.231615 -0.087672
v -0.295331 1.242106 -0.108220
v -0.303286 1.227092 -0.107495
v -0.310466 1.212735 -0.106568
v -0.317223 1.199027 -0.106013
v -0.310851 1.247046 -0.088292
v -0.318171 1.232278 -0.088734
v -0.324729 1.218029 -0.088944
v -0.331139 1.204388 -0.089245
v -0.314628 1.245678 -0.063084
v -0.322164 1.231457 -0.064351
v -0.328911 1.217719 -0.065584
v -0.336026 1.204951 -0.066749
v -0.310871 1.240244 -0.038160
v -0.318000 1.225535 -0.039831
v -0.324089 1.211284 -0.042114
v -0.329536 1.197735 -0.044958
v -0.297133 1.228202 -0.015123
v -0.304481 1.213107 -0.017511
v -0.311104 1.198773 -0.021040
v -0.316916 1.185340 -0.026018
v -0.253883 1.204846 -0.013778
v -0.263462 1.190510 -0.016428
v -0.272432 1.176999 -0.019750
v -0.280797 1.164131 -0.023806
v -0.230631 1.197539 -0.042727
v -0.241954 1.184125 -0.044531
v -0.252794 1.171773 -0.046966
v -0.262397 1.159634 -0.049775
v -0.226425 1.199746 -0.075201
v -0.238761 1.187187 -0.076278
v -0.250294 1.175303 -0.077369
v -0.260062 1.163183 -0.078947
v -0.248083 1.216346 -0.113185
v -0.259088 1.202688 -0.112120
v -0.269412 1.189764 -0.111119
v -0.279235 1.177450 -0.110482
v -0.313602 1.243490 -0.050640
v -0.320926 1.229185 -0.052138
v -0.327231 1.215275 -0.053890
v -0.333482 1.202124 -0.055640
v -0.313774 1.246905 -0.075665
v -0.321205 1.232476 -0.076638
v -0.327952 1.218560 -0.077447
v -0.334967 1.205480 -0.078323
v -0.305962 1.235270 -0.025549
v -0.313091 1.220303 -0.027568
v -0.319209 1.205835 -0.030619
v -0.324450 1.192178 -0.034708
v -0.284767 1.220201 -0.009484
v -0.292627 1.205238 -0.011895
v -0.299967 1.191076 -0.015290
v -0.306687 1.177875 -0.020374
v -0.304718 1.245452 -0.099866
v -0.312170 1.230455 -0.099607
v -0.318824 1.216012 -0.099112
v -0.325150 1.202069 -0.098783
v -0.284927 1.237794 -0.113808
v -0.293334 1.222775 -0.112605
v -0.301194 1.208566 -0.111555
v -0.308916 1.195203 -0.111424
v -0.270310 1.212414 -0.008769
v -0.278791 1.197571 -0.011061
v -0.286802 1.183547 -0.014195
v -0.294333 1.170550 -0.019083
v -0.261355 1.225004 -0.117146
v -0.271281 1.210647 -0.115494
v -0.280630 1.197045 -0.114289
v -0.289689 1.184178 -0.113797
v -0.236541 1.208265 -0.103540
v -0.248399 1.195283 -0.103329
v -0.259511 1.183011 -0.103078
v -0.269754 1.171115 -0.103406
v -0.239622 1.199554 -0.026316
v -0.250439 1.185916 -0.028809
v -0.260461 1.173093 -0.031903
v -0.269230 1.160451 -0.035271
v -0.226309 1.197649 -0.059439
v -0.238049 1.184535 -0.060903
v -0.249354 1.172494 -0.062666
v -0.259264 1.160566 -0.064856
v -0.229752 1.203151 -0.089692
v -0.242195 1.190717 -0.090206
v -0.253672 1.178771 -0.090768
v -0.263531 1.166661 -0.092144
v -0.299642 1.190286 -0.114352
v -0.291387 1.203420 -0.114320
v -0.282888 1.217446 -0.115463
v -0.273905 1.232335 -0.117003
v -0.347009 1.177094 -0.089018
v -0.353178 1.181185 -0.066346
v -0.341369 1.173992 -0.047523
v -0.323987 1.161672 -0.039539
v -0.292597 1.143021 -0.038570
v -0.278625 1.138937 -0.061707
v -0.277913 1.140376 -0.088081
v -0.301866 1.153040 -0.112558
v -0.349974 1.179442 -0.055450
v -0.352008 1.180822 -0.079517
v -0.333173 1.167466 -0.043937
v -0.314314 1.155666 -0.035160
v -0.338067 1.173500 -0.097225
v -0.330949 1.170837 -0.119524
v -0.305823 1.147934 -0.032288
v -0.309289 1.158707 -0.119079
v -0.285143 1.139149 -0.047425
v -0.277476 1.138764 -0.072979
v -0.279985 1.141653 -0.100183
v -0.287120 1.116617 -0.067645
v -0.302919 1.125157 -0.052262
v -0.328444 1.139868 -0.034319
v -0.352069 1.150004 -0.037004
v -0.370311 1.154723 -0.057612
v -0.367113 1.149354 -0.084425
v -0.287327 1.113470 -0.093905
v -0.363560 1.153701 -0.045197
v -0.371620 1.153094 -0.071607
v -0.340095 1.145105 -0.033773
v -0.318852 1.134406 -0.039126
v -0.359761 1.144443 -0.093140
v -0.311615 1.129523 -0.046282
v -0.294171 1.120359 -0.058009
v -0.285585 1.114315 -0.080176
v -0.293889 1.114405 -0.107577
v -0.291379 1.097990 -0.092856
v -0.369943 1.138961 -0.041479
v -0.379271 1.138655 -0.068381
v -0.344984 1.131168 -0.029386
v -0.321651 1.120867 -0.033546
v -0.368405 1.130750 -0.091299
v -0.313696 1.115819 -0.041322
v -0.297293 1.106317 -0.055827
v -0.288454 1.098961 -0.078916
v -0.298778 1.099015 -0.106645
v -0.289795 1.101679 -0.065482
v -0.306678 1.111165 -0.049640
v -0.332540 1.126187 -0.029213
v -0.358141 1.135686 -0.033323
v -0.377305 1.139936 -0.053704
v -0.375503 1.135281 -0.081544
v -0.304768 1.068484 -0.087912
v -0.312856 1.054688 -0.084800
v -0.321311 1.041339 -0.081500
v -0.329966 1.028446 -0.078032
v -0.338648 1.016006 -0.074485
v -0.346854 1.003710 -0.071073
v -0.354294 0.991439 -0.067911
v -0.361127 0.979472 -0.064944
v -0.367574 0.968111 -0.062185
v -0.373718 0.957566 -0.059602
v -0.362063 1.089229 -0.116496
v -0.367983 1.074591 -0.112677
v -0.373800 1.059882 -0.108481
v -0.379316 1.045300 -0.103886
v -0.384472 1.031044 -0.098958
v -0.389337 1.017165 -0.093997
v -0.394003 1.003679 -0.089297
v -0.398633 0.990607 -0.085172
v -0.403191 0.978005 -0.081835
v -0.407469 0.966056 -0.079031
v -0.379613 1.099692 -0.098831
v -0.386690 1.085168 -0.096222
v -0.392167 1.070135 -0.092595
v -0.397052 1.055139 -0.088895
v -0.401557 1.040366 -0.085228
v -0.405647 1.025872 -0.081566
v -0.409473 1.011745 -0.078001
v -0.413096 0.998052 -0.074612
v -0.416588 0.984886 -0.071551
v -0.419837 0.972362 -0.068873
v -0.370998 0.959817 -0.043571
v -0.365704 0.970753 -0.045476
v -0.359644 0.982350 -0.047528
v -0.352884 0.994503 -0.049739
v -0.345315 1.006959 -0.051982
v -0.337002 1.019566 -0.054150
v -0.328282 1.032358 -0.056223
v -0.319536 1.045430 -0.058205
v -0.310990 1.058825 -0.060070
v -0.303109 1.072684 -0.061931
v -0.375439 0.964593 -0.029517
v -0.371123 0.975829 -0.031384
v -0.365732 0.987720 -0.032925
v -0.359570 1.000228 -0.034397
v -0.352653 1.013168 -0.035786
v -0.345113 1.026420 -0.037018
v -0.337284 1.039941 -0.038192
v -0.329591 1.053713 -0.039490
v -0.322337 1.067724 -0.041027
v -0.315901 1.082027 -0.043071
v -0.392455 0.973546 -0.021378
v -0.388753 0.985241 -0.022695
v -0.384570 0.997645 -0.023731
v -0.379911 1.010687 -0.024335
v -0.374713 1.024218 -0.024565
v -0.369027 1.038136 -0.024610
v -0.363004 1.052374 -0.024536
v -0.356801 1.066876 -0.024350
v -0.350546 1.081596 -0.024228
v -0.344318 1.096528 -0.024493
v -0.405894 0.977281 -0.026905
v -0.403408 0.989612 -0.027648
v -0.400560 1.002606 -0.028261
v -0.397462 1.016211 -0.028641
v -0.394046 1.030327 -0.028841
v -0.390126 1.044816 -0.028985
v -0.385700 1.059585 -0.029215
v -0.380887 1.074589 -0.029524
v -0.375816 1.089821 -0.029837
v -0.370462 1.105235 -0.030273
v -0.415447 0.978087 -0.038501
v -0.413524 0.990805 -0.039743
v -0.411470 1.004192 -0.040991
v -0.409314 1.018166 -0.042205
v -0.406965 1.032632 -0.043389
v -0.404138 1.047439 -0.044595
v -0.400864 1.062530 -0.045810
v -0.397394 1.077930 -0.046986
v -0.393609 1.093562 -0.048221
v -0.389333 1.109321 -0.049615
v -0.391467 0.960756 -0.077168
v -0.386240 0.971936 -0.080345
v -0.380645 0.983814 -0.083878
v -0.374704 0.996088 -0.088122
v -0.368449 1.008648 -0.092979
v -0.361856 1.021382 -0.098405
v -0.355126 1.034502 -0.103984
v -0.348446 1.048267 -0.109030
v -0.341938 1.062568 -0.113464
v -0.335678 1.077294 -0.117239
v -0.420960 0.976466 -0.053018
v -0.418572 0.989246 -0.055066
v -0.416051 1.002670 -0.057341
v -0.413442 1.016641 -0.059791
v -0.410660 1.031062 -0.062375
v -0.407586 1.045842 -0.065045
v -0.404029 1.060876 -0.067760
v -0.400120 1.076142 -0.070556
v -0.395689 1.091523 -0.073516
v -0.390323 1.106727 -0.076562
v -0.381874 1.108114 -0.038445
v -0.386592 1.092454 -0.037750
v -0.390974 1.076980 -0.037129
v -0.394958 1.061706 -0.036562
v -0.398605 1.046713 -0.035949
v -0.401776 1.032011 -0.035336
v -0.404443 1.017663 -0.034711
v -0.406876 1.003824 -0.033982
v -0.409159 0.990590 -0.033123
v -0.411194 0.978022 -0.032212
v -0.392122 1.108788 -0.063341
v -0.396556 1.093195 -0.060924
v -0.400303 1.077607 -0.058704
v -0.403774 1.062225 -0.056625
v -0.407030 1.047122 -0.054605
v -0.409817 1.032282 -0.052633
v -0.412230 1.017794 -0.050720
v -0.414467 1.003777 -0.048878
v -0.416640 0.990331 -0.047120
v -0.418706 0.977547 -0.045487
v -0.357335 1.101201 -0.025635
v -0.363134 1.086003 -0.025405
v -0.368752 1.071002 -0.025379
v -0.374202 1.056225 -0.025401
v -0.379431 1.041728 -0.025349
v -0.384311 1.027554 -0.025273
v -0.388727 1.013766 -0.025097
v -0.392737 1.000482 -0.024665
v -0.396379 0.987812 -0.023937
v -0.399543 0.975815 -0.023018
v -0.332774 1.091564 -0.027836
v -0.339509 1.076977 -0.027257
v -0.346472 1.062597 -0.027201
v -0.353438 1.048382 -0.027173
v -0.360227 1.034382 -0.027021
v -0.366632 1.020681 -0.026653
v -0.372473 1.007356 -0.026020
v -0.377632 0.994500 -0.025038
v -0.382152 0.982279 -0.023655
v -0.385955 0.970790 -0.021874
v -0.385522 1.103544 -0.088164
v -0.392410 1.088882 -0.085392
v -0.397426 1.073671 -0.081990
v -0.401777 1.058519 -0.078652
v -0.405768 1.043595 -0.075390
v -0.409382 1.028950 -0.072179
v -0.412758 1.014672 -0.069072
v -0.415896 1.000814 -0.066112
v -0.418835 0.987466 -0.063385
v -0.421599 0.974763 -0.060975
v -0.372730 1.095100 -0.109286
v -0.378897 1.080428 -0.105959
v -0.384548 1.065539 -0.102031
v -0.389812 1.050700 -0.097971
v -0.394645 1.036092 -0.093806
v -0.399034 1.021798 -0.089560
v -0.403160 1.007902 -0.085415
v -0.407190 0.994466 -0.081578
v -0.411185 0.981563 -0.078276
v -0.414972 0.969313 -0.075491
v -0.323074 1.086634 -0.034283
v -0.329773 1.072252 -0.032839
v -0.337073 1.058130 -0.032065
v -0.344596 1.044173 -0.031510
v -0.352051 1.030414 -0.030964
v -0.359129 1.016934 -0.030268
v -0.365600 1.003803 -0.029349
v -0.371309 0.991119 -0.028192
v -0.376241 0.979051 -0.026727
v -0.380189 0.967688 -0.024740
v -0.349077 1.083102 -0.118845
v -0.355060 1.068431 -0.114927
v -0.361112 1.053938 -0.110494
v -0.367113 1.039757 -0.105567
v -0.372972 1.026026 -0.100213
v -0.378645 1.012691 -0.094894
v -0.384086 0.999669 -0.089986
v -0.389379 0.986987 -0.085756
v -0.394470 0.974736 -0.082315
v -0.399236 0.963134 -0.079386
v -0.322337 1.071959 -0.112024
v -0.329335 1.057653 -0.107710
v -0.336542 1.043674 -0.103328
v -0.344061 1.030351 -0.098435
v -0.351720 1.017740 -0.093166
v -0.359125 1.005429 -0.088165
v -0.366018 0.993189 -0.083716
v -0.372432 0.981177 -0.079771
v -0.378488 0.969639 -0.076277
v -0.384227 0.958864 -0.073006
v -0.308824 1.077280 -0.051743
v -0.315931 1.063181 -0.049931
v -0.323737 1.049436 -0.048268
v -0.331820 1.035946 -0.046590
v -0.339988 1.022718 -0.044916
v -0.347852 1.009730 -0.043169
v -0.355078 0.996993 -0.041320
v -0.361586 0.984659 -0.039490
v -0.367420 0.972950 -0.037775
v -0.372307 0.961885 -0.036018
v -0.302173 1.069838 -0.074661
v -0.310120 1.055970 -0.072217
v -0.318559 1.042549 -0.069635
v -0.327315 1.029586 -0.066935
v -0.336159 1.017044 -0.064174
v -0.344639 1.004724 -0.061420
v -0.352443 0.992545 -0.058730
v -0.359501 0.980641 -0.056147
v -0.365874 0.969226 -0.053754
v -0.371590 0.958454 -0.051572
v -0.311454 1.068952 -0.101181
v -0.319126 1.054947 -0.097375
v -0.327119 1.041396 -0.093374
v -0.335462 1.028489 -0.089032
v -0.343888 1.016160 -0.084534
v -0.351850 1.003960 -0.080314
v -0.359069 0.991718 -0.076560
v -0.365673 0.979691 -0.073177
v -0.371964 0.968254 -0.070049
v -0.378051 0.957686 -0.067030
v -0.364178 1.127285 -0.102238
v -0.371278 1.113403 -0.100280
v -0.366475 1.109405 -0.111978
v -0.343103 1.097952 -0.121316
v -0.329834 1.092484 -0.119630
v -0.316004 1.086969 -0.115487
v -0.310868 1.102674 -0.116854
v -0.288445 1.146493 -0.109485
v -0.320288 1.165252 -0.124696
v -0.305938 1.118313 -0.116559
v -0.361667 1.123747 -0.115411
v -0.357193 1.138754 -0.119105
v -0.349221 1.156215 -0.123347
v -0.345837 1.132230 -0.128123
v -0.336077 1.149213 -0.132494
v -0.337332 1.112843 -0.121997
v -0.331739 1.127333 -0.123917
v -0.322238 1.142823 -0.125549
v -0.319800 1.123390 -0.117651
v -0.312312 1.138937 -0.115353
v -0.336837 1.172038 -0.108249
v -0.351964 1.157785 -0.107477
v -0.298976 1.171783 -0.114557
v -0.307704 1.178056 -0.117340
v -0.288856 1.165571 -0.109996
v -0.324099 1.185809 -0.106417
v -0.299642 1.133080 -0.115223
v -0.358156 1.142093 -0.105024
v -0.350830 1.117854 -0.123403
v -0.324617 1.107939 -0.119567
v -0.425371 0.940767 -0.035426
v -0.394611 0.940330 -0.017447
v -0.394582 0.950415 -0.017999
v -0.406169 0.942171 -0.076442
v -0.421251 0.946339 -0.072245
v -0.381276 0.943273 -0.031377
v -0.417019 0.954484 -0.029530
v -0.424756 0.953014 -0.042757
v -0.387472 0.939891 -0.061109
v -0.427846 0.950387 -0.058068
v -0.392467 0.939617 -0.068274
v -0.380943 0.940378 -0.046182
v -0.406633 0.953714 -0.019868
v -0.421693 0.953631 -0.035912
v -0.413195 0.953960 -0.024162
v -0.427135 0.951905 -0.050179
v -0.425998 0.948756 -0.065634
v -0.380381 0.941886 -0.038282
v -0.398993 0.940311 -0.073851
v -0.383950 0.940072 -0.053676
v -0.400862 0.952195 -0.017928
v -0.388997 0.948259 -0.020403
v -0.384751 0.946050 -0.024813
v -0.413198 0.944060 -0.075903
v -0.375893 0.950098 -0.041248
v -0.379543 0.954512 -0.027016
v -0.396683 0.962588 -0.019596
v -0.409074 0.965505 -0.025700
v -0.418293 0.965706 -0.037158
v -0.396021 0.950409 -0.074632
v -0.424016 0.964058 -0.051250
v -0.379567 0.948351 -0.056710
v -0.411485 0.954794 -0.077059
v -0.423353 0.960403 -0.066866
v -0.414183 0.965854 -0.031005
v -0.421556 0.965107 -0.043936
v -0.403433 0.964404 -0.021605
v -0.389989 0.960195 -0.019702
v -0.424900 0.962500 -0.059045
v -0.418704 0.957688 -0.073464
v -0.384548 0.957525 -0.022056
v -0.403422 0.952410 -0.077109
v -0.389337 0.949023 -0.070050
v -0.376967 0.952135 -0.033626
v -0.376960 0.949165 -0.048881
v -0.383768 0.948732 -0.063628
v -0.174945 1.286514 -0.035476
v -0.170962 1.283437 -0.070972
v -0.269414 1.333395 -0.054516
v -0.183769 1.292894 -0.018435
v -0.171067 1.283162 -0.053741
v -0.175187 1.286022 -0.086299
v -0.223129 1.317565 -0.107787
v -0.208651 1.310597 -0.108332
v -0.215405 1.308252 -0.001917
v -0.235670 1.322132 -0.105318
v -0.258680 1.330499 -0.093868
v -0.230870 1.314152 -0.002994
v -0.254663 1.324854 -0.017069
v -0.269286 1.333971 -0.068526
v -0.266794 1.331932 -0.040964
v -0.265944 1.332477 -0.082265
v -0.247793 1.326348 -0.101221
v -0.194546 1.301911 -0.106030
v -0.244301 1.319730 -0.008377
v -0.262015 1.329026 -0.028250
v -0.198220 1.301590 -0.006324
v -0.182758 1.292260 -0.098961
v -0.420350 0.934274 -0.073722
v -0.417619 0.941586 -0.023159
v -0.412458 0.941956 -0.018615
v -0.425086 0.935099 -0.067067
v -0.406888 0.941565 -0.016397
v -0.388500 0.932331 -0.058915
v -0.395900 0.932717 -0.074667
v -0.403476 0.933177 -0.078053
v -0.428798 0.937625 -0.051355
v -0.383347 0.934353 -0.042165
v -0.017039 0.978523 0.086578
v -0.017099 1.313714 0.081054
v -0.020225 1.145947 0.104719
v -0.018942 1.074584 0.101533
v -0.019335 1.098408 0.102973
v -0.019768 1.122146 0.104151
v -0.018485 1.050494 0.099945
v -0.019619 1.168470 0.099089
v -0.020217 1.190243 0.101129
v -0.020268 1.210932 0.098334
v -0.019470 1.252419 0.101269
v -0.018045 1.293703 0.089320
v -0.017989 1.026283 0.096682
v -0.017561 1.002402 0.091945
v -0.016588 0.954381 0.080777
v -0.016116 0.929915 0.074199
v -0.017919 0.815260 0.017859
v -0.013883 1.365538 0.056561
v -0.011786 1.392431 0.039225
v -0.012780 1.379874 0.048301
v -0.014957 1.349824 0.064745
v -0.016048 1.332550 0.072810
v -0.015903 0.904273 0.069243
v -0.020295 1.231421 0.100647
v -0.018821 1.273119 0.096621
v -0.010082 0.812750 0.023620
v -0.015251 0.824103 0.047592
v -0.027128 0.829635 0.038171
v -0.008673 0.804191 -0.020755
v -0.004835 0.810642 -0.038691
v -0.008585 0.805308 -0.039910
v -0.006322 0.807533 0.001043
v -0.011749 0.807142 -0.001316
v -0.017494 0.847405 0.066502
v -0.033163 0.851080 0.060830
v -0.016435 0.876951 0.069298
v -0.032636 0.879104 0.067024
v -0.138989 0.871947 -0.005445
v -0.130322 0.868119 0.027744
v -0.105528 0.861219 0.049037
v -0.073409 0.851515 0.050818
v -0.044125 0.840757 0.038237
v -0.089155 0.856567 0.052022
v -0.058238 0.846010 0.046713
v -0.119465 0.864994 0.040620
v -0.136519 0.870394 0.011909
v -0.118549 0.860155 -0.099190
v -0.136966 0.871639 -0.043441
v -0.138832 0.872824 -0.024408
v -0.128402 0.865015 -0.082175
v -0.134127 0.868697 -0.062960
v -0.055134 0.822885 -0.120991
v -0.087458 0.843103 -0.121425
v -0.104552 0.852828 -0.113007
v -0.069863 0.832128 -0.123641
v -0.042030 0.816046 -0.114746
v -0.030904 0.811650 -0.104748
v -0.023151 0.809892 -0.092046
v -0.017198 0.809369 -0.078047
v -0.045024 0.860473 0.052120
v -0.058500 0.867469 0.046856
v -0.046850 0.883790 0.061067
v -0.059506 0.889399 0.053668
v -0.011194 0.872913 -0.123612
v -0.024928 0.863568 -0.130437
v -0.005826 0.846787 -0.103811
v -0.011943 0.839536 -0.108700
v -0.006027 0.831609 -0.081970
v -0.010752 0.827495 -0.085990
v -0.073463 0.872172 0.048455
v -0.088383 0.876967 0.049281
v -0.103399 0.881652 0.046628
v -0.117058 0.885761 0.039054
v -0.127916 0.889189 0.026891
v -0.133895 0.891802 0.011037
v -0.136133 0.893805 -0.006490
v -0.135899 0.894455 -0.025791
v -0.134043 0.892408 -0.045582
v -0.130920 0.888443 -0.065712
v -0.124332 0.883876 -0.085220
v -0.113049 0.878110 -0.102725
v -0.097575 0.869834 -0.117135
v -0.079831 0.859321 -0.126264
v -0.062905 0.847511 -0.129487
v -0.048059 0.836423 -0.127106
v -0.035289 0.827127 -0.120817
v -0.025131 0.821025 -0.109760
v -0.101525 0.902619 0.043592
v -0.114324 0.906790 0.036113
v -0.124680 0.910425 0.024349
v -0.130648 0.913314 0.008715
v -0.133231 0.915547 -0.008831
v -0.133177 0.916077 -0.027996
v -0.131309 0.913864 -0.048121
v -0.127322 0.909424 -0.068742
v -0.118858 0.903648 -0.088326
v -0.105633 0.896984 -0.105532
v -0.088190 0.888290 -0.119899
v -0.068470 0.876936 -0.129863
v -0.052048 0.863364 -0.133963
v -0.038057 0.850309 -0.131241
v -0.026349 0.838662 -0.123659
v -0.018433 0.830540 -0.111247
v -0.087673 0.898254 0.047678
v -0.073412 0.894002 0.049672
v -0.019370 0.818826 -0.096471
v -0.015781 0.818539 -0.084792
v -0.015289 0.826652 -0.098247
v -0.014022 0.824396 -0.089646
v -0.101758 0.135820 -0.020602
v -0.108163 0.135485 -0.023234
v -0.114064 0.135266 -0.026558
v -0.119279 0.135128 -0.030789
v -0.122487 0.134963 -0.036594
v -0.124808 0.134804 -0.042657
v -0.127239 0.134749 -0.048746
v -0.127307 0.134488 -0.055395
v -0.125821 0.134118 -0.061865
v -0.123702 0.133817 -0.068160
v -0.121123 0.133569 -0.074429
v -0.115909 0.133322 -0.078897
v -0.109595 0.133251 -0.081420
v -0.103382 0.133247 -0.084138
v -0.096668 0.133343 -0.086046
v -0.089554 0.133637 -0.084791
v -0.083189 0.134013 -0.080922
v -0.078748 0.134485 -0.074709
v -0.073826 0.134935 -0.068807
v -0.067851 0.135524 -0.063473
v -0.066830 0.135966 -0.055450
v -0.067447 0.136248 -0.047625
v -0.067857 0.136779 -0.039701
v -0.070576 0.136985 -0.032290
v -0.074453 0.137072 -0.025444
v -0.080537 0.136933 -0.020516
v -0.087827 0.136623 -0.018369
v -0.094959 0.136219 -0.018752
v -0.096881 0.119592 -0.018999
v -0.103151 0.118824 -0.021395
v -0.109399 0.118265 -0.023764
v -0.115156 0.117829 -0.026745
v -0.120174 0.117366 -0.030769
v -0.123105 0.116584 -0.036557
v -0.126155 0.116009 -0.042551
v -0.130333 0.115820 -0.048379
v -0.131852 0.115581 -0.055755
v -0.129540 0.114922 -0.062974
v -0.126192 0.114437 -0.069515
v -0.122103 0.114247 -0.075727
v -0.115720 0.113936 -0.079540
v -0.108618 0.113852 -0.081202
v -0.101968 0.114127 -0.083928
v -0.094913 0.114620 -0.085808
v -0.087546 0.115096 -0.084405
v -0.080697 0.115532 -0.080559
v -0.076660 0.115610 -0.073421
v -0.071461 0.116040 -0.066864
v -0.063467 0.117129 -0.062063
v -0.060524 0.117845 -0.052790
v -0.060421 0.118449 -0.042913
v -0.065676 0.118683 -0.034989
v -0.071651 0.119219 -0.028854
v -0.076783 0.119867 -0.022726
v -0.083237 0.120319 -0.018734
v -0.090262 0.120299 -0.017329
v -0.095087 0.204687 -0.095594
v -0.074037 0.206014 -0.030786
v -0.086033 0.205971 -0.018633
v -0.103100 0.206029 -0.018206
v -0.117034 0.205992 -0.026104
v -0.118176 0.205031 -0.087188
v -0.129109 0.205473 -0.066288
v -0.128530 0.205744 -0.044597
v -0.063553 0.205311 -0.061207
v -0.122250 0.205905 -0.031602
v -0.126996 0.205336 -0.073733
v -0.068028 0.204942 -0.077165
v -0.072851 0.204798 -0.084131
v -0.094646 0.205964 -0.016517
v -0.069865 0.205934 -0.037879
v -0.066607 0.205778 -0.045296
v -0.126104 0.205815 -0.037842
v -0.064877 0.205114 -0.069392
v -0.079280 0.206025 -0.024177
v -0.079129 0.204689 -0.089914
v -0.123424 0.205181 -0.080892
v -0.064376 0.205561 -0.053069
v -0.130000 0.205582 -0.058871
v -0.111401 0.204892 -0.091999
v -0.103515 0.204780 -0.094854
v -0.110592 0.206043 -0.021568
v -0.086688 0.204635 -0.093989
v -0.129772 0.205672 -0.051625
v -0.069906 0.228281 -0.087835
v -0.095117 0.229739 -0.014296
v -0.063678 0.229289 -0.045815
v -0.133864 0.229568 -0.059276
v -0.133661 0.229634 -0.051385
v -0.061218 0.229043 -0.054182
v -0.061446 0.228567 -0.071720
v -0.078554 0.229767 -0.023490
v -0.104160 0.228751 -0.098956
v -0.112961 0.228934 -0.095758
v -0.129633 0.229773 -0.036414
v -0.112625 0.229994 -0.019223
v -0.126380 0.229278 -0.083417
v -0.094776 0.228557 -0.099775
v -0.119653 0.229972 -0.023944
v -0.132304 0.229697 -0.043738
v -0.104434 0.229906 -0.015759
v -0.085852 0.229719 -0.017309
v -0.064672 0.228386 -0.080209
v -0.125388 0.229878 -0.029722
v -0.072438 0.229688 -0.030394
v -0.067437 0.229511 -0.037854
v -0.132815 0.229501 -0.067373
v -0.120508 0.229116 -0.090379
v -0.130418 0.229409 -0.075540
v -0.060331 0.228790 -0.062896
v -0.076977 0.228283 -0.093992
v -0.085474 0.228382 -0.098111
v -0.085908 0.255324 -0.015464
v -0.137330 0.255827 -0.068323
v -0.060275 0.253854 -0.083597
v -0.077766 0.255361 -0.021927
v -0.105530 0.255045 -0.103589
v -0.138519 0.255771 -0.059423
v -0.138258 0.255716 -0.050744
v -0.133555 0.255672 -0.034356
v -0.114846 0.255706 -0.016279
v -0.130214 0.255742 -0.086064
v -0.070675 0.255243 -0.029088
v -0.122454 0.255749 -0.021163
v -0.084359 0.254357 -0.103027
v -0.074466 0.254021 -0.098872
v -0.128740 0.255718 -0.027228
v -0.134648 0.255830 -0.077327
v -0.095824 0.255321 -0.011722
v -0.115428 0.255314 -0.099978
v -0.094939 0.254722 -0.104603
v -0.056258 0.254305 -0.064316
v -0.136653 0.255676 -0.042334
v -0.123786 0.255567 -0.093866
v -0.057433 0.254563 -0.054786
v -0.057036 0.254037 -0.074060
v -0.105964 0.255542 -0.012805
v -0.064720 0.255022 -0.036969
v -0.060302 0.254798 -0.045627
v -0.066169 0.253836 -0.092178
v -0.095716 0.283429 -0.111254
v -0.106885 0.282137 -0.009677
v -0.141005 0.283230 -0.040312
v -0.050994 0.281783 -0.065013
v -0.071476 0.282313 -0.104627
v -0.116323 0.282430 -0.013264
v -0.144129 0.283863 -0.059211
v -0.143360 0.283525 -0.049527
v -0.135708 0.284616 -0.089215
v -0.096040 0.281989 -0.009300
v -0.119510 0.284266 -0.105512
v -0.053021 0.281957 -0.054591
v -0.051179 0.281611 -0.076015
v -0.085819 0.282178 -0.013994
v -0.061546 0.281848 -0.096972
v -0.054494 0.281580 -0.087089
v -0.077067 0.282325 -0.020620
v -0.108131 0.283903 -0.109944
v -0.062179 0.282209 -0.035838
v -0.069077 0.282309 -0.027795
v -0.124467 0.282658 -0.018252
v -0.143151 0.284220 -0.069217
v -0.128777 0.284539 -0.098209
v -0.137004 0.283002 -0.031837
v -0.140416 0.284499 -0.079344
v -0.056813 0.282101 -0.044846
v -0.131429 0.282827 -0.024419
v -0.083223 0.282877 -0.109414
v -0.102249 0.127232 -0.021169
v -0.108495 0.126769 -0.023761
v -0.114341 0.126435 -0.026818
v -0.119508 0.126160 -0.030873
v -0.122613 0.125781 -0.036641
v -0.125574 0.125491 -0.042501
v -0.128878 0.125443 -0.048462
v -0.129556 0.125188 -0.055469
v -0.127405 0.124616 -0.062149
v -0.124553 0.124208 -0.068425
v -0.121116 0.123985 -0.074414
v -0.115726 0.123750 -0.078839
v -0.109120 0.123673 -0.081026
v -0.102723 0.123787 -0.083638
v -0.095934 0.124058 -0.085570
v -0.088786 0.124434 -0.084265
v -0.082261 0.124825 -0.080446
v -0.078211 0.125131 -0.073690
v -0.073123 0.125580 -0.067515
v -0.066256 0.126497 -0.062554
v -0.064513 0.127001 -0.054138
v -0.064426 0.127560 -0.045751
v -0.066077 0.128022 -0.037410
v -0.070619 0.128123 -0.030527
v -0.075312 0.128346 -0.024138
v -0.081716 0.128415 -0.019826
v -0.088903 0.128221 -0.018187
v -0.095792 0.127756 -0.019097
v -0.101561 0.144845 -0.020328
v -0.108058 0.144610 -0.023123
v -0.113925 0.144459 -0.026732
v -0.119082 0.144377 -0.031104
v -0.122541 0.144284 -0.036793
v -0.124457 0.144177 -0.042997
v -0.126219 0.144098 -0.049212
v -0.126114 0.143892 -0.055729
v -0.124953 0.143627 -0.062153
v -0.123475 0.143381 -0.068561
v -0.121347 0.143101 -0.075059
v -0.116020 0.142854 -0.079490
v -0.109906 0.142765 -0.082368
v -0.103771 0.142669 -0.085277
v -0.096957 0.142664 -0.087055
v -0.089754 0.142898 -0.085768
v -0.083365 0.143268 -0.081860
v -0.078409 0.143749 -0.076137
v -0.073351 0.144142 -0.070477
v -0.068480 0.144587 -0.064390
v -0.067831 0.145053 -0.056552
v -0.068521 0.145361 -0.048917
v -0.069021 0.145722 -0.041215
v -0.071078 0.145937 -0.033770
v -0.074477 0.146006 -0.026810
v -0.080014 0.145840 -0.021326
v -0.087203 0.145504 -0.018537
v -0.094591 0.145144 -0.018520
v -0.076685 0.162766 -0.078961
v -0.082346 0.162420 -0.084260
v -0.088964 0.162099 -0.088251
v -0.080200 0.164560 -0.022927
v -0.094672 0.164179 -0.018331
v -0.108504 0.163913 -0.023354
v -0.103740 0.161989 -0.088423
v -0.096466 0.161943 -0.089724
v -0.068453 0.163453 -0.065855
v -0.068219 0.164153 -0.050539
v -0.124294 0.163422 -0.044176
v -0.067437 0.163832 -0.058163
v -0.124398 0.163002 -0.063472
v -0.115943 0.162307 -0.081525
v -0.114204 0.163805 -0.027463
v -0.101962 0.164027 -0.020182
v -0.086946 0.164386 -0.018973
v -0.120455 0.162543 -0.076277
v -0.110159 0.162143 -0.085396
v -0.122501 0.163544 -0.037936
v -0.122887 0.162797 -0.069937
v -0.118979 0.163679 -0.032314
v -0.071711 0.163074 -0.072954
v -0.125291 0.163167 -0.056987
v -0.069899 0.164384 -0.043118
v -0.075375 0.164605 -0.028951
v -0.125282 0.163302 -0.050521
v -0.072213 0.164529 -0.035887
v -0.098791 0.112209 -0.016041
v -0.111741 0.110469 -0.021308
v -0.117399 0.109711 -0.024927
v -0.122176 0.108881 -0.029501
v -0.124399 0.107377 -0.035729
v -0.132590 0.104910 -0.064162
v -0.128627 0.104395 -0.071343
v -0.108213 0.103729 -0.081941
v -0.101333 0.104238 -0.085120
v -0.078779 0.106005 -0.081270
v -0.074486 0.105956 -0.073854
v -0.069880 0.106244 -0.066505
v -0.073408 0.110359 -0.027149
v -0.084532 0.112725 -0.016060
v -0.091789 0.113211 -0.014151
v -0.427928 0.939000 -0.043317
v -0.400354 0.940930 -0.016185
v -0.427736 0.935816 -0.059773
v -0.385314 0.934304 -0.049898
v -0.422183 0.940976 -0.028949
v -0.388936 0.938824 -0.021385
v -0.385602 0.937922 -0.026592
v -0.391072 0.932377 -0.067119
v -0.412414 0.933402 -0.076840
v -0.383536 0.936861 -0.033422
v -0.414111 0.742268 -0.004977
v -0.385113 0.925429 -0.048200
v -0.412862 0.771789 -0.082351
v -0.355512 0.857271 0.025465
v -0.399766 0.823374 -0.049632
v -0.423767 0.762830 -0.058249
v -0.435709 0.864008 -0.037115
v -0.434876 0.875236 -0.037907
v -0.434369 0.875917 -0.026021
v -0.434913 0.864337 -0.025057
v -0.429276 0.908205 -0.031614
v -0.428226 0.918084 -0.033665
v -0.426087 0.919758 -0.024603
v -0.427389 0.909989 -0.021590
v -0.395019 0.751919 0.025155
v -0.403250 0.765090 -0.028791
v -0.385317 0.772694 0.017897
v -0.410547 0.768722 0.004593
v -0.430785 0.885054 -0.060804
v -0.432526 0.885482 -0.050012
v -0.429307 0.895394 -0.061088
v -0.428417 0.905421 -0.061323
v -0.429580 0.905947 -0.051467
v -0.430832 0.895871 -0.050733
v -0.390022 0.729994 0.012643
v -0.386765 0.924152 -0.068667
v -0.409095 0.798520 -0.037761
v -0.435734 0.844254 -0.070999
v -0.433240 0.835497 -0.070604
v -0.387350 0.871530 -0.013794
v -0.386474 0.867947 -0.002020
v -0.422822 0.763953 -0.037941
v -0.396348 0.746831 -0.038023
v -0.397367 0.777182 -0.082491
v -0.394240 0.771940 -0.082474
v -0.400391 0.893311 -0.090748
v -0.401693 0.881650 -0.091156
v -0.428593 0.822520 0.006822
v -0.404401 0.722581 -0.053532
v -0.361523 0.820644 0.039701
v -0.409165 0.766196 -0.082355
v -0.388417 0.760974 0.000603
v -0.383997 0.752697 -0.000138
v -0.385701 0.732945 0.024051
v -0.389196 0.891921 -0.082203
v -0.387725 0.903767 -0.082674
v -0.394970 0.834493 -0.050679
v -0.395632 0.834208 -0.037816
v -0.370813 0.844541 0.018117
v -0.420642 0.759699 -0.006262
v -0.409242 0.827624 -0.074947
v -0.395792 0.838897 0.013046
v -0.394212 0.848504 0.011795
v -0.403615 0.870392 -0.091003
v -0.405655 0.859665 -0.090624
v -0.391487 0.767783 -0.000311
v -0.392041 0.880558 -0.080810
v -0.387784 0.880795 -0.068081
v -0.383541 0.891852 -0.069654
v -0.410601 0.787078 -0.028921
v -0.410531 0.840565 -0.087048
v -0.413018 0.833539 -0.084987
v -0.389925 0.720417 -0.011907
v -0.372135 0.827539 0.054894
v -0.364709 0.823983 0.055144
v -0.411030 0.813859 -0.047646
v -0.400834 0.756890 -0.027447
v -0.411155 0.773193 -0.066619
v -0.407917 0.761707 0.005529
v -0.403812 0.722959 -0.042181
v -0.408287 0.809987 -0.065623
v -0.417251 0.924941 -0.007804
v -0.415457 0.933357 -0.013489
v -0.393828 0.774450 -0.002430
v -0.397904 0.748433 -0.026407
v -0.393085 0.739216 -0.027078
v -0.399866 0.904756 -0.089111
v -0.370686 0.881871 -0.015200
v -0.372414 0.874817 -0.000363
v -0.393662 0.878329 0.028122
v -0.394231 0.858048 0.009682
v -0.425048 0.806512 -0.063881
v -0.424810 0.895832 -0.083092
v -0.422789 0.905962 -0.081678
v -0.426638 0.905439 -0.071335
v -0.427562 0.895419 -0.071635
v -0.437015 0.822254 -0.048554
v -0.391873 0.720770 -0.020690
v -0.410637 0.810860 -0.083749
v -0.394137 0.847902 -0.001401
v -0.394864 0.837437 -0.000286
v -0.389756 0.741024 -0.007382
v -0.409756 0.733067 -0.024907
v -0.410989 0.791588 -0.056680
v -0.421041 0.798981 -0.000516
v -0.399081 0.751287 -0.077926
v -0.419470 0.789444 -0.065455
v -0.429802 0.794808 -0.008186
v -0.364164 0.823644 0.032348
v -0.359324 0.821741 0.046200
v -0.358488 0.823180 0.048980
v -0.432035 0.876831 -0.013519
v -0.431562 0.853862 -0.082361
v -0.432362 0.844488 -0.081839
v -0.386642 0.864467 0.033222
v -0.406904 0.818422 -0.023509
v -0.410014 0.817033 -0.012344
v -0.432409 0.864865 -0.012515
v -0.432012 0.843452 0.002285
v -0.437294 0.818964 -0.021789
v -0.413496 0.739702 -0.057434
v -0.381965 0.847714 0.038287
v -0.400128 0.837068 -0.076979
v -0.405987 0.830154 -0.074922
v -0.397041 0.835567 -0.063630
v -0.384290 0.868422 0.007633
v -0.428617 0.874311 -0.083705
v -0.396194 0.728915 -0.044031
v -0.410050 0.816126 -0.035720
v -0.407428 0.820042 -0.048221
v -0.424183 0.800862 -0.064191
v -0.395318 0.749971 -0.009017
v -0.430537 0.888534 -0.015795
v -0.426426 0.890629 -0.003293
v -0.399118 0.748026 0.008461
v -0.419819 0.791736 0.000262
v -0.375806 0.758278 0.020883
v -0.356408 0.834894 0.055189
v -0.356100 0.829504 0.055333
v -0.398015 0.847506 -0.051544
v -0.398891 0.847304 -0.038616
v -0.381332 0.903642 -0.070542
v -0.397855 0.753417 -0.068181
v -0.375525 0.899896 0.030738
v -0.377836 0.909068 0.023986
v -0.410966 0.794476 -0.030173
v -0.399807 0.817542 -0.001628
v -0.407973 0.767677 -0.066796
v -0.381676 0.765907 0.018925
v -0.404774 0.769746 -0.037982
v -0.420845 0.788073 -0.081969
v -0.368427 0.836055 0.020839
v -0.356254 0.827045 0.054306
v -0.430591 0.874412 -0.071657
v -0.404343 0.768913 -0.057386
v -0.351404 0.850316 0.028993
v -0.382064 0.917974 -0.036165
v -0.379186 0.907827 -0.034877
v -0.369543 0.911674 -0.026185
v -0.375541 0.921941 -0.027827
v -0.398711 0.777936 -0.067712
v -0.383902 0.926905 -0.038726
v -0.426857 0.885174 -0.083679
v -0.427710 0.878105 0.000282
v -0.428421 0.865478 0.000833
v -0.430271 0.863757 -0.083122
v -0.386447 0.779848 0.017806
v -0.432289 0.826129 -0.071043
v -0.398893 0.715150 -0.009608
v -0.422558 0.921911 -0.015863
v -0.423843 0.912396 -0.011619
v -0.396898 0.847849 -0.013321
v -0.396341 0.836101 -0.012152
v -0.433177 0.886161 -0.038976
v -0.384325 0.856584 0.035305
v -0.392791 0.870419 -0.066541
v -0.396870 0.859745 -0.065421
v -0.396064 0.859838 -0.052369
v -0.392004 0.871239 -0.053397
v -0.431112 0.827536 -0.079528
v -0.361130 0.824181 0.053080
v -0.407288 0.788915 -0.010782
v -0.401273 0.924726 -0.082710
v -0.408351 0.804863 -0.066752
v -0.434401 0.842458 -0.010539
v -0.433148 0.853278 -0.011830
v -0.427531 0.815041 0.007704
v -0.403594 0.754844 0.007166
v -0.395606 0.859955 -0.039149
v -0.388214 0.934230 0.000546
v -0.392216 0.937673 -0.008535
v -0.396005 0.772873 -0.067262
v -0.396933 0.821266 0.011465
v -0.398682 0.826506 0.009748
v -0.428915 0.784172 -0.030121
v -0.430051 0.819542 -0.071254
v -0.395341 0.869846 -0.079410
v -0.415838 0.777432 -0.082397
v -0.426364 0.800790 -0.082262
v -0.348656 0.831212 0.044368
v -0.416711 0.796893 0.021069
v -0.433932 0.853857 -0.070988
v -0.416245 0.879425 0.015646
v -0.438356 0.830325 -0.022328
v -0.437494 0.841620 -0.023450
v -0.403559 0.801103 -0.006303
v -0.381964 0.928975 -0.030127
v -0.431617 0.836146 -0.080515
v -0.417700 0.751264 -0.005268
v -0.397489 0.859261 -0.078602
v -0.380491 0.904371 -0.057524
v -0.382576 0.892991 -0.056269
v -0.387024 0.895944 -0.044031
v -0.384544 0.906086 -0.045662
v -0.435561 0.852786 -0.024367
v -0.417093 0.746771 -0.057213
v -0.354161 0.826297 0.050213
v -0.351700 0.827504 0.048416
v -0.399364 0.822562 -0.024354
v -0.429428 0.821031 -0.079501
v -0.419826 0.924281 -0.076507
v -0.413644 0.741340 -0.025109
v -0.430052 0.792224 -0.030846
v -0.394839 0.745357 -0.058008
v -0.404114 0.793948 -0.084088
v -0.438846 0.842382 -0.048306
v -0.439639 0.831563 -0.048086
v -0.432439 0.832808 0.003742
v -0.382456 0.932047 -0.021604
v -0.360032 0.894125 -0.000836
v -0.361835 0.885967 0.007722
v -0.385563 0.886446 0.034259
v -0.390521 0.895662 0.030546
v -0.429779 0.786699 -0.006766
v -0.436254 0.853006 -0.048369
v -0.396013 0.915480 0.017747
v -0.401161 0.937973 -0.006334
v -0.430333 0.797253 -0.059871
v -0.424841 0.924469 -0.068946
v -0.427387 0.925201 -0.060459
v -0.411502 0.812513 -0.022064
v -0.394391 0.757390 -0.069396
v -0.373953 0.852484 0.015241
v -0.420867 0.758191 -0.027195
v -0.367638 0.918315 -0.013329
v -0.375233 0.926692 -0.017316
v -0.428509 0.926073 -0.052032
v -0.428590 0.927118 -0.043580
v -0.409329 0.734339 -0.004564
v -0.393238 0.872801 -0.039829
v -0.429655 0.789048 -0.059774
v -0.431316 0.896694 -0.040239
v -0.384064 0.916115 -0.046900
v -0.387669 0.915330 -0.081864
v -0.357771 0.864820 0.022194
v -0.407980 0.822246 -0.074964
v -0.380798 0.918055 0.016468
v -0.387211 0.882143 -0.054774
v -0.423000 0.816472 -0.006695
v -0.410277 0.822674 -0.060590
v -0.407824 0.849496 -0.089407
v -0.402264 0.794683 -0.004229
v -0.395465 0.860387 -0.025991
v -0.416584 0.748328 -0.038136
v -0.432677 0.887163 -0.027598
v -0.397457 0.830586 0.013750
v -0.399793 0.767201 -0.008787
v -0.369144 0.872430 0.037345
v -0.417807 0.749758 -0.026413
v -0.403999 0.766625 0.024749
v -0.396332 0.728831 -0.051770
v -0.427323 0.807643 -0.081269
v -0.379707 0.734669 0.008803
v -0.399830 0.758968 0.024875
v -0.400118 0.915357 -0.086387
v -0.396256 0.834735 -0.025173
v -0.398438 0.847549 -0.025899
v -0.397355 0.847885 -0.078246
v -0.420904 0.915296 -0.079430
v -0.425781 0.915090 -0.070410
v -0.409512 0.804910 -0.083269
v -0.362912 0.854274 0.041226
v -0.403590 0.761752 -0.039093
v -0.433521 0.863843 -0.060036
v -0.429932 0.906880 -0.041580
v -0.428972 0.916726 -0.042885
v -0.398873 0.885571 0.019772
v -0.417994 0.804286 0.019357
v -0.411108 0.799447 -0.057318
v -0.428932 0.884993 -0.071759
v -0.402429 0.761040 -0.056367
v -0.414073 0.829062 -0.085011
v -0.403911 0.795471 -0.066296
v -0.427593 0.915052 -0.061301
v -0.418367 0.905506 0.003391
v -0.418139 0.915657 -0.002154
v -0.360178 0.879553 0.013542
v -0.381927 0.915134 -0.070133
v -0.381829 0.915269 -0.058063
v -0.420554 0.931245 -0.019979
v -0.347788 0.836655 0.039376
v -0.427366 0.928789 -0.034961
v -0.429564 0.853867 0.000975
v -0.361660 0.906962 -0.008104
v -0.394108 0.758640 -0.076932
v -0.373119 0.890062 0.034062
v -0.435126 0.863874 -0.048759
v -0.414164 0.778929 -0.066064
v -0.428653 0.915688 -0.052106
v -0.419849 0.756096 -0.037834
v -0.375376 0.737609 0.019347
v -0.400169 0.715547 -0.019800
v -0.407212 0.796334 -0.011005
v -0.400599 0.783241 -0.067294
v -0.390437 0.885184 -0.041652
v -0.428795 0.899583 -0.018628
v -0.424992 0.901960 -0.007493
v -0.430553 0.789749 -0.037636
v -0.432265 0.863948 -0.071321
v -0.395725 0.827348 0.000085
v -0.398490 0.925261 0.011180
v -0.395456 0.875229 -0.025461
v -0.376715 0.832801 0.047965
v -0.424408 0.930162 -0.027045
v -0.379679 0.896673 -0.032274
v -0.413607 0.740887 -0.038086
v -0.394454 0.859104 -0.001904
v -0.413058 0.814841 -0.010434
v -0.434084 0.874773 -0.049339
v -0.366477 0.897638 -0.022849
v -0.383986 0.927485 0.009299
v -0.432332 0.874488 -0.060449
v -0.406922 0.773496 0.023513
v -0.420923 0.754538 -0.058017
v -0.397161 0.847833 -0.064612
v -0.430567 0.797668 -0.038132
v -0.395858 0.860205 -0.013398
v -0.430732 0.897902 -0.029548
v -0.390733 0.925035 -0.078785
v -0.417925 0.893902 0.009077
v -0.413200 0.823332 -0.084687
v -0.436914 0.810326 -0.020665
v -0.366240 0.863638 0.039091
v -0.398594 0.753541 -0.057226
v -0.385572 0.886108 -0.027559
v -0.385888 0.924240 -0.058243
v -0.410303 0.791303 -0.039299
v -0.400500 0.933196 0.002962
v -0.393435 0.905697 0.024384
v -0.436728 0.814505 -0.048513
v -0.400097 0.782216 -0.082606
v -0.397774 0.758707 -0.009070
v -0.401103 0.754396 -0.039418
v -0.400905 0.823080 -0.002587
v -0.357749 0.840622 0.050631
v -0.394517 0.799863 0.014711
v -0.394657 0.807092 0.014384
v -0.417868 0.796014 -0.005469
v -0.419908 0.793273 -0.032917
v -0.395577 0.717500 -0.021283
v -0.393564 0.717073 -0.009273
v -0.417173 0.788370 -0.004470
v -0.418965 0.785681 -0.031770
v -0.406750 0.755546 -0.002612
v -0.409026 0.753424 -0.029639
v -0.412143 0.761695 -0.030384
v -0.409903 0.763887 -0.003112
v -0.417928 0.814564 -0.008623
v -0.418255 0.810858 -0.008177
v -0.421032 0.809387 -0.033469
v -0.421211 0.809912 -0.035230
v -0.364810 0.904572 0.013777
v -0.379293 0.930900 -0.007584
v -0.401933 0.735784 -0.029695
v -0.399425 0.738088 -0.000852
v -0.424332 0.829116 -0.084315
v -0.415474 0.883828 -0.090108
v -0.419211 0.862224 -0.088918
v -0.420730 0.852629 -0.087148
v -0.411433 0.915094 -0.083545
v -0.422217 0.843896 -0.085998
v -0.423388 0.836078 -0.085148
v -0.417421 0.872769 -0.090021
v -0.409960 0.827725 0.017112
v -0.405895 0.861790 0.014616
v -0.408405 0.852052 0.015914
v -0.410494 0.842442 0.016746
v -0.408954 0.821095 0.018197
v -0.412004 0.833803 0.018032
v -0.360235 0.823203 0.050916
v -0.354768 0.826796 0.052508
v -0.382211 0.848813 0.024890
v -0.358019 0.862776 0.033904
v -0.354746 0.855157 0.037685
v -0.380873 0.840135 0.027667
v -0.352129 0.829563 0.052753
v -0.364121 0.821023 0.049822
v -0.376801 0.824946 0.038892
v -0.349503 0.842313 0.047875
v -0.372012 0.819531 0.045822
v -0.349586 0.835301 0.051501
v -0.380731 0.865416 0.009507
v -0.363207 0.887181 0.025352
v -0.363481 0.895704 0.020632
v -0.360752 0.870960 0.031480
v -0.385120 0.856474 0.022846
v -0.373125 0.923964 -0.000636
v -0.412337 0.905458 -0.086693
v -0.411216 0.924060 -0.080167
v -0.403700 0.746588 -0.002645
v -0.405604 0.744858 -0.029057
v -0.419934 0.797893 -0.034507
v -0.419893 0.798353 -0.061368
v -0.399000 0.725108 -0.053663
v -0.398650 0.725359 -0.042005
v -0.419327 0.790547 -0.035152
v -0.419067 0.790409 -0.060818
v -0.411210 0.759503 -0.035943
v -0.411099 0.757935 -0.061256
v -0.413709 0.765715 -0.061651
v -0.413873 0.767299 -0.035149
v -0.420581 0.816193 -0.059726
v -0.405047 0.742150 -0.063368
v -0.405408 0.744359 -0.034601
v -0.408402 0.752005 -0.036210
v -0.408010 0.750177 -0.062036
v -0.406582 0.806804 0.019763
v -0.413204 0.799449 -0.005276
v -0.384547 0.730772 0.009454
v -0.379153 0.733722 0.024134
v -0.404771 0.799623 0.021645
v -0.411483 0.792699 -0.004224
v -0.393442 0.770939 0.025391
v -0.400419 0.764299 -0.000039
v -0.403461 0.771036 -0.001483
v -0.396230 0.777895 0.025376
v -0.393908 0.749641 0.001366
v -0.385858 0.756297 0.028403
v -0.390124 0.763521 0.025685
v -0.397122 0.757510 0.001385
v -0.416513 0.808126 -0.062135
v -0.419540 0.809466 -0.085562
v -0.395500 0.755165 -0.078409
v -0.415576 0.802795 -0.063019
v -0.417727 0.802656 -0.085848
v -0.406899 0.781479 -0.064211
v -0.407699 0.779764 -0.085544
v -0.412781 0.790657 -0.085974
v -0.411862 0.792603 -0.062998
v -0.423133 0.822680 -0.084404
v -0.402188 0.769029 -0.086486
v -0.401871 0.770631 -0.064676
v -0.404529 0.775991 -0.064842
v -0.405119 0.774508 -0.085552
v -0.416369 0.812377 -0.006761
v -0.418838 0.818170 -0.061682
v -0.385395 0.934847 -0.014513
v -0.368256 0.914433 0.006306
v -0.413698 0.894912 -0.089121
v -0.408705 0.910375 0.012397
v -0.405688 0.899035 0.017400
v -0.410020 0.920224 0.006044
v -0.410312 0.928646 -0.001122
v -0.409693 0.935772 -0.008376
v -0.426269 0.815366 -0.035434
v -0.437708 0.841491 -0.036029
v -0.436393 0.852710 -0.036544
v -0.414127 0.813471 -0.035267
v -0.420734 0.812482 -0.035122
v -0.434600 0.853349 -0.059740
v -0.436016 0.843210 -0.059831
v -0.424111 0.822230 -0.061084
v -0.413376 0.820729 -0.060364
v -0.419022 0.820668 -0.060395
v -0.430210 0.819325 -0.035659
v -0.426623 0.819725 -0.005448
v -0.427741 0.825049 -0.060797
v -0.422909 0.806093 -0.001617
v -0.420032 0.811397 0.018762
v -0.395428 0.814557 0.013226
v -0.414824 0.806083 -0.006341
v -0.407970 0.813939 0.018774
v -0.405346 0.807620 -0.008131
v -0.429836 0.802881 -0.008652
v -0.430957 0.800568 -0.032217
v -0.420538 0.801274 -0.033945
v -0.418205 0.803654 -0.006449
v -0.407605 0.804442 -0.011385
v -0.411515 0.802724 -0.031033
v -0.430538 0.806269 -0.059746
v -0.411678 0.807332 -0.057293
v -0.431542 0.805283 -0.038190
v -0.420466 0.806952 -0.061337
v -0.420765 0.804538 -0.034400
v -0.409746 0.805710 -0.037171
v -0.426283 0.812487 -0.063531
v -0.428025 0.814412 -0.080141
v -0.411640 0.817342 -0.084086
v -0.417720 0.813549 -0.061277
v -0.421355 0.816278 -0.084916
v -0.409079 0.815578 -0.064615
v -0.359281 0.872551 0.018441
v -0.389598 0.871451 0.031194
v -0.371529 0.880981 0.035949
v -0.377485 0.859639 0.011828
v -0.388198 0.863235 0.020699
v -0.362679 0.879084 0.028985
v -0.395666 0.740994 0.009654
v -0.381142 0.744278 0.001952
v -0.391299 0.744794 0.026154
v -0.373238 0.749426 0.021371
v -0.390752 0.741774 0.002278
v -0.382180 0.748532 0.030219
v -0.407463 0.724731 -0.024252
v -0.391042 0.730505 -0.025294
v -0.405662 0.726467 -0.004097
v -0.387783 0.731481 -0.007699
v -0.396177 0.729122 0.000103
v -0.399374 0.727467 -0.028246
v -0.411068 0.732659 -0.057453
v -0.393857 0.737320 -0.056504
v -0.410098 0.733690 -0.038681
v -0.394474 0.738325 -0.039286
v -0.402423 0.734247 -0.063364
v -0.402443 0.736400 -0.034175
v -0.406699 0.760097 -0.082710
v -0.392536 0.766094 -0.081119
v -0.405092 0.762237 -0.066243
v -0.394396 0.767158 -0.067755
v -0.399128 0.762952 -0.087145
v -0.399193 0.765283 -0.064318
v -0.414452 0.787616 0.022795
v -0.393256 0.794375 0.015230
v -0.417897 0.782555 0.001439
v -0.400528 0.788762 -0.003560
v -0.409544 0.785201 -0.003390
v -0.402535 0.792404 0.023856
v -0.424184 0.767778 -0.006424
v -0.402769 0.775343 -0.009001
v -0.424242 0.766359 -0.028281
v -0.406121 0.773218 -0.029167
v -0.415072 0.769868 -0.031009
v -0.413023 0.771965 -0.003273
v -0.429344 0.781160 -0.037078
v -0.409977 0.784641 -0.039472
v -0.428863 0.780580 -0.059859
v -0.410556 0.784428 -0.056438
v -0.418587 0.783122 -0.034858
v -0.418397 0.782442 -0.060800
v -0.422183 0.794395 -0.064797
v -0.407074 0.800900 -0.066622
v -0.423955 0.793321 -0.082167
v -0.407231 0.800029 -0.083949
v -0.414322 0.797665 -0.063058
v -0.415701 0.796251 -0.086053
v -0.428146 0.776322 -0.005810
v -0.406241 0.782722 -0.010069
v -0.415817 0.780148 -0.003336
v -0.427610 0.774701 -0.029408
v -0.409456 0.780836 -0.028730
v -0.417819 0.777956 -0.031387
v -0.426789 0.771277 -0.059144
v -0.407257 0.776806 -0.057706
v -0.416623 0.775337 -0.034597
v -0.416519 0.773918 -0.061694
v -0.426359 0.772263 -0.037652
v -0.406991 0.777942 -0.038076
v -0.418184 0.782948 -0.082102
v -0.401951 0.787774 -0.083697
v -0.416892 0.784385 -0.065785
v -0.401848 0.789142 -0.066536
v -0.410108 0.785191 -0.085788
v -0.409294 0.787120 -0.063417
v -0.414011 0.775398 0.003011
v -0.396993 0.781717 -0.003408
v -0.406451 0.778044 -0.002548
v -0.399177 0.784933 0.024848
v -0.410307 0.780060 0.022856
v -0.388955 0.787503 0.016833
v -0.359726 0.846567 0.045248
v -0.347860 0.843562 0.033583
v -0.379557 0.839320 0.042452
v -0.366422 0.829023 0.025397
v -0.379462 0.832098 0.032453
v -0.351372 0.848653 0.042829
v -0.424993 0.814023 -0.002299
v -0.429027 0.812830 -0.008848
v -0.431885 0.820453 -0.010488
v -0.428877 0.821589 -0.002111
v -0.432930 0.830718 -0.008711
v -0.431402 0.813069 -0.037417
v -0.429168 0.816860 -0.058652
v -0.431367 0.810292 -0.032620
v -0.426975 0.818987 -0.063005
v -0.434104 0.821184 -0.039122
v -0.432555 0.820123 -0.031812
v -0.436042 0.830708 -0.036257
v -0.429820 0.825446 -0.063739
v -0.431798 0.824710 -0.057794
v -0.433622 0.832683 -0.060088
v -0.400923 0.821317 -0.036752
v -0.410183 0.820063 -0.064412
v -0.413295 0.815869 -0.056201
v -0.414236 0.812832 -0.030015
v -0.412388 0.811944 -0.038864
v -0.403280 0.825506 -0.062081
v -0.410925 0.812362 -0.013253
v -0.399725 0.823345 -0.011932
v -0.408476 0.813838 -0.008251
v -0.407430 0.818814 -0.015252
v -0.406544 0.819628 -0.009947
v -0.408111 0.817928 -0.039882
v -0.408232 0.817824 -0.031795
v -0.408956 0.821664 -0.056343
v -0.409317 0.825553 -0.065228
v -0.394552 0.717136 -0.015600
v -0.390414 0.720577 -0.016639
v -0.402642 0.775177 -0.020010
v -0.408683 0.788313 -0.020530
v -0.422586 0.757838 -0.017019
v -0.420435 0.749194 -0.016103
v -0.397838 0.758801 -0.019112
v -0.399463 0.767186 -0.019777
v -0.426157 0.766025 -0.017767
v -0.408196 0.795799 -0.021479
v -0.434048 0.792942 -0.019905
v -0.433444 0.784568 -0.019268
v -0.435883 0.801427 -0.020421
v -0.407990 0.804078 -0.022155
v -0.390055 0.741117 -0.018144
v -0.396142 0.750076 -0.018318
v -0.417592 0.740018 -0.015412
v -0.410304 0.732798 -0.014985
v -0.407996 0.724657 -0.014292
v -0.399856 0.714599 -0.014705
v -0.388354 0.732141 -0.017439
v -0.430889 0.774223 -0.018285
v -0.407298 0.782307 -0.020089
v -0.381364 0.730845 0.016621
v -0.376782 0.735812 0.013741
v -0.395818 0.792163 0.004233
v -0.397429 0.797510 0.003512
v -0.410605 0.769947 0.014386
v -0.408657 0.762892 0.015705
v -0.387061 0.771057 0.007485
v -0.388175 0.778063 0.005860
v -0.418873 0.783794 0.012467
v -0.396833 0.804219 0.001496
v -0.422728 0.800985 0.009853
v -0.421451 0.793497 0.010955
v -0.397544 0.811240 -0.000529
v -0.394827 0.742156 0.018153
v -0.388530 0.730061 0.018802
v -0.404732 0.755418 0.016653
v -0.375944 0.747692 0.010164
v -0.377407 0.756086 0.008487
v -0.383309 0.764070 0.008258
v -0.425251 0.807959 0.008711
v -0.398409 0.749079 0.017113
v -0.390978 0.785418 0.004632
v -0.414181 0.776578 0.013270
v -0.396000 0.728834 -0.047845
v -0.393384 0.738832 -0.047702
v -0.393783 0.746866 -0.047453
v -0.398721 0.754595 -0.047364
v -0.398753 0.724568 -0.047894
v -0.408883 0.784969 -0.048066
v -0.409494 0.791894 -0.048191
v -0.425825 0.762250 -0.047751
v -0.423725 0.753861 -0.047386
v -0.402130 0.762017 -0.047321
v -0.402454 0.770123 -0.047579
v -0.433032 0.779950 -0.048483
v -0.408338 0.799391 -0.048238
v -0.434438 0.797389 -0.049029
v -0.434140 0.789008 -0.048947
v -0.435756 0.805917 -0.049090
v -0.408410 0.806851 -0.047807
v -0.420707 0.745816 -0.047064
v -0.413805 0.739702 -0.047643
v -0.412373 0.732429 -0.047784
v -0.404625 0.721490 -0.047753
v -0.404710 0.778500 -0.048068
v -0.429205 0.770766 -0.048094
v -0.393488 0.773269 -0.073998
v -0.396649 0.778218 -0.074339
v -0.395074 0.755423 -0.073488
v -0.394128 0.758777 -0.073252
v -0.405151 0.801306 -0.075127
v -0.407865 0.805359 -0.074774
v -0.421133 0.787778 -0.073488
v -0.417320 0.777012 -0.073611
v -0.399117 0.783298 -0.074584
v -0.401811 0.795447 -0.075152
v -0.424181 0.792835 -0.073242
v -0.407755 0.810989 -0.074740
v -0.427513 0.806273 -0.072452
v -0.426718 0.799981 -0.072948
v -0.407677 0.816924 -0.074572
v -0.415280 0.771251 -0.073573
v -0.410209 0.765728 -0.074087
v -0.392636 0.767547 -0.073836
v -0.407254 0.759956 -0.073891
v -0.398461 0.750895 -0.072740
v -0.428456 0.812819 -0.071815
v -0.400072 0.789088 -0.074935
v -0.418918 0.782628 -0.073592
v -0.357347 0.824812 0.051756
v -0.356020 0.824492 0.049418
v -0.352855 0.829150 0.033128
v -0.355837 0.841874 0.021128
v -0.354386 0.824177 0.045982
v -0.359123 0.849209 0.017796
v -0.375645 0.860989 0.039052
v -0.372220 0.851007 0.040537
v -0.352977 0.825276 0.039763
v -0.366984 0.837210 0.049959
v -0.378413 0.869660 0.037194
v -0.361277 0.856140 0.013079
v -0.381567 0.877784 0.035750
v -0.364327 0.832232 0.055462
v -0.360780 0.827361 0.055948
v -0.358660 0.825380 0.054010
v -0.363803 0.863277 0.008386
v -0.369054 0.842493 0.043860
v -0.353434 0.834912 0.026010
v -0.421637 0.818540 0.018043
v -0.401434 0.870214 0.014049
v -0.423050 0.825527 0.016824
v -0.421032 0.866009 0.015199
v -0.423156 0.854484 0.014035
v -0.425339 0.844354 0.014958
v -0.427098 0.834469 0.016664
v -0.391003 0.869020 0.018617
v -0.391365 0.865940 0.007752
v -0.368109 0.870352 0.005817
v -0.394106 0.873731 0.015365
v -0.404558 0.716893 -0.022610
v -0.390658 0.723978 -0.023053
v -0.397477 0.720895 -0.025132
v -0.393765 0.720159 -0.002735
v -0.387723 0.723907 -0.009516
v -0.402675 0.717049 -0.005241
v -0.388267 0.725274 -0.017005
v -0.406014 0.715017 -0.014088
v -0.393129 0.734354 0.011002
v -0.379795 0.738197 0.005249
v -0.387681 0.735236 0.004925
v -0.379799 0.740328 0.029481
v -0.373607 0.742423 0.020599
v -0.389353 0.736925 0.027260
v -0.375934 0.741468 0.011857
v -0.393309 0.734960 0.019305
v -0.394922 0.732148 -0.041847
v -0.407541 0.726622 -0.039549
v -0.408707 0.725549 -0.056565
v -0.394803 0.731696 -0.053982
v -0.400068 0.727818 -0.059917
v -0.400025 0.729465 -0.036721
v -0.411031 0.724526 -0.047566
v -0.394519 0.733078 -0.047838
v -0.403712 0.752579 -0.081357
v -0.393153 0.761143 -0.079033
v -0.402047 0.756347 -0.065951
v -0.394242 0.762107 -0.068754
v -0.396452 0.756674 -0.084112
v -0.396903 0.760247 -0.065691
v -0.393123 0.762549 -0.073650
v -0.404876 0.752917 -0.072730
v -0.393833 0.760269 -0.071131
v -0.087730 0.003322 -0.071892
v -0.091429 0.016214 -0.001463
v -0.092234 0.002376 0.044832
v -0.094575 0.000931 0.059061
v -0.074120 0.005356 -0.043816
v -0.088639 0.015303 -0.012419
v -0.084907 0.013465 -0.023409
v -0.079789 0.009593 -0.033532
v -0.093409 0.012435 0.020995
v -0.129648 0.052277 0.071899
v -0.082395 0.037358 0.080052
v -0.076197 0.027099 0.080010
v -0.075547 0.014191 0.078760
v -0.179217 0.034252 0.046930
v -0.183267 0.026650 0.043049
v -0.184605 0.018466 0.041050
v -0.161919 0.004117 0.049119
v -0.153490 0.049522 0.063399
v -0.142238 0.002978 0.057773
v -0.121205 0.003107 0.065665
v -0.098056 0.003096 0.072914
v -0.103827 0.049772 0.077778
v -0.179708 0.010897 0.041897
v -0.091748 0.045223 0.079392
v -0.173263 0.041663 0.052428
v -0.085676 0.005018 0.076051
v -0.117487 0.071722 0.031774
v -0.081832 0.046725 0.029883
v -0.079686 0.036579 0.027989
v -0.080750 0.026725 0.025718
v -0.166090 0.047143 0.006838
v -0.171410 0.036291 0.002159
v -0.175043 0.024643 -0.001344
v -0.150979 0.007094 0.004385
v -0.141361 0.070687 0.024877
v -0.111753 0.005813 0.015939
v -0.093173 0.067047 0.034742
v -0.085949 0.018550 0.023413
v -0.159672 0.057282 0.012862
v -0.169600 0.014010 -0.001158
v -0.085685 0.057241 0.032031
v -0.132904 0.046430 0.082719
v -0.126644 0.058465 0.061773
v -0.123513 0.062197 0.051046
v -0.111403 0.082789 0.014465
v -0.097231 0.003441 -0.074417
v -0.106465 0.004404 -0.076423
v -0.114489 0.006860 -0.077693
v -0.121081 0.009287 -0.079119
v -0.133649 0.049566 -0.074451
v -0.136772 0.039113 -0.076547
v -0.138926 0.028752 -0.078113
v -0.061708 0.010640 -0.055078
v -0.058151 0.042442 -0.055370
v -0.056057 0.031525 -0.055168
v -0.056208 0.020465 -0.054823
v -0.136485 0.019449 -0.076809
v -0.060154 0.053689 -0.055606
v -0.063647 0.045181 -0.031038
v -0.064219 0.034050 -0.030486
v -0.066786 0.023857 -0.030575
v -0.143610 0.050911 -0.056045
v -0.147179 0.039608 -0.057008
v -0.149892 0.028648 -0.058254
v -0.131232 0.010444 -0.050626
v -0.097386 0.005093 -0.039187
v -0.072189 0.015514 -0.031617
v -0.145821 0.019233 -0.056500
v -0.063935 0.056665 -0.032127
v -0.067962 0.047354 -0.019438
v -0.069166 0.036250 -0.019182
v -0.072309 0.026332 -0.019740
v -0.148774 0.052847 -0.046059
v -0.152487 0.040479 -0.046528
v -0.155202 0.028499 -0.047592
v -0.135034 0.010658 -0.039730
v -0.101096 0.007701 -0.028470
v -0.077767 0.018686 -0.021221
v -0.150650 0.018748 -0.045844
v -0.068094 0.058988 -0.020688
v -0.058854 0.041868 -0.068087
v -0.059935 0.043476 -0.042877
v -0.072311 0.049513 -0.007453
v -0.055742 0.030927 -0.068587
v -0.059181 0.032420 -0.042286
v -0.073185 0.038188 -0.007620
v -0.055643 0.019443 -0.068387
v -0.060585 0.021590 -0.041848
v -0.076157 0.028281 -0.008578
v -0.153189 0.055520 -0.034210
v -0.138558 0.049849 -0.065378
v -0.157755 0.041675 -0.035088
v -0.142034 0.039238 -0.066982
v -0.160837 0.028393 -0.036460
v -0.144496 0.028963 -0.068414
v -0.139167 0.009916 -0.028665
v -0.127839 0.009826 -0.061150
v -0.104419 0.008321 -0.017339
v -0.093835 0.002551 -0.050052
v -0.081553 0.020558 -0.010224
v -0.065811 0.012114 -0.042385
v -0.061628 0.010420 -0.067541
v -0.141265 0.019684 -0.066921
v -0.156007 0.017442 -0.035024
v -0.061678 0.052878 -0.067479
v -0.060970 0.054919 -0.043683
v -0.073167 0.061889 -0.008565
v -0.186608 0.016740 0.050787
v -0.185468 0.025041 0.052654
v -0.181175 0.031992 0.056875
v -0.183593 0.019578 0.030640
v -0.181219 0.028629 0.033129
v -0.176422 0.036650 0.037130
v -0.181883 0.020487 0.020127
v -0.178691 0.030706 0.023112
v -0.173372 0.039513 0.027337
v -0.075409 0.020276 0.050352
v -0.075892 0.032056 0.052752
v -0.080723 0.042274 0.054213
v -0.074560 0.017205 0.064419
v -0.075756 0.029538 0.066209
v -0.081257 0.039786 0.067021
v -0.077978 0.010709 0.092504
v -0.076639 0.024653 0.093637
v -0.082451 0.036420 0.093344
v -0.079018 0.029203 0.002711
v -0.076611 0.039207 0.004230
v -0.076802 0.051009 0.005280
v -0.166195 0.028230 -0.024715
v -0.162545 0.042482 -0.022215
v -0.155943 0.058829 -0.018815
v -0.187290 0.014562 0.068825
v -0.185804 0.022075 0.071195
v -0.181512 0.026952 0.075433
v -0.088067 0.031865 0.114920
v -0.083403 0.020071 0.112954
v -0.085722 0.009180 0.110495
v -0.164308 0.003525 0.060711
v -0.159645 0.003701 0.037838
v -0.157340 0.003124 0.026558
v -0.155157 0.042996 0.073549
v -0.151410 0.055582 0.053551
v -0.148219 0.060207 0.043502
v -0.145657 0.002450 0.070450
v -0.125048 0.002502 0.079140
v -0.118176 0.000000 0.052821
v -0.115559 0.000168 0.039814
v -0.101766 0.001927 0.086666
v -0.107158 0.046198 0.089807
v -0.100780 0.054627 0.066580
v -0.098327 0.058504 0.055342
v -0.176213 0.011034 0.020657
v -0.178008 0.011222 0.031334
v -0.181959 0.008947 0.051976
v -0.087422 0.052004 0.055341
v -0.089125 0.049054 0.067443
v -0.093847 0.043282 0.091955
v -0.174344 0.037439 0.062724
v -0.170879 0.045171 0.042395
v -0.167540 0.048648 0.032562
v -0.089128 0.002450 0.089609
v -0.082284 0.005956 0.061776
v -0.081694 0.009405 0.047480
v -0.143315 0.009431 -0.017554
v -0.158591 0.032081 0.098129
v -0.133049 0.081321 0.007404
v -0.169016 0.006733 0.081263
v -0.140437 0.035835 0.107797
v -0.153892 0.006619 0.093323
v -0.107278 0.008520 -0.006375
v -0.134673 0.006837 0.102069
v -0.087684 0.077299 0.014220
v -0.116330 0.037412 0.115114
v -0.111119 0.007487 0.106702
v -0.149841 0.069631 -0.007286
v -0.161212 0.016330 -0.023877
v -0.079514 0.065701 0.005930
v -0.084281 0.021471 0.000773
v -0.174501 0.027235 0.085506
v -0.183020 0.007730 0.069643
v -0.100293 0.039076 0.114848
v -0.095344 0.004634 0.107041
v -0.126449 0.012583 -0.082435
v -0.130984 0.018967 -0.085951
v -0.125144 0.007108 -0.011769
v -0.121731 0.007305 -0.022810
v -0.137001 0.001075 0.033533
v -0.118197 0.007381 -0.033947
v -0.139572 0.000941 0.045631
v -0.114873 0.006202 -0.044947
v -0.131427 0.005753 0.010598
v -0.111831 0.004845 -0.055772
v -0.132319 0.028863 -0.087090
v -0.119442 0.003942 0.129165
v -0.121490 0.025181 0.133468
v -0.123470 0.022697 0.141869
v -0.114979 0.004765 0.119178
v -0.121184 0.003176 0.138317
v -0.119714 0.005563 0.144516
v -0.096416 0.024448 0.139206
v -0.100604 0.021962 0.147534
v -0.105665 0.019976 0.154210
v -0.123435 0.019767 0.149361
v -0.093396 0.004019 0.135490
v -0.104210 0.005797 0.147664
v -0.098598 0.003382 0.143202
v -0.089331 0.005864 0.126384
v -0.119574 0.029644 0.126629
v -0.094694 0.028118 0.131773
v -0.123962 0.011518 0.148083
v -0.103748 0.011625 0.152785
v -0.094979 0.012476 0.147221
v -0.129295 0.012905 0.139793
v -0.122418 0.015717 0.120917
v -0.086732 0.017219 0.129939
v -0.127595 0.014834 0.129664
v -0.088925 0.014880 0.139110
v -0.092509 0.030039 0.123664
v -0.087775 0.008783 0.117614
v -0.116470 0.032828 0.120971
v -0.109911 0.007340 0.111817
v -0.115723 0.017950 0.115849
v -0.085802 0.019102 0.121022
v -0.114107 0.011297 0.151381
v -0.111826 0.004967 0.145938
v -0.101197 0.003394 0.122143
v -0.108992 0.001268 0.139403
v -0.105675 0.001642 0.131480
v -0.107220 0.031704 0.130875
v -0.109030 0.025302 0.136577
v -0.112416 0.023351 0.144692
v -0.115327 0.020876 0.153683
v -0.104904 0.035983 0.123951
v -0.097809 0.006035 0.113690
v -0.140221 0.004054 0.123710
v -0.141846 0.023448 0.128271
v -0.142685 0.021312 0.134273
v -0.138096 0.006293 0.116316
v -0.140761 0.004436 0.131735
v -0.139368 0.006918 0.137245
v -0.121667 0.021162 0.130912
v -0.123807 0.020629 0.138100
v -0.126860 0.019895 0.144200
v -0.141852 0.019051 0.139974
v -0.119042 0.005174 0.127788
v -0.126850 0.007555 0.140163
v -0.122878 0.005105 0.135485
v -0.117211 0.008049 0.120215
v -0.141031 0.027139 0.122679
v -0.119968 0.025225 0.124903
v -0.142326 0.012228 0.139476
v -0.125369 0.012996 0.144172
v -0.118326 0.012837 0.138903
v -0.147201 0.012394 0.132717
v -0.144693 0.016100 0.118378
v -0.114371 0.017202 0.123466
v -0.147071 0.013821 0.125161
v -0.114573 0.014169 0.131250
v -0.119855 0.029391 0.117696
v -0.117194 0.009900 0.112894
v -0.139974 0.031365 0.115872
v -0.135496 0.008202 0.108938
v -0.142297 0.018392 0.112741
v -0.117103 0.019402 0.116425
v -0.134403 0.012688 0.143294
v -0.133304 0.006188 0.139248
v -0.127053 0.003677 0.117426
v -0.131512 0.001796 0.132784
v -0.129066 0.000501 0.124749
v -0.130392 0.029411 0.124837
v -0.131805 0.024331 0.129724
v -0.133397 0.023200 0.136128
v -0.135032 0.020823 0.143733
v -0.129409 0.033676 0.117629
v -0.125279 0.007214 0.110256
v -0.113410 0.002652 0.082736
v -0.121542 0.005111 0.102435
v -0.109769 0.003306 0.069320
v -0.157693 0.003249 0.115485
v -0.159061 0.019874 0.120594
v -0.159193 0.018185 0.125834
v -0.157157 0.005468 0.109138
v -0.156958 0.004105 0.121670
v -0.155478 0.006180 0.125892
v -0.143581 0.018951 0.121359
v -0.144410 0.017103 0.126912
v -0.146077 0.015535 0.131419
v -0.157925 0.015539 0.129665
v -0.139980 0.005270 0.117334
v -0.145267 0.006143 0.127994
v -0.142254 0.004679 0.123761
v -0.138952 0.007686 0.111166
v -0.158957 0.022612 0.114476
v -0.143280 0.022647 0.115976
v -0.157925 0.010437 0.128349
v -0.144505 0.010607 0.130936
v -0.140261 0.011601 0.125801
v -0.162220 0.011060 0.123686
v -0.164015 0.013677 0.110997
v -0.138277 0.015761 0.113715
v -0.163963 0.011985 0.117785
v -0.138642 0.013170 0.119638
v -0.143119 0.028622 0.110792
v -0.138982 0.009662 0.105725
v -0.158245 0.027816 0.107036
v -0.155557 0.007965 0.101964
v -0.162169 0.016381 0.105129
v -0.139396 0.018366 0.109338
v -0.151633 0.009988 0.131266
v -0.150462 0.004958 0.127383
v -0.146868 0.003934 0.109436
v -0.149100 0.001210 0.121902
v -0.147698 0.000420 0.115315
v -0.150520 0.025447 0.116707
v -0.150726 0.021332 0.122101
v -0.151565 0.019119 0.127168
v -0.152325 0.016091 0.132183
v -0.150269 0.031229 0.109718
v -0.145857 0.007288 0.103139
v -0.171636 0.003223 0.100899
v -0.173969 0.017222 0.105412
v -0.174127 0.015637 0.110652
v -0.170868 0.005247 0.095029
v -0.170988 0.003914 0.106707
v -0.169827 0.005722 0.110400
v -0.160129 0.018408 0.108394
v -0.160945 0.016412 0.112953
v -0.162626 0.014359 0.116510
v -0.172929 0.013447 0.114461
v -0.157760 0.006377 0.104253
v -0.161693 0.006607 0.112450
v -0.159323 0.005823 0.109253
v -0.156846 0.007816 0.099104
v -0.172781 0.019457 0.100027
v -0.159194 0.022024 0.104077
v -0.172361 0.008962 0.112724
v -0.161398 0.010106 0.115191
v -0.157807 0.011328 0.111504
v -0.176083 0.009190 0.108228
v -0.175509 0.012309 0.096607
v -0.155012 0.015494 0.101885
v -0.177389 0.010221 0.102264
v -0.156356 0.012933 0.106664
v -0.159578 0.026008 0.099049
v -0.156992 0.008540 0.094820
v -0.172217 0.023722 0.093667
v -0.169451 0.007285 0.088850
v -0.173012 0.014790 0.092133
v -0.156248 0.017981 0.097437
v -0.167086 0.009215 0.115084
v -0.165645 0.005378 0.111703
v -0.162980 0.004193 0.096494
v -0.164386 0.002914 0.107420
v -0.163509 0.002486 0.102030
v -0.166573 0.023050 0.103410
v -0.167093 0.019491 0.108051
v -0.167603 0.017425 0.112577
v -0.168177 0.014466 0.116936
v -0.166402 0.027549 0.097158
v -0.162363 0.005976 0.090855
v -0.182654 0.004544 0.089121
v -0.184044 0.017703 0.092841
v -0.183639 0.015608 0.097251
v -0.182941 0.006496 0.083430
v -0.181815 0.004595 0.094629
v -0.180781 0.005900 0.098265
v -0.172984 0.018399 0.095576
v -0.173811 0.016339 0.099242
v -0.175025 0.014332 0.102256
v -0.182664 0.013436 0.100610
v -0.170425 0.006306 0.091899
v -0.174220 0.006900 0.099609
v -0.172149 0.005979 0.096533
v -0.169784 0.007626 0.087155
v -0.184195 0.019617 0.087583
v -0.172471 0.021420 0.091802
v -0.182546 0.009225 0.100063
v -0.173814 0.010493 0.101834
v -0.170855 0.011753 0.098524
v -0.185023 0.010045 0.095814
v -0.186782 0.013124 0.084632
v -0.168631 0.015589 0.090289
v -0.186422 0.011487 0.090579
v -0.169301 0.013335 0.094527
v -0.174531 0.024265 0.087401
v -0.171508 0.007377 0.083074
v -0.184579 0.021141 0.080414
v -0.182825 0.008172 0.077273
v -0.186602 0.014348 0.077526
v -0.171153 0.016742 0.087060
v -0.178417 0.009311 0.102269
v -0.177500 0.005433 0.099282
v -0.175911 0.004332 0.084511
v -0.176560 0.002673 0.094914
v -0.175826 0.002112 0.089530
v -0.178638 0.022274 0.090324
v -0.178600 0.019583 0.094655
v -0.178906 0.017330 0.098507
v -0.179175 0.014297 0.102569
v -0.179662 0.024934 0.083991
v -0.176376 0.006075 0.079520
v -0.116760 0.051964 0.075233
v -0.120299 0.047204 0.086517
v -0.127611 0.039074 0.108443
v -0.144420 0.044899 0.078118
v -0.149140 0.036652 0.100102
v -0.141926 0.051219 0.067794
v -0.164201 0.046752 0.058306
v -0.165190 0.040887 0.068274
v -0.166791 0.031563 0.088432
v -0.173472 0.004782 0.055675
v -0.171419 0.006067 0.044936
v -0.175972 0.005685 0.073244
v -0.152122 0.003337 0.053438
v -0.154945 0.002845 0.065359
v -0.160537 0.004530 0.084218
v -0.132000 0.002916 0.061758
v -0.135602 0.002265 0.074646
v -0.143046 0.004954 0.095210
v -0.115564 0.020511 0.114121
v -0.113478 0.011485 0.110870
v -0.117602 0.030931 0.118904
v -0.141419 0.030081 0.112133
v -0.139486 0.019889 0.110087
v -0.137086 0.010881 0.106483
v -0.158731 0.026999 0.102277
v -0.157696 0.018346 0.101689
v -0.156283 0.010109 0.098101
v -0.173589 0.022917 0.089420
v -0.172389 0.015733 0.089038
v -0.171471 0.008263 0.085761
v -0.105500 0.069974 0.033632
v -0.110917 0.060684 0.053462
v -0.099678 0.082416 0.016394
v -0.113625 0.057294 0.064548
v -0.129445 0.071743 0.028738
v -0.136004 0.061603 0.047522
v -0.139324 0.057493 0.057905
v -0.122262 0.082146 0.011350
v -0.113994 0.039796 -0.099863
v -0.102942 0.039993 -0.103711
v -0.123146 0.039539 -0.093431
v -0.152940 0.067135 0.019544
v -0.130610 0.039285 -0.085464
v -0.162555 0.052161 0.048435
v -0.159806 0.056958 0.038582
v -0.143546 0.078381 0.001371
v -0.102143 0.008027 0.018436
v -0.099212 0.012174 -0.003830
v -0.104187 0.000382 0.042493
v -0.088539 0.006633 -0.036371
v -0.092900 0.010296 -0.025993
v -0.096447 0.011652 -0.014852
v -0.084203 0.002684 -0.046965
v -0.106737 0.000226 0.056080
v -0.109642 0.006596 -0.031153
v -0.112992 0.006876 -0.020045
v -0.103074 0.003129 -0.053011
v -0.126476 0.000432 0.036794
v -0.106257 0.004933 -0.042082
v -0.121590 0.005436 0.013379
v -0.129116 0.000180 0.049328
v -0.116090 0.006962 -0.009039
v -0.134248 0.007983 -0.014597
v -0.130466 0.008348 -0.025657
v -0.147216 0.002055 0.030096
v -0.126675 0.008795 -0.036773
v -0.149691 0.002166 0.041744
v -0.123173 0.008154 -0.047761
v -0.141249 0.006303 0.007580
v -0.120045 0.007179 -0.058419
v -0.160489 0.009288 0.001377
v -0.135160 0.013523 -0.064139
v -0.147601 0.012650 -0.031754
v -0.143054 0.013708 -0.042771
v -0.138921 0.013736 -0.053605
v -0.169335 0.006208 0.034157
v -0.167344 0.005526 0.023205
v -0.152076 0.011924 -0.020560
v -0.066896 0.029651 -0.093103
v -0.068917 0.041130 -0.091470
v -0.124479 0.009332 -0.070904
v -0.131220 0.013014 -0.073975
v -0.117075 0.006710 -0.068514
v -0.108909 0.004435 -0.066325
v -0.099972 0.002859 -0.063944
v -0.090570 0.002316 -0.061327
v -0.124581 0.028970 -0.095250
v -0.103418 0.028541 -0.105400
v -0.115124 0.028627 -0.101978
v -0.070552 0.004183 -0.056085
v -0.080737 0.001703 -0.058712
v -0.078228 0.003004 -0.069382
v -0.069482 0.005251 -0.067125
v -0.090866 0.028530 -0.104663
v -0.090880 0.040120 -0.103268
v -0.128186 0.049821 -0.083104
v -0.102523 0.051076 -0.100899
v -0.112832 0.050725 -0.097112
v -0.121415 0.050291 -0.090923
v -0.077995 0.028869 -0.101224
v -0.079018 0.040561 -0.099431
v -0.059210 0.030364 -0.081802
v -0.062251 0.041528 -0.080419
v -0.124359 0.018657 -0.094210
v -0.070835 0.052170 -0.089496
v -0.091209 0.051263 -0.100693
v -0.080117 0.051690 -0.097088
v -0.065022 0.052456 -0.078955
v -0.115390 0.017031 -0.100520
v -0.059487 0.018538 -0.081059
v -0.067113 0.017637 -0.091804
v -0.121079 0.012251 -0.089186
v -0.113558 0.010602 -0.092978
v -0.064892 0.010404 -0.077715
v -0.071033 0.008453 -0.086069
v -0.118307 0.009802 -0.084823
v -0.112767 0.007997 -0.085600
v -0.069987 0.006880 -0.074595
v -0.075802 0.004775 -0.078385
v -0.103804 0.016759 -0.103919
v -0.091226 0.016463 -0.102760
v -0.078350 0.016222 -0.099484
v -0.104020 0.008597 -0.095595
v -0.092798 0.007317 -0.094998
v -0.081382 0.007178 -0.091665
v -0.104677 0.005688 -0.085937
v -0.094905 0.004624 -0.084515
v -0.084977 0.004533 -0.081770
v -0.108187 0.104619 -0.014266
v -0.101048 0.105661 -0.011743
v -0.115143 0.103797 -0.017326
v -0.121069 0.102514 -0.021642
v -0.125731 0.100947 -0.027079
v -0.127483 0.098458 -0.033844
v -0.127960 0.096343 -0.041135
v -0.129258 0.095264 -0.048677
v -0.132533 0.094630 -0.056024
v -0.134672 0.093691 -0.064691
v -0.130831 0.093116 -0.073022
v -0.123833 0.093021 -0.078751
v -0.115264 0.093112 -0.080162
v -0.108084 0.093323 -0.083500
v -0.100997 0.094135 -0.087306
v -0.092826 0.094950 -0.088747
v -0.084426 0.095595 -0.087016
v -0.076828 0.096072 -0.082406
v -0.072152 0.096058 -0.074682
v -0.068702 0.096201 -0.066347
v -0.064632 0.096693 -0.058300
v -0.062956 0.097273 -0.049147
v -0.066368 0.098548 -0.040513
v -0.070486 0.099889 -0.032457
v -0.074587 0.101540 -0.024550
v -0.079247 0.103580 -0.017422
v -0.085514 0.105591 -0.012140
v -0.093404 0.106688 -0.009924
v -0.105954 0.093964 -0.000365
v -0.114871 0.093020 -0.003156
v -0.123653 0.092311 -0.006741
v -0.131323 0.090091 -0.012267
v -0.136146 0.085621 -0.019669
v -0.138723 0.081154 -0.028154
v -0.139216 0.077842 -0.037439
v -0.137856 0.075298 -0.046550
v -0.135351 0.073427 -0.055144
v -0.132191 0.072258 -0.063348
v -0.128213 0.071658 -0.071091
v -0.123372 0.071533 -0.078270
v -0.117405 0.071788 -0.084669
v -0.110067 0.072238 -0.089898
v -0.101497 0.072989 -0.093817
v -0.091701 0.073669 -0.094627
v -0.081933 0.074258 -0.091918
v -0.073690 0.074635 -0.085628
v -0.068427 0.074808 -0.076656
v -0.064909 0.075240 -0.066915
v -0.062711 0.076016 -0.056742
v -0.063070 0.077097 -0.046288
v -0.066087 0.078548 -0.036291
v -0.070204 0.080520 -0.026692
v -0.074838 0.083241 -0.017346
v -0.079964 0.086962 -0.008566
v -0.086868 0.091375 -0.001818
v -0.096274 0.094453 0.001267
v -0.108645 0.088403 0.006657
v -0.118602 0.087494 0.003617
v -0.128413 0.086785 -0.000195
v -0.137523 0.084289 -0.006132
v -0.142906 0.077783 -0.014443
v -0.146256 0.071325 -0.024306
v -0.146252 0.067629 -0.035799
v -0.143879 0.064792 -0.046299
v -0.139981 0.062641 -0.055679
v -0.135808 0.061395 -0.064512
v -0.131297 0.060863 -0.072952
v -0.126101 0.060868 -0.080929
v -0.119591 0.061132 -0.088036
v -0.111478 0.061473 -0.093630
v -0.102006 0.062041 -0.097518
v -0.091395 0.062491 -0.097876
v -0.080925 0.062988 -0.094664
v -0.072336 0.063350 -0.087490
v -0.067054 0.063572 -0.077644
v -0.063697 0.064087 -0.067054
v -0.061724 0.064995 -0.056067
v -0.062114 0.066250 -0.044873
v -0.064937 0.067927 -0.034011
v -0.069118 0.070168 -0.023443
v -0.074174 0.073148 -0.012915
v -0.079901 0.077536 -0.002458
v -0.087222 0.084162 0.005282
v -0.097781 0.088492 0.008382
v -0.111392 0.098598 -0.009169
v -0.119144 0.097796 -0.012505
v -0.125763 0.096033 -0.017420
v -0.130453 0.093292 -0.023817
v -0.132544 0.089972 -0.031275
v -0.132899 0.087109 -0.039224
v -0.132205 0.085005 -0.047288
v -0.130794 0.083774 -0.055213
v -0.129243 0.083155 -0.062879
v -0.126361 0.082637 -0.070072
v -0.121299 0.082308 -0.075982
v -0.115403 0.082300 -0.081391
v -0.108747 0.082841 -0.086344
v -0.101069 0.083740 -0.090289
v -0.092120 0.084520 -0.091383
v -0.083049 0.085179 -0.089279
v -0.075150 0.085600 -0.083859
v -0.070040 0.085705 -0.075662
v -0.066629 0.085947 -0.066681
v -0.064019 0.086514 -0.057435
v -0.063820 0.087382 -0.047733
v -0.066812 0.088649 -0.038517
v -0.070741 0.090340 -0.029728
v -0.074947 0.092604 -0.021207
v -0.079733 0.095485 -0.013391
v -0.086263 0.098546 -0.007417
v -0.094865 0.100447 -0.004834
v -0.103462 0.099563 -0.006582
v -0.105248 0.111083 -0.018739
v -0.126296 0.106242 -0.042453
v -0.130512 0.105739 -0.048651
v -0.134280 0.105396 -0.055866
v -0.123627 0.104109 -0.078077
v -0.115763 0.103734 -0.080459
v -0.093823 0.104947 -0.086870
v -0.086014 0.105528 -0.085366
v -0.062125 0.106706 -0.060750
v -0.058120 0.106933 -0.050879
v -0.061777 0.107885 -0.040940
v -0.068249 0.109223 -0.034027
v -0.078265 0.111623 -0.020594
v -0.092438 0.007387 0.032282
v -0.081238 0.044500 0.041863
v -0.077572 0.034377 0.039999
v -0.120505 0.066597 0.041086
v -0.175400 0.033221 0.012891
v -0.178947 0.022241 0.009513
v -0.170020 0.042997 0.017334
v -0.173326 0.012109 0.009776
v -0.086680 0.054416 0.043518
v -0.078053 0.023545 0.037476
v -0.144853 0.065255 0.034009
v -0.154388 0.004553 0.015310
v -0.113545 0.002935 0.027603
v -0.095997 0.062455 0.044725
v -0.083815 0.014212 0.034897
v -0.163802 0.052658 0.022794
v -0.134286 0.003394 0.021942
v -0.108303 0.064773 0.043128
v -0.132733 0.066389 0.037855
v -0.156587 0.061950 0.029018
v -0.102815 0.003768 0.029924
v -0.124020 0.003054 0.024939
v -0.144373 0.003910 0.018704
v -0.164313 0.006752 0.012134
v -0.093268 0.015643 0.009750
v -0.161694 0.052241 -0.004787
v -0.167230 0.039639 -0.009473
v -0.086078 0.021097 0.011985
v -0.155250 0.062841 0.002627
v -0.090056 0.071927 0.024632
v -0.170846 0.026831 -0.012777
v -0.147291 0.008795 -0.006532
v -0.109735 0.007835 0.004647
v -0.114417 0.077161 0.022882
v -0.080432 0.049107 0.017844
v -0.080947 0.028798 0.014113
v -0.079249 0.038483 0.016086
v -0.137474 0.076078 0.015928
v -0.083590 0.060805 0.020073
v -0.165666 0.015375 -0.012457
v -0.128383 0.006815 -0.000694
v -0.102477 0.076128 0.024867
v -0.125963 0.077007 0.019853
v -0.148693 0.072594 0.010162
v -0.101211 0.011299 0.007300
v -0.118965 0.006579 0.002011
v -0.137860 0.007572 -0.003550
v -0.156370 0.011108 -0.009475
v -0.137004 0.041694 0.095771
v -0.084367 0.034532 0.104922
v -0.181925 0.029367 0.066584
v -0.080060 0.021925 0.104218
v -0.182820 0.007834 0.060954
v -0.096722 0.041439 0.103892
v -0.166698 0.004158 0.072004
v -0.157384 0.037174 0.085997
v -0.149695 0.003068 0.082852
v -0.093029 0.002211 0.099663
v -0.129670 0.003072 0.091783
v -0.106184 0.002603 0.098097
v -0.111715 0.042884 0.103284
v -0.174876 0.032463 0.074359
v -0.186457 0.023443 0.061941
v -0.187607 0.015326 0.059822
v -0.082514 0.009069 0.102566
v -0.117390 0.003124 0.093671
v -0.124312 0.043708 0.098265
v -0.147177 0.040241 0.089416
v -0.166378 0.035743 0.078789
v -0.174717 0.004741 0.065107
v -0.157806 0.003279 0.076048
v -0.139441 0.002664 0.086090
v -0.119126 0.037669 0.111110
v -0.111358 0.039462 0.113981
v -0.142854 0.036895 0.103867
v -0.136342 0.037520 0.106767
v -0.155691 0.034209 0.097729
v -0.161000 0.032202 0.093050
v -0.172042 0.029037 0.085341
v -0.176962 0.028224 0.080704
v -0.105198 0.005983 0.105168
v -0.114070 0.005144 0.105350
v -0.130169 0.005559 0.101182
v -0.136658 0.005394 0.098797
v -0.150403 0.005925 0.093204
v -0.155521 0.004769 0.088895
v -0.166294 0.005659 0.081400
v -0.170921 0.005829 0.077630
s 0
f 66 72 13 14
f 72 78 11 13
f 78 84 10 11
f 196 195 6 5
f 84 90 9 10
f 195 130 2 6
f 90 96 8 9
f 96 125 7 8
f 125 140 2 7
f 198 3 1 3774
f 1118 206 205 1117
f 1124 223 212 1123
f 1113 202 206 1118
f 1117 205 211 1122
f 1122 211 223 1124
f 1123 212 201 1114
f 50 51 54 56
f 46 47 59 60
f 48 49 57 58
f 51 52 53 54
f 47 48 58 59
f 49 50 56 57
f 123 122 39 45
f 41 35 34 40
f 42 36 35 41
f 44 38 37 43
f 43 37 36 42
f 45 39 38 44
f 122 110 109 39
f 35 105 104 34
f 36 106 105 35
f 38 108 107 37
f 108 109 225 220
f 104 105 216 210
f 37 107 106 36
f 106 107 226 218
f 39 109 108 38
f 109 110 224 225
f 105 106 218 216
f 107 108 220 226
f 28 51 50 29
f 32 47 46 33
f 30 49 48 31
f 121 52 51 28
f 32 31 48 47
f 30 29 50 49
f 54 45 44 56
f 59 41 40 60
f 57 43 42 58
f 55 27 121 28
f 53 123 45 54
f 59 58 42 41
f 57 56 44 43
f 64 70 69 63
f 70 76 75 69
f 76 82 81 75
f 82 88 87 81
f 88 94 93 87
f 94 61 124 93
f 65 71 70 64
f 71 77 76 70
f 77 83 82 76
f 83 89 88 82
f 89 95 94 88
f 95 62 61 94
f 14 13 71 65
f 13 11 77 71
f 11 10 83 77
f 10 9 89 83
f 9 8 95 89
f 8 7 62 95
f 67 73 72 66
f 73 79 78 72
f 79 85 84 78
f 85 91 90 84
f 91 97 96 90
f 97 126 125 96
f 68 74 73 67
f 74 80 79 73
f 80 86 85 79
f 86 92 91 85
f 92 98 97 91
f 98 127 126 97
f 22 23 74 68
f 23 20 80 74
f 20 24 86 80
f 24 25 92 86
f 25 21 98 92
f 21 26 127 98
f 99 55 28 29
f 100 99 29 30
f 101 100 30 31
f 102 101 31 32
f 103 102 32 33
f 102 103 63 69
f 101 102 69 75
f 100 101 75 81
f 99 100 81 87
f 55 99 87 93
f 27 55 93 124
f 21 112 132 26
f 24 115 116 25
f 20 111 115 24
f 22 113 114 23
f 25 116 112 21
f 23 114 111 20
f 1114 201 208 1119
f 123 118 117 122
f 122 117 131 110
f 53 119 118 123
f 121 120 138 52
f 27 139 120 121
f 110 131 214 224
f 52 138 119 53
f 124 142 139 27
f 26 134 128 127
f 127 128 129 126
f 126 129 140 125
f 7 2 130 62
f 62 130 141 61
f 61 141 142 124
f 26 132 144 134
f 1119 208 203 1115
f 1115 203 222 1125
f 1125 222 207 1120
f 1120 207 209 1121
f 1121 209 204 1116
f 131 117 167 166
f 117 118 168 167
f 137 146 15 3201
f 136 147 146 137
f 135 145 147 136
f 133 143 145 135
f 134 144 143 133
f 133 135 149 148
f 135 136 150 149
f 136 137 151 150
f 149 150 153 154
f 148 149 154 155
f 150 151 152 153
f 154 153 158 157
f 155 154 157 159
f 153 152 156 158
f 128 134 133 148
f 129 128 148 155
f 140 129 155 159
f 167 168 173 172
f 214 131 166 217
f 142 141 164 161
f 120 139 160 162
f 138 120 162 165
f 119 138 165 163
f 139 142 161 160
f 141 130 195 164
f 118 119 163 168
f 166 167 172 177
f 172 173 182 181
f 217 166 177 221
f 161 164 170 175
f 162 160 174 169
f 165 162 169 171
f 163 165 171 176
f 160 161 175 174
f 164 195 196 170
f 168 163 176 173
f 177 172 181 186
f 181 182 191 190
f 221 177 186 219
f 175 170 179 184
f 169 174 183 178
f 171 169 178 180
f 176 171 180 185
f 174 175 184 183
f 170 196 197 179
f 173 176 185 182
f 186 181 190 200
f 191 12 19 190
f 219 186 200 213
f 184 179 188 193
f 178 183 192 187
f 180 178 187 189
f 185 180 189 194
f 183 184 193 192
f 179 197 198 188
f 182 185 194 191
f 200 190 19 3722
f 6 2 140 159
f 5 6 159 157
f 4 5 157 158
f 3 4 158 156
f 16 3773 192 193
f 17 16 193 188
f 3774 17 188 198
f 189 187 3401 3402
f 187 192 3773 3401
f 3 156 18 1
f 156 152 199 18
f 152 151 3720 199
f 3720 151 137 3201
f 191 194 3775 12
f 3775 194 189 3402
f 213 200 3722 215
f 197 196 5 4
f 198 197 4 3
f 460 468 260 259
f 472 461 230 314
f 461 462 233 230
f 463 800 775 229
f 472 314 260 468
f 454 449 1041 1022
f 1035 423 427 1044
f 469 463 229 296
f 1027 424 426 1033
f 466 460 259 228
f 271 322 323 273
f 264 302 304 277
f 267 276 279 266
f 265 281 305 303
f 782 784 281 265
f 457 477 470 1036
f 270 280 274 269
f 264 277 783 781
f 779 249 247 778
f 301 250 245 298
f 321 251 243 320
f 254 253 248 244
f 252 321 320 242
f 300 256 240 299
f 251 257 241 243
f 250 255 246 245
f 253 252 242 248
f 256 780 777 240
f 786 785 292 294
f 281 784 780 256
f 280 273 252 253
f 278 275 255 250
f 279 276 257 251
f 305 281 256 300
f 274 280 253 254
f 323 279 251 321
f 304 278 250 301
f 464 263 258 467
f 478 466 228 446
f 471 288 403 473
f 475 422 262 465
f 470 261 263 464
f 236 237 272 268
f 776 238 264 781
f 232 774 782 265
f 234 231 267 266
f 297 236 268 302
f 235 239 270 269
f 319 234 266 322
f 239 227 271 270
f 313 254 244 312
f 318 292 785 789
f 423 425 284 283
f 427 423 283 324
f 289 291 287 286
f 227 456 458 319
f 474 801 1049 1040
f 317 289 286 325
f 476 434 288 471
f 435 436 291 289
f 293 318 789 790
f 1026 473 474 1040
f 1039 1050 786 294
f 1023 1048 436 284
f 1919 406 791 1917
f 1037 471 473 1026
f 438 435 289 317
f 286 292 318 325
f 268 278 304 302
f 315 316 275 272
f 295 232 265 303
f 231 295 303 267
f 783 277 249 779
f 277 304 301 249
f 257 300 299 241
f 249 301 298 247
f 462 469 296 233
f 1052 1021 309 787
f 290 285 307 306
f 798 454 1022 1051
f 1024 465 476 1047
f 473 403 408 474
f 433 290 306 437
f 424 282 308 426
f 788 787 309 310
f 266 279 323 322
f 267 303 305 276
f 238 297 302 264
f 276 305 300 257
f 315 269 274 316
f 459 457 1036 1043
f 1031 464 467 1029
f 272 275 278 268
f 255 313 312 246
f 524 526 753 751
f 424 427 324 282
f 290 317 325 285
f 433 438 317 290
f 237 311 315 272
f 275 316 313 255
f 788 310 293 790
f 285 325 318 293
f 723 807 793 407
f 607 589 365 400
f 590 591 375 378
f 592 593 380 372
f 616 595 371 491
f 596 597 382 364
f 609 599 373 443
f 606 590 378 401
f 614 601 370 482
f 601 594 367 370
f 818 592 372 813
f 615 602 376 492
f 721 381 603 725
f 646 600 374 634
f 602 605 379 376
f 604 588 369 366
f 716 596 364 711
f 474 408 792 801
f 377 443 434 262
f 608 598 377 432
f 479 628 677 673
f 370 367 386 388
f 376 379 397 394
f 711 364 383 712
f 372 380 398 390
f 443 373 288 434
f 634 374 392 635
f 482 370 388 484
f 378 375 258 263
f 491 371 389 493
f 364 382 399 383
f 492 376 394 494
f 813 372 390 814
f 432 377 262 422
f 401 378 263 261
f 310 307 285 293
f 1918 405 406 1919
f 599 603 381 373
f 374 401 261 392
f 600 606 401 374
f 588 607 400 369
f 403 404 407 408
f 624 623 769 770
f 721 724 421 381
f 726 720 361 664
f 1928 1927 409 410
f 447 673 677 627
f 388 386 412 414
f 402 384 411 416
f 484 388 414 486
f 387 402 416 413
f 493 389 415 495
f 387 385 366 369
f 402 387 369 400
f 384 402 400 365
f 387 413 417 385
f 410 409 418 419
f 1934 806 625 1932
f 420 368 419 418
f 1916 368 420 1920
f 722 404 421 724
f 288 373 381 421
f 375 432 422 258
f 591 608 432 375
f 453 451 1028 1034
f 283 435 438 324
f 451 459 1043 1028
f 449 453 1034 1041
f 1029 467 475 1045
f 467 258 422 475
f 598 609 443 377
f 282 324 438 433
f 282 433 437 308
f 1045 475 465 1024
f 283 284 436 435
f 465 262 434 476
f 701 700 440 335
f 702 701 335 429
f 1936 702 429 1930
f 385 417 622 618
f 417 444 620 622
f 617 621 796 797
f 621 619 795 796
f 234 319 458 450
f 450 458 459 451
f 458 456 457 459
f 472 468 235 311
f 232 295 448 455
f 455 448 449 454
f 470 477 392 261
f 477 478 446 392
f 231 234 450 452
f 452 450 451 453
f 295 231 452 448
f 448 452 453 449
f 774 232 455 799
f 799 455 454 798
f 1047 476 471 1037
f 1046 1023 284 425
f 1036 470 464 1031
f 553 526 524 555
f 297 469 462 236
f 722 723 407 404
f 1048 1038 291 436
f 586 805 791 406
f 1035 1032 425 423
f 1025 1039 294 287
f 1038 1025 287 291
f 227 466 478 456
f 1030 1046 425 1032
f 239 460 466 227
f 238 463 469 297
f 776 800 463 238
f 236 462 461 237
f 237 461 472 311
f 235 468 460 239
f 631 484 486 632
f 630 482 484 631
f 379 483 485 397
f 605 613 483 379
f 645 614 482 630
f 386 493 495 412
f 380 492 494 398
f 367 491 493 386
f 593 615 492 380
f 594 616 491 367
f 504 503 500 498
f 510 509 499 497
f 503 515 496 500
f 515 510 497 496
f 394 397 512 513
f 513 512 511 514
f 514 511 510 515
f 494 394 513 501
f 501 513 514 502
f 502 514 515 503
f 397 485 507 512
f 512 507 508 511
f 511 508 509 510
f 398 494 501 506
f 506 501 502 505
f 505 502 503 504
f 636 635 392 446
f 637 636 446 228
f 638 637 228 259
f 639 638 259 260
f 533 532 518 519
f 537 536 520 516
f 536 533 519 520
f 532 540 517 518
f 543 542 529 528
f 547 546 525 523
f 546 550 521 525
f 553 552 522 526
f 552 547 523 522
f 260 314 554 556
f 642 555 524 640
f 550 804 802 521
f 557 543 528 527
f 559 557 527 530
f 539 498 500 560
f 517 540 559 530
f 540 539 560 559
f 556 554 553 555
f 227 319 322 271
f 500 496 558 560
f 560 558 557 559
f 496 497 544 558
f 558 544 543 557
f 229 775 803 549
f 549 803 804 550
f 639 260 556 641
f 641 556 555 642
f 230 233 548 551
f 551 548 547 552
f 314 230 551 554
f 554 551 552 553
f 296 229 549 545
f 545 549 550 546
f 233 296 545 548
f 548 545 546 547
f 497 499 541 544
f 544 541 542 543
f 504 498 539 531
f 531 539 540 532
f 506 505 534 535
f 535 534 533 536
f 398 506 535 538
f 538 535 536 537
f 505 504 531 534
f 534 531 532 533
f 390 398 538 561
f 814 390 561 815
f 383 399 562 563
f 713 712 383 563
f 413 416 569 566
f 563 562 573 574
f 486 414 567 570
f 495 415 568 571
f 414 412 565 567
f 632 486 570 643
f 713 563 574 714
f 416 411 564 569
f 815 561 572 816
f 412 495 571 565
f 816 572 583 817
f 569 564 575 580
f 565 571 582 576
f 574 573 584 585
f 570 567 578 581
f 566 569 580 577
f 714 574 585 715
f 571 568 579 582
f 567 565 576 578
f 643 570 581 644
f 444 417 413 566
f 445 444 566 577
f 572 561 538 537
f 583 572 537 516
f 444 445 623 620
f 619 624 794 795
f 1027 1044 427 424
f 418 587 405 420
f 327 647 717 709
f 487 675 650 332
f 350 659 674 489
f 627 677 648 328
f 726 664 360 719
f 345 656 670 441
f 428 669 651 334
f 352 660 668 430
f 391 667 652 336
f 354 661 666 393
f 647 665 363 326
f 404 403 288 421
f 592 818 820 680
f 819 655 342 812
f 489 674 663 358
f 480 672 662 356
f 348 658 661 354
f 441 670 660 352
f 356 662 659 350
f 430 668 658 348
f 393 666 657 346
f 358 663 655 343
f 340 654 675 487
f 338 653 673 447
f 336 652 649 330
f 334 651 671 439
f 650 653 338 332
f 1929 1935 669 428
f 328 648 667 391
f 705 615 593 688
f 686 708 645 589
f 600 646 707 684
f 1936 695 604 1931
f 1928 410 612 1931
f 701 702 612 611
f 410 419 611 612
f 700 701 611 610
f 419 368 610 611
f 1912 725 727 1913
f 698 608 591 687
f 697 607 588 678
f 696 606 600 684
f 598 608 698 683
f 689 718 716 595
f 727 725 603 694
f 605 602 693 685
f 703 707 646 613
f 596 716 718 682
f 690 820 818 597
f 694 603 599 691
f 692 601 614 704
f 590 606 696 679
f 691 599 609 699
f 690 597 596 682
f 689 595 616 706
f 688 593 592 680
f 687 591 590 679
f 686 589 607 697
f 704 614 645 708
f 1927 385 618 1933
f 587 418 409 626
f 587 586 406 405
f 620 623 624 619
f 622 620 619 621
f 1933 1932 625 626
f 618 622 621 617
f 626 625 586 587
f 625 806 805 586
f 650 333 339 653
f 1935 1930 429 669
f 648 329 395 667
f 717 710 341 654
f 709 717 654 340
f 347 633 676 657
f 346 657 676 629
f 693 602 615 705
f 703 613 605 685
f 564 643 644 575
f 411 632 643 564
f 541 641 642 542
f 499 639 641 541
f 542 642 640 529
f 499 509 638 639
f 509 508 637 638
f 508 507 636 637
f 507 485 635 636
f 589 645 630 365
f 365 630 631 384
f 384 631 632 411
f 483 634 635 485
f 613 646 634 483
f 651 335 440 671
f 652 337 331 649
f 653 339 479 673
f 654 341 488 675
f 663 359 342 655
f 666 396 347 657
f 668 431 349 658
f 662 357 351 659
f 670 442 353 660
f 658 349 355 661
f 672 481 357 662
f 674 490 359 663
f 629 676 672 480
f 656 345 360 664
f 819 811 343 655
f 647 327 362 665
f 661 355 396 666
f 667 395 337 652
f 660 353 431 668
f 669 429 335 651
f 656 344 442 670
f 676 633 481 672
f 677 628 329 648
f 659 351 490 674
f 675 488 333 650
f 361 720 727 694
f 242 320 740 730
f 329 628 708 686
f 481 633 707 703
f 395 329 686 697
f 355 349 687 679
f 342 359 688 680
f 488 341 689 706
f 326 363 690 682
f 442 344 691 699
f 396 355 679 696
f 479 339 692 704
f 339 333 681 692
f 812 342 680 820
f 490 351 693 705
f 633 347 684 707
f 351 357 685 693
f 331 337 678 695
f 710 326 682 718
f 431 353 683 698
f 347 396 696 684
f 337 395 697 678
f 349 431 698 687
f 353 442 699 683
f 357 481 703 685
f 628 479 704 708
f 359 490 705 688
f 333 488 706 681
f 341 710 718 689
f 647 326 710 717
f 1914 1921 726 719
f 588 604 695 678
f 568 714 715 579
f 415 713 714 568
f 415 389 712 713
f 371 711 712 389
f 595 716 711 371
f 699 609 598 683
f 363 665 819 812
f 1915 720 726 1921
f 1916 721 725 1912
f 1913 727 720 1915
f 1918 722 724 1920
f 312 244 732 739
f 247 298 737 735
f 241 299 738 729
f 246 312 739 734
f 320 243 731 740
f 245 246 734 733
f 273 323 321 252
f 778 247 735 809
f 244 248 736 732
f 298 245 733 737
f 243 241 729 731
f 299 240 728 738
f 240 777 808 728
f 248 242 730 736
f 575 644 772 758
f 623 445 741 769
f 576 582 765 759
f 577 580 763 760
f 525 521 747 752
f 578 576 759 761
f 522 523 749 748
f 580 575 758 763
f 521 802 750 747
f 640 524 751 771
f 581 578 761 764
f 794 624 770 810
f 526 522 748 753
f 582 579 762 765
f 408 407 793 792
f 523 525 752 749
f 817 583 766 821
f 516 520 746 742
f 715 585 768 773
f 585 584 767 768
f 518 517 743 744
f 445 577 760 741
f 644 581 764 772
f 579 715 773 762
f 519 518 744 745
f 528 529 756 755
f 520 519 745 746
f 583 516 742 766
f 527 528 755 754
f 530 527 754 757
f 517 530 757 743
f 529 640 771 756
f 316 274 254 313
f 286 287 294 292
f 273 280 270 271
f 344 361 694 691
f 235 269 315 311
f 584 817 821 767
f 363 812 820 690
f 344 656 664 361
f 362 811 819 665
f 594 601 692 681
f 573 816 817 584
f 562 815 816 573
f 399 814 815 562
f 382 813 814 399
f 597 818 813 382
f 456 478 477 457
f 706 616 594 681
f 772 764 829 835
f 768 767 831 832
f 759 765 830 824
f 770 769 833 834
f 762 773 836 827
f 760 763 828 825
f 773 768 832 836
f 741 760 825 822
f 761 759 824 826
f 763 758 823 828
f 810 770 834 837
f 764 761 826 829
f 769 741 822 833
f 765 762 827 830
f 758 772 835 823
f 870 871 843 846
f 872 873 848 852
f 873 874 847 848
f 875 876 851 839
f 871 872 852 843
f 877 870 846 840
f 878 879 841 838
f 879 880 844 841
f 881 882 850 853
f 883 877 840 842
f 884 878 838 849
f 880 875 839 844
f 876 885 845 851
f 885 883 842 845
f 882 884 849 850
f 886 887 861 867
f 887 888 858 861
f 889 890 865 866
f 891 892 859 862
f 893 894 864 868
f 894 895 863 864
f 896 886 867 855
f 892 893 868 859
f 897 891 862 856
f 898 899 857 854
f 899 900 860 857
f 901 889 866 869
f 888 897 856 858
f 890 898 854 865
f 900 896 855 860
f 834 833 884 882
f 829 826 883 885
f 835 829 885 876
f 828 823 875 880
f 833 822 878 884
f 826 824 877 883
f 837 834 882 881
f 825 828 880 879
f 822 825 879 878
f 824 830 870 877
f 827 836 872 871
f 823 835 876 875
f 832 831 874 873
f 836 832 873 872
f 830 827 871 870
f 844 839 896 900
f 849 838 898 890
f 842 840 897 888
f 853 850 889 901
f 841 844 900 899
f 838 841 899 898
f 840 846 891 897
f 843 852 893 892
f 839 851 886 896
f 848 847 895 894
f 852 848 894 893
f 846 843 892 891
f 850 849 890 889
f 845 842 888 887
f 851 845 887 886
f 931 930 903 904
f 930 932 902 903
f 939 954 955 947
f 945 940 939 947
f 936 952 953 944
f 942 937 936 944
f 935 933 906 907
f 933 934 905 906
f 2085 2084 908 915
f 2087 2086 912 914
f 2088 2087 914 917
f 2090 2089 913 911
f 2084 2090 911 908
f 2091 2085 915 916
f 2086 2092 910 912
f 2093 2091 916 918
f 2094 2088 917 909
f 2089 2094 909 913
f 911 913 924 922
f 954 953 1104 1105
f 908 911 922 919
f 916 915 926 927
f 918 916 927 929
f 913 909 920 924
f 909 917 928 920
f 915 908 919 926
f 1109 1110 932 930
f 1108 1109 930 931
f 949 948 931 904
f 1070 945 947 1069
f 1069 947 955 1072
f 2105 1073 965 2097
f 937 933 935 936
f 935 951 952 936
f 940 942 944 939
f 944 953 954 939
f 2102 963 964 2104
f 2104 964 962 2103
f 1299 1304 1308 1295
f 935 907 950 951
f 953 952 1103 1104
f 1077 1078 975 977
f 2095 2092 856 862
f 931 948 1111 1108
f 2083 2100 859 868
f 2101 2096 961 959
f 1074 1076 988 973
f 984 980 978 987
f 989 979 980 984
f 2098 2041 960 958
f 1082 1079 979 981
f 1079 1080 980 979
f 1081 1077 977 978
f 1080 1081 978 980
f 1316 1315 969 967
f 1317 1321 968 966
f 969 970 987 982
f 983 982 977 975
f 972 971 989 984
f 985 986 976 974
f 970 972 984 987
f 1311 1310 1297 1298
f 2102 2097 965 963
f 1319 1320 972 970
f 1320 1318 971 972
f 1315 1319 970 969
f 1318 1314 973 971
f 1322 1317 966 1074
f 989 988 981 979
f 2096 2103 962 961
f 1312 1305 1300 1303
f 1076 985 974 1075
f 966 968 986 985
f 967 969 982 983
f 1310 1304 1299 1297
f 987 978 977 982
f 973 988 989 971
f 1309 1311 1298 1296
f 743 757 993 990
f 745 744 991 992
f 744 743 990 991
f 990 993 997 994
f 992 991 995 996
f 991 990 994 995
f 986 968 996 995
f 976 986 995 994
f 998 976 994 997
f 755 756 1008 1007
f 753 748 1000 1005
f 752 747 999 1004
f 754 755 1007 1006
f 749 752 1004 1001
f 748 749 1001 1000
f 771 751 1003 1009
f 751 753 1005 1003
f 747 750 1002 999
f 756 771 1009 1008
f 1003 1005 1016 1014
f 999 1002 1013 1010
f 1009 1003 1014 1020
f 1007 1008 1019 1018
f 1005 1000 1011 1016
f 1004 999 1010 1015
f 1006 1007 1018 1017
f 1001 1004 1015 1012
f 1000 1001 1012 1011
f 1008 1009 1020 1019
f 993 757 754 1006
f 997 993 1006 1017
f 64 63 998 997
f 1054 1055 1028 1043
f 1056 1057 1022 1041
f 1058 1059 1036 1031
f 1055 1060 1034 1028
f 1061 1062 1024 1047
f 1063 1058 1031 1029
f 1064 1063 1029 1045
f 1057 1053 1051 1022
f 1060 1056 1041 1034
f 1059 1054 1043 1036
f 1062 1064 1045 1024
f 1065 1061 1047 1037
f 1066 1067 1040 1049
f 1067 1068 1026 1040
f 1068 1065 1037 1026
f 1025 1038 1065 1068
f 1039 1025 1068 1067
f 1050 1039 1067 1066
f 1038 1048 1061 1065
f 1023 1046 1064 1062
f 1035 1044 1054 1059
f 1033 1042 1056 1060
f 1021 1052 1053 1057
f 1046 1030 1063 1064
f 1030 1032 1058 1063
f 1048 1023 1062 1061
f 1027 1033 1060 1055
f 1032 1035 1059 1058
f 1042 1021 1057 1056
f 1044 1027 1055 1054
f 1096 1099 920 928
f 938 934 933 937
f 943 938 937 942
f 941 943 942 940
f 946 941 940 945
f 1071 946 945 1070
f 902 1071 1070 903
f 988 1076 1075 981
f 1314 1322 1074 973
f 1301 1306 1312 1303
f 966 985 1076 1074
f 2098 958 1073 2105
f 904 1069 1072 949
f 903 1070 1069 904
f 1083 1082 981 1075
f 1084 1083 1075 974
f 103 33 1083 1084
f 33 46 1082 1083
f 40 34 1081 1080
f 34 104 1077 1081
f 60 40 1080 1079
f 46 60 1079 1082
f 104 210 1078 1077
f 1084 974 976 998
f 103 1084 998 63
f 1095 1093 929 927
f 1094 1095 927 926
f 1092 1094 926 919
f 1097 1092 919 922
f 1098 1097 922 924
f 1099 1098 924 920
f 952 951 1101 1103
f 951 950 1102 1101
f 1107 1106 1089 1090
f 1106 1105 1088 1089
f 1105 1104 1087 1088
f 1104 1103 1086 1087
f 1103 1101 921 1086
f 1101 1102 1085 921
f 925 1107 1090 923
f 1091 923 1096 1100
f 1090 1089 1098 1099
f 1089 1088 1097 1098
f 1088 1087 1092 1097
f 1087 1086 1094 1092
f 1086 921 1095 1094
f 921 1085 1093 1095
f 923 1090 1099 1096
f 910 957 956 1091
f 912 910 1091 1100
f 949 1072 1107 925
f 955 954 1105 1106
f 1072 955 1106 1107
f 2083 2099 1109 1108
f 2099 2042 1110 1109
f 2095 862 859 2100
f 956 957 1111 948
f 956 948 949 925
f 1091 956 925 923
f 1112 1100 1096 928
f 1112 928 917 914
f 1100 1112 914 912
f 65 64 997 1017
f 14 65 1017 1018
f 66 14 1018 1019
f 67 66 1019 1020
f 68 67 1020 1014
f 22 68 1014 1016
f 146 1121 1116 15
f 147 1120 1121 146
f 145 1125 1120 147
f 143 1115 1125 145
f 144 1119 1115 143
f 132 1114 1119 144
f 112 1123 1114 132
f 115 1122 1124 116
f 111 1117 1122 115
f 113 1113 1118 114
f 116 1124 1123 112
f 114 1118 1117 111
f 1010 1013 202 1113
f 1015 1010 1113 113
f 1012 1015 113 22
f 1011 1012 22 1016
f 1126 1149 1148 1127
f 1140 1156 1155 1139
f 1127 1148 1133 1128
f 1127 1143 1142 1126
f 1141 1157 1156 1140
f 1128 1144 1143 1127
f 1135 1151 1150 1134
f 2044 2047 1157 1141
f 1129 1145 1144 1128
f 1136 1152 1151 1135
f 1130 1146 1145 1129
f 1233 1234 1152 1136
f 1131 1147 1146 1130
f 2044 2045 1149 1126
f 1158 1129 1128 1133
f 2043 2046 1153 1137
f 1159 1130 1129 1158
f 1160 1131 1130 1159
f 1140 1161 1132 1141
f 1139 1162 1161 1140
f 1138 1163 1162 1139
f 2043 2048 1163 1138
f 1224 1226 1164 1137
f 1135 1166 1165 1136
f 1134 1167 1166 1135
f 2046 2049 1177 1153
f 1147 1173 1172 1146
f 1155 1179 1178 1154
f 1156 1180 1179 1155
f 1157 1181 1180 1156
f 1143 1169 1168 1142
f 1151 1175 1174 1150
f 1144 1170 1169 1143
f 2047 2050 1181 1157
f 1152 1176 1175 1151
f 1145 1171 1170 1144
f 1234 1236 1176 1152
f 1146 1172 1171 1145
f 1174 1183 1182 1150
f 2052 1186 1201 2060
f 1183 1197 1195 1182
f 1147 1184 1185 1173
f 1203 1199 1187 1190
f 2052 2051 1187 1186
f 1191 1189 1198 1202
f 1204 1203 1190 1192
f 2057 1188 1189 2053
f 1213 1185 1196 1218
f 2058 1190 1187 2051
f 1201 1186 1187 1199
f 1188 1200 1198 1189
f 1215 1172 1173 1212
f 2059 1192 1190 2058
f 1193 1191 1202 1205
f 1181 1206 1208 1180
f 1217 1171 1172 1215
f 1194 1195 1197 1196
f 2056 2060 1201 1200
f 1199 1198 1200 1201
f 1198 1199 1203 1202
f 1202 1203 1204 1205
f 1196 1185 1184 1194
f 1229 1209 1208 1228
f 1230 1207 1209 1229
f 1227 1177 1221 1232
f 1209 1179 1180 1208
f 1207 1178 1179 1209
f 1240 1193 1205 1237
f 1220 1222 1168 1169
f 1196 1197 1219 1218
f 2055 1217 1215 2054
f 1176 1216 1214 1175
f 2054 1215 1212 2053
f 1175 1214 1210 1174
f 2057 1213 1218 2056
f 1185 1213 1212 1173
f 1183 1174 1210 1211
f 1183 1211 1219 1197
f 2061 1206 1181 2050
f 2049 1178 1207 2062
f 2064 2059 1216 1241
f 1223 1220 1169 1170
f 1223 1170 1171 1217
f 2062 2063 1232 1221
f 1206 1231 1228 1208
f 1236 1227 1232 1241
f 1239 1230 1229 1238
f 1238 1229 1228 1237
f 1153 1177 1227 1225
f 1233 1235 1226 1224
f 1138 1139 1155 1154
f 1136 1165 1235 1233
f 1204 1238 1237 1205
f 1192 1239 1238 1204
f 1176 1236 1241 1216
f 2063 2064 1241 1232
f 1231 1240 1237 1228
f 1225 1227 1236 1234
f 1137 1153 1225 1224
f 2065 2055 1193 1240
f 2066 2065 1240 1231
f 2061 2066 1231 1206
f 2070 1259 1242 2067
f 2069 1261 1252 2068
f 1262 1263 1257 1256
f 1264 1265 1243 1246
f 1259 1266 1249 1242
f 1263 1267 1253 1257
f 1266 1268 1250 1249
f 1265 1269 1244 1243
f 1267 1270 1254 1253
f 1269 1258 1245 1244
f 1271 1264 1246 1247
f 1268 1260 1251 1250
f 1261 1262 1256 1252
f 1270 1272 1255 1254
f 1273 1271 1247 1248
f 1160 1159 1271 1273
f 1166 1167 1272 1270
f 1164 1226 1262 1261
f 1162 1163 1260 1268
f 1159 1158 1264 1271
f 1148 1149 1258 1269
f 1165 1166 1270 1267
f 1133 1148 1269 1265
f 1161 1162 1268 1266
f 1235 1165 1267 1263
f 1132 1161 1266 1259
f 1158 1133 1265 1264
f 1226 1235 1263 1262
f 2048 1164 1261 2069
f 2045 1132 1259 2070
f 1300 1305 1309 1296
f 1307 1302 1292 1294
f 1224 1225 1234 1233
f 1247 1246 1278 1279
f 1254 1255 1287 1286
f 1248 1247 1279 1280
f 1252 1256 1288 1284
f 1242 1249 1281 1274
f 1256 1257 1289 1288
f 1249 1250 1282 1281
f 2067 1242 1274 2071
f 1250 1251 1283 1282
f 1246 1243 1275 1278
f 2068 1252 1284 2072
f 1243 1244 1276 1275
f 1257 1253 1285 1289
f 1244 1245 1277 1276
f 1253 1254 1286 1285
f 1194 1184 821 766
f 1195 1194 766 742
f 767 821 1184 1147
f 831 767 1147 1131
f 874 831 1131 1160
f 847 874 1160 1273
f 895 847 1273 1248
f 863 895 1248 1280
f 2042 863 1280 2073
f 1182 1195 742 746
f 1134 1150 1182 746
f 1167 1134 746 745
f 1272 1167 745 992
f 1255 1272 992 996
f 1287 1255 996 1313
f 1313 996 968 1321
f 946 1071 1303 1300
f 905 934 1299 1295
f 902 932 1302 1301
f 943 941 1296 1298
f 938 943 1298 1297
f 1071 902 1301 1303
f 938 1297 1299 934
f 946 1300 1296 941
f 932 1110 1290 1291
f 1302 932 1291 1292
f 1327 1328 1324 1323
f 2041 1307 1294 2074
f 958 1317 1322 1073
f 1073 1322 1314 965
f 964 1320 1319 962
f 963 1318 1320 964
f 959 961 1315 1316
f 958 960 1321 1317
f 962 1319 1315 961
f 965 1314 1318 963
f 1321 960 1293 1313
f 1331 1332 1285 1286
f 1294 1292 1327 1323
f 1333 1334 1326 1325
f 1325 1326 1328 1327
f 2075 2076 1330 1329
f 1329 1330 1332 1331
f 2077 2078 1334 1333
f 2073 1280 1279 2077
f 1291 1290 1333 1325
f 1292 1291 1325 1327
f 1324 1328 1337 1335
f 2074 1294 1323 2075
f 1313 1293 1329 1331
f 1313 1331 1286 1287
f 2076 1324 1335 2079
f 1328 1326 1336 1337
f 1335 1337 1343 1341
f 1339 1336 1326 1334
f 2080 2078 1278 1275
f 1332 1330 1338 1340
f 1289 1285 1332 1340
f 2072 1284 1344 2081
f 1337 1336 1342 1343
f 2079 1335 1341 2081
f 1345 1342 1336 1339
f 2082 2080 1275 1276
f 1340 1338 1344 1346
f 1288 1289 1340 1346
f 1284 1288 1346 1344
f 1302 1307 1306 1301
f 1282 1283 1341 1343
f 1281 1282 1343 1342
f 1274 1281 1342 1345
f 2071 1274 1345 2082
f 487 332 1350 1374
f 393 346 1357 1367
f 811 362 1365 1380
f 348 354 1361 1358
f 343 811 1380 1355
f 428 334 1351 1368
f 447 627 1376 1372
f 334 439 1370 1351
f 350 489 1375 1359
f 362 327 1347 1365
f 391 336 1352 1366
f 629 480 1373 1377
f 441 352 1360 1371
f 1914 719 1379 1922
f 352 430 1369 1360
f 340 487 1374 1354
f 332 338 1353 1350
f 354 393 1367 1361
f 489 358 1363 1375
f 338 447 1372 1353
f 480 356 1362 1373
f 360 345 1356 1364
f 1929 428 1368 1937
f 709 340 1354 1378
f 328 391 1366 1348
f 356 350 1359 1362
f 627 328 1348 1376
f 430 348 1358 1369
f 345 441 1371 1356
f 358 343 1355 1363
f 336 330 1349 1352
f 346 629 1377 1357
f 327 709 1378 1347
f 719 360 1364 1379
f 2006 2005 1393 1396
f 2008 2007 1382 1410
f 2009 2008 1410 1406
f 2011 2010 1389 1397
f 2013 2012 1383 1386
f 2015 2014 1407 1411
f 2017 2016 1398 1413
f 2019 2018 1384 1408
f 2021 2020 1412 1381
f 2010 2022 1414 1389
f 2024 2023 1385 1402
f 2039 2017 1413 1923
f 2026 2021 1381 1399
f 2027 2013 1386 1400
f 2022 2026 1399 1414
f 2029 2028 1391 1401
f 2018 2030 1387 1384
f 2016 2031 1390 1398
f 2007 2027 1400 1382
f 2020 2032 1388 1412
f 2040 2024 1402 1938
f 2031 2033 1405 1390
f 2035 2034 1392 1403
f 2028 2015 1411 1391
f 2023 2025 1404 1385
f 2034 2036 1395 1392
f 2033 2037 1394 1405
f 2005 2038 1409 1393
f 2030 2009 1406 1387
f 2037 2035 1403 1394
f 2032 2019 1408 1388
f 2036 2029 1401 1395
f 2014 2006 1396 1407
f 2038 2011 1397 1409
f 1450 1449 1440 1421
f 1452 1451 1437 1428
f 1454 1453 1442 1422
f 1456 1455 1435 1429
f 1458 1457 1430 1441
f 1460 1459 1431 1443
f 1457 1461 1427 1430
f 1463 1462 1416 1444
f 1449 1463 1444 1440
f 1459 1464 1423 1431
f 1466 1465 1417 1420
f 1467 1458 1441 1445
f 1469 1468 1432 1447
f 1453 1470 1418 1442
f 1472 1471 1446 1415
f 1464 1473 1448 1423
f 1475 1474 1419 1436
f 1925 1469 1447 1924
f 1477 1472 1415 1433
f 1478 1466 1420 1434
f 1473 1477 1433 1448
f 1455 1479 1425 1435
f 1470 1450 1421 1418
f 1468 1480 1424 1432
f 1462 1478 1434 1416
f 1471 1454 1422 1446
f 1940 1475 1436 1939
f 1480 1481 1439 1424
f 1451 1482 1426 1437
f 1479 1467 1445 1425
f 1474 1476 1438 1419
f 1482 1456 1429 1426
f 1481 1452 1428 1439
f 1461 1460 1443 1427
f 1393 1409 1460 1461
f 1405 1394 1452 1481
f 1392 1395 1456 1482
f 1385 1404 1476 1474
f 1391 1411 1467 1479
f 1403 1392 1482 1451
f 1390 1405 1481 1480
f 1938 1402 1475 1940
f 1412 1388 1454 1471
f 1382 1400 1478 1462
f 1398 1390 1480 1468
f 1384 1387 1450 1470
f 1401 1391 1479 1455
f 1414 1399 1477 1473
f 1400 1386 1466 1478
f 1399 1381 1472 1477
f 1923 1413 1469 1925
f 1402 1385 1474 1475
f 1389 1414 1473 1464
f 1381 1412 1471 1472
f 1408 1384 1470 1453
f 1413 1398 1468 1469
f 1411 1407 1458 1467
f 1386 1383 1465 1466
f 1397 1389 1464 1459
f 1406 1410 1463 1449
f 1410 1382 1462 1463
f 1396 1393 1461 1457
f 1409 1397 1459 1460
f 1407 1396 1457 1458
f 1395 1401 1455 1456
f 1388 1408 1453 1454
f 1394 1403 1451 1452
f 1387 1406 1449 1450
f 1446 1422 1500 1512
f 1416 1434 1516 1505
f 1432 1424 1486 1509
f 1418 1421 1498 1511
f 1435 1425 1490 1501
f 1448 1433 1515 1514
f 1434 1420 1508 1516
f 1433 1415 1513 1515
f 1924 1447 1510 1926
f 1436 1419 1492 1483
f 1423 1448 1514 1507
f 1415 1446 1512 1513
f 1442 1418 1511 1499
f 1447 1432 1509 1510
f 1445 1441 1503 1489
f 1420 1417 1484 1508
f 1431 1423 1507 1504
f 1440 1444 1506 1497
f 1444 1416 1505 1506
f 1430 1427 1496 1502
f 1443 1431 1504 1495
f 1441 1430 1502 1503
f 1429 1435 1501 1493
f 1422 1442 1499 1500
f 1428 1437 1488 1494
f 1421 1440 1497 1498
f 1427 1443 1495 1496
f 1439 1428 1494 1485
f 1426 1429 1493 1487
f 1419 1438 1491 1492
f 1425 1445 1489 1490
f 1437 1426 1487 1488
f 1424 1439 1485 1486
f 1939 1436 1483 1941
f 1518 1523 1749 1756
f 1517 1524 1750 1752
f 307 310 1752 1750
f 1522 1525 1757 1755
f 1524 1522 1755 1750
f 1758 1520 1754 1763
f 1521 1519 1751 1753
f 1525 1522 1531 1534
f 1523 1518 1527 1532
f 1558 1560 1557 1559
f 1519 1517 1752 1751
f 1520 1518 1756 1754
f 1758 1525 1534 1759
f 1524 1517 1526 1533
f 1519 1521 1530 1528
f 1521 1523 1532 1530
f 1534 1531 1540 1543
f 1532 1527 1536 1541
f 1522 1524 1533 1531
f 1517 1519 1528 1526
f 1518 1520 1529 1527
f 1533 1526 1535 1542
f 1528 1530 1539 1537
f 1759 1534 1543 1760
f 1530 1532 1541 1539
f 1537 1539 1548 1546
f 1760 1543 1552 1761
f 1531 1533 1542 1540
f 1543 1540 1549 1552
f 1541 1536 1545 1550
f 1540 1542 1551 1549
f 1526 1528 1537 1535
f 1527 1529 1538 1536
f 1542 1535 1544 1551
f 1535 1537 1546 1544
f 1536 1538 1547 1545
f 1551 1544 1553 1560
f 1546 1548 1557 1555
f 1761 1552 1561 1762
f 1539 1541 1550 1548
f 1552 1549 1558 1561
f 1550 1545 1554 1559
f 1549 1551 1560 1558
f 1576 1575 1567 1568
f 1765 1772 1582 1577
f 1579 1576 1568 1569
f 1669 1600 1591 1648
f 1570 1646 1824 1826
f 1581 1577 1563 1564
f 1771 1773 1583 1580
f 1583 1584 1572 1571
f 1586 1585 1562 1566
f 1584 1587 1573 1572
f 1575 1586 1566 1567
f 1585 1581 1564 1562
f 1587 1579 1569 1573
f 1776 1767 1579 1587
f 1775 1768 1581 1585
f 1770 1769 1586 1575
f 1774 1776 1587 1584
f 1769 1775 1585 1586
f 1773 1774 1584 1583
f 1642 1784 1797 1788
f 1650 1597 1596 1645
f 1563 1565 1647 1668
f 1768 1765 1577 1581
f 1793 1813 1829 1644
f 1767 1764 1576 1579
f 1766 1809 1810 1578
f 1764 1770 1575 1576
f 1673 1610 1609 1671
f 1668 1647 1648 1667
f 1683 1613 1604 1672
f 1650 1652 1598 1597
f 1655 1654 1588 1592
f 1652 1658 1599 1598
f 1659 1655 1592 1593
f 1654 1662 1590 1588
f 1658 1664 1595 1599
f 1665 1659 1593 1594
f 1669 1828 1804 1600
f 1664 1665 1594 1595
f 1646 1645 1823 1824
f 1662 1667 1589 1590
f 1689 1623 1622 1684
f 1706 1687 1617 1615
f 1708 1626 1617 1687
f 1673 1674 1611 1610
f 1676 1675 1601 1605
f 1674 1677 1612 1611
f 1678 1676 1605 1606
f 1675 1679 1603 1601
f 1677 1680 1608 1612
f 1681 1678 1606 1607
f 1683 1814 1802 1613
f 1680 1681 1607 1608
f 1622 1819 1812 1684
f 1679 1682 1602 1603
f 1712 1636 1635 1710
f 1707 1686 1687 1706
f 1722 1639 1630 1711
f 1689 1691 1624 1623
f 1694 1693 1614 1618
f 1691 1697 1625 1624
f 1698 1694 1618 1619
f 1693 1701 1616 1614
f 1697 1703 1621 1625
f 1704 1698 1619 1620
f 1708 1803 1807 1626
f 1703 1704 1620 1621
f 1815 1685 1684 1812
f 1710 1817 1819 1622
f 1701 1706 1615 1616
f 1743 1781 1644 1741
f 1628 1630 1725 1735
f 1747 1784 1642 1744
f 1712 1713 1637 1636
f 1715 1714 1627 1631
f 1713 1716 1638 1637
f 1717 1715 1631 1632
f 1741 1820 1801 1734
f 1714 1718 1629 1627
f 1716 1719 1634 1638
f 1720 1717 1632 1633
f 1722 1808 1799 1639
f 1719 1720 1633 1634
f 1718 1721 1628 1629
f 1743 1736 1782 1781
f 1565 1574 1670 1647
f 1736 1737 1783 1782
f 1745 1738 1777 1643
f 1738 1739 1641 1777
f 1737 1740 1780 1783
f 1746 1745 1643 1778
f 1747 1806 1816 1784
f 1748 1746 1778 1779
f 1771 1580 1827 1798
f 1740 1748 1779 1780
f 1570 1571 1649 1646
f 1739 1742 1640 1641
f 1667 1648 1591 1589
f 1564 1563 1668 1661
f 1661 1668 1667 1662
f 1596 1671 1800 1811
f 1800 1671 1609 1822
f 1647 1670 1669 1648
f 1591 1600 1683 1672
f 1569 1568 1666 1663
f 1663 1666 1665 1664
f 1589 1591 1672 1682
f 1682 1672 1604 1602
f 1568 1567 1660 1666
f 1666 1660 1659 1665
f 1573 1569 1663 1657
f 1657 1663 1664 1658
f 1562 1564 1661 1653
f 1653 1661 1662 1654
f 1567 1566 1656 1660
f 1660 1656 1655 1659
f 1572 1573 1657 1651
f 1651 1657 1658 1652
f 1566 1562 1653 1656
f 1656 1653 1654 1655
f 1571 1572 1651 1649
f 1649 1651 1652 1650
f 1646 1649 1650 1645
f 1596 1597 1673 1671
f 1590 1589 1682 1679
f 1609 1685 1815 1822
f 1604 1613 1709 1686
f 1595 1594 1681 1680
f 1600 1804 1814 1683
f 1602 1604 1686 1707
f 1594 1593 1678 1681
f 1599 1595 1680 1677
f 1588 1590 1679 1675
f 1593 1592 1676 1678
f 1598 1599 1677 1674
f 1592 1588 1675 1676
f 1597 1598 1674 1673
f 1609 1610 1688 1685
f 1603 1602 1707 1700
f 1700 1707 1706 1701
f 1635 1831 1817 1710
f 1686 1709 1708 1687
f 1617 1626 1722 1711
f 1608 1607 1705 1702
f 1702 1705 1704 1703
f 1613 1802 1830 1709
f 1709 1830 1803 1708
f 1615 1617 1711 1721
f 1721 1711 1630 1628
f 1607 1606 1699 1705
f 1705 1699 1698 1704
f 1612 1608 1702 1696
f 1696 1702 1703 1697
f 1601 1603 1700 1692
f 1692 1700 1701 1693
f 1606 1605 1695 1699
f 1699 1695 1694 1698
f 1611 1612 1696 1690
f 1690 1696 1697 1691
f 1605 1601 1692 1695
f 1695 1692 1693 1694
f 1610 1611 1690 1688
f 1688 1690 1691 1689
f 1685 1688 1689 1684
f 1622 1623 1712 1710
f 1616 1615 1721 1718
f 1630 1639 1732 1725
f 1621 1620 1720 1719
f 1626 1807 1808 1722
f 1744 1642 1640 1742
f 1620 1619 1717 1720
f 1625 1621 1719 1716
f 1614 1616 1718 1714
f 1734 1801 1831 1635
f 1619 1618 1715 1717
f 1624 1625 1716 1713
f 1618 1614 1714 1715
f 1623 1624 1713 1712
f 1635 1636 1724 1734
f 1735 1725 1744 1742
f 1734 1724 1743 1741
f 1725 1732 1747 1744
f 1629 1628 1735 1729
f 1634 1633 1733 1730
f 1823 1645 1596 1811
f 1633 1632 1731 1733
f 1639 1799 1805 1732
f 1632 1631 1728 1731
f 1638 1634 1730 1726
f 1627 1629 1729 1727
f 1631 1627 1727 1728
f 1637 1638 1726 1723
f 1636 1637 1723 1724
f 1640 1642 1788 1786
f 1644 1781 1794 1793
f 1766 1578 1582 1772
f 1729 1735 1742 1739
f 1730 1733 1748 1740
f 1644 1829 1820 1741
f 1733 1731 1746 1748
f 1732 1805 1806 1747
f 1731 1728 1745 1746
f 1726 1730 1740 1737
f 1727 1729 1739 1738
f 1728 1727 1738 1745
f 1723 1726 1737 1736
f 1724 1723 1736 1743
f 1548 1550 1559 1557
f 1544 1546 1555 1553
f 1547 1761 1762 1556
f 1538 1760 1761 1547
f 1529 1759 1760 1538
f 1525 1758 1763 1757
f 1545 1547 1556 1554
f 1561 1558 1559 1554
f 1554 1556 1762 1561
f 1553 1555 1557 1560
f 1520 1758 1759 1529
f 1783 1780 1792 1796
f 1778 1643 1789 1790
f 1582 1565 1563 1577
f 1784 1816 1818 1797
f 1779 1778 1790 1791
f 1872 1873 1766 1772
f 1583 1571 1570 1580
f 1780 1779 1791 1792
f 1777 1641 1787 1785
f 1641 1640 1786 1787
f 1781 1782 1795 1794
f 1782 1783 1796 1795
f 1643 1777 1785 1789
f 1810 1821 1574 1578
f 1821 1825 1670 1574
f 1825 1828 1669 1670
f 1523 1521 1753 1749
f 306 307 1750 1755
f 437 306 1755 1757
f 308 437 1757 1763
f 426 308 1763 1754
f 1033 426 1754 1756
f 1042 1033 1756 1749
f 1021 1042 1749 1753
f 309 1021 1753 1751
f 310 309 1751 1752
f 1873 1862 1809 1766
f 1582 1578 1574 1565
f 1874 1872 1772 1765
f 1875 1874 1765 1768
f 1876 1875 1768 1775
f 1827 1580 1570 1826
f 1838 1839 809 735
f 1840 1838 735 737
f 1841 1840 737 733
f 1842 1841 733 734
f 1843 1842 734 739
f 1844 1843 739 732
f 1845 1844 732 736
f 1846 1845 736 730
f 1837 1846 730 740
f 1861 1856 1846 1837
f 1856 1855 1845 1846
f 1855 1854 1844 1845
f 1854 1853 1843 1844
f 1853 1852 1842 1843
f 1852 1851 1841 1842
f 1851 1850 1840 1841
f 1850 1848 1838 1840
f 1848 1849 1839 1838
f 740 731 1836 1837
f 731 729 1835 1836
f 729 738 1832 1835
f 728 808 1833 1834
f 738 728 1834 1832
f 1863 1864 1849 1848
f 1865 1863 1848 1850
f 1866 1865 1850 1851
f 1867 1866 1851 1852
f 1868 1867 1852 1853
f 1869 1868 1853 1854
f 1870 1869 1854 1855
f 1871 1870 1855 1856
f 1876 1871 1856 1861
f 1837 1836 1860 1861
f 1836 1835 1859 1860
f 1835 1832 1857 1859
f 1834 1833 1847 1858
f 1832 1834 1858 1857
f 1775 1769 1871 1876
f 1769 1770 1870 1871
f 1770 1764 1869 1870
f 1764 1767 1868 1869
f 1767 1776 1867 1868
f 1776 1774 1866 1867
f 1774 1773 1865 1866
f 1773 1771 1863 1865
f 1771 1798 1864 1863
f 1861 1860 1875 1876
f 1860 1859 1874 1875
f 1859 1857 1872 1874
f 1858 1847 1862 1873
f 1857 1858 1873 1872
f 1785 1787 1879 1877
f 1787 1786 1878 1879
f 1786 1788 1880 1878
f 1788 1797 1889 1880
f 1789 1785 1877 1881
f 1790 1789 1881 1882
f 1791 1790 1882 1883
f 1813 1793 1885 1890
f 1792 1791 1883 1884
f 1793 1794 1886 1885
f 1794 1795 1887 1886
f 1795 1796 1888 1887
f 1797 1818 1891 1889
f 1796 1792 1884 1888
f 1879 1878 1892 1877
f 1878 1880 1897 1892
f 1880 1889 1902 1897
f 1889 1891 1907 1902
f 1877 1892 1893 1881
f 1892 1897 1898 1893
f 1897 1902 1903 1898
f 1902 1907 1908 1903
f 1881 1893 1894 1882
f 1893 1898 1899 1894
f 1898 1903 1904 1899
f 1903 1908 1909 1904
f 1882 1894 1895 1883
f 1894 1899 1900 1895
f 1899 1904 1905 1900
f 1904 1909 1910 1905
f 1883 1895 1896 1884
f 1895 1900 1901 1896
f 1900 1905 1906 1901
f 1905 1910 1911 1906
f 1884 1896 1887 1888
f 1896 1901 1886 1887
f 1901 1906 1885 1886
f 1906 1911 1890 1885
f 1438 1924 1926 1491
f 1404 1923 1925 1476
f 1476 1925 1924 1438
f 2025 2039 1923 1404
f 439 1914 1922 1370
f 405 1918 1920 420
f 700 1913 1915 440
f 368 1916 1912 610
f 440 1915 1921 671
f 439 671 1921 1914
f 610 1912 1913 700
f 721 1916 1920 724
f 722 1918 1919 723
f 723 1919 1917 807
f 1417 1939 1941 1484
f 1383 1938 1940 1465
f 1465 1940 1939 1417
f 2012 2040 1938 1383
f 330 1929 1937 1349
f 649 331 1930 1935
f 618 617 1932 1933
f 409 1927 1933 626
f 366 1928 1931 604
f 702 1936 1931 612
f 330 649 1935 1929
f 695 1936 1930 331
f 797 1934 1932 617
f 366 385 1927 1928
f 1496 1942 1503 1502
f 1942 1951 1489 1503
f 1951 1960 1490 1489
f 1960 1969 1501 1490
f 1969 1978 1493 1501
f 1978 1987 1487 1493
f 1987 1996 1488 1487
f 1996 1485 1494 1488
f 1495 1943 1942 1496
f 1943 1952 1951 1942
f 1952 1961 1960 1951
f 1961 1970 1969 1960
f 1970 1979 1978 1969
f 1979 1988 1987 1978
f 1988 1997 1996 1987
f 1997 1486 1485 1996
f 1504 1944 1943 1495
f 1944 1953 1952 1943
f 1953 1962 1961 1952
f 1962 1971 1970 1961
f 1971 1980 1979 1970
f 1980 1989 1988 1979
f 1989 1998 1997 1988
f 1998 1509 1486 1997
f 1507 1945 1944 1504
f 1945 1954 1953 1944
f 1954 1963 1962 1953
f 1963 1972 1971 1962
f 1972 1981 1980 1971
f 1981 1990 1989 1980
f 1990 1999 1998 1989
f 1999 1510 1509 1998
f 1514 1946 1945 1507
f 1946 1955 1954 1945
f 1955 1964 1963 1954
f 1964 1973 1972 1963
f 1973 1982 1981 1972
f 1982 1991 1990 1981
f 1991 2000 1999 1990
f 2000 1926 1510 1999
f 1515 1947 1946 1514
f 1947 1956 1955 1946
f 1956 1965 1964 1955
f 1965 1974 1973 1964
f 1974 1983 1982 1973
f 1983 1992 1991 1982
f 1992 2001 2000 1991
f 2001 1491 1926 2000
f 1513 1948 1947 1515
f 1948 1957 1956 1947
f 1957 1966 1965 1956
f 1966 1975 1974 1965
f 1975 1984 1983 1974
f 1984 1993 1992 1983
f 1993 2002 2001 1992
f 2002 1492 1491 2001
f 1512 1949 1948 1513
f 1949 1958 1957 1948
f 1958 1967 1966 1957
f 1967 1976 1975 1966
f 1976 1985 1984 1975
f 1985 1994 1993 1984
f 1994 2003 2002 1993
f 2003 1483 1492 2002
f 1500 1950 1949 1512
f 1950 1959 1958 1949
f 1959 1968 1967 1958
f 1968 1977 1976 1967
f 1977 1986 1985 1976
f 1986 1995 1994 1985
f 1995 2004 2003 1994
f 2004 1941 1483 2003
f 1499 1511 1950 1500
f 1511 1498 1959 1950
f 1498 1497 1968 1959
f 1497 1506 1977 1968
f 1506 1505 1986 1977
f 1505 1516 1995 1986
f 1516 1508 2004 1995
f 1508 1484 1941 2004
f 1349 1937 2040 2012
f 1370 1922 2039 2025
f 1375 1363 2011 2038
f 1373 1362 2006 2014
f 1361 1367 2029 2036
f 1354 1374 2019 2032
f 1360 1369 2035 2037
f 1353 1372 2009 2030
f 1359 1375 2038 2005
f 1371 1360 2037 2033
f 1358 1361 2036 2034
f 1351 1370 2025 2023
f 1357 1377 2015 2028
f 1369 1358 2034 2035
f 1356 1371 2033 2031
f 1937 1368 2024 2040
f 1378 1354 2032 2020
f 1348 1366 2027 2007
f 1364 1356 2031 2016
f 1350 1353 2030 2018
f 1367 1357 2028 2029
f 1380 1365 2026 2022
f 1366 1352 2013 2027
f 1365 1347 2021 2026
f 1922 1379 2017 2039
f 1368 1351 2023 2024
f 1355 1380 2022 2010
f 1347 1378 2020 2021
f 1374 1350 2018 2019
f 1379 1364 2016 2017
f 1377 1373 2014 2015
f 1352 1349 2012 2013
f 1363 1355 2010 2011
f 1372 1376 2008 2009
f 1376 1348 2007 2008
f 1362 1359 2005 2006
f 1277 2071 2082 1276
f 1345 1339 2080 2082
f 1338 2079 2081 1344
f 1283 2072 2081 1341
f 1339 1334 2078 2080
f 1330 2076 2079 1338
f 1293 2074 2075 1329
f 1290 2073 2077 1333
f 1279 1278 2078 2077
f 1323 1324 2076 2075
f 960 2041 2074 1293
f 1110 2042 2073 1290
f 1251 2068 2072 1283
f 1245 2067 2071 1277
f 1149 2045 2070 1258
f 1163 2048 2069 1260
f 1260 2069 2068 1251
f 1258 2070 2067 1245
f 1222 1220 2066 2061
f 1220 1223 2065 2066
f 1223 1217 2055 2065
f 1230 1239 2064 2063
f 1207 1230 2063 2062
f 1239 1192 2059 2064
f 1177 2049 2062 1221
f 1222 2061 2050 1168
f 1188 2057 2056 1200
f 1191 2054 2053 1189
f 1193 2055 2054 1191
f 1218 1219 2060 2056
f 1216 2059 2058 1214
f 1214 2058 2051 1210
f 1213 2057 2053 1212
f 1211 1210 2051 2052
f 1211 2052 2060 1219
f 1142 1168 2050 2047
f 1154 1178 2049 2046
f 1137 1164 2048 2043
f 1138 1154 2046 2043
f 1141 1132 2045 2044
f 1126 1142 2047 2044
f 957 2095 2100 1111
f 868 864 2099 2083
f 1306 2098 2105 1312
f 1304 1310 2103 2096
f 1309 1305 2097 2102
f 1308 1304 2096 2101
f 1108 1111 2100 2083
f 957 910 2092 2095
f 1311 2104 2103 1310
f 1309 2102 2104 1311
f 1312 2105 2097 1305
f 860 855 2094 2089
f 855 867 2088 2094
f 869 866 2091 2093
f 858 856 2092 2086
f 866 865 2085 2091
f 854 857 2090 2084
f 857 860 2089 2090
f 867 861 2087 2088
f 861 858 2086 2087
f 865 854 2084 2085
f 1306 1307 2041 2098
f 864 863 2042 2099
f 2185 2128 2113 2125
f 2128 2131 2112 2113
f 2158 2134 2111 2116
f 2155 2137 2110 2115
f 2161 2140 2109 2117
f 2164 2143 2108 2118
f 2167 2146 2107 2119
f 2176 2149 2114 2122
f 2170 2152 2106 2120
f 2181 2184 2185 2182
f 2134 2155 2115 2111
f 2131 2158 2116 2112
f 2137 2161 2117 2110
f 2140 2164 2118 2109
f 2143 2167 2119 2108
f 2173 2170 2120 2121
f 2297 2258 2259 2296
f 2146 2173 2121 2107
f 2149 2179 2123 2114
f 2179 2182 2124 2123
f 3032 2180 2177 3034
f 3002 2194 2193 3003
f 2180 2183 2184 2181
f 3034 2177 2147 3066
f 2177 2180 2181 2178
f 2178 2181 2182 2179
f 3046 2171 2144 3080
f 2147 2177 2178 2148
f 2148 2178 2179 2149
f 3013 3009 3127 3129
f 3052 2168 2171 3046
f 2144 2171 2172 2145
f 2145 2172 2173 2146
f 3054 2165 2141 3078
f 2171 2168 2169 2172
f 2172 2169 2170 2173
f 3056 2162 2138 3076
f 2141 2165 2166 2142
f 2142 2166 2167 2143
f 3058 2159 2135 3074
f 2138 2162 2163 2139
f 2139 2163 2164 2140
f 3060 2156 2129 3070
f 2135 2159 2160 2136
f 2136 2160 2161 2137
f 3062 2153 2132 3072
f 2129 2156 2157 2130
f 2130 2157 2158 2131
f 4485 4493 4495 4475
f 2132 2153 2154 2133
f 2133 2154 2155 2134
f 3082 2150 2168 3052
f 3066 2147 2174 3036
f 2168 2150 2151 2169
f 2169 2151 2152 2170
f 3080 2144 2165 3054
f 2174 2147 2148 2175
f 2175 2148 2149 2176
f 3078 2141 2162 3056
f 2165 2144 2145 2166
f 2166 2145 2146 2167
f 3076 2138 2159 3058
f 2162 2141 2142 2163
f 2163 2142 2143 2164
f 3074 2135 2153 3062
f 2159 2138 2139 2160
f 2160 2139 2140 2161
f 3072 2132 2156 3060
f 2153 2135 2136 2154
f 2154 2136 2137 2155
f 3070 2129 2126 3068
f 2156 2132 2133 2157
f 2157 2133 2134 2158
f 3068 2126 2183 3030
f 2126 2129 2130 2127
f 2127 2130 2131 2128
f 3189 3188 3040 3038
f 2183 2126 2127 2184
f 2184 2127 2128 2185
f 2259 2308 2307 2260
f 2255 2304 2303 2256
f 4735 4742 2418 2413
f 4653 4643 2301 2250
f 2293 2254 2255 2292
f 4660 4640 2293 2242
f 3063 2913 2870 3039
f 3026 3014 3140 3139
f 2238 2242 2243 2239
f 2235 2247 2248 2236
f 4643 4639 2289 2301
f 4821 4813 2286 2298
f 3025 3015 3143 3128
f 3015 3024 3130 3143
f 3007 3018 3149 3147
f 2772 2190 2191 2794
f 2860 2195 3159 2859
f 3095 3096 3164 2653
f 2243 2292 2291 2244
f 2250 2301 2300 2251
f 4820 4822 2302 2257
f 2816 2192 3158 2815
f 2859 3159 2192 2816
f 2761 2189 3156 2760
f 2935 2197 3163 2934
f 2903 3161 2197 2935
f 2717 2186 2188 2739
f 3016 3021 3133 3146
f 3027 3013 3129 3142
f 4642 4637 2281 2305
f 3028 3012 3131 3144
f 4657 4656 2226 2222
f 3019 3005 3135 3150
f 4658 4636 2277 2218
f 2653 3164 3152 2652
f 4639 4655 2238 2289
f 2815 3158 3155 2696
f 4646 4635 2273 2214
f 2881 3160 2190 2772
f 4638 4653 2250 2285
f 2794 2191 3157 2793
f 4651 4634 2269 2210
f 2830 2829 2840 2841
f 2211 2268 2267 2212
f 2696 3155 2193 2827
f 4649 4642 2305 2254
f 4828 4825 2237 2233
f 2247 2296 2295 2248
f 2296 2259 2260 2295
f 2242 2293 2292 2243
f 4827 4811 2290 2245
f 3150 3135 2627 2614
f 2215 2272 2271 2216
f 2652 3152 2196 2882
f 2284 2251 2252 2283
f 2739 2188 2189 2761
f 2288 2239 2240 2287
f 2219 2276 2275 2220
f 2882 2196 3160 2881
f 2223 2227 2228 2224
f 3017 3022 3134 3148
f 2304 2280 2279 2303
f 3005 3006 3145 3135
f 2227 2284 2283 2228
f 3003 3004 3141 3136
f 2276 2215 2216 2275
f 2300 2288 2287 2299
f 2199 2203 2204 2200
f 4811 4820 2257 2290
f 4636 4646 2214 2277
f 2234 2246 2247 2235
f 2674 3153 3162 2923
f 4655 4660 2242 2238
f 3004 3019 3150 3141
f 4645 4652 2202 2198
f 4640 4649 2254 2293
f 4810 4812 2294 2249
f 2272 2211 2212 2271
f 2194 2838 2827 2193
f 2207 2206 2265 2264
f 2254 2305 2304 2255
f 2268 2231 2232 2267
f 2258 2309 2308 2259
f 2805 2806 2687 2686
f 4731 4721 2378 2373
f 3031 3032 3034 3033
f 4713 4705 2394 2325
f 2369 2370 2371 2368
f 2990 2995 2390 2329
f 2323 2386 2387 2322
f 2988 2996 2395 2334
f 4635 4651 2210 2273
f 2470 2634 2633 2471
f 4700 4697 2399 2330
f 4644 4645 2198 2309
f 2328 2391 2392 2327
f 4717 4734 2403 2311
f 4637 4658 2218 2281
f 4714 4715 2419 2414
f 2353 2446 2447 2352
f 4633 4657 2222 2265
f 2370 2375 2376 2371
f 2375 2380 2381 2376
f 2314 2400 2401 2313
f 2992 2977 2445 2354
f 2333 2396 2397 2332
f 2264 2223 2224 2263
f 4732 4731 2373 2366
f 2280 2219 2220 2279
f 4689 4692 2389 2320
f 2989 2994 2385 2324
f 2984 2983 2405 2400
f 4734 4727 2408 2403
f 2411 2416 2417 2412
f 4706 4710 2335 2409
f 4709 4696 2444 2345
f 4743 4737 2331 2361
f 4641 4650 2258 2297
f 2319 2410 2411 2318
f 2343 2421 2422 2342
f 4647 4648 2234 2230
f 4722 4718 2326 2398
f 2405 2339 2338 2406
f 4710 4698 2439 2335
f 2997 2988 2334 2364
f 4690 4694 2424 2340
f 4703 4700 2330 2360
f 4693 4706 2409 2404
f 4744 4717 2311 2383
f 2396 2328 2327 2397
f 2344 2420 2421 2343
f 2612 2611 2639 2640
f 4733 4736 2316 2388
f 2982 3000 2435 2339
f 2390 2324 2323 2391
f 4705 4689 2320 2394
f 4739 4725 2438 2336
f 4692 4699 2315 2389
f 2993 2974 2410 2319
f 2471 2633 2632 2472
f 4650 4644 2309 2258
f 4721 4744 2383 2378
f 4688 2384 2310 4674
f 2598 2601 2600 2599
f 2596 2603 2602 2597
f 2594 2605 2604 2595
f 3023 3100 3096 3165
f 2591 2611 2612 2592
f 2589 2609 2610 2590
f 2634 2505 2506 2633
f 2520 2478 2477 2519
f 2251 2300 2299 2252
f 2524 2482 2481 2523
f 3129 3127 2483 2525
f 2500 2530 2531 2499
f 2502 2528 2529 2501
f 2504 2526 2527 2503
f 2974 2975 2415 2410
f 2476 2628 2975 2974
f 2630 2629 2475 2474
f 2460 2465 2464 2461
f 2458 2467 2466 2459
f 2523 2481 2480 2522
f 2525 2483 2482 2524
f 2499 2531 2532 2498
f 2501 2529 2530 2500
f 2503 2527 2528 2502
f 3128 3143 2526 2504
f 2472 2632 2631 2473
f 2629 2628 2476 2475
f 2461 2464 2463 2462
f 2459 2466 2465 2460
f 4654 4641 2297 2246
f 3137 3126 2469 2456
f 2534 2558 2559 2533
f 2535 2557 2558 2534
f 2536 2556 2557 2535
f 2537 2555 2556 2536
f 2538 2554 2555 2537
f 2539 3089 2554 2538
f 3130 3101 3089 2539
f 2549 2460 2461 2548
f 2550 2459 2460 2549
f 2231 2235 2236 2232
f 2488 2495 2496 2489
f 2489 2496 2497 2490
f 3140 3128 2504 2491
f 2491 2504 2503 2492
f 2492 2503 2502 2493
f 2493 2502 2501 2494
f 2494 2501 2500 2495
f 2495 2500 2499 2496
f 3141 3150 2614 2505
f 2505 2614 2615 2506
f 2617 2624 2623 2618
f 2608 2607 2635 2636
f 2619 2622 2621 2620
f 2615 2626 2625 2616
f 2473 2631 2630 2474
f 2446 2368 2367 2447
f 4712 4691 2365 2449
f 4708 4712 2449 2350
f 2933 2934 2685 2684
f 2308 2199 2200 2307
f 2913 2914 2869 2870
f 3165 3096 3095 2706
f 2707 3094 3088 3107
f 2709 2708 2705 2704
f 2710 2709 2704 2703
f 2711 2710 2703 2702
f 2712 2711 2702 2701
f 2713 2712 2701 2700
f 2914 2915 2868 2869
f 2715 2714 2699 2698
f 4825 4810 2249 2237
f 2481 2486 2487 2480
f 2483 2484 2485 2482
f 2601 2578 2579 2600
f 2603 2576 2577 2602
f 2605 2574 2575 2604
f 2465 2516 2517 2464
f 2467 2514 2515 2466
f 2581 2451 2450 2580
f 2583 2453 2452 2582
f 4648 4654 2246 2234
f 2455 2471 2472 2454
f 3093 3138 2470 3092
f 3108 2718 2740 3110
f 2721 2720 2742 2743
f 2723 2722 2744 2745
f 2725 2724 2746 2747
f 2727 2726 2748 2749
f 2773 2772 2794 2795
f 2777 2776 2798 2799
f 2779 2778 2800 2801
f 2292 2255 2256 2291
f 3143 3130 2539 2526
f 2517 2520 2519 2518
f 2516 2521 2520 2517
f 2515 2522 2521 2516
f 2514 2523 2522 2515
f 2513 2524 2523 2514
f 2512 2525 2524 2513
f 3142 3129 2525 2512
f 2509 2618 2619 2510
f 2508 2617 2618 2509
f 2301 2289 2288 2300
f 2454 2472 2473 2453
f 3092 2470 2471 2455
f 2718 2717 2739 2740
f 2720 2719 2741 2742
f 2722 2721 2743 2744
f 2724 2723 2745 2746
f 2726 2725 2747 2748
f 3081 2727 2749 3049
f 2776 2775 2797 2798
f 2778 2777 2799 2800
f 3014 3025 3128 3140
f 2892 2891 2872 2871
f 2891 2890 2873 2872
f 2890 2889 2874 2873
f 2889 2888 2875 2874
f 2888 2887 2876 2875
f 2887 2886 2877 2876
f 2886 2885 2878 2877
f 2885 2884 2879 2878
f 2883 2882 2881 2880
f 3079 2782 2804 3045
f 3006 3007 3147 3145
f 2453 2473 2474 2452
f 2452 2474 2475 2451
f 2451 2475 2476 2450
f 2635 2540 2541 2636
f 2636 2541 2542 2637
f 2637 2542 2543 2638
f 2638 2543 2544 2639
f 2639 2544 2545 2640
f 2673 2674 2923 2922
f 3085 3099 3098 2902
f 3031 2837 2848 3029
f 2526 2539 2538 2527
f 2527 2538 2537 2528
f 2528 2537 2536 2529
f 2529 2536 2535 2530
f 2530 2535 2534 2531
f 2531 2534 2533 2532
f 3135 3145 2567 2627
f 2627 2567 2568 2626
f 2625 2569 2570 2624
f 2624 2570 2571 2623
f 2934 3163 3154 2685
f 3087 3125 2936 2933
f 2571 2591 2592 2572
f 2569 2589 2590 2570
f 2567 2587 2588 2568
f 2558 2561 2560 2559
f 2556 2563 2562 2557
f 2554 2565 2564 2555
f 2936 3125 3085 2902
f 2542 2551 2550 2543
f 2540 2553 2552 2541
f 2685 3154 3165 2706
f 2828 2827 2838 2839
f 4663 2962 2960 4682
f 3030 2183 2180 3032
f 2234 2235 2231 2230
f 3067 2912 2893 3069
f 2912 2911 2894 2893
f 2911 2910 2895 2894
f 2910 2909 2896 2895
f 2811 2812 2693 2692
f 2809 2810 2691 2690
f 3153 2187 3028 3008
f 2348 2441 2442 2347
f 2998 2987 2440 2349
f 4741 4738 2341 2356
f 2359 2344 2343 2358
f 4715 4711 2434 2419
f 2416 2431 2432 2417
f 2975 2976 2430 2415
f 4723 4724 2428 2423
f 4695 4709 2345 2429
f 2426 2348 2347 2427
f 2760 3156 2187 2728
f 2931 2932 2683 2682
f 2929 2930 2681 2680
f 2927 2928 2679 2678
f 2925 2926 2677 2676
f 3071 2924 2675 3061
f 3021 3020 3093 3133
f 2899 2900 2938 2939
f 2897 2898 2940 2941
f 2893 2894 2944 2945
f 3132 3101 3100 3023
f 4824 4827 2245 2241
f 4652 2947 2948 4659
f 2614 2627 2626 2615
f 2616 2625 2624 2617
f 2618 2623 2622 2619
f 2831 2830 2841 2842
f 4729 4732 2366 2448
f 2987 2997 2364 2440
f 2246 2297 2296 2247
f 2479 2488 2489 2478
f 2478 2489 2490 2477
f 3133 2586 3091 3146
f 2566 3090 2594 2565
f 2565 2594 2595 2564
f 2564 2595 2596 2563
f 2563 2596 2597 2562
f 2562 2597 2598 2561
f 3131 3137 2456 2553
f 2553 2456 2457 2552
f 4818 4821 2298 2253
f 2487 2494 2495 2488
f 2486 2493 2494 2487
f 2485 2492 2493 2486
f 2484 2491 2492 2485
f 3139 3140 2491 2484
f 2629 2510 2511 2628
f 2630 2509 2510 2629
f 2631 2508 2509 2630
f 2633 2506 2507 2632
f 3136 3141 2505 2634
f 4809 4823 2306 2261
f 2611 2610 2638 2639
f 2609 2608 2636 2637
f 3151 3008 3028 3144
f 2597 2602 2601 2598
f 2595 2604 2603 2596
f 3090 2606 2605 2594
f 2592 2612 2613 2593
f 2590 2610 2611 2591
f 2578 2581 2580 2579
f 3147 3149 2607 2587
f 2838 2194 3102 3097
f 4719 4740 2443 2346
f 2349 2440 2441 2348
f 4704 4690 2340 2355
f 2358 2343 2342 2357
f 2985 2981 2344 2359
f 4742 4728 2433 2418
f 2415 2430 2431 2416
f 4694 4695 2429 2424
f 2999 2986 2425 2420
f 4724 4719 2346 2428
f 2729 2728 2674 2673
f 4740 4743 2361 2443
f 4696 4703 2360 2444
f 3000 2985 2359 2435
f 2435 2359 2358 2436
f 2436 2358 2357 2437
f 4725 4741 2356 2438
f 4698 4704 2355 2439
f 2976 2992 2354 2430
f 2431 2353 2352 2432
f 4728 4720 2351 2433
f 2793 3157 2186 2717
f 2903 3097 3102 3161
f 2930 2931 2682 2681
f 2928 2929 2680 2679
f 2926 2927 2678 2677
f 2924 2925 2676 2675
f 2902 2903 2935 2936
f 2900 2901 2937 2938
f 2898 2899 2939 2940
f 2894 2895 2943 2944
f 3069 2893 2945 3059
f 2923 3162 2195 2860
f 3138 3136 2634 2470
f 2832 2831 2842 2843
f 2833 2832 2843 2844
f 2834 2833 2844 2845
f 2835 2834 2845 2846
f 2836 2835 2846 2847
f 3029 3030 3032 3031
f 2814 2815 2696 2695
f 2812 2813 2694 2693
f 2810 2811 2692 2691
f 2902 3098 3097 2903
f 3091 2586 2585 2574
f 2572 2592 2593 2573
f 2570 2590 2591 2571
f 2568 2588 2589 2569
f 3145 3147 2587 2567
f 2557 2562 2561 2558
f 2555 2564 2563 2556
f 3089 2566 2565 2554
f 2543 2550 2549 2544
f 2541 2552 2551 2542
f 2980 3001 2314 2380
f 2480 2487 2488 2479
f 2482 2485 2486 2481
f 3127 3139 2484 2483
f 2602 2577 2578 2601
f 2604 2575 2576 2603
f 2606 3091 2574 2605
f 2464 2517 2518 2463
f 2466 2515 2516 2465
f 3126 3142 2512 2469
f 2582 2452 2451 2581
f 3092 2586 3133 3093
f 3077 2892 2871 3053
f 2654 2653 2652 2651
f 3104 2654 2651 3103
f 2656 2655 2650 2649
f 2657 2656 2649 2648
f 2658 2657 2648 2647
f 2659 2658 2647 2646
f 2660 2659 2646 2645
f 2662 2661 2644 2643
f 2663 2662 2643 2642
f 3119 2839 3098 3099
f 2839 2838 3097 3098
f 2915 2916 2867 2868
f 2916 2917 2866 2867
f 2918 2919 2864 2865
f 2920 2921 2862 2863
f 2922 2923 2860 2861
f 2806 2807 2688 2687
f 3029 2848 2912 3067
f 2765 2764 2757 2756
f 2769 2768 2753 2752
f 2771 2770 2751 2750
f 2861 2860 2859 2858
f 2863 2862 2857 2856
f 2865 2864 2855 2854
f 2823 2822 2809 2808
f 2822 2821 2810 2809
f 2821 2820 2811 2810
f 2820 2819 2812 2811
f 2819 2818 2813 2812
f 3117 2817 2814 3116
f 2817 2816 2815 2814
f 2867 2866 2853 2852
f 2874 2875 2778 2779
f 3053 2871 2782 3079
f 3114 2792 2718 3108
f 2789 2790 2720 2721
f 2787 2788 2722 2723
f 2785 2786 2724 2725
f 3033 2686 2837 3031
f 2755 2756 2732 2733
f 2757 2758 2730 2731
f 3111 2759 2729 3109
f 2759 2760 2728 2729
f 3051 2783 2727 3081
f 2783 2784 2726 2727
f 2784 2785 2725 2726
f 3115 2795 2792 3114
f 2798 2797 2790 2789
f 2800 2799 2788 2787
f 2802 2801 2786 2785
f 2804 2803 2784 2783
f 2672 2730 3109 3105
f 2732 2731 2671 2670
f 2734 2733 2669 2668
f 2748 2747 2769 2770
f 2747 2746 2768 2769
f 2746 2745 2767 2768
f 2745 2744 2766 2767
f 2744 2743 2765 2766
f 2743 2742 2764 2765
f 2841 2840 2904 2905
f 2842 2841 2905 2906
f 2843 2842 2906 2907
f 2844 2843 2907 2908
f 2845 2844 2908 2909
f 2846 2845 2909 2910
f 2847 2846 2910 2911
f 2945 2944 2925 2924
f 2944 2943 2926 2925
f 2943 2942 2927 2926
f 2942 2941 2928 2927
f 2941 2940 2929 2928
f 2940 2939 2930 2929
f 2939 2938 2931 2930
f 2666 2667 2916 2915
f 2670 2671 2920 2919
f 2668 2669 2918 2917
f 3105 2673 2922 3124
f 2671 2672 2921 2920
f 2610 2609 2637 2638
f 2728 2187 3153 2674
f 2664 2665 2914 2913
f 2858 2859 2816 2817
f 2856 2857 2818 2819
f 2854 2855 2820 2821
f 2852 2853 2822 2823
f 2850 2851 2824 2825
f 3037 2849 2826 3035
f 2681 2682 2709 2710
f 2679 2680 2711 2712
f 2677 2678 2713 2714
f 2675 2676 2715 2716
f 2936 2935 2934 2933
f 2938 2937 2932 2931
f 2686 2687 2836 2837
f 2687 2688 2835 2836
f 2688 2689 2834 2835
f 2689 2690 2833 2834
f 2690 2691 2832 2833
f 2691 2692 2831 2832
f 2692 2693 2830 2831
f 2824 2823 2808 2807
f 2825 2824 2807 2806
f 2826 2825 2806 2805
f 3035 2826 2805 3065
f 2695 2696 2827 2828
f 3106 2695 2828 3118
f 2693 2694 2829 2830
f 2643 2644 2890 2891
f 2644 2645 2889 2890
f 2645 2646 2888 2889
f 2646 2647 2887 2888
f 2647 2648 2886 2887
f 2648 2649 2885 2886
f 2649 2650 2884 2885
f 2669 2670 2919 2918
f 2667 2668 2917 2916
f 3120 2858 2817 3117
f 2855 2856 2819 2820
f 2853 2854 2821 2822
f 2851 2852 2823 2824
f 2849 2850 2825 2826
f 2733 2732 2670 2669
f 2735 2734 2668 2667
f 2736 2735 2667 2666
f 2737 2736 2666 2665
f 2738 2737 2665 2664
f 3151 3144 2540 2635
f 3001 2980 2641 2546
f 3094 3095 2653 2654
f 2704 2705 2655 2656
f 2702 2703 2657 2658
f 2700 2701 2659 2660
f 2698 2699 2661 2662
f 3057 2697 2663 3075
f 3103 2651 2883 3123
f 2795 2794 2793 2792
f 2797 2796 2791 2790
f 2799 2798 2789 2788
f 2801 2800 2787 2786
f 2803 2802 2785 2784
f 3045 2804 2783 3051
f 2613 2641 2980 2991
f 2749 2748 2770 2771
f 2868 2867 2852 2851
f 2870 2869 2850 2849
f 3039 2870 2849 3037
f 2740 2739 2761 2762
f 3110 2740 2762 3112
f 2742 2741 2763 2764
f 3112 2762 2759 3111
f 2762 2761 2760 2759
f 3043 2750 2738 3083
f 2750 2751 2737 2738
f 2751 2752 2736 2737
f 2752 2753 2735 2736
f 2753 2754 2734 2735
f 2866 2865 2854 2853
f 2764 2763 2758 2757
f 2768 2767 2754 2753
f 2770 2769 2752 2751
f 3047 2771 2750 3043
f 3121 2861 2858 3120
f 2864 2863 2856 2855
f 2876 2877 2776 2777
f 2877 2878 2775 2776
f 2878 2879 2774 2775
f 3122 2880 2773 3113
f 2880 2881 2772 2773
f 3055 2642 2892 3077
f 2642 2643 2891 2892
f 2756 2757 2731 2732
f 2875 2876 2777 2778
f 2871 2872 2781 2782
f 2792 2793 2717 2718
f 2790 2791 2719 2720
f 2788 2789 2721 2722
f 2786 2787 2723 2724
f 4656 4638 2285 2226
f 2917 2918 2865 2866
f 2919 2920 2863 2864
f 3124 2922 2861 3121
f 3065 2805 2686 3033
f 3059 2945 2924 3071
f 3088 3094 2654 3104
f 2703 2704 2656 2657
f 2701 2702 2658 2659
f 2699 2700 2660 2661
f 2697 2698 2662 2663
f 2651 2652 2882 2883
f 2684 2685 2706 2707
f 2682 2683 2708 2709
f 2680 2681 2710 2711
f 2678 2679 2712 2713
f 2676 2677 2714 2715
f 3061 2675 2716 3073
f 4659 2948 2949 4633
f 4685 4683 2961 2969
f 4664 4665 2964 2963
f 4666 4686 2967 2966
f 4671 4680 2971 2970
f 3001 2984 2400 2314
f 4662 4678 2953 2952
f 4672 4677 2955 2954
f 4680 4675 2957 2971
f 3119 2840 2829 3118
f 2309 2198 2199 2308
f 4677 4662 2952 2955
f 4686 4667 2972 2967
f 4701 4707 2310 2384
f 4668 4681 2951 2950
f 4718 4726 2393 2326
f 4675 4672 2954 2957
f 4678 4668 2950 2953
f 4707 4693 2404 2310
f 2281 2218 2219 2280
f 2410 2415 2416 2411
f 4674 4669 2956 2949
f 4679 4661 2946 2973
f 4661 4687 2947 2946
f 4720 4729 2448 2351
f 3079 3080 3054 3053
f 3160 3014 3026 2190
f 3077 3078 3056 3055
f 3152 3015 3025 2196
f 2265 2222 2223 2264
f 4683 4664 2963 2961
f 4669 4670 2958 2956
f 4670 4684 2959 2958
f 4676 4671 2970 2965
f 2371 2376 2377 2372
f 2376 2381 2382 2377
f 2600 2579 2989 2995
f 2580 2450 2993 2994
f 2313 2401 2402 2312
f 3083 3084 3044 3043
f 3156 3012 3028 2187
f 3081 3082 3052 3051
f 3157 3013 3027 2186
f 2354 2445 2446 2353
f 2463 2518 3000 2982
f 2450 2476 2974 2993
f 4737 4722 2398 2331
f 2511 2620 2992 2976
f 2490 2497 2986 2999
f 2519 2477 2981 2985
f 2837 2836 2847 2848
f 4808 4807 2225 2262
f 4691 4716 2374 2365
f 2593 2613 2991 2979
f 2573 2593 2979 2978
f 2546 2547 2984 3001
f 2532 2533 2997 2987
f 4815 4806 2221 2278
f 2665 2666 2915 2914
f 4681 4682 2960 2951
f 4684 4673 2968 2959
f 2978 2979 2370 2369
f 3118 2828 2839 3119
f 3067 3068 3030 3029
f 2620 2621 2977 2992
f 3083 2738 2664 3041
f 3159 3006 3005 2192
f 3035 3036 3038 3037
f 3065 3066 3036 3035
f 2324 2385 2386 2323
f 4716 4702 2379 2374
f 2192 3005 3019 3158
f 3155 3004 3003 2193
f 2239 2243 2244 2240
f 2979 2991 2375 2370
f 4663 4666 2966 2962
f 4665 4676 2965 2964
f 4673 4685 2969 2968
f 4667 4679 2973 2972
f 2368 2371 2372 2367
f 2579 2580 2994 2989
f 2559 2560 2996 2988
f 2621 2573 2978 2977
f 2518 2519 2985 3000
f 2329 2390 2391 2328
f 2188 3010 3011 2189
f 3047 3048 3050 3049
f 2191 3009 3013 3157
f 3051 3052 3046 3045
f 4730 4733 2388 2321
f 2194 3002 3020 3102
f 3018 3008 3151 3149
f 2599 2600 2995 2990
f 4687 2379 2384 4688
f 2189 3011 3012 3156
f 3043 3044 3048 3047
f 2195 3007 3006 3159
f 3037 3038 3040 3039
f 2334 2395 2396 2333
f 2497 2498 2998 2986
f 2628 2511 2976 2975
f 2498 2532 2987 2998
f 2462 2463 2982 2983
f 2273 2210 2211 2272
f 2533 2559 2988 2997
f 2547 2462 2983 2984
f 2560 2599 2990 2996
f 2477 2490 2999 2981
f 2400 2405 2406 2401
f 2401 2406 2407 2402
f 4699 4714 2414 2315
f 3096 3100 3024 3164
f 2197 3016 3022 3163
f 4727 4739 2336 2408
f 2363 2333 2332 2362
f 2440 2364 2363 2441
f 2318 2411 2412 2317
f 3146 3091 2606 3134
f 4738 4723 2423 2341
f 3164 3024 3015 3152
f 2196 3025 3014 3160
f 4697 4713 2325 2399
f 2983 2982 2339 2405
f 2994 2993 2319 2385
f 2190 3026 3009 2191
f 2186 3027 3010 2188
f 2406 2338 2337 2407
f 2995 2989 2324 2390
f 3057 3058 3074 3073
f 3161 3102 3020 3021
f 2364 2334 2333 2363
f 2996 2990 2329 2395
f 3162 3153 3008 3018
f 3041 3042 3084 3083
f 2381 2313 2312 2382
f 3154 3017 3023 3165
f 3041 3063 3064 3042
f 2395 2329 2328 2396
f 3045 3046 3080 3079
f 3049 3050 3082 3081
f 2981 2999 2420 2344
f 3055 3056 3076 3075
f 3053 3054 3078 3077
f 2991 2980 2380 2375
f 3161 3021 3016 2197
f 3163 3022 3017 3154
f 2386 2318 2317 2387
f 3162 3018 3007 2195
f 3158 3019 3004 3155
f 2339 2435 2436 2338
f 2391 2323 2322 2392
f 4726 4730 2321 2393
f 3059 3060 3070 3069
f 3061 3062 3072 3071
f 2338 2436 2437 2337
f 3069 3070 3068 3067
f 2385 2319 2318 2386
f 3039 3040 3064 3063
f 3033 3034 3066 3065
f 2380 2314 2313 2381
f 3073 3074 3062 3061
f 2607 3149 3151 2635
f 4736 4735 2413 2316
f 3075 3076 3058 3057
f 3071 3072 3060 3059
f 2521 2479 2478 2520
f 2457 2468 2467 2458
f 2456 2469 2468 2457
f 2551 2458 2459 2550
f 2506 2615 2616 2507
f 2226 2285 2284 2227
f 3073 2716 2697 3057
f 2584 2454 2453 2583
f 2780 2779 2801 2802
f 2507 2616 2617 2508
f 2781 2780 2802 2803
f 2782 2781 2803 2804
f 2586 3092 2455 2585
f 2623 2571 2572 2622
f 3144 3131 2553 2540
f 2808 2809 2690 2689
f 2425 2349 2348 2426
f 2707 3107 3086 2684
f 2441 2363 2362 2442
f 2552 2457 2458 2551
f 2522 2480 2479 2521
f 2575 2584 2583 2576
f 2986 2998 2349 2425
f 4711 4708 2350 2434
f 2905 2904 2901 2900
f 2807 2808 2689 2688
f 2622 2572 2573 2621
f 2585 2455 2454 2584
f 3075 2663 2642 3055
f 2208 2207 2264 2263
f 4823 4801 2201 2306
f 2285 2250 2251 2284
f 4812 4809 2261 2294
f 2210 2269 2268 2211
f 4801 4802 2205 2201
f 2214 2273 2272 2215
f 4819 4814 2282 2229
f 2198 2202 2203 2199
f 2289 2238 2239 2288
f 4822 4815 2278 2302
f 2218 2277 2276 2219
f 4807 4819 2229 2225
f 4817 4804 2213 2270
f 2203 2202 2206 2207
f 4806 4816 2274 2221
f 2921 2672 3105 3124
f 2277 2214 2215 2276
f 4813 4824 2241 2286
f 4816 4805 2217 2274
f 4805 4817 2270 2217
f 2222 2226 2227 2223
f 4814 4818 2253 2282
f 2305 2281 2280 2304
f 4804 4826 2266 2213
f 4826 4828 2233 2266
f 2661 2660 2645 2644
f 2469 2512 2513 2468
f 2544 2549 2548 2545
f 3116 2814 2695 3106
f 2895 2896 2942 2943
f 2430 2354 2353 2431
f 2420 2425 2426 2421
f 2587 2607 2608 2588
f 2632 2507 2508 2631
f 2561 2598 2599 2560
f 2977 2978 2369 2445
f 2714 2713 2700 2699
f 2896 2897 2941 2942
f 2421 2426 2427 2422
f 2909 2908 2897 2896
f 2545 2548 2547 2546
f 2626 2568 2569 2625
f 2640 2545 2546 2641
f 3123 2883 2880 3122
f 2775 2774 2796 2797
f 2510 2619 2620 2511
f 3113 2773 2795 3115
f 2468 2513 2514 2467
f 2716 2715 2698 2697
f 2496 2499 2498 2497
f 2548 2461 2462 2547
f 2588 2608 2609 2589
f 2269 2230 2231 2268
f 2577 2582 2581 2578
f 2576 2583 2582 2577
f 2906 2905 2900 2899
f 2907 2906 2899 2898
f 2848 2847 2911 2912
f 2766 2765 2756 2755
f 2873 2874 2779 2780
f 2754 2755 2733 2734
f 2869 2868 2851 2850
f 2767 2766 2755 2754
f 2872 2873 2780 2781
f 2574 2585 2584 2575
f 2204 2203 2207 2208
f 3049 2749 2771 3047
f 4634 4647 2230 2269
f 2908 2907 2898 2897
f 4702 4701 2384 2379
f 2613 2612 2640 2641
f 2445 2369 2368 2446
f 2857 3120 3117 2818
f 2758 3111 3109 2730
f 2650 3103 3123 2884
f 2818 3117 3116 2813
f 2683 3086 3107 2708
f 4802 2204 2208 4803
f 3041 2664 2913 3063
f 3134 2606 3090 3148
f 3086 3087 2933 2684
f 3089 3101 3132 2566
f 2706 3095 3094 2707
f 3109 2729 2673 3105
f 2862 3121 3120 2857
f 2694 3106 3118 2829
f 3002 3003 3136 3138
f 2840 3119 3099 2904
f 2796 3115 3114 2791
f 2741 3110 3112 2763
f 2791 3114 3108 2719
f 2879 3122 3113 2774
f 2705 3088 3104 2655
f 2937 3125 3087 2932
f 2731 2730 2672 2671
f 2813 3116 3106 2694
f 2921 3124 3121 2862
f 2904 3099 3085 2901
f 2901 3085 3125 2937
f 2932 3087 3086 2683
f 2708 3107 3088 2705
f 2655 3104 3103 2650
f 2884 3123 3122 2879
f 2763 3112 3111 2758
f 3023 3017 3148 3132
f 3024 3100 3101 3130
f 3009 3026 3139 3127
f 3011 3010 3126 3137
f 3020 3002 3138 3093
f 3012 3011 3137 3131
f 3022 3016 3146 3134
f 2774 3113 3115 2796
f 3010 3027 3142 3126
f 2719 3108 3110 2741
f 4803 2208 2263 4808
f 3148 3090 2566 3132
f 3181 3180 2176 2122
f 3173 3172 3166 3167
f 3171 3170 3168 3169
f 2106 2152 3170 3171
f 3169 3168 3172 3173
f 3177 3176 3174 3175
f 3167 3166 3176 3177
f 3175 3174 3178 3179
f 3190 3168 3170 3191
f 3048 3182 3183 3050
f 3184 3182 3048 3044
f 3185 3184 3044 3084
f 3186 3185 3084 3042
f 3187 3186 3042 3064
f 3179 3178 3180 3181
f 3188 3187 3064 3040
f 3189 3038 3036 2174
f 3192 3190 3182 3184
f 3193 3192 3184 3185
f 3194 3193 3185 3186
f 3195 3194 3186 3187
f 3196 3195 3187 3188
f 3197 3196 3188 3189
f 3180 3178 3196 3197
f 3178 3174 3195 3196
f 3174 3176 3194 3195
f 3176 3166 3193 3194
f 3166 3172 3192 3193
f 3172 3168 3190 3192
f 3182 3190 3191 3183
f 2150 3082 3050 3183
f 3197 3189 2174 2175
f 3180 3197 2175 2176
f 2151 2150 3183 3191
f 2152 2151 3191 3170
f 1116 204 3753 4477
f 4478 3755 3754 4476
f 4477 3753 3755 4478
f 3198 3202 3204 3200
f 3200 3204 3203 3199
f 3201 15 3202 3198
f 3440 3405 3213 3438
f 3441 3408 3214 3439
f 3442 3411 3215 3377
f 3306 3299 3223 3224
f 3313 3300 3221 3262
f 3312 3301 3219 3258
f 3316 3302 3217 3274
f 3374 3303 3225 3370
f 3314 3307 3222 3266
f 3311 3308 3220 3254
f 3315 3309 3218 3270
f 3384 3349 3216 3377
f 3360 3352 3215 3289
f 3373 3277 3226 3371
f 3298 3278 3227 3275
f 3295 3280 3231 3263
f 3293 3282 3230 3255
f 3294 3283 3229 3259
f 3297 3270 3218 3279
f 3296 3281 3232 3267
f 3285 3284 3233 3234
f 3318 3285 3234 3310
f 3407 3286 3235 3406
f 3410 3287 3236 3409
f 3413 3288 3237 3412
f 3359 3290 3249 3348
f 3383 3329 3239 3378
f 3356 3346 3247 3268
f 3354 3345 3246 3260
f 3355 3343 3243 3264
f 3357 3342 3241 3272
f 3344 3351 3244 3245
f 3353 3350 3242 3256
f 3358 3341 3240 3276
f 3376 3349 3239 3372
f 3340 3291 3250 3333
f 3381 3379 3251 3292
f 3327 3310 3319 3777
f 3777 3319 3320 3778
f 3343 3353 3256 3243
f 3280 3293 3255 3231
f 3300 3311 3254 3221
f 3778 3320 3457 3779
f 3350 3354 3260 3242
f 3282 3294 3259 3230
f 3308 3312 3258 3220
f 3310 3234 3398 3319
f 3346 3355 3264 3247
f 3281 3295 3263 3232
f 3307 3313 3262 3222
f 3319 3398 3437 3320
f 3368 3356 3268 3364
f 3365 3296 3267 3363
f 3366 3314 3266 3362
f 3400 3397 3752 3776
f 3345 3357 3272 3246
f 3283 3219 3270 3297
f 3301 3315 3270 3219
f 3398 3400 3776 3437
f 3342 3358 3276 3241
f 3279 3298 3275 3228
f 3309 3316 3274 3218
f 3218 3274 3298 3279
f 3229 3283 3297 3271
f 3362 3266 3296 3365
f 3222 3262 3295 3281
f 3220 3258 3294 3282
f 3221 3254 3293 3280
f 3397 3399 3443 3752
f 3774 1 3443 3399
f 3380 3381 3292 3252
f 3332 3248 3291 3340
f 3344 3245 3290 3359
f 3411 3214 3288 3413
f 3408 3213 3287 3410
f 3405 3212 3286 3407
f 3306 3224 3285 3318
f 3224 3223 3284 3285
f 3266 3222 3281 3296
f 3271 3297 3279 3228
f 3258 3219 3283 3294
f 3254 3220 3282 3293
f 3262 3221 3280 3295
f 3274 3217 3278 3298
f 3370 3225 3277 3373
f 3347 3360 3289 3238
f 3252 3292 3317 3305
f 3379 3382 3304 3251
f 3292 3251 3304 3317
f 3751 3436 3470 3728
f 3324 3306 3318 3328
f 3322 3339 3316 3309
f 3325 3338 3315 3301
f 3367 3337 3314 3366
f 3326 3336 3313 3307
f 3330 3335 3312 3308
f 3323 3334 3311 3300
f 3328 3318 3310 3327
f 3337 3326 3307 3314
f 3335 3325 3301 3312
f 3336 3323 3300 3313
f 3338 3322 3309 3315
f 3324 3331 3299 3306
f 3334 3330 3308 3311
f 3339 3321 3302 3316
f 3372 3239 3329 3375
f 3276 3240 3321 3339
f 3256 3242 3330 3334
f 3245 3244 3331 3324
f 3272 3241 3322 3338
f 3264 3243 3323 3336
f 3260 3246 3325 3335
f 3268 3247 3326 3337
f 3290 3328 3327 3249
f 3243 3256 3334 3323
f 3242 3260 3335 3330
f 3247 3264 3336 3326
f 3364 3268 3337 3367
f 3246 3272 3338 3325
f 3241 3276 3339 3322
f 3245 3324 3328 3290
f 3375 3329 3303 3374
f 3304 3332 3340 3317
f 3317 3340 3333 3305
f 3250 3291 3360 3347
f 3212 3344 3359 3286
f 3206 3273 3358 3342
f 3207 3269 3357 3345
f 3361 3265 3356 3368
f 3210 3261 3355 3346
f 3208 3257 3354 3350
f 3209 3253 3353 3343
f 3369 3216 3349 3376
f 3273 3205 3341 3358
f 3253 3208 3350 3353
f 3212 3211 3351 3344
f 3269 3206 3342 3357
f 3261 3209 3343 3355
f 3257 3207 3345 3354
f 3265 3210 3346 3356
f 3286 3359 3348 3235
f 3291 3248 3352 3360
f 3378 3239 3349 3384
f 3211 3361 3368 3351
f 3244 3364 3367 3331
f 3382 3303 3329 3383
f 3223 3362 3365 3284
f 3299 3366 3362 3223
f 3284 3365 3363 3233
f 3351 3368 3364 3244
f 3205 3369 3376 3341
f 3240 3372 3375 3321
f 3331 3367 3366 3299
f 3217 3370 3373 3278
f 3341 3376 3372 3240
f 3278 3373 3371 3227
f 3302 3374 3370 3217
f 3248 3378 3384 3352
f 3321 3375 3374 3302
f 3225 3303 3382 3379
f 3226 3277 3381 3380
f 3277 3225 3379 3381
f 3332 3383 3378 3248
f 3352 3384 3377 3215
f 3401 3773 3255 3230
f 3402 3401 3230 3259
f 3363 3267 3399 3397
f 3234 3233 3400 3398
f 3233 3363 3397 3400
f 3394 3393 3387 3388
f 3396 3395 3385 3386
f 3395 3394 3388 3385
f 3388 3387 3391 3392
f 3386 3385 3389 3390
f 3385 3388 3392 3389
f 3776 3752 3394 3395
f 3437 3776 3395 3396
f 3752 3443 3393 3394
f 199 3720 3391 3387
f 18 199 3387 3393
f 1 18 3393 3443
f 3232 3263 17 3774
f 3263 3231 16 17
f 3231 3255 3773 16
f 3399 3267 3232 3774
f 3391 3720 3201 3198
f 3392 3391 3198 3200
f 3389 3392 3200 3199
f 3390 3389 3199 3403
f 3404 3403 3199 3203
f 4479 3404 3203 4476
f 3249 3327 3777 3783
f 3406 3235 3795 3450
f 3304 3382 3383 3332
f 3235 3348 3789 3795
f 3348 3249 3783 3789
f 3252 3305 3435 3419
f 3347 3238 3446 3449
f 3412 3237 3445 3452
f 3371 3226 3425 3428
f 3250 3347 3449 3447
f 3333 3250 3447 3448
f 3380 3252 3419 3422
f 3226 3380 3422 3425
f 3229 3271 12 3775
f 3271 3228 3414 12
f 3228 3275 3433 3414
f 3275 3227 3431 3433
f 3402 3259 3229 3775
f 3431 3227 3371 3428
f 3451 3409 3236 3444
f 3236 3406 3450 3444
f 3213 3405 3407 3287
f 3287 3407 3406 3236
f 3211 3212 3405 3440
f 3445 3237 3409 3451
f 3214 3408 3410 3288
f 3288 3410 3409 3237
f 3438 3213 3408 3441
f 3238 3412 3452 3446
f 3215 3411 3413 3289
f 3289 3413 3412 3238
f 3439 3214 3411 3442
f 19 3415 3416 3722
f 12 3414 3415 19
f 3416 3415 3432 3721
f 3421 3422 3419 3418
f 3423 3424 3421 3420
f 3425 3422 3421 3424
f 3427 3424 3423 3426
f 3427 3428 3425 3424
f 3429 3430 3427 3426
f 3431 3428 3427 3430
f 3432 3430 3429 3721
f 3432 3433 3431 3430
f 3415 3414 3433 3432
f 3417 3418 3434 3436
f 3418 3419 3435 3434
f 3421 3418 3417 3420
f 3305 3333 3448 3435
f 3403 3404 3456 3455
f 3396 3386 3454 3457
f 4479 3756 3757 4480
f 3390 3403 3455 3453
f 3386 3390 3453 3454
f 4480 3757 3723 4460
f 3534 3533 3459 3460
f 3733 3534 3460 3724
f 3732 3521 3461 3725
f 3521 3520 3462 3461
f 3546 3471 3464 3537
f 3579 3576 3466 3540
f 3589 3586 3468 3543
f 4464 4461 3727 3736
f 3436 3434 3469 3470
f 3493 3492 3529 3522
f 3492 3498 3530 3529
f 3502 3501 3525 3528
f 3501 3507 3524 3525
f 3507 3510 3523 3524
f 3510 3493 3522 3523
f 3511 3502 3528 3527
f 3514 3511 3527 3526
f 3487 3519 3520 3521
f 3729 3487 3521 3732
f 3517 3469 3448 3516
f 3549 3474 3471 3546
f 3552 3476 3474 3549
f 3555 3478 3476 3552
f 3523 3522 3464 3471
f 3524 3523 3471 3474
f 3525 3524 3474 3476
f 3558 3480 3478 3555
f 3561 3482 3480 3558
f 3531 3462 3482 3561
f 3567 3486 3483 3564
f 3537 3464 3486 3567
f 3520 3519 3514 3526
f 3519 3518 3515 3514
f 3518 3517 3516 3515
f 3728 3470 3489 3731
f 3731 3489 3488 3730
f 3730 3488 3487 3729
f 3470 3469 3517 3489
f 3489 3517 3518 3488
f 3488 3518 3519 3487
f 3448 3447 3513 3516
f 3516 3513 3512 3515
f 3515 3512 3511 3514
f 3447 3449 3504 3513
f 3513 3504 3503 3512
f 3512 3503 3502 3511
f 3445 3451 3495 3508
f 3508 3495 3494 3509
f 3509 3494 3493 3510
f 3452 3445 3508 3505
f 3505 3508 3509 3506
f 3506 3509 3510 3507
f 3446 3452 3505 3499
f 3499 3505 3506 3500
f 3500 3506 3507 3501
f 3449 3446 3499 3504
f 3504 3499 3500 3503
f 3503 3500 3501 3502
f 3444 3450 3496 3490
f 3490 3496 3497 3491
f 3491 3497 3498 3492
f 3451 3444 3490 3495
f 3495 3490 3491 3494
f 3494 3491 3492 3493
f 3483 3486 3529 3530
f 3486 3464 3522 3529
f 3476 3478 3528 3525
f 3478 3480 3527 3528
f 3480 3482 3526 3527
f 3482 3462 3520 3526
f 3463 3539 3569 3485
f 3539 3538 3568 3569
f 3538 3537 3567 3568
f 3485 3569 3566 3484
f 3569 3568 3565 3566
f 3568 3567 3564 3565
f 3459 3533 3563 3481
f 3533 3532 3562 3563
f 3532 3531 3561 3562
f 3481 3563 3560 3479
f 3563 3562 3559 3560
f 3562 3561 3558 3559
f 3479 3560 3557 3477
f 3560 3559 3556 3557
f 3559 3558 3555 3556
f 3477 3557 3554 3475
f 3557 3556 3553 3554
f 3556 3555 3552 3553
f 3475 3554 3551 3473
f 3554 3553 3550 3551
f 3553 3552 3549 3550
f 3473 3551 3548 3472
f 3551 3550 3547 3548
f 3550 3549 3546 3547
f 4465 4462 3738 3726
f 4462 4463 3737 3738
f 4463 4464 3736 3737
f 3590 3587 3545 3467
f 3587 3588 3544 3545
f 3588 3589 3543 3544
f 3580 3577 3542 3465
f 3577 3578 3541 3542
f 3578 3579 3540 3541
f 3472 3548 3539 3463
f 3548 3547 3538 3539
f 3547 3546 3537 3538
f 3725 3461 3536 3735
f 3735 3536 3535 3734
f 3734 3535 3534 3733
f 3461 3462 3531 3536
f 3536 3531 3532 3535
f 3535 3532 3533 3534
f 3801 3496 3450 3795
f 3497 3496 3801 3807
f 3498 3497 3807 3813
f 3530 3498 3813 3570
f 3565 3564 3575 3574
f 3566 3565 3574 3573
f 3484 3566 3573 3572
f 3564 3483 3571 3575
f 3574 3575 3579 3578
f 3573 3574 3578 3577
f 3572 3573 3577 3580
f 3575 3571 3576 3579
f 3541 3540 3585 3584
f 3542 3541 3584 3583
f 3465 3542 3583 3582
f 3540 3466 3581 3585
f 3584 3585 3589 3588
f 3583 3584 3588 3587
f 3582 3583 3587 3590
f 3585 3581 3586 3589
f 3544 3543 3595 3594
f 3545 3544 3594 3593
f 3467 3545 3593 3592
f 3543 3468 3591 3595
f 3571 3483 3530 3570
f 3466 3576 3598 3596
f 3468 3586 3600 3597
f 4461 3591 3601 4466
f 3581 3466 3596 3599
f 3586 3581 3599 3600
f 3591 3468 3597 3601
f 3598 3576 3571 3570
f 4467 3740 3739 4466
f 4468 3741 3740 4467
f 4482 3769 3741 4468
f 4469 3742 3769 4482
f 4483 3770 3742 4469
f 4460 3723 3743 4470
f 4470 3743 3770 4483
f 3469 3434 3435 3448
f 3320 3437 3396 3457
f 3631 3630 3613 3614
f 3641 3640 3624 3623
f 3651 3650 3621 3619
f 3658 3657 3625 3612
f 3668 3667 3617 3618
f 3767 3677 3609 3766
f 3683 3682 3611 3622
f 3693 3692 3620 3610
f 3677 3702 3608 3609
f 3708 3707 3615 3616
f 3692 3651 3619 3620
f 3707 3631 3614 3615
f 4474 3749 3758 4481
f 3650 3683 3622 3621
f 3640 3658 3612 3624
f 3682 3641 3623 3611
f 3630 3693 3610 3613
f 3667 3708 3616 3617
f 3702 3668 3618 3608
f 3459 3481 3672 3698
f 3698 3672 3671 3699
f 3699 3671 3670 3700
f 3700 3670 3669 3701
f 3701 3669 3668 3702
f 3479 3477 3712 3663
f 3663 3712 3711 3664
f 3664 3711 3710 3665
f 3665 3710 3709 3666
f 3666 3709 3708 3667
f 3472 3463 3697 3626
f 3626 3697 3696 3627
f 3627 3696 3695 3628
f 3628 3695 3694 3629
f 3629 3694 3693 3630
f 3465 3582 3645 3678
f 3678 3645 3644 3679
f 3679 3644 3643 3680
f 3680 3643 3642 3681
f 3681 3642 3641 3682
f 3590 3467 3662 3636
f 3636 3662 3661 3637
f 3637 3661 3660 3638
f 3638 3660 3659 3639
f 3639 3659 3658 3640
f 3572 3580 3687 3646
f 3646 3687 3686 3647
f 3647 3686 3685 3648
f 3648 3685 3684 3649
f 3649 3684 3683 3650
f 4465 3726 3746 4471
f 4471 3746 3750 4472
f 4459 4472 3750 3747
f 4473 3748 3749 4474
f 3475 3473 3635 3703
f 3703 3635 3634 3704
f 3704 3634 3633 3705
f 3705 3633 3632 3706
f 3706 3632 3631 3707
f 3485 3484 3655 3688
f 3688 3655 3654 3689
f 3689 3654 3653 3690
f 3690 3653 3652 3691
f 3691 3652 3651 3692
f 3477 3475 3703 3712
f 3712 3703 3704 3711
f 3711 3704 3705 3710
f 3710 3705 3706 3709
f 3709 3706 3707 3708
f 3460 3459 3698 3673
f 3673 3698 3699 3674
f 3674 3699 3700 3675
f 3675 3700 3701 3676
f 3676 3701 3702 3677
f 3463 3485 3688 3697
f 3697 3688 3689 3696
f 3696 3689 3690 3695
f 3695 3690 3691 3694
f 3694 3691 3692 3693
f 3580 3465 3678 3687
f 3687 3678 3679 3686
f 3686 3679 3680 3685
f 3685 3680 3681 3684
f 3684 3681 3682 3683
f 3724 3460 3673 3745
f 3745 3673 3674 3772
f 3772 3674 3675 3744
f 3744 3675 3676 3771
f 3771 3676 3677 3767
f 3481 3479 3663 3672
f 3672 3663 3664 3671
f 3671 3664 3665 3670
f 3670 3665 3666 3669
f 3669 3666 3667 3668
f 3467 3592 3656 3662
f 3662 3656 3717 3661
f 3661 3717 3718 3660
f 3660 3718 3719 3659
f 3659 3719 3657 3658
f 3484 3572 3646 3655
f 3655 3646 3647 3654
f 3654 3647 3648 3653
f 3653 3648 3649 3652
f 3652 3649 3650 3651
f 3582 3590 3636 3645
f 3645 3636 3637 3644
f 3644 3637 3638 3643
f 3643 3638 3639 3642
f 3642 3639 3640 3641
f 3473 3472 3626 3635
f 3635 3626 3627 3634
f 3634 3627 3628 3633
f 3633 3628 3629 3632
f 3632 3629 3630 3631
f 3714 3713 4490 4491
f 4484 4494 4493 4485
f 4489 3714 4491 4492
f 4493 4494 3713 3714
f 3609 3608 3716 3715
f 4473 4459 3747 3748
f 215 3722 3416 3759
f 3761 3420 3417 3760
f 3762 3423 3420 3761
f 3763 3426 3423 3762
f 3764 3429 3426 3763
f 3765 3721 3429 3764
f 3759 3416 3721 3765
f 3760 3417 3436 3751
f 3766 3609 3715 3768
f 3778 3784 3783 3777
f 3784 3790 3789 3783
f 3790 3796 3795 3789
f 3796 3802 3801 3795
f 3802 3808 3807 3801
f 3808 3814 3813 3807
f 3814 3598 3570 3813
f 3779 3785 3784 3778
f 3785 3791 3790 3784
f 3791 3797 3796 3790
f 3797 3803 3802 3796
f 3803 3809 3808 3802
f 3809 3815 3814 3808
f 3815 3596 3598 3814
f 3454 3780 3779 3457
f 3780 3786 3785 3779
f 3786 3792 3791 3785
f 3792 3798 3797 3791
f 3798 3804 3803 3797
f 3804 3810 3809 3803
f 3810 3816 3815 3809
f 3816 3599 3596 3815
f 3453 3781 3780 3454
f 3781 3787 3786 3780
f 3787 3793 3792 3786
f 3793 3799 3798 3792
f 3799 3805 3804 3798
f 3805 3811 3810 3804
f 3811 3817 3816 3810
f 3817 3600 3599 3816
f 3455 3782 3781 3453
f 3782 3788 3787 3781
f 3788 3794 3793 3787
f 3794 3800 3799 3793
f 3800 3806 3805 3799
f 3806 3812 3811 3805
f 3812 3818 3817 3811
f 3818 3597 3600 3817
f 3456 3458 3782 3455
f 3458 3606 3788 3782
f 3606 3607 3794 3788
f 3607 3605 3800 3794
f 3605 3604 3806 3800
f 3604 3603 3812 3806
f 3603 3602 3818 3812
f 3602 3601 3597 3818
f 4529 4528 3819 3821
f 4528 4530 3820 3819
f 4532 4531 3822 3824
f 4531 4533 3823 3822
f 4535 4534 3825 3827
f 4534 4536 3826 3825
f 3827 3825 3828 3830
f 3825 3826 3829 3828
f 4289 4159 4160 4290
f 4095 4373 4374 4359
f 4358 3872 4375 4087
f 4098 3880 3872 4358
f 4097 3877 3844 4086
f 4096 3874 3843 4085
f 4094 3869 3842 4084
f 4090 3860 3841 4083
f 4088 3854 3840 4082
f 4089 3857 3839 4081
f 4092 3866 3838 4080
f 4093 3868 4376 4371
f 4124 4357 4356 3881
f 4120 4130 3852 3867
f 4117 4129 3850 3858
f 4116 4128 3849 3855
f 4118 4127 3848 3861
f 4121 4126 3847 3871
f 4122 4125 3846 3875
f 4123 4115 3845 3878
f 4129 4116 3855 3850
f 4081 3839 3854 4088
f 4130 4117 3858 3852
f 4080 3838 3857 4089
f 4128 4118 3861 3849
f 4082 3840 3860 4090
f 4127 4119 3864 3848
f 4083 3841 3863 4091
f 4351 4120 3867 4352
f 4371 4376 3866 4092
f 4359 4374 3868 4093
f 4119 4121 3871 3864
f 4091 3863 3869 4094
f 4087 4375 4373 4095
f 4126 4122 3875 3847
f 4084 3842 3874 4096
f 4125 4123 3878 3846
f 4085 3843 3877 4097
f 4115 4124 3881 3845
f 4086 3844 3880 4098
f 4020 3890 3903 4072
f 4016 3889 3902 4068
f 4012 3888 3901 4064
f 4024 3891 3899 4056
f 4040 3895 3898 4052
f 4079 3882 3897 4048
f 3992 3883 3896 4044
f 4008 3887 3895 4040
f 4004 3886 3894 4036
f 3996 3884 3893 4032
f 4000 3885 3892 4028
f 4056 3899 3882 4079
f 4060 3900 3891 4024
f 4072 3903 3900 4060
f 4068 3902 3890 4020
f 4064 3901 3889 4016
f 4052 3898 3888 4012
f 4036 3894 3887 4008
f 4028 3892 3886 4004
f 4032 3893 3885 4000
f 4044 3896 3884 3996
f 4048 3897 3883 3992
f 3890 3939 3991 3903
f 3939 3938 3990 3991
f 3938 3937 3989 3990
f 3937 3936 3988 3989
f 3889 3935 3987 3902
f 3935 3934 3986 3987
f 3934 3933 3985 3986
f 3933 3932 3984 3985
f 3888 3931 3983 3901
f 3931 3930 3982 3983
f 3930 3929 3981 3982
f 3929 3928 3980 3981
f 3891 3943 3975 3899
f 3943 3942 3974 3975
f 3942 3941 3973 3974
f 3941 3940 3972 3973
f 3895 3959 3971 3898
f 3959 3958 3970 3971
f 3958 3957 3969 3970
f 3957 3956 3968 3969
f 3882 3904 3967 3897
f 3904 3905 3966 3967
f 3905 3906 3965 3966
f 3906 3907 3964 3965
f 3883 3911 3963 3896
f 3911 3910 3962 3963
f 3910 3909 3961 3962
f 3909 3908 3960 3961
f 3887 3927 3959 3895
f 3927 3926 3958 3959
f 3926 3925 3957 3958
f 3925 3924 3956 3957
f 3886 3923 3955 3894
f 3923 3922 3954 3955
f 3922 3921 3953 3954
f 3921 3920 3952 3953
f 3884 3915 3951 3893
f 3915 3914 3950 3951
f 3914 3913 3949 3950
f 3913 3912 3948 3949
f 3885 3919 3947 3892
f 3919 3918 3946 3947
f 3918 3917 3945 3946
f 3917 3916 3944 3945
f 3899 3975 3904 3882
f 3975 3974 3905 3904
f 3974 3973 3906 3905
f 3973 3972 3907 3906
f 3900 3979 3943 3891
f 3979 3978 3942 3943
f 3978 3977 3941 3942
f 3977 3976 3940 3941
f 3903 3991 3979 3900
f 3991 3990 3978 3979
f 3990 3989 3977 3978
f 3989 3988 3976 3977
f 3902 3987 3939 3890
f 3987 3986 3938 3939
f 3986 3985 3937 3938
f 3985 3984 3936 3937
f 3901 3983 3935 3889
f 3983 3982 3934 3935
f 3982 3981 3933 3934
f 3981 3980 3932 3933
f 3898 3971 3931 3888
f 3971 3970 3930 3931
f 3970 3969 3929 3930
f 3969 3968 3928 3929
f 3894 3955 3927 3887
f 3955 3954 3926 3927
f 3954 3953 3925 3926
f 3953 3952 3924 3925
f 3892 3947 3923 3886
f 3947 3946 3922 3923
f 3946 3945 3921 3922
f 3945 3944 3920 3921
f 3893 3951 3919 3885
f 3951 3950 3918 3919
f 3950 3949 3917 3918
f 3949 3948 3916 3917
f 3896 3963 3915 3884
f 3963 3962 3914 3915
f 3962 3961 3913 3914
f 3961 3960 3912 3913
f 3897 3967 3911 3883
f 3967 3966 3910 3911
f 3966 3965 3909 3910
f 3965 3964 3908 3909
f 3868 4051 3995 4376
f 4051 4050 3994 3995
f 4050 4049 3993 3994
f 4049 4048 3992 3993
f 3866 4047 3999 3838
f 4047 4046 3998 3999
f 4046 4045 3997 3998
f 4045 4044 3996 3997
f 3857 4035 4003 3839
f 4035 4034 4002 4003
f 4034 4033 4001 4002
f 4033 4032 4000 4001
f 3854 4031 4007 3840
f 4031 4030 4006 4007
f 4030 4029 4005 4006
f 4029 4028 4004 4005
f 3860 4039 4011 3841
f 4039 4038 4010 4011
f 4038 4037 4009 4010
f 4037 4036 4008 4009
f 3869 4055 4015 3842
f 4055 4054 4014 4015
f 4054 4053 4013 4014
f 4053 4052 4012 4013
f 3874 4067 4019 3843
f 4067 4066 4018 4019
f 4066 4065 4017 4018
f 4065 4064 4016 4017
f 3877 4071 4023 3844
f 4071 4070 4022 4023
f 4070 4069 4021 4022
f 4069 4068 4020 4021
f 3880 4075 4063 3872
f 4075 4074 4062 4063
f 4074 4073 4061 4062
f 4073 4072 4060 4061
f 3872 4063 4027 4375
f 4063 4062 4026 4027
f 4062 4061 4025 4026
f 4061 4060 4024 4025
f 4373 4059 4076 4374
f 4059 4058 4077 4076
f 4058 4057 4078 4077
f 4057 4056 4079 4078
f 3839 4003 4031 3854
f 4003 4002 4030 4031
f 4002 4001 4029 4030
f 4001 4000 4028 4029
f 3838 3999 4035 3857
f 3999 3998 4034 4035
f 3998 3997 4033 4034
f 3997 3996 4032 4033
f 3840 4007 4039 3860
f 4007 4006 4038 4039
f 4006 4005 4037 4038
f 4005 4004 4036 4037
f 3841 4011 4043 3863
f 4011 4010 4042 4043
f 4010 4009 4041 4042
f 4009 4008 4040 4041
f 4376 3995 4047 3866
f 3995 3994 4046 4047
f 3994 3993 4045 4046
f 3993 3992 4044 4045
f 4374 4076 4051 3868
f 4076 4077 4050 4051
f 4077 4078 4049 4050
f 4078 4079 4048 4049
f 3863 4043 4055 3869
f 4043 4042 4054 4055
f 4042 4041 4053 4054
f 4041 4040 4052 4053
f 4375 4027 4059 4373
f 4027 4026 4058 4059
f 4026 4025 4057 4058
f 4025 4024 4056 4057
f 3842 4015 4067 3874
f 4015 4014 4066 4067
f 4014 4013 4065 4066
f 4013 4012 4064 4065
f 3843 4019 4071 3877
f 4019 4018 4070 4071
f 4018 4017 4069 4070
f 4017 4016 4068 4069
f 3844 4023 4075 3880
f 4023 4022 4074 4075
f 4022 4021 4073 4074
f 4021 4020 4072 4073
f 3837 4086 4098 3879
f 3836 4085 4097 3876
f 3835 4084 4096 3873
f 3862 4091 4094 3870
f 4372 4371 4092 3865
f 3834 4083 4091 3862
f 3833 4082 4090 3859
f 3831 4080 4089 3856
f 3832 4081 4088 3853
f 3865 4092 4080 3831
f 3856 4089 4081 3832
f 3853 4088 4082 3833
f 3859 4090 4083 3834
f 3870 4094 4084 3835
f 3873 4096 4085 3836
f 3876 4097 4086 3837
f 3879 4098 4358 4377
f 3837 3879 4114 4105
f 3836 3876 4113 4099
f 3835 3873 4112 4100
f 3862 3870 4111 4109
f 4372 3865 4110 4378
f 3834 3862 4109 4101
f 3833 3859 4108 4102
f 3831 3856 4107 4104
f 3832 3853 4106 4103
f 3876 3837 4105 4113
f 3873 3836 4099 4112
f 3870 3835 4100 4111
f 3859 3834 4101 4108
f 3853 3833 4102 4106
f 3856 3832 4103 4107
f 3865 3831 4104 4110
f 3879 4377 4360 4114
f 4105 4114 4124 4115
f 4099 4113 4123 4125
f 4100 4112 4122 4126
f 4109 4111 4121 4119
f 4378 4110 4120 4351
f 4101 4109 4119 4127
f 4102 4108 4118 4128
f 4104 4107 4117 4130
f 4103 4106 4116 4129
f 4113 4105 4115 4123
f 4112 4099 4125 4122
f 4111 4100 4126 4121
f 4108 4101 4127 4118
f 4106 4102 4128 4116
f 4107 4103 4129 4117
f 4110 4104 4130 4120
f 4114 4360 4357 4124
f 3845 3881 4341 4131
f 4131 4341 4342 4132
f 4132 4342 4343 4133
f 4133 4343 4344 4134
f 4134 4344 4345 4135
f 4135 4345 4346 4136
f 4136 4346 4347 4137
f 4137 4347 4348 4138
f 4138 4348 4349 4139
f 4139 4349 4350 4140
f 3846 3878 4331 4170
f 4170 4331 4332 4169
f 4169 4332 4333 4168
f 4168 4333 4334 4167
f 4167 4334 4335 4166
f 4166 4335 4336 4165
f 4165 4336 4337 4164
f 4164 4337 4338 4163
f 4163 4338 4339 4162
f 4162 4339 4340 4161
f 3847 3875 4321 4180
f 4180 4321 4322 4179
f 4179 4322 4323 4178
f 4178 4323 4324 4177
f 4177 4324 4325 4176
f 4176 4325 4326 4175
f 4175 4326 4327 4174
f 4174 4327 4328 4173
f 4173 4328 4329 4172
f 4172 4329 4330 4171
f 4355 4354 4301 4220
f 4220 4301 4302 4219
f 4219 4302 4303 4218
f 4218 4303 4304 4217
f 4217 4304 4305 4216
f 4216 4305 4306 4215
f 4215 4306 4307 4214
f 4214 4307 4308 4213
f 4213 4308 4309 4212
f 4212 4309 4310 4211
f 3864 3871 4291 4261
f 4261 4291 4292 4262
f 4262 4292 4293 4263
f 4263 4293 4294 4264
f 4264 4294 4295 4265
f 4265 4295 4296 4266
f 4266 4296 4297 4267
f 4267 4297 4298 4268
f 4268 4298 4299 4269
f 4269 4299 4300 4270
f 3851 4353 4281 4141
f 4141 4281 4282 4142
f 4142 4282 4283 4143
f 4143 4283 4284 4144
f 4144 4284 4285 4145
f 4145 4285 4286 4146
f 4146 4286 4287 4147
f 4147 4287 4288 4148
f 4148 4288 4289 4149
f 4149 4289 4290 4150
f 4352 3867 4271 4151
f 4151 4271 4272 4152
f 4152 4272 4273 4153
f 4153 4273 4274 4154
f 4154 4274 4275 4155
f 4155 4275 4276 4156
f 4156 4276 4277 4157
f 4157 4277 4278 4158
f 4158 4278 4279 4159
f 4159 4279 4280 4160
f 3848 3864 4261 4190
f 4190 4261 4262 4189
f 4189 4262 4263 4188
f 4188 4263 4264 4187
f 4187 4264 4265 4186
f 4186 4265 4266 4185
f 4185 4266 4267 4184
f 4184 4267 4268 4183
f 4183 4268 4269 4182
f 4182 4269 4270 4181
f 3849 3861 4251 4200
f 4200 4251 4252 4199
f 4199 4252 4253 4198
f 4198 4253 4254 4197
f 4197 4254 4255 4196
f 4196 4255 4256 4195
f 4195 4256 4257 4194
f 4194 4257 4258 4193
f 4193 4258 4259 4192
f 4192 4259 4260 4191
f 3852 3858 4241 4230
f 4230 4241 4242 4229
f 4229 4242 4243 4228
f 4228 4243 4244 4227
f 4227 4244 4245 4226
f 4226 4245 4246 4225
f 4225 4246 4247 4224
f 4224 4247 4248 4223
f 4223 4248 4249 4222
f 4222 4249 4250 4221
f 3850 3855 4231 4210
f 4210 4231 4232 4209
f 4209 4232 4233 4208
f 4208 4233 4234 4207
f 4207 4234 4235 4206
f 4206 4235 4236 4205
f 4205 4236 4237 4204
f 4204 4237 4238 4203
f 4203 4238 4239 4202
f 4202 4239 4240 4201
f 3881 4356 4311 4341
f 4341 4311 4312 4342
f 4342 4312 4313 4343
f 4343 4313 4314 4344
f 4344 4314 4315 4345
f 4345 4315 4316 4346
f 4346 4316 4317 4347
f 4347 4317 4318 4348
f 4348 4318 4319 4349
f 4349 4319 4320 4350
f 3867 3852 4230 4271
f 4271 4230 4229 4272
f 4272 4229 4228 4273
f 4273 4228 4227 4274
f 4274 4227 4226 4275
f 4275 4226 4225 4276
f 4276 4225 4224 4277
f 4277 4224 4223 4278
f 4278 4223 4222 4279
f 4279 4222 4221 4280
f 4356 4355 4220 4311
f 4311 4220 4219 4312
f 4312 4219 4218 4313
f 4313 4218 4217 4314
f 4314 4217 4216 4315
f 4315 4216 4215 4316
f 4316 4215 4214 4317
f 4317 4214 4213 4318
f 4318 4213 4212 4319
f 3858 3850 4210 4241
f 4241 4210 4209 4242
f 4242 4209 4208 4243
f 4243 4208 4207 4244
f 4244 4207 4206 4245
f 4245 4206 4205 4246
f 4246 4205 4204 4247
f 4247 4204 4203 4248
f 4248 4203 4202 4249
f 4249 4202 4201 4250
f 4353 4352 4151 4281
f 4281 4151 4152 4282
f 4282 4152 4153 4283
f 4283 4153 4154 4284
f 4284 4154 4155 4285
f 4285 4155 4156 4286
f 4286 4156 4157 4287
f 4287 4157 4158 4288
f 4288 4158 4159 4289
f 4354 3851 4141 4301
f 4301 4141 4142 4302
f 4302 4142 4143 4303
f 4303 4143 4144 4304
f 4304 4144 4145 4305
f 4305 4145 4146 4306
f 4306 4146 4147 4307
f 4307 4147 4148 4308
f 4308 4148 4149 4309
f 4309 4149 4150 4310
f 3855 3849 4200 4231
f 4231 4200 4199 4232
f 4232 4199 4198 4233
f 4233 4198 4197 4234
f 4234 4197 4196 4235
f 4235 4196 4195 4236
f 4236 4195 4194 4237
f 4237 4194 4193 4238
f 4238 4193 4192 4239
f 4239 4192 4191 4240
f 3861 3848 4190 4251
f 4251 4190 4189 4252
f 4252 4189 4188 4253
f 4253 4188 4187 4254
f 4254 4187 4186 4255
f 4255 4186 4185 4256
f 4256 4185 4184 4257
f 4257 4184 4183 4258
f 4258 4183 4182 4259
f 4259 4182 4181 4260
f 3871 3847 4180 4291
f 4291 4180 4179 4292
f 4292 4179 4178 4293
f 4293 4178 4177 4294
f 4294 4177 4176 4295
f 4295 4176 4175 4296
f 4296 4175 4174 4297
f 4297 4174 4173 4298
f 4298 4173 4172 4299
f 4299 4172 4171 4300
f 3875 3846 4170 4321
f 4321 4170 4169 4322
f 4322 4169 4168 4323
f 4323 4168 4167 4324
f 4324 4167 4166 4325
f 4325 4166 4165 4326
f 4326 4165 4164 4327
f 4327 4164 4163 4328
f 4328 4163 4162 4329
f 4329 4162 4161 4330
f 3878 3845 4131 4331
f 4331 4131 4132 4332
f 4332 4132 4133 4333
f 4333 4133 4134 4334
f 4334 4134 4135 4335
f 4335 4135 4136 4336
f 4336 4136 4137 4337
f 4337 4137 4138 4338
f 4338 4138 4139 4339
f 4339 4139 4140 4340
f 4319 4212 4211 4320
f 4352 4353 4361 4351
f 4353 3851 4379 4361
f 3851 4354 4366 4379
f 4354 4355 4380 4366
f 4355 4356 4357 4380
f 4351 4361 4362 4378
f 4361 4379 4364 4362
f 4379 4366 4367 4364
f 4366 4380 4369 4367
f 4380 4357 4360 4369
f 4378 4362 4363 4372
f 4362 4364 4365 4363
f 4364 4367 4368 4365
f 4367 4369 4370 4368
f 4369 4360 4377 4370
f 4372 4363 4093 4371
f 4363 4365 4359 4093
f 4365 4368 4095 4359
f 4368 4370 4087 4095
f 4370 4377 4358 4087
f 4853 4850 4386 4398
f 4453 4451 4393 4401
f 4450 4848 4387 4395
f 4456 4455 4399 4384
f 4847 4458 4392 4400
f 4845 4453 4401 4383
f 4846 4452 4397 4390
f 4457 4846 4390 4396
f 4451 4450 4395 4393
f 4455 4851 4391 4399
f 4844 4457 4396 4388
f 4382 4845 4383 4402
f 4848 4381 4394 4387
f 4452 4449 4385 4397
f 4381 4844 4388 4394
f 4851 4454 4389 4391
f 4454 4847 4400 4389
f 4458 4853 4398 4392
f 4850 4849 4403 4386
f 4420 4414 4397 4385
f 4423 4410 4399 4391
f 4412 4426 4389 4400
f 4405 4425 4392 4398
f 4406 4424 4386 4403
f 4410 4422 4384 4399
f 4418 4421 4402 4383
f 4413 4420 4385 4404
f 4414 4419 4390 4397
f 4407 4418 4383 4401
f 4408 4417 4393 4395
f 4411 4416 4388 4396
f 4409 4415 4387 4394
f 4426 4423 4391 4389
f 4419 4411 4396 4390
f 4416 4409 4394 4388
f 4422 4413 4404 4384
f 4415 4408 4395 4387
f 4417 4407 4401 4393
f 4424 4405 4398 4386
f 4425 4412 4400 4392
f 4340 4140 4412 4425
f 4330 4161 4405 4424
f 4300 4171 4406 4421
f 4260 4181 4407 4417
f 4240 4191 4408 4415
f 4310 4150 4413 4422
f 4250 4201 4409 4416
f 4280 4221 4411 4419
f 4350 4320 4423 4426
f 4201 4240 4415 4409
f 4221 4250 4416 4411
f 4191 4260 4417 4408
f 4181 4270 4418 4407
f 4160 4280 4419 4414
f 4150 4290 4420 4413
f 4270 4300 4421 4418
f 4211 4310 4422 4410
f 4171 4330 4424 4406
f 4161 4340 4425 4405
f 4140 4350 4426 4412
f 4320 4211 4410 4423
f 4290 4160 4414 4420
f 3964 4436 4443 3908
f 3960 4437 4442 3912
f 3948 4440 4429 3916
f 3944 4441 4446 3920
f 3952 4439 4445 3924
f 3968 4435 4447 3928
f 3980 4430 4427 3932
f 3984 4431 4428 3936
f 3988 4432 4448 3976
f 3976 4448 4444 3940
f 3972 4434 4433 3907
f 3916 4429 4441 3944
f 3912 4442 4440 3948
f 3920 4446 4439 3952
f 3924 4445 4438 3956
f 3908 4443 4437 3960
f 3907 4433 4436 3964
f 3956 4438 4435 3968
f 3940 4444 4434 3972
f 3928 4447 4430 3980
f 3932 4427 4431 3984
f 3936 4428 4432 3988
f 4421 4406 4403 4402
f 4852 4456 4384 4404
f 4449 4852 4404 4385
f 4849 4382 4402 4403
f 3719 3718 4459 4473
f 4495 4493 3714 4489
f 3719 4473 4474 3657
f 3718 3717 4472 4459
f 3656 4471 4472 3717
f 3592 4465 4471 3656
f 3657 4474 4481 3625
f 3606 4470 4483 3607
f 3458 4460 4470 3606
f 3607 4483 4469 3605
f 3605 4469 4482 3604
f 3604 4482 4468 3603
f 3603 4468 4467 3602
f 3602 4467 4466 3601
f 3727 4461 4466 3739
f 3594 3595 4464 4463
f 3593 3594 4463 4462
f 3592 3593 4462 4465
f 3595 3591 4461 4464
f 3456 4480 4460 3458
f 3404 4479 4480 3456
f 3756 4479 4476 3754
f 3202 4477 4478 3204
f 3204 4478 4476 3203
f 15 1116 4477 3202
f 4488 4486 4485 4475
f 4475 4495 2124 2125
f 4486 4487 4484 4485
f 4498 4496 4486 4488
f 4496 4497 4487 4486
f 4491 4490 3830 3828
f 4492 4491 3828 3829
f 2122 2114 4492 3829
f 4489 4492 2114 2123
f 4495 4489 2123 2124
f 4488 4475 2125 2113
f 4499 4501 4497 4496
f 4500 4499 4496 4498
f 3625 4481 4499 4500
f 4481 3758 4501 4499
f 2111 2115 4507 4505
f 2118 2108 4502 4510
f 2109 2118 4510 4503
f 2117 2109 4503 4509
f 2116 2111 4505 4508
f 2115 2110 4504 4507
f 2112 2116 4508 4506
f 2110 2117 4509 4504
f 2106 3171 4518 4511
f 2119 2107 4512 4513
f 3171 3169 4517 4518
f 3173 3167 4516 4519
f 2107 2121 4515 4512
f 3167 3177 4520 4516
f 2120 2106 4511 4514
f 2121 2120 4514 4515
f 3169 3173 4519 4517
f 4502 2108 2119 4513
f 3179 3181 4523 4522
f 3175 3179 4522 4521
f 4520 3177 3175 4521
f 4523 3181 2122 3829
f 4488 2113 2112 4506
f 4524 4506 4508 4525
f 4526 4524 4525 4527
f 3612 4526 4527 3624
f 4526 3612 3625 4500
f 4524 4526 4500 4498
f 4506 4524 4498 4488
f 4537 4505 4507 4538
f 4539 4538 4507 4504
f 4540 4539 4504 4509
f 4541 4540 4509 4503
f 4542 4541 4503 4510
f 4543 4542 4510 4502
f 4544 4543 4502 4513
f 4545 4544 4513 4512
f 4546 4545 4512 4515
f 4547 4546 4515 4514
f 4548 4547 4514 4511
f 4549 4548 4511 4518
f 4550 4549 4518 4517
f 4551 4550 4517 4519
f 3715 3716 4530 4528
f 3768 3715 4528 4529
f 3819 3820 4533 4531
f 3821 3819 4531 4532
f 4552 4551 4519 4516
f 4553 4552 4516 4520
f 4554 4553 4520 4521
f 4568 4567 4551 4552
f 3822 3823 4536 4534
f 3824 3822 4534 4535
f 4569 4568 4552 4553
f 4570 4569 4553 4554
f 4567 4566 4550 4551
f 4566 4565 4549 4550
f 4565 4564 4548 4549
f 4564 4563 4547 4548
f 4563 4562 4546 4547
f 4562 4561 4545 4546
f 4561 4560 4544 4545
f 4560 4559 4543 4544
f 4559 4558 4542 4543
f 4558 4557 4541 4542
f 4557 4556 4540 4541
f 4556 4555 4539 4540
f 4555 4571 4538 4539
f 4572 4537 4538 4571
f 3623 4572 4571 3611
f 3622 3611 4571 4555
f 3621 3622 4555 4556
f 3619 3621 4556 4557
f 3620 3619 4557 4558
f 3610 3620 4558 4559
f 3613 3610 4559 4560
f 3614 3613 4560 4561
f 3615 3614 4561 4562
f 3616 3615 4562 4563
f 3617 3616 4563 4564
f 3618 3617 4564 4565
f 3608 3618 4565 4566
f 3716 3608 4566 4567
f 4533 3820 4569 4570
f 3820 4530 4568 4569
f 4530 3716 4567 4568
f 4572 3623 3624 4527
f 4537 4572 4527 4525
f 4505 4537 4525 4508
f 4573 4554 4521 4522
f 4574 4573 4522 4523
f 4574 4523 3829 3826
f 3823 4533 4570 4575
f 4575 4570 4554 4573
f 4536 3823 4575 4576
f 4576 4575 4573 4574
f 4536 4576 4574 3826
f 3441 4431 4427 3438
f 4430 3440 3438 4427
f 3211 3440 4430 4447
f 3361 3211 4447 4435
f 3265 3361 4435 4438
f 3210 3265 4438 4445
f 3261 3210 4445 4439
f 3209 3261 4439 4446
f 3253 3209 4446 4441
f 3208 3253 4441 4429
f 3257 3208 4429 4440
f 3207 3257 4440 4442
f 3269 3207 4442 4437
f 3206 3269 4437 4443
f 3273 3206 4443 4436
f 3205 3273 4436 4433
f 3369 3205 4433 4434
f 3216 3369 4434 4444
f 3377 3216 4444 4448
f 3442 3377 4448 4432
f 3439 3442 4432 4428
f 3439 4428 4431 3441
f 2185 2125 2124 2182
f 4773 4800 4604 4577
f 4774 4773 4577 4578
f 4775 4774 4578 4579
f 4776 4775 4579 4580
f 4777 4776 4580 4581
f 4778 4777 4581 4582
f 4779 4778 4582 4583
f 4780 4779 4583 4584
f 4781 4780 4584 4585
f 4782 4781 4585 4586
f 4783 4782 4586 4587
f 4784 4783 4587 4588
f 4785 4784 4588 4589
f 4786 4785 4589 4590
f 4787 4786 4590 4591
f 4788 4787 4591 4592
f 4789 4788 4592 4593
f 4790 4789 4593 4594
f 4791 4790 4594 4595
f 4792 4791 4595 4596
f 4793 4792 4596 4597
f 4794 4793 4597 4598
f 4795 4794 4598 4599
f 4796 4795 4599 4600
f 4797 4796 4600 4601
f 4798 4797 4601 4602
f 4799 4798 4602 4603
f 4800 4799 4603 4604
f 4745 4772 4605 4606
f 4746 4745 4606 4607
f 4747 4746 4607 4608
f 4748 4747 4608 4609
f 4749 4748 4609 4610
f 4750 4749 4610 4611
f 4751 4750 4611 4612
f 4752 4751 4612 4613
f 4753 4752 4613 4614
f 4754 4753 4614 4615
f 4755 4754 4615 4616
f 4756 4755 4616 4617
f 4757 4756 4617 4618
f 4758 4757 4618 4619
f 4759 4758 4619 4620
f 4760 4759 4620 4621
f 4761 4760 4621 4622
f 4762 4761 4622 4623
f 4763 4762 4623 4624
f 4764 4763 4624 4625
f 4765 4764 4625 4626
f 4766 4765 4626 4627
f 4767 4766 4627 4628
f 4768 4767 4628 4629
f 4769 4768 4629 4630
f 4770 4769 4630 4631
f 4771 4770 4631 4632
f 4772 4771 4632 4605
f 2951 2960 4647 4634
f 2206 4659 4633 2265
f 2958 2959 4638 4656
f 2202 4652 4659 2206
f 2962 2966 4654 4648
f 2966 2967 4641 4654
f 2972 2973 4644 4650
f 2960 2962 4648 4647
f 2967 2972 4650 4641
f 2949 2956 4657 4633
f 2957 2954 4658 4637
f 2973 2946 4645 4644
f 2953 2950 4651 4635
f 2965 2970 4649 4640
f 2946 2947 4652 4645
f 2963 2964 4660 4655
f 2955 2952 4646 4636
f 2970 2971 4642 4649
f 2950 2951 4634 4651
f 2959 2968 4653 4638
f 2952 2953 4635 4646
f 2961 2963 4655 4639
f 2954 2955 4636 4658
f 2956 2958 4656 4657
f 2971 2957 4637 4642
f 2969 2961 4639 4643
f 2964 2965 4640 4660
f 2968 2969 4643 4653
f 2947 4687 4688 2948
f 2449 2365 4679 4667
f 2439 2355 4685 4673
f 2429 2345 4676 4665
f 2419 2434 4666 4663
f 2335 2439 4673 4684
f 2315 2414 4682 4681
f 2345 2444 4671 4676
f 2409 2335 4684 4670
f 2404 2409 4670 4669
f 2340 2424 4664 4683
f 2374 2379 4687 4661
f 2365 2374 4661 4679
f 2310 2404 4669 4674
f 2320 2389 4668 4678
f 2330 2399 4672 4675
f 2389 2315 4681 4668
f 2350 2449 4667 4686
f 2325 2394 4662 4677
f 2360 2330 4675 4680
f 2399 2325 4677 4672
f 2394 2320 4678 4662
f 2444 2360 4680 4671
f 2434 2350 4686 4666
f 2424 2429 4665 4664
f 2355 2340 4683 4685
f 2419 4663 4682 2414
f 2948 4688 4674 2949
f 2378 2383 4701 4702
f 2433 2351 4708 4711
f 2398 2326 4713 4697
f 2316 2413 4714 4699
f 2373 2378 4702 4716
f 2366 2373 4716 4691
f 2311 2403 4693 4707
f 2383 2311 4707 4701
f 2438 2356 4704 4698
f 2443 2361 4703 4696
f 2423 2428 4695 4694
f 2356 2341 4690 4704
f 2428 2346 4709 4695
f 2418 2433 4711 4715
f 2351 2448 4712 4708
f 2448 2366 4691 4712
f 2388 2316 4699 4692
f 2393 2321 4689 4705
f 2403 2408 4706 4693
f 2361 2331 4700 4703
f 2341 2423 4694 4690
f 2336 2438 4698 4710
f 2346 2443 4696 4709
f 2408 2336 4710 4706
f 2321 2388 4692 4689
f 2413 2418 4715 4714
f 2331 2398 4697 4700
f 2326 2393 4705 4713
f 2317 2412 4735 4736
f 2392 2322 4730 4726
f 2342 2422 4723 4738
f 2407 2337 4739 4727
f 2322 2387 4733 4730
f 2332 2397 4722 4737
f 2352 2447 4729 4720
f 2327 2392 4726 4718
f 2432 2352 4720 4728
f 2437 2357 4741 4725
f 2442 2362 4743 4740
f 2427 2347 4719 4724
f 2417 2432 4728 4742
f 2347 2442 4740 4719
f 2447 2367 4732 4729
f 2422 2427 4724 4723
f 2357 2342 4738 4741
f 2377 2382 4744 4721
f 2337 2437 4725 4739
f 2387 2317 4736 4733
f 2382 2312 4717 4744
f 2397 2327 4718 4722
f 2362 2332 4737 4743
f 2402 2407 4727 4734
f 2367 2372 4731 4732
f 2312 2402 4734 4717
f 2372 2377 4721 4731
f 2412 2417 4742 4735
f 4604 4603 4771 4772
f 4603 4602 4770 4771
f 4602 4601 4769 4770
f 4601 4600 4768 4769
f 4600 4599 4767 4768
f 4599 4598 4766 4767
f 4598 4597 4765 4766
f 4597 4596 4764 4765
f 4596 4595 4763 4764
f 4595 4594 4762 4763
f 4594 4593 4761 4762
f 4593 4592 4760 4761
f 4592 4591 4759 4760
f 4591 4590 4758 4759
f 4590 4589 4757 4758
f 4589 4588 4756 4757
f 4588 4587 4755 4756
f 4587 4586 4754 4755
f 4586 4585 4753 4754
f 4585 4584 4752 4753
f 4584 4583 4751 4752
f 4583 4582 4750 4751
f 4582 4581 4749 4750
f 4581 4580 4748 4749
f 4580 4579 4747 4748
f 4579 4578 4746 4747
f 4578 4577 4745 4746
f 4577 4604 4772 4745
f 2217 2270 4799 4800
f 2270 2213 4798 4799
f 2213 2266 4797 4798
f 2266 2233 4796 4797
f 2233 2237 4795 4796
f 2237 2249 4794 4795
f 2249 2294 4793 4794
f 2294 2261 4792 4793
f 2261 2306 4791 4792
f 2306 2201 4790 4791
f 2201 2205 4789 4790
f 2205 2209 4788 4789
f 2209 2262 4787 4788
f 2262 2225 4786 4787
f 2225 2229 4785 4786
f 2229 2282 4784 4785
f 2282 2253 4783 4784
f 2253 2298 4782 4783
f 2298 2286 4781 4782
f 2286 2241 4780 4781
f 2241 2245 4779 4780
f 2245 2290 4778 4779
f 2290 2257 4777 4778
f 2257 2302 4776 4777
f 2302 2278 4775 4776
f 2278 2221 4774 4775
f 2221 2274 4773 4774
f 2274 2217 4800 4773
f 2209 4803 4808 2262
f 2205 4802 4803 2209
f 2267 2232 4828 4826
f 2212 2267 4826 4804
f 2283 2252 4818 4814
f 2216 2271 4817 4805
f 2275 2216 4805 4816
f 2287 2240 4824 4813
f 2220 2275 4816 4806
f 2271 2212 4804 4817
f 2224 2228 4819 4807
f 2303 2279 4815 4822
f 2228 2283 4814 4819
f 2200 2204 4802 4801
f 2295 2260 4809 4812
f 2307 2200 4801 4823
f 2279 2220 4806 4815
f 2263 2224 4807 4808
f 2260 2307 4823 4809
f 2252 2299 4821 4818
f 2240 2244 4827 4824
f 2236 2248 4810 4825
f 2248 2295 4812 4810
f 2291 2256 4820 4811
f 2244 2291 4811 4827
f 2232 2236 4825 4828
f 2256 2303 4822 4820
f 2299 2287 4813 4821
f 4606 4605 4829 6255
f 4607 4606 6255 4830
f 4608 4607 4830 4831
f 4609 4608 4831 4832
f 4610 4609 4832 4833
f 4611 4610 4833 6256
f 4612 4611 6256 6257
f 4613 4612 6257 6258
f 4614 4613 6258 4834
f 4615 4614 4834 4835
f 4616 4615 4835 6259
f 4617 4616 6259 6260
f 4618 4617 6260 4836
f 4619 4618 4836 4837
f 4620 4619 4837 6261
f 4621 4620 6261 6262
f 4622 4621 6262 4838
f 4623 4622 4838 4839
f 4624 4623 4839 4840
f 4625 4624 4840 6263
f 4626 4625 6263 6264
f 4627 4626 6264 6265
f 4628 4627 6265 6266
f 4629 4628 6266 4841
f 4630 4629 4841 6267
f 4631 4630 6267 4842
f 4632 4631 4842 4843
f 4605 4632 4843 4829
f 5478 5459 5203 5155
f 5096 5000 5005 4855
f 5586 5584 5204 5012
f 5508 5514 5134 5187
f 5603 5525 4892 5599
f 5599 4892 5257 5601
f 4860 4861 4862 4863
f 5546 5544 4991 5371
f 4864 4865 4866 4867
f 4911 5019 5022 5101
f 5205 5201 5156 5025
f 5484 5485 5105 5378
f 5381 5467 5480 5399
f 5435 5442 4940 5193
f 5063 5039 5548 5340
f 5262 5177 5059 5269
f 4874 4875 4876 4877
f 5589 4878 5272 5591
f 5227 5232 5109 5037
f 5368 5267 4886 5366
f 5511 5517 5132 4947
f 5099 5184 5341 5542
f 5276 5279 5010 4870
f 5510 5526 5410 5388
f 5334 5336 5256 5132
f 4991 4921 5296 5295
f 5006 5133 4997 4970
f 5448 5455 4973 4919
f 5514 5508 5196 5126
f 5545 5528 4888 5370
f 5049 5271 5275 5105
f 5517 5521 5334 5132
f 5587 5479 5358 5582
f 5053 5040 4907 4908
f 5445 5099 5542 5344
f 4982 5565 5564 4981
f 4902 5086 5249 5235
f 5461 5481 5403 5384
f 5583 5203 4941 5582
f 5302 4936 5006 5220
f 4898 4910 4911 4912
f 5405 4859 5263 5408
f 5097 5182 5026 5118
f 5130 5046 5183 5304
f 5368 5365 5169 5267
f 4965 5238 5235 5018
f 5268 5261 5126 5196
f 5496 5482 5272 4878
f 5281 5282 4992 4980
f 5328 5066 5202 5329
f 5333 5081 5256 5336
f 5536 5529 5004 5157
f 5487 5497 5031 4922
f 5502 5495 5351 4978
f 4942 5285 5288 5124
f 4899 4930 4889 4898
f 4922 5277 5278 4871
f 4854 5253 5218 5092
f 4869 5209 5208 4920
f 5359 5477 5476 5092
f 5347 5563 5075 5149
f 5349 5346 4958 5249
f 5061 5555 5552 5060
f 5112 5208 5209 5087
f 5023 5051 4882 5011
f 5611 5545 5370 5606
f 4975 5253 5207 5195
f 4939 4938 4875 4874
f 5581 5155 5203 5583
f 5418 5419 5278 4927
f 5605 4949 5286 5609
f 5263 5262 5134 4998
f 5500 5488 4909 4895
f 5052 4903 5210 5207
f 5505 5509 5258 4971
f 5276 5113 5176 5279
f 5479 5473 4929 5358
f 5374 5371 4991 5295
f 5004 5296 5289 5157
f 5213 5312 5308 5436
f 5075 5076 4987 5149
f 5533 5539 4942 5124
f 5153 4885 5264 5261
f 5396 5398 5291 5068
f 5126 5261 5264 4993
f 5132 5256 5260 4947
f 5567 5345 5140 5579
f 5540 5548 5339 4935
f 4989 5202 5206 4913
f 5548 5540 5115 5340
f 5544 5546 5369 4894
f 5295 5035 5372 5374
f 4894 5369 5373 5294
f 5199 5274 5270 5200
f 5320 5441 5443 5442
f 5121 5053 4908 5104
f 5399 5077 5205 5401
f 5538 5541 4974 5393
f 5236 4857 4999 5237
f 4854 5475 5464 5052
f 5234 4996 4982 5239
f 5414 5416 5292 5136
f 4977 5183 5046 5007
f 5528 5545 5372 5035
f 5439 5318 5438 5440
f 4960 5454 5451 5453
f 5356 5281 4980 5354
f 5524 5523 5169 5365
f 5048 5058 5029 5028
f 5252 5064 5122 5223
f 5166 4917 5243 5241
f 5429 5432 4891 5030
f 4863 4862 4955 4961
f 5574 5575 4962 5146
f 5324 5271 5049 5326
f 5576 5572 4891 5071
f 5190 5511 5510 5388
f 5195 5465 5474 4975
f 5427 5425 5166 5241
f 5103 5457 5449 5458
f 5125 5186 5236 5237
f 5224 4957 5051 5225
f 5394 5397 5287 5027
f 5297 5294 4888 4887
f 4968 5449 4858 4900
f 5041 5411 5550 5535
f 5052 5207 5253 4854
f 5175 4872 4873 5172
f 5529 5536 5194 4887
f 5538 5534 4994 5395
f 5254 5065 4946 5217
f 4983 4900 4901 4984
f 4899 4898 4912 4985
f 5016 5451 5163 4944
f 5097 5118 4930 4899
f 4992 5282 5276 4870
f 5610 5608 5613 5085
f 5610 5607 5371 5374
f 5578 4884 5170 4934
f 5510 5511 4947 5390
f 5165 5188 5158 5093
f 5208 5254 4928 4920
f 5415 5411 5041 5290
f 5244 5242 5144 5043
f 5424 5569 5553 5144
f 5507 5506 5366 4886
f 5000 5001 5002 5003
f 5151 5289 5296 4921
f 4961 4955 5007 5008
f 5226 4970 5009 5221
f 5269 5266 5067 5187
f 5259 5255 4880 5190
f 4927 5278 5277 4909
f 4867 4866 5013 5014
f 5489 5503 5418 4927
f 5015 5016 4944 4943
f 5108 4976 4955 4862
f 5423 5125 5237 5428
f 5119 5062 5451 5016
f 5268 5107 5153 5261
f 5019 5020 5021 5022
f 5387 5161 5259 5391
f 5541 5538 5395 5042
f 5462 4913 5403 5481
f 5027 5533 5532 5394
f 5527 5405 5389 5516
f 4882 4881 5314 5443
f 5290 5041 4856 5297
f 5470 5480 5402 5038
f 5393 5397 5292 4950
f 5196 5508 5507 4886
f 5021 4983 4984 5032
f 5547 5530 5286 4949
f 5048 5047 5440 5309
f 5135 4904 4967 4915
f 5609 5606 5370 5373
f 5471 5469 5066 5328
f 4997 5133 4872 5175
f 5373 5370 4888 5294
f 5195 5207 5210 5110
f 5513 5522 5059 5177
f 5586 5588 5477 5359
f 5406 5408 5263 4998
f 5165 5106 5180 4883
f 5028 5433 5047 5048
f 5590 5591 5272 5116
f 4991 5544 5543 4921
f 5244 4981 5198 5242
f 5304 5183 5138 5303
f 5466 5461 5384 4869
f 5222 4956 4957 5224
f 4891 5572 5570 5030
f 5040 5053 5020 5019
f 5054 5055 5056 5057
f 5058 4863 4961 5029
f 5413 4950 5292 5416
f 5343 5340 5115 5285
f 5509 5525 4923 5258
f 5240 4918 5024 5233
f 5433 5028 4962 5071
f 5501 5492 4948 5321
f 5307 5080 5191 5306
f 5488 5489 4927 4909
f 5528 5529 4887 4888
f 5246 5149 4987 5247
f 5607 5612 5546 5371
f 5156 5468 5462 5025
f 5313 5078 5069 5314
f 5220 5006 4970 5226
f 5464 5475 5065 5112
f 5113 5276 5282 5117
f 5186 5111 5248 5236
f 5313 5314 4881 5045
f 5537 5532 5396 5068
f 5205 5077 4951 5201
f 5343 5285 4942 5341
f 5301 5100 5174 5250
f 4900 4858 5444 4901
f 5057 5001 5000 5096
f 4936 4937 4938 4939
f 4873 4877 5095 5017
f 5003 5002 5088 5089
f 4966 5121 5104 4914
f 5221 5009 4956 5222
f 4993 5515 5514 5126
f 5239 4982 4981 5244
f 4912 4911 5101 5055
f 5446 5316 5317 5265
f 5395 4994 5291 5398
f 5170 4884 4883 5180
f 5267 5169 5107 5268
f 4955 4976 4977 5007
f 5523 5524 5363 4964
f 5259 5161 5179 5255
f 5303 5138 5139 5305
f 5310 5058 5048 5309
f 4964 5363 5367 5266
f 5443 5314 5069 5070
f 4872 4874 4877 4873
f 5420 5422 5010 5279
f 5310 5309 5069 5078
f 5445 5458 4904 5099
f 4984 4901 5119 5120
f 5602 5368 5366 5597
f 5023 5011 5039 5063
f 5171 5452 5454 4960
f 5345 5567 5562 5098
f 5128 5129 4865 4864
f 5312 5214 5434 5308
f 5540 5541 5042 5115
f 5413 5550 5534 4950
f 5122 5064 5082 5123
f 4951 5469 5471 5327
f 5277 4922 5031 5283
f 5006 4936 4939 5133
f 4937 5122 5123 4938
f 4975 5474 5473 4945
f 5293 5219 5023 5063
f 5385 5383 5087 5209
f 5002 5173 5147 5088
f 5231 5227 5037 5036
f 4938 5123 5137 4875
f 5158 5188 5168 5056
f 5551 5566 4996 5234
f 5415 5290 5194 5412
f 5125 5558 5557 5186
f 5375 5044 5274 5380
f 5141 4985 5054 5142
f 5013 5143 4926 4925
f 5557 5561 5111 5186
f 4967 4966 4914 4915
f 4902 5235 5238 4995
f 5129 5091 5145 4865
f 4960 5453 5450 5171
f 5029 4961 5008 5146
f 5287 4974 4935 5284
f 5223 5122 4937 5251
f 5385 5209 4869 5384
f 5401 5205 5025 5400
f 5602 5598 5365 5368
f 5313 5127 5150 5078
f 5136 5537 5549 5414
f 5089 5072 5050 5003
f 5532 5537 5136 5394
f 4875 5137 5152 4876
f 5522 5513 5153 5107
f 5543 5544 4894 4856
f 5055 5101 5158 5056
f 5159 4867 5014 5160
f 4956 5045 4881 4957
f 5519 5516 5389 5094
f 5101 5022 5093 5158
f 5512 5513 5177 4859
f 5215 4988 5100 5301
f 5198 5560 5568 5423
f 5080 5034 5033 5191
f 5407 5410 4993 5264
f 5044 5131 5270 5274
f 5474 5465 4920 4928
f 4945 5473 5479 5360
f 5023 5219 5225 5051
f 5127 5175 5172 5150
f 5022 5021 5032 5093
f 5332 5329 5202 4989
f 5504 5486 4871 5417
f 5300 5072 5089 5216
f 5174 5164 5191 5033
f 5078 5150 4860 5310
f 5431 5319 5102 5430
f 5152 5090 5091 5129
f 5367 5364 5067 5266
f 5020 5178 4983 5021
f 5309 5440 5070 5069
f 5162 4997 5175 5127
f 4932 4969 5245 5579
f 5137 5083 5090 5152
f 5073 4931 4932 5074
f 5178 4968 4900 4983
f 5097 4899 4985 5141
f 5106 5120 5015 5180
f 5436 5439 4963 5185
f 5095 5128 4864 5181
f 5410 5526 5515 4993
f 5435 5265 5317 5315
f 5123 5082 5083 5137
f 4876 5152 5129 5128
f 5287 5284 4924 5027
f 5017 5095 5181 5108
f 5297 4856 4894 5294
f 5470 5469 4951 5077
f 4855 5189 5142 5096
f 5182 5097 5141 4879
f 4910 5040 5019 4911
f 5447 5311 5312 5213
f 4857 5556 5554 4999
f 4977 5160 5138 5183
f 5476 5477 5357 4946
f 5142 5189 4879 5141
f 4985 4912 5055 5054
f 5121 4966 4968 5178
f 5184 5099 4904 5135
f 5215 5073 5074 5247
f 5243 4917 4918 5240
f 5168 5001 5057 5056
f 5150 5172 4861 4860
f 5564 5560 5198 4981
f 5181 4864 4867 5159
f 5029 5146 4962 5028
f 5454 5452 4990 5197
f 5604 5506 5364 5600
f 4915 5225 5219 5135
f 5220 5226 4907 4890
f 5457 5446 4919 4973
f 4865 5145 5167 4866
f 5045 5162 5127 5313
f 5448 5311 4972 5455
f 5250 5216 5089 5088
f 5120 5119 5016 5015
f 4861 5017 5108 4862
f 5316 5445 5299 5317
f 5360 5361 5218 4945
f 4956 5009 5162 5045
f 5417 4871 5278 5419
f 5051 4957 4881 4882
f 5172 4873 5017 4861
f 5324 5321 4948 5271
f 5263 4859 5177 5262
f 5160 5014 5139 5138
f 5008 5007 5046 5573
f 5251 4937 4936 5302
f 4877 4876 5128 5095
f 4866 5167 5143 5013
f 5001 5168 5173 5002
f 5165 5093 5032 5106
f 5100 5079 5164 5174
f 5283 5031 4978 5280
f 5109 5163 5197 5037
f 5110 5466 5465 5195
f 5445 5316 5103 5458
f 5180 5015 4943 5170
f 5071 4962 5575 5576
f 5053 5121 5178 5020
f 5146 5008 5573 5574
f 5005 5000 5003 5050
f 5429 5030 5501 5321
f 4976 5159 5160 4977
f 5356 5353 4868 5281
f 5142 5054 5057 5096
f 5108 5181 5159 4976
f 5032 4984 5120 5106
f 5014 5013 4925 5139
f 5310 4860 4863 5058
f 5327 5471 5185 5430
f 5133 4939 4874 4872
f 5269 5059 4964 5266
f 5498 5499 4896 5352
f 5283 5280 4896 4895
f 5025 5462 5481 5400
f 5543 5535 5151 4921
f 5509 5505 5114 5257
f 5218 5253 4975 4945
f 5520 5518 5081 5333
f 5598 5603 5524 5365
f 5109 5232 5230 4905
f 4930 5251 5302 4889
f 5601 5600 5364 5367
f 5424 5428 5237 4999
f 5174 5033 5216 5250
f 5493 5490 5377 4979
f 5277 5283 4895 4909
f 5267 5268 5196 4886
f 4924 5539 5533 5027
f 4952 5241 5243 4893
f 4893 5243 5240 4953
f 4988 5215 5247 4987
f 5153 5513 5512 4885
f 5506 5507 5067 5364
f 5208 5112 5065 5254
f 5486 5487 4922 4871
f 5092 5218 5361 5359
f 4898 4889 4890 4910
f 5151 5535 5550 5413
f 5462 5468 4989 4913
f 5204 5459 5478 5012
f 5034 5300 5216 5033
f 5094 5260 5256 5081
f 4988 5192 5079 5100
f 5073 5215 5301 5147
f 5504 5417 5377 5490
f 5038 5206 5202 5066
f 5525 5509 5257 4892
f 5467 5463 5087 5383
f 5561 5563 5347 5111
f 5559 5555 5061 5043
f 5522 5523 4964 5059
f 5118 5223 5251 4930
f 5570 5572 5227 5231
f 5184 5135 5219 5293
f 5549 5412 5194 5536
f 5518 5520 5335 5179
f 5290 5297 4887 5194
f 5042 5288 5285 5115
f 4905 5230 5229 4906
f 5507 5508 5187 5067
f 5061 5239 5244 5043
f 4979 5275 5271 4948
f 4908 5221 5222 5104
f 5378 5418 5503 5484
f 5147 5301 5250 5088
f 5463 5464 5112 5087
f 4999 5554 5569 5424
f 5140 5246 5247 5074
f 4953 5240 5233 4954
f 5296 5004 5035 5295
f 5104 5222 5224 4914
f 5530 5531 5148 5286
f 4906 5229 5228 4934
f 4907 5226 5221 4908
f 5427 5241 4952 5426
f 5512 5527 5409 4885
f 5450 5453 4959 5084
f 4914 5224 5225 4915
f 5580 5577 5245 4969
f 5018 5235 5249 4958
f 5026 5252 5223 5118
f 5281 4868 5117 5282
f 5060 5234 5239 5061
f 5262 5269 5187 5134
f 4889 5302 5220 4890
f 5305 5139 4925 5306
f 5164 5305 5306 5191
f 5079 5303 5305 5164
f 4926 5307 5306 4925
f 5192 5304 5303 5079
f 5076 5130 5304 5192
f 5447 5456 4972 5311
f 5318 5439 5436 5308
f 5446 5457 5103 5316
f 5435 5315 5320 5442
f 5448 4919 5521 5338
f 5171 5211 5298 5452
f 5212 5211 5171 5450
f 5332 5472 5084 5447
f 5311 5448 5214 5312
f 4966 4967 5449 4968
f 5430 5102 5211 5212
f 5456 5447 5084 4959
f 5315 5317 5299 5437
f 5431 5430 5185 4963
f 5438 5434 5193 4940
f 5441 5437 5039 5011
f 5319 5432 5429 5102
f 5315 5437 5441 5320
f 5217 5362 5358 4929
f 4857 5236 5248 5098
f 4946 5357 5362 5217
f 5475 5476 4946 5065
f 5254 5217 4929 4928
f 5612 5547 4949 5605
f 5532 5533 5124 5396
f 5499 5500 4895 4896
f 5461 5466 5110 5382
f 5596 5496 4878 5589
f 5200 5270 5325 5323
f 5585 5584 5361 5360
f 5131 5322 5325 5270
f 5468 5472 5332 4989
f 5092 5476 5475 4854
f 5497 5502 4978 5031
f 5473 5474 4928 4929
f 4951 5327 5330 5201
f 5156 5201 5330 5331
f 4978 5351 5355 5280
f 5592 5356 5354 5593
f 5518 5519 5094 5081
f 5179 5335 5337 5255
f 5595 5498 5352 5590
f 5521 5517 4880 5338
f 4896 5280 5355 5352
f 5255 5337 5338 4880
f 5472 5468 5156 5331
f 5530 5547 4986 5085
f 5592 5594 5353 5356
f 5542 5539 4924 5344
f 5169 5523 5522 5107
f 5585 5587 5460 4916
f 4935 5339 5342 5284
f 4924 5284 5342 5344
f 5098 5248 5350 5345
f 5588 5478 5155 5581
f 5086 5348 5349 5249
f 5098 5562 5556 4857
f 4933 5130 5076 5075
f 5111 5347 5350 5248
f 5492 5493 4979 4948
f 4979 5377 5379 5275
f 5421 5375 5380 5420
f 5274 5199 5376 5380
f 5514 5515 4998 5134
f 5049 5491 5494 5326
f 5105 5275 5379 5378
f 5465 5466 4869 4920
f 5469 5470 5038 5066
f 5210 5386 5382 5110
f 5404 5385 5384 5403
f 5404 5402 5383 5385
f 4903 5463 5467 5381
f 4903 5381 5386 5210
f 5553 5559 5043 5144
f 5161 5519 5518 5179
f 5409 5527 5516 5387
f 5259 5190 5388 5391
f 4947 5260 5392 5390
f 5409 5387 5391 5407
f 5094 5389 5392 5260
f 5526 5510 5390 5406
f 4974 5541 5540 4935
f 5539 5542 5341 4942
f 5399 5480 5470 5077
f 5042 5395 5398 5288
f 4996 5566 5565 4982
f 4974 5287 5397 5393
f 5136 5292 5397 5394
f 5124 5288 5398 5396
f 5383 5402 5480 5467
f 5551 5552 4954 5233
f 5569 5554 4995 5426
f 5552 5555 4953 4954
f 5554 5556 4902 4995
f 5557 5558 4965 5018
f 5559 5553 4952 4893
f 5568 5560 5166 5425
f 5555 5559 4893 4953
f 5561 5557 5018 4958
f 5556 5562 5086 4902
f 5563 5561 4958 5346
f 5494 5491 5200 5323
f 5414 5549 5536 5157
f 5564 5565 4918 4917
f 5565 5566 5024 4918
f 5560 5564 4917 5166
f 5566 5551 5233 5024
f 5562 5567 5348 5086
f 5535 5543 4856 5041
f 5052 5464 5463 4903
f 5206 5038 5402 5404
f 5206 5404 5403 4913
f 5386 5401 5400 5382
f 5400 5481 5461 5382
f 5381 5399 5401 5386
f 5516 5519 5161 5387
f 4880 5517 5511 5190
f 5526 5406 4998 5515
f 4885 5409 5407 5264
f 5391 5388 5410 5407
f 5390 5392 5408 5406
f 5527 5512 4859 5405
f 5389 5405 5408 5392
f 5534 5538 5393 4950
f 5549 5537 5068 5412
f 5291 5415 5412 5068
f 5151 5413 5416 5289
f 5291 4994 5411 5415
f 5534 5550 5411 4994
f 5157 5289 5416 5414
f 5485 5491 5049 5105
f 5176 5421 5420 5279
f 5377 5417 5419 5379
f 5380 5376 5422 5420
f 5378 5379 5419 5418
f 5558 5568 5425 4965
f 5553 5569 5426 4952
f 5238 5427 5426 4995
f 4987 5076 5192 4988
f 5144 5242 5428 5424
f 5198 5423 5428 5242
f 5238 4965 5425 5427
f 5423 5568 5558 5125
f 5211 5102 5429 5298
f 5438 5318 5308 5434
f 4901 5444 5062 5119
f 5375 5421 5504 5490
f 5010 5422 5503 5489
f 5044 5375 5490 5493
f 5422 5376 5484 5503
f 4868 5353 5495 5502
f 5593 5354 5498 5595
f 4897 5273 5482 5496
f 5117 4868 5502 5497
f 4980 4992 5500 5499
f 5322 5131 5492 5501
f 4992 4870 5488 5500
f 5354 4980 5499 5498
f 5113 5117 5497 5487
f 5594 4897 5496 5596
f 5131 5044 5493 5492
f 5199 5200 5491 5485
f 5421 5176 5486 5504
f 4870 5010 5489 5488
f 5176 5113 5487 5486
f 5376 5199 5485 5484
f 5273 5154 5483 5482
f 5472 5331 5450 5084
f 5330 5327 5430 5212
f 5331 5330 5212 5450
f 5482 5483 5116 5272
f 5471 5328 5436 5185
f 5329 5332 5447 5213
f 5328 5329 5213 5436
f 5597 5604 5505 4971
f 4990 5452 5326 5494
f 5298 5429 5321 5324
f 5452 5298 5324 5326
f 5459 5460 4941 5203
f 5193 5434 5335 5520
f 5214 5448 5338 5337
f 5434 5214 5337 5335
f 5435 5193 5520 5333
f 4919 5446 5334 5521
f 5265 5435 5333 5336
f 5446 5265 5336 5334
f 5039 5437 5339 5548
f 5299 5445 5344 5342
f 5437 5299 5342 5339
f 5009 4970 4997 5162
f 4932 4931 4883 4884
f 5350 5347 5149 5246
f 5345 5350 5246 5140
f 5170 4943 4906 4934
f 5197 4990 5036 5037
f 4944 4905 4906 4943
f 4944 5163 5109 4905
f 5036 4990 5494 5323
f 5232 5576 5575 5230
f 5230 5575 5574 5229
f 5229 5574 5573 5228
f 5227 5572 5576 5232
f 5231 5036 5323 5325
f 5570 5231 5325 5322
f 5030 5570 5322 5501
f 4969 4932 4884 5578
f 5349 5348 5245 5577
f 5346 5349 5577 4933
f 5563 5346 4933 5075
f 4910 4890 4907 5040
f 5293 5063 5340 5343
f 5184 5293 5343 5341
f 4916 5460 5459 5204
f 5004 5529 5528 5035
f 5060 5552 5551 5234
f 5571 5578 4934 5228
f 5571 5228 5573 5046
f 5130 4933 5577 5580
f 5348 5567 5579 5245
f 5579 5140 5074 4932
f 5580 4969 5578 5571
f 5130 5580 5571 5046
f 5163 5451 5454 5197
f 4959 5453 5451 5062
f 5062 5444 5456 4959
f 4973 5455 5444 4858
f 4858 5449 5457 4973
f 4904 5458 5449 4967
f 5455 4972 5456 5444
f 4891 5432 5433 5071
f 5047 5433 5431 4963
f 4963 5439 5440 5047
f 5070 5440 5438 4940
f 4940 5442 5443 5070
f 4882 5443 5441 5011
f 5432 5319 5431 5433
f 5188 4931 5173 5168
f 4931 5188 5165 4883
f 5173 4931 5073 5147
f 4381 4848 5167 5145
f 4844 4381 5145 5091
f 4457 4844 5091 5090
f 4846 4457 5090 5083
f 4452 4846 5083 5082
f 4449 4452 5082 5064
f 4852 4449 5064 5252
f 4456 4852 5252 5026
f 4455 4456 5026 5182
f 4851 4455 5182 4879
f 4454 4851 4879 5189
f 4847 4454 5189 4855
f 4458 4847 4855 5005
f 4853 4458 5005 5050
f 4850 4853 5050 5072
f 4849 4850 5072 5300
f 4382 4849 5300 5034
f 4845 4382 5034 5080
f 4453 4845 5080 5307
f 4451 4453 5307 4926
f 4450 4451 4926 5143
f 4848 4450 5143 5167
f 5477 5588 5581 5357
f 5360 5479 5587 5585
f 4916 5204 5584 5585
f 5012 5478 5588 5586
f 5357 5581 5583 5362
f 5362 5583 5582 5358
f 5460 5587 5582 4941
f 5359 5361 5584 5586
f 5353 5594 5596 5495
f 5154 5593 5595 5483
f 5273 4897 5594 5592
f 5483 5595 5590 5116
f 5273 5592 5593 5154
f 5495 5596 5589 5351
f 5352 5355 5591 5590
f 5351 5589 5591 5355
f 5366 5506 5604 5597
f 5257 5114 5600 5601
f 4923 5525 5603 5598
f 5505 5604 5600 5114
f 5258 4923 5598 5602
f 5258 5602 5597 4971
f 5363 5599 5601 5367
f 5524 5603 5599 5363
f 5546 5612 5605 5369
f 4986 5547 5612 5607
f 5545 5611 5608 5372
f 5286 5148 5606 5609
f 5085 4986 5607 5610
f 5369 5605 5609 5373
f 5531 5611 5606 5148
f 5374 5372 5608 5610
f 5611 5531 5613 5608
f 5531 5530 5085 5613
f 6297 6306 5654 5650
f 5791 5713 5619 5615
f 6082 6080 5801 5803
f 6064 5679 5690 6065
f 5706 5704 5675 5676
f 6089 6088 5689 5678
f 5673 5672 5695 5698
f 5701 5669 5666 5714
f 6314 6299 5647 6083
f 6295 5791 5615 6292
f 6062 6066 5711 5783
f 5691 5620 5619 5713
f 5737 5738 5624 5625
f 5774 5736 5626 5639
f 5716 5708 5677 5681
f 5688 5692 5681 5677
f 6286 6050 5756 6278
f 6298 6294 5645 5646
f 6030 5632 5757 6031
f 6310 6301 5640 6049
f 5701 5714 5680 5674
f 5684 5673 5674 5685
f 5776 5616 5617 5775
f 5736 5737 5625 5626
f 5680 5714 5618 5621
f 6015 5635 5762 6016
f 6312 6062 5783 6300
f 5741 5790 5720 5696
f 5673 5698 5701 5674
f 5708 5706 5676 5677
f 5664 5706 5708 5665
f 5698 5668 5669 5701
f 5698 5695 5667 5668
f 5806 5665 5670 5797
f 5677 5676 5687 5688
f 5671 5667 5695 5719
f 5692 5688 5707 5717
f 6282 6268 5616 5776
f 6069 5801 5799 6070
f 6071 5805 5803 6073
f 5676 5675 5686 5687
f 5719 5695 5672 5682
f 5704 5706 5664 5663
f 6020 5623 5655 6018
f 6088 5692 5717 6087
f 6315 6307 5653 6085
f 5696 5720 5693 5683
f 5680 5621 5620 5691
f 5667 5671 5718 5694
f 6311 6305 5648 6056
f 5713 5702 5685 5691
f 5699 5696 5683 5684
f 6335 6316 6342 6019
f 6289 6284 5800 6072
f 6317 6321 5770 5738
f 6334 6328 6340 6017
f 5639 5634 5761 5774
f 5717 5707 5742 5789
f 5628 5627 5723 5722
f 5636 5629 5721 5767
f 5729 5773 5772 5726
f 6025 5636 5767 6024
f 5775 5733 5730 5776
f 6273 6272 5728 5727
f 5728 5729 5726 5725
f 5765 5727 5724 5766
f 6330 6318 5747 5746
f 5682 5672 5683 5693
f 5733 5734 5731 5730
f 6325 6332 5736 5774
f 5734 5735 5732 5731
f 6091 5765 5766 6090
f 5635 5637 5770 5762
f 6281 6276 5768 5764
f 6288 6280 5760 6063
f 6331 6330 5746 5745
f 5740 5741 5696 5699
f 6282 6277 5643 5651
f 5791 5739 5702 5713
f 5739 5740 5699 5702
f 5674 5680 5691 5685
f 6325 6327 6348 5795
f 5687 5686 5703 5705
f 5735 5769 5768 5732
f 5727 5728 5725 5724
f 6274 6283 5773 5729
f 5666 5669 5700 5715
f 6332 6319 5737 5736
f 6046 5764 5763 6048
f 5891 5633 5758 5889
f 5627 5638 5771 5723
f 6275 6273 5727 5765
f 6319 6317 5738 5737
f 5764 5768 5769 5763
f 6021 5631 5754 6022
f 6338 6322 6354 6029
f 6070 5799 5798 6076
f 5669 5668 5697 5700
f 6072 5800 5802 6075
f 6027 5630 5751 6028
f 6336 6323 6345 6023
f 6295 6303 5739 5791
f 6063 5760 5759 6068
f 5629 5628 5722 5721
f 6272 6274 5729 5728
f 6291 6275 5765 6091
f 6320 6331 5745 5793
f 6285 6281 5764 6046
f 6277 6270 5642 5643
f 5672 5673 5684 5683
f 5738 5770 5637 5624
f 6269 6276 5654 5641
f 5702 5699 5684 5685
f 5707 5705 5743 5742
f 5668 5667 5694 5697
f 6089 5678 5710 6086
f 6313 6076 5798 6308
f 6309 6297 5650 6045
f 6050 5657 5656 6051
f 6294 6293 5644 5645
f 6339 6324 6352 6032
f 6270 6269 5641 5642
f 6307 6298 5646 5653
f 6105 6104 6107 6106
f 6065 5690 5711 6066
f 5688 5687 5705 5707
f 5665 5708 5716 5670
f 6328 6321 5794 6341
f 6318 6329 6347 5747
f 6059 5756 5755 6058
f 6087 5717 5789 6092
f 6302 6306 5790 5741
f 6337 6320 5793 6026
f 6073 6069 5690 5679
f 6290 6279 5753 6079
f 6079 5753 5752 6081
f 6082 5803 5805 6084
f 6287 6278 5756 6059
f 6304 6302 5741 5740
f 6333 6326 6350 5890
f 6303 6304 5740 5739
f 5705 5703 5744 5743
f 6293 6296 5652 5644
f 6078 5709 5777 6077
f 6080 5689 5709 6078
f 6105 6106 5614 6100
f 6064 6067 5712 5679
f 5814 5844 5843 5813
f 5819 5840 5838 5818
f 5824 5815 5814 5825
f 5821 5808 5829 5827
f 5835 5833 5821 5827
f 5830 5828 5820 5817
f 5832 5847 5839 5820
f 5830 5813 5822 5828
f 5826 5809 5816 5823
f 5825 5814 5813 5830
f 5837 5845 5815 5824
f 5822 5842 5846 5831
f 5829 5808 5809 5826
f 5843 5842 5822 5813
f 5810 5827 5829 5807
f 5807 5829 5826 5811
f 5841 5840 5819 5817
f 5819 5825 5830 5817
f 5811 5826 5823 5812
f 5835 5827 5810 5834
f 5818 5824 5825 5819
f 5839 5841 5817 5820
f 5815 5845 5844 5814
f 5837 5838 5812 5823
f 5838 5840 5811 5812
f 5841 5839 5810 5807
f 5846 5842 5821 5833
f 5840 5841 5807 5811
f 5843 5844 5809 5808
f 5844 5845 5816 5809
f 5842 5843 5808 5821
f 5845 5837 5823 5816
f 5839 5847 5834 5810
f 5820 5828 5836 5832
f 5822 5831 5836 5828
f 5818 5838 5837 5824
f 5795 6348 5834 5847
f 5750 5795 5847 5832
f 5749 5750 5832 5836
f 5748 5749 5836 5831
f 5794 5748 5831 5846
f 6341 5794 5846 5833
f 5855 5885 5884 5854
f 5860 5881 5879 5859
f 5865 5856 5855 5866
f 5862 5849 5870 5868
f 5876 5874 5862 5868
f 5871 5869 5861 5858
f 5873 5888 5880 5861
f 5871 5854 5863 5869
f 5867 5850 5857 5864
f 5866 5855 5854 5871
f 5878 5886 5856 5865
f 5863 5883 5887 5872
f 5870 5849 5850 5867
f 5884 5883 5863 5854
f 5851 5868 5870 5848
f 5848 5870 5867 5852
f 5882 5881 5860 5858
f 5860 5866 5871 5858
f 5852 5867 5864 5853
f 5876 5868 5851 5875
f 5859 5865 5866 5860
f 5880 5882 5858 5861
f 5856 5886 5885 5855
f 5878 5879 5853 5864
f 5879 5881 5852 5853
f 5882 5880 5851 5848
f 5887 5883 5862 5874
f 5881 5882 5848 5852
f 5884 5885 5850 5849
f 5885 5886 5857 5850
f 5883 5884 5849 5862
f 5886 5878 5864 5857
f 5880 5888 5875 5851
f 5861 5869 5877 5873
f 5863 5872 5877 5869
f 5859 5879 5878 5865
f 6327 6333 5890 6349
f 5634 5891 5889 5761
f 5875 5888 5890 6350
f 6349 5890 5888 5873
f 5899 5929 5928 5898
f 5904 5925 5923 5903
f 5909 5900 5899 5910
f 5906 5893 5914 5912
f 5920 5918 5906 5912
f 5915 5913 5905 5902
f 5917 5932 5924 5905
f 5915 5898 5907 5913
f 5911 5894 5901 5908
f 5910 5899 5898 5915
f 5922 5930 5900 5909
f 5907 5927 5931 5916
f 5914 5893 5894 5911
f 5928 5927 5907 5898
f 5895 5912 5914 5892
f 5892 5914 5911 5896
f 5926 5925 5904 5902
f 5904 5910 5915 5902
f 5896 5911 5908 5897
f 5920 5912 5895 5919
f 5903 5909 5910 5904
f 5924 5926 5902 5905
f 5900 5930 5929 5899
f 5922 5923 5897 5908
f 5923 5925 5896 5897
f 5926 5924 5895 5892
f 5931 5927 5906 5918
f 5925 5926 5892 5896
f 5928 5929 5894 5893
f 5929 5930 5901 5894
f 5927 5928 5893 5906
f 5930 5922 5908 5901
f 5924 5932 5919 5895
f 5905 5913 5921 5917
f 5907 5916 5921 5913
f 5903 5923 5922 5909
f 5940 5970 5969 5939
f 5945 5966 5964 5944
f 5950 5941 5940 5951
f 5947 5934 5955 5953
f 5961 5959 5947 5953
f 5956 5954 5946 5943
f 5958 5973 5965 5946
f 5956 5939 5948 5954
f 5952 5935 5942 5949
f 5951 5940 5939 5956
f 5963 5971 5941 5950
f 5948 5968 5972 5957
f 5955 5934 5935 5952
f 5969 5968 5948 5939
f 5936 5953 5955 5933
f 5933 5955 5952 5937
f 5967 5966 5945 5943
f 5945 5951 5956 5943
f 5937 5952 5949 5938
f 5961 5953 5936 5960
f 5944 5950 5951 5945
f 5965 5967 5943 5946
f 5941 5971 5970 5940
f 5963 5964 5938 5949
f 5964 5966 5937 5938
f 5967 5965 5936 5933
f 5972 5968 5947 5959
f 5966 5967 5933 5937
f 5969 5970 5935 5934
f 5970 5971 5942 5935
f 5968 5969 5934 5947
f 5971 5963 5949 5942
f 5965 5973 5960 5936
f 5946 5954 5962 5958
f 5948 5957 5962 5954
f 5944 5964 5963 5950
f 5981 6011 6010 5980
f 5986 6007 6005 5985
f 5991 5982 5981 5992
f 5988 5975 5996 5994
f 6002 6000 5988 5994
f 5997 5995 5987 5984
f 5999 6014 6006 5987
f 5997 5980 5989 5995
f 5993 5976 5983 5990
f 5992 5981 5980 5997
f 6004 6012 5982 5991
f 5989 6009 6013 5998
f 5996 5975 5976 5993
f 6010 6009 5989 5980
f 5977 5994 5996 5974
f 5974 5996 5993 5978
f 6008 6007 5986 5984
f 5986 5992 5997 5984
f 5978 5993 5990 5979
f 6002 5994 5977 6001
f 5985 5991 5992 5986
f 6006 6008 5984 5987
f 5982 6012 6011 5981
f 6004 6005 5979 5990
f 6005 6007 5978 5979
f 6008 6006 5977 5974
f 6013 6009 5988 6000
f 6007 6008 5974 5978
f 6010 6011 5976 5975
f 6011 6012 5983 5976
f 6009 6010 5975 5988
f 6012 6004 5990 5983
f 6006 6014 6001 5977
f 5987 5995 6003 5999
f 5989 5998 6003 5995
f 5985 6005 6004 5991
f 6316 6334 6017 6343
f 5623 6015 6016 5655
f 5872 5887 6017 6340
f 6343 6017 5887 5874
f 6323 6335 6019 6344
f 5631 6020 6018 5754
f 5916 5931 6019 6342
f 6344 6019 5931 5918
f 6329 6336 6023 6346
f 5638 6021 6022 5771
f 5957 5972 6023 6345
f 6346 6023 5972 5959
f 5998 6013 5747 6347
f 5746 5747 6013 6000
f 5745 5746 6000 6002
f 5793 5745 6002 6001
f 6322 6337 6026 6355
f 5630 6025 6024 5751
f 6026 5793 6001 6014
f 6355 6026 6014 5999
f 5632 6027 6028 5757
f 6324 6338 6029 6353
f 6029 6354 5960 5973
f 6353 6029 5973 5958
f 6326 6339 6032 6351
f 5633 6030 6031 5758
f 6032 6352 5919 5932
f 6351 6032 5932 5917
f 6034 6033 5835 5834
f 5787 6349 5873 6034
f 6035 6033 5877 5872
f 5781 6343 5874 6036
f 5833 5835 6033 6035
f 5873 5877 6033 6034
f 6037 6036 5874 5876
f 6038 6037 5876 5875
f 5784 6351 5917 6038
f 5917 5921 6037 6038
f 5921 5916 6036 6037
f 6040 6039 5918 5920
f 6041 6040 5920 5919
f 5778 6039 5957 6345
f 5958 5962 6040 6041
f 5962 5957 6039 6040
f 6043 6042 5959 5961
f 6044 6043 5961 5960
f 5792 6042 5998 6347
f 5999 6003 6043 6044
f 6003 5998 6042 6043
f 5635 5763 5769 5637
f 5624 5637 5769 5735
f 5625 5624 5735 5734
f 5626 5625 5734 5733
f 5639 5626 5733 5775
f 5634 5639 5775 5617
f 5629 5724 5725 5628
f 5627 5628 5725 5726
f 5638 5627 5726 5772
f 5766 5724 5629 5636
f 6301 6309 6045 5640
f 6271 6285 6046 5657
f 5657 6046 6048 5656
f 5664 5665 5806 6057
f 5756 6050 6051 5755
f 6305 6310 6049 5648
f 6271 5657 6050 6286
f 6101 6103 6053 6055
f 6283 6287 6059 5773
f 5773 6059 6058 5772
f 6296 6311 6056 5652
f 6053 6054 6111 6112
f 5806 6101 6055 6057
f 6021 5638 5772 6058
f 5631 6021 6058 5755
f 6020 5631 5755 6051
f 5623 6020 6051 5656
f 6015 5623 5656 6048
f 5635 6015 6048 5763
f 5621 5618 6067 6064
f 5620 6065 6066 5619
f 5616 6063 6068 5617
f 6268 6288 6063 5616
f 6292 5615 6062 6312
f 5615 5619 6066 6062
f 5621 6064 6065 5620
f 5803 5801 6069 6073
f 6300 5783 6076 6313
f 5760 6072 6075 5759
f 5711 6070 6076 5783
f 6280 6289 6072 5760
f 5712 6071 6073 5679
f 5690 6069 6070 5711
f 5801 6080 6078 5799
f 5799 6078 6077 5798
f 5678 6082 6084 5710
f 5800 6079 6081 5802
f 6284 6290 6079 5800
f 6308 6314 6083 5804
f 5678 5689 6080 6082
f 5709 6087 6092 5777
f 5681 6089 6086 5716
f 6279 6291 6091 5753
f 5753 6091 6090 5752
f 6299 6315 6085 5647
f 5689 6088 6087 5709
f 6095 6096 6086 5710
f 5681 5692 6088 6089
f 5797 5670 6096 5796
f 6090 5766 5636 6025
f 5752 6090 6025 5630
f 6027 6081 5752 5630
f 5632 5802 6081 6027
f 6030 6075 5802 5632
f 5633 5759 6075 6030
f 6068 5759 5633 5891
f 5617 6068 5891 5634
f 6097 6095 5710 6084
f 6098 6097 6084 5805
f 6099 6098 5805 6071
f 6100 6099 6071 5712
f 5614 5659 6099 6100
f 5659 5660 6098 6099
f 5660 5661 6097 6098
f 5661 5662 6095 6097
f 5670 5716 6086 6096
f 5796 6096 6095 5662
f 6067 5618 6104 6105
f 6067 6105 6100 5712
f 6104 5618 5714 5666
f 6107 6104 5666 5715
f 6055 6053 6112 6113
f 6117 6116 5697 5694
f 6054 6102 6108 6109
f 6057 6055 6113 6110
f 5663 5664 6057 6110
f 6109 6108 6114 6115
f 6094 6093 6116 6117
f 6118 6101 5806 5797
f 6134 6135 6108 6102
f 6114 6093 6094 6115
f 6120 6111 6054 6109
f 6122 6117 5694 5718
f 6103 6101 6118 6123
f 5700 5697 6116 6124
f 6125 6124 6116 6093
f 6126 6118 5797 5796
f 6123 6118 6126 6127
f 5715 5700 6124 6128
f 6129 6128 6124 6125
f 6103 6102 6054 6053
f 6142 6141 5659 5614
f 6130 6126 5796 5662
f 6127 6126 6130 6131
f 6131 6130 5662 5661
f 6107 5715 6128 6132
f 6133 6132 6128 6129
f 6106 6107 6132 6133
f 6114 6108 6135 6136
f 6137 6138 6135 6134
f 6140 6141 6138 6137
f 6136 6135 6138 6139
f 5660 5659 6141 6140
f 6139 6138 6141 6142
f 6125 6093 6114 6136
f 6129 6125 6136 6139
f 6133 6129 6139 6142
f 6106 6133 6142 5614
f 6134 6102 6103 6123
f 6137 6134 6123 6127
f 6140 6137 6127 6131
f 5660 6140 6131 5661
f 6200 6199 5658 6052
f 6121 6120 6109 6115
f 6119 6121 6115 6094
f 6122 6119 6094 6117
f 6201 6200 6052 5779
f 6202 6201 5779 6060
f 6203 6202 6060 5788
f 6204 6203 5788 5744
f 6205 6204 5744 5703
f 6206 6205 5703 5686
f 6207 6206 5686 5675
f 6208 6207 5675 5704
f 6209 6208 5704 5663
f 6210 6209 5663 6110
f 6211 6210 6110 6113
f 6212 6211 6113 6112
f 6213 6212 6112 6111
f 6214 6213 6111 6120
f 6215 6214 6120 6121
f 6216 6215 6121 6119
f 6217 6216 6119 6122
f 6218 6217 6122 5718
f 6219 6218 5718 5671
f 6220 6219 5671 5719
f 6221 6220 5719 5682
f 6222 6221 5682 5693
f 6223 6222 5693 5720
f 6224 6223 5720 5790
f 6225 6224 5790 5785
f 6226 6225 5785 6047
f 6199 6226 6047 5658
f 4829 4843 6170 6144
f 4843 4842 6169 6170
f 4842 6267 6168 6169
f 6267 4841 6167 6168
f 4841 6266 6166 6167
f 6266 6265 6165 6166
f 6265 6264 6164 6165
f 6264 6263 6163 6164
f 6263 4840 6162 6163
f 4840 4839 6161 6162
f 4839 4838 6160 6161
f 4838 6262 6159 6160
f 6262 6261 6158 6159
f 6261 4837 6157 6158
f 4837 4836 6156 6157
f 4836 6260 6155 6156
f 6260 6259 6154 6155
f 6259 4835 6153 6154
f 4835 4834 6152 6153
f 4834 6258 6151 6152
f 6258 6257 6150 6151
f 6257 6256 6149 6150
f 6256 4833 6148 6149
f 4833 4832 6147 6148
f 4832 4831 6146 6147
f 4831 4830 6145 6146
f 4830 6255 6143 6145
f 6255 4829 6144 6143
f 6254 6253 6198 6171
f 6253 6252 6197 6198
f 6252 6251 6196 6197
f 6251 6250 6195 6196
f 6250 6249 6194 6195
f 6249 6248 6193 6194
f 6248 6247 6192 6193
f 6247 6246 6191 6192
f 6246 6245 6190 6191
f 6245 6244 6189 6190
f 6244 6243 6188 6189
f 6243 6242 6187 6188
f 6242 6241 6186 6187
f 6241 6240 6185 6186
f 6240 6239 6184 6185
f 6239 6238 6183 6184
f 6238 6237 6182 6183
f 6237 6236 6181 6182
f 6236 6235 6180 6181
f 6235 6234 6179 6180
f 6234 6233 6178 6179
f 6233 6232 6177 6178
f 6232 6231 6176 6177
f 6231 6230 6175 6176
f 6230 6229 6174 6175
f 6229 6228 6173 6174
f 6228 6227 6172 6173
f 6227 6254 6171 6172
f 6171 6198 6226 6199
f 6198 6197 6225 6226
f 6197 6196 6224 6225
f 6196 6195 6223 6224
f 6195 6194 6222 6223
f 6194 6193 6221 6222
f 6193 6192 6220 6221
f 6192 6191 6219 6220
f 6191 6190 6218 6219
f 6190 6189 6217 6218
f 6189 6188 6216 6217
f 6188 6187 6215 6216
f 6187 6186 6214 6215
f 6186 6185 6213 6214
f 6185 6184 6212 6213
f 6184 6183 6211 6212
f 6183 6182 6210 6211
f 6182 6181 6209 6210
f 6181 6180 6208 6209
f 6180 6179 6207 6208
f 6179 6178 6206 6207
f 6178 6177 6205 6206
f 6177 6176 6204 6205
f 6176 6175 6203 6204
f 6175 6174 6202 6203
f 6174 6173 6201 6202
f 6173 6172 6200 6201
f 6172 6171 6199 6200
f 6143 6144 6254 6227
f 6145 6143 6227 6228
f 6146 6145 6228 6229
f 6147 6146 6229 6230
f 6148 6147 6230 6231
f 6149 6148 6231 6232
f 6150 6149 6232 6233
f 6151 6150 6233 6234
f 6152 6151 6234 6235
f 6153 6152 6235 6236
f 6154 6153 6236 6237
f 6155 6154 6237 6238
f 6156 6155 6238 6239
f 6157 6156 6239 6240
f 6158 6157 6240 6241
f 6159 6158 6241 6242
f 6160 6159 6242 6243
f 6161 6160 6243 6244
f 6162 6161 6244 6245
f 6163 6162 6245 6246
f 6164 6163 6246 6247
f 6165 6164 6247 6248
f 6166 6165 6248 6249
f 6167 6166 6249 6250
f 6168 6167 6250 6251
f 6169 6168 6251 6252
f 6170 6169 6252 6253
f 6144 6170 6253 6254
f 5647 6085 6291 6279
f 5804 6083 6290 6284
f 5649 6074 6289 6280
f 5622 6061 6288 6268
f 5652 6056 6287 6283
f 5640 6271 6286 6049
f 5640 6045 6285 6271
f 6056 5648 6278 6287
f 6083 5647 6279 6290
f 5731 5732 6269 6270
f 5732 5768 6276 6269
f 5730 5731 6270 6277
f 6045 5650 6281 6285
f 6085 5653 6275 6291
f 5645 5644 6274 6272
f 5653 5646 6273 6275
f 5644 5652 6283 6274
f 5776 5730 6277 6282
f 6061 5649 6280 6288
f 5650 5654 6276 6281
f 5646 5645 6272 6273
f 6074 5804 6284 6289
f 5651 5622 6268 6282
f 6049 6286 6278 5648
f 5777 6092 6315 6299
f 5798 6077 6314 6308
f 5649 6300 6313 6074
f 5622 6292 6312 6061
f 5788 6060 6311 6296
f 5779 6052 6310 6305
f 5658 6047 6309 6301
f 5744 5788 6296 6293
f 5643 5642 6304 6303
f 5642 5641 6302 6304
f 5641 5654 6306 6302
f 5789 5742 6298 6307
f 5743 5744 6293 6294
f 6047 5785 6297 6309
f 6074 6313 6308 5804
f 5651 5643 6303 6295
f 6060 5779 6305 6311
f 6092 5789 6307 6315
f 6061 6312 6300 5649
f 6052 5658 6301 6310
f 5742 5743 6294 6298
f 5651 6295 6292 5622
f 6077 5777 6299 6314
f 5785 5790 6306 6297
f 5758 6031 6339 6326
f 5757 6028 6338 6324
f 5751 6024 6337 6322
f 5771 6022 6336 6329
f 5754 6018 6335 6323
f 5655 6016 6334 6316
f 5761 5889 6333 6327
f 5889 5758 6326 6333
f 6024 5767 6320 6337
f 5723 5771 6329 6318
f 5762 5770 6321 6328
f 6031 5757 6324 6339
f 5767 5721 6331 6320
f 6022 5754 6323 6336
f 6028 5751 6322 6338
f 5749 5748 6317 6319
f 5750 5749 6319 6332
f 5774 5761 6327 6325
f 5721 5722 6330 6331
f 5795 5750 6332 6325
f 5722 5723 6318 6330
f 6016 5762 6328 6334
f 5748 5794 6321 6317
f 6018 5655 6316 6335
f 5786 6035 5872 6340
f 6328 6341 5786 6340
f 5833 6035 5786 6341
f 5778 6344 5918 6039
f 5792 6347 6329 6346
f 5792 6346 5959 6042
f 5916 6342 5781 6036
f 5781 6342 6316 6343
f 5778 6345 6323 6344
f 5834 6348 5787 6034
f 5875 6350 5784 6038
f 6327 6349 5787 6348
f 5782 6353 5958 6041
f 6326 6351 5784 6350
f 5780 6355 5999 6044
f 5960 6354 5780 6044
f 6322 6355 5780 6354
f 5919 6352 5782 6041
f 6324 6353 5782 6352
f 6421 6369 6368 6427
f 6427 6368 6366 6433
f 6433 6366 6365 6439
f 6551 6360 6361 6550
f 6439 6365 6364 6445
f 6550 6361 6357 6485
f 6445 6364 6363 6451
f 6451 6363 6362 6480
f 6480 6362 6357 6495
f 6553 9934 6356 6358
f 7382 7381 205 206
f 7388 7387 212 223
f 7377 7382 206 202
f 7381 7386 211 205
f 7386 7388 223 211
f 7387 7378 201 212
f 6405 6411 6409 6406
f 6401 6415 6414 6402
f 6403 6413 6412 6404
f 6406 6409 6408 6407
f 6402 6414 6413 6403
f 6404 6412 6411 6405
f 6478 6400 6394 6477
f 6396 6395 6389 6390
f 6397 6396 6390 6391
f 6399 6398 6392 6393
f 6398 6397 6391 6392
f 6400 6399 6393 6394
f 6477 6394 6464 6465
f 6390 6389 6459 6460
f 6391 6390 6460 6461
f 6393 6392 6462 6463
f 6463 220 225 6464
f 6459 210 216 6460
f 6392 6391 6461 6462
f 6461 218 226 6462
f 6394 6393 6463 6464
f 6464 225 224 6465
f 6460 216 218 6461
f 6462 226 220 6463
f 6383 6384 6405 6406
f 6387 6388 6401 6402
f 6385 6386 6403 6404
f 6476 6383 6406 6407
f 6387 6402 6403 6386
f 6385 6404 6405 6384
f 6409 6411 6399 6400
f 6414 6415 6395 6396
f 6412 6413 6397 6398
f 6410 6383 6476 6382
f 6408 6409 6400 6478
f 6414 6396 6397 6413
f 6412 6398 6399 6411
f 6419 6418 6424 6425
f 6425 6424 6430 6431
f 6431 6430 6436 6437
f 6437 6436 6442 6443
f 6443 6442 6448 6449
f 6449 6448 6479 6416
f 6420 6419 6425 6426
f 6426 6425 6431 6432
f 6432 6431 6437 6438
f 6438 6437 6443 6444
f 6444 6443 6449 6450
f 6450 6449 6416 6417
f 6369 6420 6426 6368
f 6368 6426 6432 6366
f 6366 6432 6438 6365
f 6365 6438 6444 6364
f 6364 6444 6450 6363
f 6363 6450 6417 6362
f 6422 6421 6427 6428
f 6428 6427 6433 6434
f 6434 6433 6439 6440
f 6440 6439 6445 6446
f 6446 6445 6451 6452
f 6452 6451 6480 6481
f 6423 6422 6428 6429
f 6429 6428 6434 6435
f 6435 6434 6440 6441
f 6441 6440 6446 6447
f 6447 6446 6452 6453
f 6453 6452 6481 6482
f 6377 6423 6429 6378
f 6378 6429 6435 6375
f 6375 6435 6441 6379
f 6379 6441 6447 6380
f 6380 6447 6453 6376
f 6376 6453 6482 6381
f 6454 6384 6383 6410
f 6455 6385 6384 6454
f 6456 6386 6385 6455
f 6457 6387 6386 6456
f 6458 6388 6387 6457
f 6457 6424 6418 6458
f 6456 6430 6424 6457
f 6455 6436 6430 6456
f 6454 6442 6436 6455
f 6410 6448 6442 6454
f 6382 6479 6448 6410
f 6376 6381 6487 6467
f 6379 6380 6471 6470
f 6375 6379 6470 6466
f 6377 6378 6469 6468
f 6380 6376 6467 6471
f 6378 6375 6466 6469
f 7378 7383 208 201
f 6478 6477 6472 6473
f 6477 6465 6486 6472
f 6408 6478 6473 6474
f 6476 6407 6493 6475
f 6382 6476 6475 6494
f 6465 224 214 6486
f 6407 6408 6474 6493
f 6479 6382 6494 6497
f 6381 6482 6483 6489
f 6482 6481 6484 6483
f 6481 6480 6495 6484
f 6362 6417 6485 6357
f 6417 6416 6496 6485
f 6416 6479 6497 6496
f 6381 6489 6499 6487
f 7383 7379 203 208
f 7379 7389 222 203
f 7389 7384 207 222
f 7384 7385 209 207
f 7385 7380 204 209
f 6486 6521 6522 6472
f 6472 6522 6523 6473
f 6492 9411 6370 6501
f 6491 6492 6501 6502
f 6490 6491 6502 6500
f 6488 6490 6500 6498
f 6489 6488 6498 6499
f 6488 6503 6504 6490
f 6490 6504 6505 6491
f 6491 6505 6506 6492
f 6504 6509 6508 6505
f 6503 6510 6509 6504
f 6505 6508 6507 6506
f 6509 6512 6513 6508
f 6510 6514 6512 6509
f 6508 6513 6511 6507
f 6483 6503 6488 6489
f 6484 6510 6503 6483
f 6495 6514 6510 6484
f 6522 6527 6528 6523
f 214 217 6521 6486
f 6497 6516 6519 6496
f 6475 6517 6515 6494
f 6493 6520 6517 6475
f 6474 6518 6520 6493
f 6494 6515 6516 6497
f 6496 6519 6550 6485
f 6473 6523 6518 6474
f 6521 6532 6527 6522
f 6527 6536 6537 6528
f 217 221 6532 6521
f 6516 6530 6525 6519
f 6517 6524 6529 6515
f 6520 6526 6524 6517
f 6518 6531 6526 6520
f 6515 6529 6530 6516
f 6519 6525 6551 6550
f 6523 6528 6531 6518
f 6532 6541 6536 6527
f 6536 6545 6546 6537
f 221 219 6541 6532
f 6530 6539 6534 6525
f 6524 6533 6538 6529
f 6526 6535 6533 6524
f 6531 6540 6535 6526
f 6529 6538 6539 6530
f 6525 6534 6552 6551
f 6528 6537 6540 6531
f 6541 6555 6545 6536
f 6546 6545 6374 6367
f 219 213 6555 6541
f 6539 6548 6543 6534
f 6533 6542 6547 6538
f 6535 6544 6542 6533
f 6540 6549 6544 6535
f 6538 6547 6548 6539
f 6534 6543 6553 6552
f 6537 6546 6549 6540
f 6555 9931 6374 6545
f 6361 6514 6495 6357
f 6360 6512 6514 6361
f 6359 6513 6512 6360
f 6358 6511 6513 6359
f 6371 6548 6547 9933
f 6372 6543 6548 6371
f 9934 6553 6543 6372
f 6544 9612 9611 6542
f 6542 9611 9933 6547
f 6358 6356 6373 6511
f 6511 6373 6554 6507
f 6507 6554 9929 6506
f 9929 9411 6492 6506
f 6546 6367 9935 6549
f 9935 9612 6544 6549
f 213 215 9931 6555
f 6552 6359 6360 6551
f 6553 6358 6359 6552
f 6789 6588 6589 6797
f 6801 6643 6559 6790
f 6790 6559 6562 6791
f 6792 6558 775 800
f 6801 6797 6589 6643
f 6783 7296 7315 6778
f 7309 7318 6756 6752
f 6798 6625 6558 6792
f 7301 7307 6755 6753
f 6795 6557 6588 6789
f 6600 6602 6652 6651
f 6593 6606 6633 6631
f 6596 6595 6608 6605
f 6594 6632 6634 6610
f 782 6594 6610 784
f 6786 7310 6799 6806
f 6599 6598 6603 6609
f 6593 781 783 6606
f 779 778 6576 6578
f 6630 6627 6574 6579
f 6650 6649 6572 6580
f 6583 6573 6577 6582
f 6581 6571 6649 6650
f 6629 6628 6569 6585
f 6580 6572 6570 6586
f 6579 6574 6575 6584
f 6582 6577 6571 6581
f 6585 6569 777 780
f 786 6623 6621 785
f 6610 6585 780 784
f 6609 6582 6581 6602
f 6607 6579 6584 6604
f 6608 6580 6586 6605
f 6634 6629 6585 6610
f 6603 6583 6582 6609
f 6652 6650 6580 6608
f 6633 6630 6579 6607
f 6793 6796 6587 6592
f 6807 6775 6557 6795
f 6800 6802 6732 6617
f 6804 6794 6591 6751
f 6799 6793 6592 6590
f 6565 6597 6601 6566
f 776 781 6593 6567
f 6561 6594 782 774
f 6563 6595 6596 6560
f 6626 6631 6597 6565
f 6564 6598 6599 6568
f 6648 6651 6595 6563
f 6568 6599 6600 6556
f 6642 6641 6573 6583
f 6647 789 785 6621
f 6752 6612 6613 6754
f 6756 6653 6612 6752
f 6618 6615 6616 6620
f 6556 6648 6787 6785
f 6803 7314 1049 801
f 6646 6654 6615 6618
f 6805 6800 6617 6763
f 6764 6618 6620 6765
f 6622 790 789 6647
f 7300 7314 6803 6802
f 7313 6623 786 1050
f 7297 6613 6765 7322
f 8132 1917 791 6735
f 7311 7300 6802 6800
f 6767 6646 6618 6764
f 6615 6654 6647 6621
f 6597 6631 6633 6607
f 6644 6601 6604 6645
f 6624 6632 6594 6561
f 6560 6596 6632 6624
f 783 779 6578 6606
f 6606 6578 6630 6633
f 6586 6570 6628 6629
f 6578 6576 6627 6630
f 6791 6562 6625 6798
f 1052 787 6638 7295
f 6619 6635 6636 6614
f 798 1051 7296 6783
f 7298 7321 6805 6794
f 6802 6803 6737 6732
f 6762 6766 6635 6619
f 6753 6755 6637 6611
f 788 6639 6638 787
f 6595 6651 6652 6608
f 6596 6605 6634 6632
f 6567 6593 6631 6626
f 6605 6586 6629 6634
f 6644 6645 6603 6598
f 6788 7317 7310 6786
f 7305 7303 6796 6793
f 6601 6597 6607 6604
f 6584 6575 6641 6642
f 6853 7079 7081 6855
f 6753 6611 6653 6756
f 6619 6614 6654 6646
f 6762 6619 6646 6767
f 6566 6601 6644 6640
f 6604 6584 6642 6645
f 788 790 6622 6639
f 6614 6622 6647 6654
f 7052 6736 793 807
f 6936 6729 6694 6918
f 6919 6707 6704 6920
f 6921 6701 6709 6922
f 6945 6820 6700 6924
f 6925 6693 6711 6926
f 6938 6772 6702 6928
f 6935 6730 6707 6919
f 6943 6811 6699 6930
f 6930 6699 6696 6923
f 7109 7104 6701 6921
f 6944 6821 6705 6931
f 7050 7054 6932 6710
f 6975 6963 6703 6929
f 6931 6705 6708 6934
f 6933 6695 6698 6917
f 7045 7040 6693 6925
f 6803 801 792 6737
f 6706 6591 6763 6772
f 6937 6761 6706 6927
f 6808 7002 7006 6957
f 6699 6717 6715 6696
f 6705 6723 6726 6708
f 7040 7041 6712 6693
f 6701 6719 6727 6709
f 6772 6763 6617 6702
f 6963 6964 6721 6703
f 6811 6813 6717 6699
f 6707 6592 6587 6704
f 6820 6822 6718 6700
f 6693 6712 6728 6711
f 6821 6823 6723 6705
f 7104 7105 6719 6701
f 6761 6751 6591 6706
f 6730 6590 6592 6707
f 6639 6622 6614 6636
f 8131 8132 6735 6734
f 6928 6702 6710 6932
f 6703 6721 6590 6730
f 6929 6703 6730 6935
f 6917 6698 6729 6936
f 6732 6737 6736 6733
f 6953 7098 7097 6952
f 7050 6710 6750 7053
f 7055 6993 6690 7049
f 8141 6739 6738 8140
f 6776 6956 7006 7002
f 6717 6743 6741 6715
f 6731 6745 6740 6713
f 6813 6815 6743 6717
f 6716 6742 6745 6731
f 6822 6824 6744 6718
f 6716 6698 6695 6714
f 6731 6729 6698 6716
f 6713 6694 6729 6731
f 6716 6714 6746 6742
f 6739 6748 6747 6738
f 1934 8145 6954 806
f 6749 6747 6748 6697
f 8130 8133 6749 6697
f 7051 7053 6750 6733
f 6617 6750 6710 6702
f 6704 6587 6751 6761
f 6920 6704 6761 6937
f 6782 7308 7302 6780
f 6612 6653 6767 6764
f 6780 7302 7317 6788
f 6778 7315 7308 6782
f 7303 7319 6804 6796
f 6796 6804 6751 6587
f 6927 6706 6772 6938
f 6611 6762 6767 6653
f 6611 6637 6766 6762
f 7319 7298 6794 6804
f 6612 6764 6765 6613
f 6794 6805 6763 6591
f 7030 6664 6769 7029
f 7031 6758 6664 7030
f 8148 8143 6758 7031
f 6714 6947 6951 6746
f 6746 6951 6949 6773
f 6946 797 796 6950
f 6950 796 795 6948
f 6563 6779 6787 6648
f 6779 6780 6788 6787
f 6787 6788 6786 6785
f 6801 6640 6564 6797
f 6561 6784 6777 6624
f 6784 6783 6778 6777
f 6799 6590 6721 6806
f 6806 6721 6775 6807
f 6560 6781 6779 6563
f 6781 6782 6780 6779
f 6624 6777 6781 6560
f 6777 6778 6782 6781
f 774 799 6784 6561
f 799 798 6783 6784
f 7321 7311 6800 6805
f 7320 6754 6613 7297
f 7310 7305 6793 6799
f 6882 6884 6853 6855
f 6626 6565 6791 6798
f 7051 6733 6736 7052
f 7322 6765 6620 7312
f 6915 6735 791 805
f 7309 6752 6754 7306
f 7299 6616 6623 7313
f 7312 6620 6616 7299
f 6556 6785 6807 6795
f 7304 7306 6754 7320
f 6568 6556 6795 6789
f 6567 6626 6798 6792
f 776 6567 6792 800
f 6565 6566 6790 6791
f 6566 6640 6801 6790
f 6564 6568 6789 6797
f 6960 6961 6815 6813
f 6959 6960 6813 6811
f 6708 6726 6814 6812
f 6934 6708 6812 6942
f 6974 6959 6811 6943
f 6715 6741 6824 6822
f 6709 6727 6823 6821
f 6696 6715 6822 6820
f 6922 6709 6821 6944
f 6923 6696 6820 6945
f 6833 6827 6829 6832
f 6839 6826 6828 6838
f 6832 6829 6825 6844
f 6844 6825 6826 6839
f 6723 6842 6841 6726
f 6842 6843 6840 6841
f 6843 6844 6839 6840
f 6823 6830 6842 6723
f 6830 6831 6843 6842
f 6831 6832 6844 6843
f 6726 6841 6836 6814
f 6841 6840 6837 6836
f 6840 6839 6838 6837
f 6727 6835 6830 6823
f 6835 6834 6831 6830
f 6834 6833 6832 6831
f 6965 6775 6721 6964
f 6966 6557 6775 6965
f 6967 6588 6557 6966
f 6968 6589 6588 6967
f 6862 6848 6847 6861
f 6866 6845 6849 6865
f 6865 6849 6848 6862
f 6861 6847 6846 6869
f 6872 6857 6858 6871
f 6876 6852 6854 6875
f 6875 6854 6850 6879
f 6882 6855 6851 6881
f 6881 6851 6852 6876
f 6589 6885 6883 6643
f 6971 6969 6853 6884
f 6879 6850 802 804
f 6886 6856 6857 6872
f 6888 6859 6856 6886
f 6868 6889 6829 6827
f 6846 6859 6888 6869
f 6869 6888 6889 6868
f 6885 6884 6882 6883
f 6556 6600 6651 6648
f 6829 6889 6887 6825
f 6889 6888 6886 6887
f 6825 6887 6873 6826
f 6887 6886 6872 6873
f 6558 6878 803 775
f 6878 6879 804 803
f 6968 6970 6885 6589
f 6970 6971 6884 6885
f 6559 6880 6877 6562
f 6880 6881 6876 6877
f 6643 6883 6880 6559
f 6883 6882 6881 6880
f 6625 6874 6878 6558
f 6874 6875 6879 6878
f 6562 6877 6874 6625
f 6877 6876 6875 6874
f 6826 6873 6870 6828
f 6873 6872 6871 6870
f 6833 6860 6868 6827
f 6860 6861 6869 6868
f 6835 6864 6863 6834
f 6864 6865 6862 6863
f 6727 6867 6864 6835
f 6867 6866 6865 6864
f 6834 6863 6860 6833
f 6863 6862 6861 6860
f 6719 6890 6867 6727
f 7105 7106 6890 6719
f 6712 6892 6891 6728
f 7042 6892 6712 7041
f 6742 6895 6898 6745
f 6892 6903 6902 6891
f 6815 6899 6896 6743
f 6824 6900 6897 6744
f 6743 6896 6894 6741
f 6961 6972 6899 6815
f 7042 7043 6903 6892
f 6745 6898 6893 6740
f 7106 7107 6901 6890
f 6741 6894 6900 6824
f 7107 7108 6912 6901
f 6898 6909 6904 6893
f 6894 6905 6911 6900
f 6903 6914 6913 6902
f 6899 6910 6907 6896
f 6895 6906 6909 6898
f 7043 7044 6914 6903
f 6900 6911 6908 6897
f 6896 6907 6905 6894
f 6972 6973 6910 6899
f 6773 6895 6742 6746
f 6774 6906 6895 6773
f 6901 6866 6867 6890
f 6912 6845 6866 6901
f 6773 6949 6952 6774
f 6948 795 794 6953
f 7301 6753 6756 7318
f 6747 6749 6734 6916
f 6656 7038 7046 6976
f 6816 6661 6979 7004
f 6679 6818 7003 6988
f 6956 6657 6977 7006
f 7055 7048 6689 6993
f 6674 6770 6999 6985
f 6757 6663 6980 6998
f 6681 6759 6997 6989
f 6720 6665 6981 6996
f 6683 6722 6995 6990
f 6976 6655 6692 6994
f 6733 6750 6617 6732
f 6921 7009 7111 7109
f 7110 7103 6671 6984
f 6818 6687 6992 7003
f 6809 6685 6991 7001
f 6677 6683 6990 6987
f 6770 6681 6989 6999
f 6685 6679 6988 6991
f 6759 6677 6987 6997
f 6722 6675 6986 6995
f 6687 6672 6984 6992
f 6669 6816 7004 6983
f 6667 6776 7002 6982
f 6665 6659 6978 6981
f 6663 6768 7000 6980
f 6979 6661 6667 6982
f 8142 6757 6998 8147
f 6657 6720 6996 6977
f 7034 7017 6922 6944
f 7015 6918 6974 7037
f 6929 7013 7036 6975
f 8148 8144 6933 7024
f 8141 8144 6941 6739
f 7030 6940 6941 7031
f 6739 6941 6940 6748
f 7029 6939 6940 7030
f 6748 6940 6939 6697
f 8126 8127 7056 7054
f 7027 7016 6920 6937
f 7026 7007 6917 6936
f 7025 7013 6929 6935
f 6927 7012 7027 6937
f 7018 6924 7045 7047
f 7056 7023 6932 7054
f 6934 7014 7022 6931
f 7032 6942 6975 7036
f 6925 7011 7047 7045
f 7019 6926 7109 7111
f 7023 7020 6928 6932
f 7021 7033 6943 6930
f 6919 7008 7025 6935
f 7020 7028 6938 6928
f 7019 7011 6925 6926
f 7018 7035 6945 6924
f 7017 7009 6921 6922
f 7016 7008 6919 6920
f 7015 7026 6936 6918
f 7033 7037 6974 6943
f 8140 8146 6947 6714
f 6916 6955 6738 6747
f 6916 6734 6735 6915
f 6949 6948 6953 6952
f 6951 6950 6948 6949
f 8146 6955 6954 8145
f 6947 6946 6950 6951
f 6955 6916 6915 6954
f 6954 6915 805 806
f 6979 6982 6668 6662
f 8147 6998 6758 8143
f 6977 6996 6724 6658
f 7046 6983 6670 7039
f 7038 6669 6983 7046
f 6676 6986 7005 6962
f 6675 6958 7005 6986
f 7022 7034 6944 6931
f 7032 7014 6934 6942
f 6893 6904 6973 6972
f 6740 6893 6972 6961
f 6870 6871 6971 6970
f 6828 6870 6970 6968
f 6871 6858 6969 6971
f 6828 6968 6967 6838
f 6838 6967 6966 6837
f 6837 6966 6965 6836
f 6836 6965 6964 6814
f 6918 6694 6959 6974
f 6694 6713 6960 6959
f 6713 6740 6961 6960
f 6812 6814 6964 6963
f 6942 6812 6963 6975
f 6980 7000 6769 6664
f 6981 6978 6660 6666
f 6982 7002 6808 6668
f 6983 7004 6817 6670
f 6992 6984 6671 6688
f 6995 6986 6676 6725
f 6997 6987 6678 6760
f 6991 6988 6680 6686
f 6999 6989 6682 6771
f 6987 6990 6684 6678
f 7001 6991 6686 6810
f 7003 6992 6688 6819
f 6958 6809 7001 7005
f 6985 6993 6689 6674
f 7110 6984 6672 7102
f 6976 6994 6691 6656
f 6990 6995 6725 6684
f 6996 6981 6666 6724
f 6989 6997 6760 6682
f 6998 6980 6664 6758
f 6985 6999 6771 6673
f 7005 7001 6810 6962
f 7006 6977 6658 6957
f 6988 7003 6819 6680
f 7004 6979 6662 6817
f 6690 7023 7056 7049
f 6571 7059 7069 6649
f 6658 7015 7037 6957
f 6810 7032 7036 6962
f 6724 7026 7015 6658
f 6684 7008 7016 6678
f 6671 7009 7017 6688
f 6817 7035 7018 6670
f 6655 7011 7019 6692
f 6771 7028 7020 6673
f 6725 7025 7008 6684
f 6808 7033 7021 6668
f 6668 7021 7010 6662
f 7103 7111 7009 6671
f 6819 7034 7022 6680
f 6962 7036 7013 6676
f 6680 7022 7014 6686
f 6660 7024 7007 6666
f 7039 7047 7011 6655
f 6760 7027 7012 6682
f 6676 7013 7025 6725
f 6666 7007 7026 6724
f 6678 7016 7027 6760
f 6682 7012 7028 6771
f 6686 7014 7032 6810
f 6957 7037 7033 6808
f 6688 7017 7034 6819
f 6662 7010 7035 6817
f 6670 7018 7047 7039
f 6976 7046 7039 6655
f 8128 7048 7055 8134
f 6917 7007 7024 6933
f 6897 6908 7044 7043
f 6744 6897 7043 7042
f 6744 7042 7041 6718
f 6700 6718 7041 7040
f 6924 6700 7040 7045
f 7028 7012 6927 6938
f 6692 7103 7110 6994
f 8129 8134 7055 7049
f 8130 8126 7054 7050
f 8127 8129 7049 7056
f 8131 8133 7053 7051
f 6641 7068 7061 6573
f 6576 7064 7066 6627
f 6570 7058 7067 6628
f 6575 7063 7068 6641
f 6649 7069 7060 6572
f 6574 7062 7063 6575
f 6602 6581 6650 6652
f 778 809 7064 6576
f 6573 7061 7065 6577
f 6627 7066 7062 6574
f 6572 7060 7058 6570
f 6628 7067 7057 6569
f 6569 7057 808 777
f 6577 7065 7059 6571
f 6904 7086 7100 6973
f 6952 7097 7070 6774
f 6905 7087 7093 6911
f 6906 7088 7091 6909
f 6854 7080 7076 6850
f 6907 7089 7087 6905
f 6851 7077 7078 6852
f 6909 7091 7086 6904
f 6850 7076 750 802
f 6969 7099 7079 6853
f 6910 7092 7089 6907
f 794 810 7098 6953
f 6855 7081 7077 6851
f 6911 7093 7090 6908
f 6737 792 793 6736
f 6852 7078 7080 6854
f 7108 7112 7094 6912
f 6845 7071 7075 6849
f 7044 7101 7096 6914
f 6914 7096 7095 6913
f 6847 7073 7072 6846
f 6774 7070 7088 6906
f 6973 7100 7092 6910
f 6908 7090 7101 7044
f 6848 7074 7073 6847
f 6857 7083 7084 6858
f 6849 7075 7074 6848
f 6912 7094 7071 6845
f 6856 7082 7083 6857
f 6859 7085 7082 6856
f 6846 7072 7085 6859
f 6858 7084 7099 6969
f 6645 6642 6583 6603
f 6615 6621 6623 6616
f 6602 6600 6599 6609
f 6673 7020 7023 6690
f 6564 6640 6644 6598
f 6913 7095 7112 7108
f 6692 7019 7111 7103
f 6673 6690 6993 6985
f 6691 6994 7110 7102
f 6923 7010 7021 6930
f 6902 6913 7108 7107
f 6891 6902 7107 7106
f 6728 6891 7106 7105
f 6711 6728 7105 7104
f 6926 6711 7104 7109
f 6785 6786 6806 6807
f 7035 7010 6923 6945
f 7100 7126 7120 7092
f 7096 7123 7122 7095
f 7087 7115 7121 7093
f 7098 7125 7124 7097
f 7090 7118 7127 7101
f 7088 7116 7119 7091
f 7101 7127 7123 7096
f 7070 7113 7116 7088
f 7089 7117 7115 7087
f 7091 7119 7114 7086
f 810 837 7125 7098
f 7092 7120 7117 7089
f 7097 7124 7113 7070
f 7093 7121 7118 7090
f 7086 7114 7126 7100
f 7158 7136 7133 7159
f 7160 7142 7138 7161
f 7161 7138 7137 7162
f 7163 7129 7141 7164
f 7159 7133 7142 7160
f 7165 7130 7136 7158
f 7166 7128 7131 7167
f 7167 7131 7134 7168
f 881 853 7140 7169
f 7170 7132 7130 7165
f 7171 7139 7128 7166
f 7168 7134 7129 7163
f 7164 7141 7135 7172
f 7172 7135 7132 7170
f 7169 7140 7139 7171
f 7173 7156 7150 7174
f 7174 7150 7147 7175
f 7176 7155 7154 7177
f 7178 7151 7148 7179
f 7180 7157 7153 7181
f 7181 7153 7152 7182
f 7183 7144 7156 7173
f 7179 7148 7157 7180
f 7184 7145 7151 7178
f 7185 7143 7146 7186
f 7186 7146 7149 7187
f 901 869 7155 7176
f 7175 7147 7145 7184
f 7177 7154 7143 7185
f 7187 7149 7144 7183
f 7125 7169 7171 7124
f 7120 7172 7170 7117
f 7126 7164 7172 7120
f 7119 7168 7163 7114
f 7124 7171 7166 7113
f 7117 7170 7165 7115
f 837 881 7169 7125
f 7116 7167 7168 7119
f 7113 7166 7167 7116
f 7115 7165 7158 7121
f 7118 7159 7160 7127
f 7114 7163 7164 7126
f 7123 7161 7162 7122
f 7127 7160 7161 7123
f 7121 7158 7159 7118
f 7134 7187 7183 7129
f 7139 7177 7185 7128
f 7132 7175 7184 7130
f 853 901 7176 7140
f 7131 7186 7187 7134
f 7128 7185 7186 7131
f 7130 7184 7178 7136
f 7133 7179 7180 7142
f 7129 7183 7173 7141
f 7138 7181 7182 7137
f 7142 7180 7181 7138
f 7136 7178 7179 7133
f 7140 7176 7177 7139
f 7135 7174 7175 7132
f 7141 7173 7174 7135
f 7212 7190 7189 7211
f 7211 7189 7188 7213
f 7220 7228 7235 7234
f 7226 7228 7220 7221
f 7217 7225 7233 7232
f 7223 7225 7217 7218
f 7216 907 906 7214
f 7214 906 905 7215
f 8297 7198 7191 8296
f 8299 7197 7195 8298
f 8300 7200 7197 8299
f 8302 7194 7196 8301
f 8296 7191 7194 8302
f 8303 7199 7198 8297
f 8298 7195 7193 8304
f 2093 918 7199 8303
f 8305 7192 7200 8300
f 8301 7196 7192 8305
f 7194 7204 7206 7196
f 7234 7369 7368 7233
f 7191 7201 7204 7194
f 7199 7209 7208 7198
f 918 929 7209 7199
f 7196 7206 7202 7192
f 7192 7202 7210 7200
f 7198 7208 7201 7191
f 7373 7211 7213 7374
f 7372 7212 7211 7373
f 7230 7190 7212 7229
f 7338 7337 7228 7226
f 7337 7340 7235 7228
f 8315 8308 7244 7341
f 7218 7217 7216 7214
f 7216 7217 7232 7231
f 7221 7220 7225 7223
f 7225 7220 7234 7233
f 8312 8314 7243 7242
f 8314 8313 7241 7243
f 7562 1295 1308 7567
f 7216 7231 950 907
f 7233 7368 7367 7232
f 7345 7254 975 1078
f 8306 7151 7145 8304
f 7212 7372 7375 7229
f 8295 7157 7148 8311
f 2101 959 7240 8307
f 7342 7251 7264 7344
f 7260 7263 7255 7257
f 7265 7260 7257 7256
f 8309 7238 7239 8253
f 7349 7258 7256 7346
f 7346 7256 7257 7347
f 7348 7255 7254 7345
f 7347 7257 7255 7348
f 1316 967 7247 7577
f 7578 7245 7246 7582
f 7247 7259 7263 7248
f 983 975 7254 7259
f 7250 7260 7265 7249
f 7261 7252 7253 7262
f 7248 7263 7260 7250
f 7573 7561 7560 7572
f 8312 7242 7244 8308
f 7580 7248 7250 7581
f 7581 7250 7249 7579
f 7577 7247 7248 7580
f 7579 7249 7251 7576
f 7583 7342 7245 7578
f 7265 7256 7258 7264
f 8307 7240 7241 8313
f 7574 7566 7563 7568
f 7344 7343 7252 7261
f 7245 7261 7262 7246
f 967 983 7259 7247
f 7572 7560 7562 7567
f 7263 7259 7254 7255
f 7251 7249 7265 7264
f 7571 7559 7561 7573
f 7072 7266 7269 7085
f 7074 7268 7267 7073
f 7073 7267 7266 7072
f 7266 7270 7273 7269
f 7268 7272 7271 7267
f 7267 7271 7270 7266
f 7262 7271 7272 7246
f 7253 7270 7271 7262
f 7274 7273 7270 7253
f 7083 7282 7283 7084
f 7081 7280 7276 7077
f 7080 7279 7275 7076
f 7082 7281 7282 7083
f 7078 7277 7279 7080
f 7077 7276 7277 7078
f 7099 7284 7278 7079
f 7079 7278 7280 7081
f 7076 7275 1002 750
f 7084 7283 7284 7099
f 7278 7288 7290 7280
f 7275 7285 1013 1002
f 7284 7294 7288 7278
f 7282 7292 7293 7283
f 7280 7290 7286 7276
f 7279 7289 7285 7275
f 7281 7291 7292 7282
f 7277 7287 7289 7279
f 7276 7286 7287 7277
f 7283 7293 7294 7284
f 7269 7281 7082 7085
f 7273 7291 7281 7269
f 6419 7273 7274 6418
f 7323 7317 7302 7324
f 7325 7315 7296 7326
f 7327 7305 7310 7328
f 7324 7302 7308 7329
f 7330 7321 7298 7331
f 7332 7303 7305 7327
f 7333 7319 7303 7332
f 7326 7296 1051 1053
f 7329 7308 7315 7325
f 7328 7310 7317 7323
f 7331 7298 7319 7333
f 7334 7311 7321 7330
f 1066 1049 7314 7335
f 7335 7314 7300 7336
f 7336 7300 7311 7334
f 7299 7336 7334 7312
f 7313 7335 7336 7299
f 1050 1066 7335 7313
f 7312 7334 7330 7322
f 7297 7331 7333 7320
f 7309 7328 7323 7318
f 7307 7329 7325 7316
f 7295 7326 1053 1052
f 7320 7333 7332 7304
f 7304 7332 7327 7306
f 7322 7330 7331 7297
f 7301 7324 7329 7307
f 7306 7327 7328 7309
f 7316 7325 7326 7295
f 7318 7323 7324 7301
f 7361 7210 7202 7364
f 7219 7218 7214 7215
f 7224 7223 7218 7219
f 7222 7221 7223 7224
f 7227 7226 7221 7222
f 7339 7338 7226 7227
f 7188 7189 7338 7339
f 7264 7258 7343 7344
f 7576 7251 7342 7583
f 7564 7566 7574 7569
f 7245 7342 7344 7261
f 8309 8315 7341 7238
f 7190 7230 7340 7337
f 7189 7190 7337 7338
f 7350 7343 7258 7349
f 7351 7252 7343 7350
f 6458 7351 7350 6388
f 6388 7350 7349 6401
f 6395 7347 7348 6389
f 6389 7348 7345 6459
f 6415 7346 7347 6395
f 6401 7349 7346 6415
f 6459 7345 1078 210
f 7351 7274 7253 7252
f 6458 6418 7274 7351
f 7360 7209 929 1093
f 7359 7208 7209 7360
f 7358 7201 7208 7359
f 7362 7204 7201 7358
f 7363 7206 7204 7362
f 7364 7202 7206 7363
f 7232 7367 7366 7231
f 7231 7366 1102 950
f 7371 7356 7355 7370
f 7370 7355 7354 7369
f 7369 7354 7353 7368
f 7368 7353 7352 7367
f 7367 7352 7203 7366
f 7366 7203 1085 1102
f 7207 7205 7356 7371
f 7357 7365 7361 7205
f 7356 7364 7363 7355
f 7355 7363 7362 7354
f 7354 7362 7358 7353
f 7353 7358 7359 7352
f 7352 7359 7360 7203
f 7203 7360 1093 1085
f 7205 7361 7364 7356
f 7193 7357 7236 7237
f 7195 7365 7357 7193
f 7230 7207 7371 7340
f 7235 7370 7369 7234
f 7340 7371 7370 7235
f 8295 7372 7373 8310
f 8310 7373 7374 8254
f 8306 8311 7148 7151
f 7236 7229 7375 7237
f 7236 7207 7230 7229
f 7357 7205 7207 7236
f 7376 7210 7361 7365
f 7376 7197 7200 7210
f 7365 7195 7197 7376
f 6420 7291 7273 6419
f 6369 7292 7291 6420
f 6421 7293 7292 6369
f 6422 7294 7293 6421
f 6423 7288 7294 6422
f 6377 7290 7288 6423
f 6501 6370 7380 7385
f 6502 6501 7385 7384
f 6500 6502 7384 7389
f 6498 6500 7389 7379
f 6499 6498 7379 7383
f 6487 6499 7383 7378
f 6467 6487 7378 7387
f 6470 6471 7388 7386
f 6466 6470 7386 7381
f 6468 6469 7382 7377
f 6471 6467 7387 7388
f 6469 6466 7381 7382
f 7285 7377 202 1013
f 7289 6468 7377 7285
f 7287 6377 6468 7289
f 7286 7290 6377 7287
f 7390 7391 7412 7413
f 7404 7403 7419 7420
f 7391 7392 7397 7412
f 7391 7390 7406 7407
f 7405 7404 7420 7421
f 7392 7391 7407 7408
f 7399 7398 7414 7415
f 8256 7405 7421 8259
f 7393 7392 7408 7409
f 7400 7399 7415 7416
f 7394 7393 7409 7410
f 7497 7400 7416 7498
f 7395 7394 7410 7411
f 8256 7390 7413 8257
f 7422 7397 7392 7393
f 8255 7401 7417 8258
f 7423 7422 7393 7394
f 7424 7423 7394 7395
f 7404 7405 7396 7425
f 7403 7404 7425 7426
f 7402 7403 7426 7427
f 8255 7402 7427 8260
f 7488 7401 7428 7490
f 7399 7400 7429 7430
f 7398 7399 7430 7431
f 8258 7417 7441 8261
f 7411 7410 7436 7437
f 7419 7418 7442 7443
f 7420 7419 7443 7444
f 7421 7420 7444 7445
f 7407 7406 7432 7433
f 7415 7414 7438 7439
f 7408 7407 7433 7434
f 8259 7421 7445 8262
f 7416 7415 7439 7440
f 7409 7408 7434 7435
f 7498 7416 7440 7500
f 7410 7409 7435 7436
f 7438 7414 7446 7447
f 8264 8272 7465 7450
f 7447 7446 7459 7461
f 7411 7437 7449 7448
f 7467 7454 7451 7463
f 8264 7450 7451 8263
f 7455 7466 7462 7453
f 7468 7456 7454 7467
f 8269 8265 7453 7452
f 7477 7482 7460 7449
f 8270 8263 7451 7454
f 7465 7463 7451 7450
f 7452 7453 7462 7464
f 7479 7476 7437 7436
f 8271 8270 7454 7456
f 7457 7469 7466 7455
f 7445 7444 7472 7470
f 7481 7479 7436 7435
f 7458 7460 7461 7459
f 8268 7464 7465 8272
f 7463 7465 7464 7462
f 7462 7466 7467 7463
f 7466 7469 7468 7467
f 7460 7458 7448 7449
f 7493 7492 7472 7473
f 7494 7493 7473 7471
f 7491 7496 7485 7441
f 7473 7472 7444 7443
f 7471 7473 7443 7442
f 7504 7501 7469 7457
f 7484 7433 7432 7486
f 7460 7482 7483 7461
f 8267 8266 7479 7481
f 7440 7439 7478 7480
f 8266 8265 7476 7479
f 7439 7438 7474 7478
f 8269 8268 7482 7477
f 7449 7437 7476 7477
f 7447 7475 7474 7438
f 7447 7461 7483 7475
f 8273 8262 7445 7470
f 8261 8274 7471 7442
f 8276 7505 7480 8271
f 7487 7434 7433 7484
f 7487 7481 7435 7434
f 8274 7485 7496 8275
f 7470 7472 7492 7495
f 7500 7505 7496 7491
f 7503 7502 7493 7494
f 7502 7501 7492 7493
f 7417 7489 7491 7441
f 7497 7488 7490 7499
f 7402 7418 7419 7403
f 7400 7497 7499 7429
f 7468 7469 7501 7502
f 7456 7468 7502 7503
f 7440 7480 7505 7500
f 8275 7496 7505 8276
f 7495 7492 7501 7504
f 7489 7498 7500 7491
f 7401 7488 7489 7417
f 8277 7504 7457 8267
f 8278 7495 7504 8277
f 8273 7470 7495 8278
f 8282 8279 7506 7523
f 8281 8280 7516 7525
f 7526 7520 7521 7527
f 7528 7510 7507 7529
f 7523 7506 7513 7530
f 7527 7521 7517 7531
f 7530 7513 7514 7532
f 7529 7507 7508 7533
f 7531 7517 7518 7534
f 7533 7508 7509 7522
f 7535 7511 7510 7528
f 7532 7514 7515 7524
f 7525 7516 7520 7526
f 7534 7518 7519 7536
f 7537 7512 7511 7535
f 7424 7537 7535 7423
f 7430 7534 7536 7431
f 7428 7525 7526 7490
f 7426 7532 7524 7427
f 7423 7535 7528 7422
f 7412 7533 7522 7413
f 7429 7531 7534 7430
f 7397 7529 7533 7412
f 7425 7530 7532 7426
f 7499 7527 7531 7429
f 7396 7523 7530 7425
f 7422 7528 7529 7397
f 7490 7526 7527 7499
f 8260 8281 7525 7428
f 8257 8282 7523 7396
f 7563 7559 7571 7568
f 7570 7558 7556 7565
f 7488 7497 7498 7489
f 7511 7543 7542 7510
f 7518 7550 7551 7519
f 7512 7544 7543 7511
f 7516 7548 7552 7520
f 7506 7538 7545 7513
f 7520 7552 7553 7521
f 7513 7545 7546 7514
f 8279 8283 7538 7506
f 7514 7546 7547 7515
f 7510 7542 7539 7507
f 8280 8284 7548 7516
f 7507 7539 7540 7508
f 7521 7553 7549 7517
f 7508 7540 7541 7509
f 7517 7549 7550 7518
f 7458 7094 7112 7448
f 7459 7071 7094 7458
f 7095 7411 7448 7112
f 7122 7395 7411 7095
f 7162 7424 7395 7122
f 7137 7537 7424 7162
f 7182 7512 7537 7137
f 7152 7544 7512 7182
f 8254 8285 7544 7152
f 7446 7075 7071 7459
f 7398 7075 7446 7414
f 7431 7074 7075 7398
f 7536 7268 7074 7431
f 7519 7272 7268 7536
f 7551 7575 7272 7519
f 7575 7582 7246 7272
f 7227 7563 7566 7339
f 905 1295 7562 7215
f 7188 7564 7565 7213
f 7224 7561 7559 7222
f 7219 7560 7561 7224
f 7339 7566 7564 7188
f 7219 7215 7562 7560
f 7227 7222 7559 7563
f 7213 7555 7554 7374
f 7565 7556 7555 7213
f 7588 7584 7585 7589
f 8253 8286 7558 7570
f 7238 7341 7583 7578
f 7341 7244 7576 7583
f 7243 7241 7580 7581
f 7242 7243 7581 7579
f 959 1316 7577 7240
f 7238 7578 7582 7239
f 7241 7240 7577 7580
f 7244 7242 7579 7576
f 7582 7575 7557 7239
f 7592 7550 7549 7593
f 7558 7584 7588 7556
f 7594 7586 7587 7595
f 7586 7588 7589 7587
f 8287 7590 7591 8288
f 7590 7592 7593 7591
f 8289 7594 7595 8290
f 8285 8289 7543 7544
f 7555 7586 7594 7554
f 7556 7588 7586 7555
f 7585 7596 7598 7589
f 8286 8287 7584 7558
f 7575 7592 7590 7557
f 7575 7551 7550 7592
f 8288 8291 7596 7585
f 7589 7598 7597 7587
f 7596 7602 7604 7598
f 7600 7595 7587 7597
f 8292 7539 7542 8290
f 7593 7601 7599 7591
f 7553 7601 7593 7549
f 8284 8293 7605 7548
f 7598 7604 7603 7597
f 8291 8293 7602 7596
f 7606 7600 7597 7603
f 8294 7540 7539 8292
f 7601 7607 7605 7599
f 7552 7607 7601 7553
f 7548 7605 7607 7552
f 7565 7564 7569 7570
f 7546 7604 7602 7547
f 7545 7603 7604 7546
f 7538 7606 7603 7545
f 8283 8294 7606 7538
f 6816 7635 7611 6661
f 6722 7628 7618 6675
f 7102 7641 7626 6691
f 6677 7619 7622 6683
f 6672 7616 7641 7102
f 6757 7629 7612 6663
f 6776 7633 7637 6956
f 6663 7612 7631 6768
f 6679 7620 7636 6818
f 6691 7626 7608 6656
f 6720 7627 7613 6665
f 6958 7638 7634 6809
f 6770 7632 7621 6681
f 8128 8135 7640 7048
f 6681 7621 7630 6759
f 6669 7615 7635 6816
f 6661 7611 7614 6667
f 6683 7622 7628 6722
f 6818 7636 7624 6687
f 6667 7614 7633 6776
f 6809 7634 7623 6685
f 6689 7625 7617 6674
f 8142 8149 7629 6757
f 7038 7639 7615 6669
f 6657 7609 7627 6720
f 6685 7623 7620 6679
f 6956 7637 7609 6657
f 6759 7630 7619 6677
f 6674 7617 7632 6770
f 6687 7624 7616 6672
f 6665 7613 7610 6659
f 6675 7618 7638 6958
f 6656 7608 7639 7038
f 7048 7640 7625 6689
f 8218 7657 7654 8217
f 8220 7671 7643 8219
f 8221 7667 7671 8220
f 8223 7658 7650 8222
f 8225 7647 7644 8224
f 8227 7672 7668 8226
f 8229 7674 7659 8228
f 8231 7669 7645 8230
f 8233 7642 7673 8232
f 8222 7650 7675 8234
f 8236 7663 7646 8235
f 8251 8136 7674 8229
f 8238 7660 7642 8233
f 8239 7661 7647 8225
f 8234 7675 7660 8238
f 8241 7662 7652 8240
f 8230 7645 7648 8242
f 8228 7659 7651 8243
f 8219 7643 7661 8239
f 8232 7673 7649 8244
f 8252 8150 7663 8236
f 8243 7651 7666 8245
f 8247 7664 7653 8246
f 8240 7652 7672 8227
f 8235 7646 7665 8237
f 8246 7653 7656 8248
f 8245 7666 7655 8249
f 8217 7654 7670 8250
f 8242 7648 7667 8221
f 8249 7655 7664 8247
f 8244 7649 7669 8231
f 8248 7656 7662 8241
f 8226 7668 7657 8218
f 8250 7670 7658 8223
f 7711 7682 7701 7710
f 7713 7689 7698 7712
f 7715 7683 7703 7714
f 7717 7690 7696 7716
f 7719 7702 7691 7718
f 7721 7704 7692 7720
f 7718 7691 7688 7722
f 7724 7705 7677 7723
f 7710 7701 7705 7724
f 7720 7692 7684 7725
f 7727 7681 7678 7726
f 7728 7706 7702 7719
f 7730 7708 7693 7729
f 7714 7703 7679 7731
f 7733 7676 7707 7732
f 7725 7684 7709 7734
f 7736 7697 7680 7735
f 8138 8137 7708 7730
f 7738 7694 7676 7733
f 7739 7695 7681 7727
f 7734 7709 7694 7738
f 7716 7696 7686 7740
f 7731 7679 7682 7711
f 7729 7693 7685 7741
f 7723 7677 7695 7739
f 7732 7707 7683 7715
f 8152 8151 7697 7736
f 7741 7685 7700 7742
f 7712 7698 7687 7743
f 7740 7686 7706 7728
f 7735 7680 7699 7737
f 7743 7687 7690 7717
f 7742 7700 7689 7713
f 7722 7688 7704 7721
f 7654 7722 7721 7670
f 7666 7742 7713 7655
f 7653 7743 7717 7656
f 7646 7735 7737 7665
f 7652 7740 7728 7672
f 7664 7712 7743 7653
f 7651 7741 7742 7666
f 8150 8152 7736 7663
f 7673 7732 7715 7649
f 7643 7723 7739 7661
f 7659 7729 7741 7651
f 7645 7731 7711 7648
f 7662 7716 7740 7652
f 7675 7734 7738 7660
f 7661 7739 7727 7647
f 7660 7738 7733 7642
f 8136 8138 7730 7674
f 7663 7736 7735 7646
f 7650 7725 7734 7675
f 7642 7733 7732 7673
f 7669 7714 7731 7645
f 7674 7730 7729 7659
f 7672 7728 7719 7668
f 7647 7727 7726 7644
f 7658 7720 7725 7650
f 7667 7710 7724 7671
f 7671 7724 7723 7643
f 7657 7718 7722 7654
f 7670 7721 7720 7658
f 7668 7719 7718 7657
f 7656 7717 7716 7662
f 7649 7715 7714 7669
f 7655 7713 7712 7664
f 7648 7711 7710 7667
f 7707 7773 7761 7683
f 7677 7766 7777 7695
f 7693 7770 7747 7685
f 7679 7772 7759 7682
f 7696 7762 7751 7686
f 7709 7775 7776 7694
f 7695 7777 7769 7681
f 7694 7776 7774 7676
f 8137 8139 7771 7708
f 7697 7744 7753 7680
f 7684 7768 7775 7709
f 7676 7774 7773 7707
f 7703 7760 7772 7679
f 7708 7771 7770 7693
f 7706 7750 7764 7702
f 7681 7769 7745 7678
f 7692 7765 7768 7684
f 7701 7758 7767 7705
f 7705 7767 7766 7677
f 7691 7763 7757 7688
f 7704 7756 7765 7692
f 7702 7764 7763 7691
f 7690 7754 7762 7696
f 7683 7761 7760 7703
f 7689 7755 7749 7698
f 7682 7759 7758 7701
f 7688 7757 7756 7704
f 7700 7746 7755 7689
f 7687 7748 7754 7690
f 7680 7753 7752 7699
f 7686 7751 7750 7706
f 7698 7749 7748 7687
f 7685 7747 7746 7700
f 8151 8153 7744 7697
f 7779 8017 8010 7784
f 7778 8013 8011 7785
f 6636 8011 8013 6639
f 7783 8016 8018 7786
f 7785 8011 8016 7783
f 8019 8024 8015 7781
f 7782 8014 8012 7780
f 7786 7795 7792 7783
f 7784 7793 7788 7779
f 7819 7820 7818 7821
f 7780 8012 8013 7778
f 7781 8015 8017 7779
f 8019 8020 7795 7786
f 7785 7794 7787 7778
f 7780 7789 7791 7782
f 7782 7791 7793 7784
f 7795 7804 7801 7792
f 7793 7802 7797 7788
f 7783 7792 7794 7785
f 7778 7787 7789 7780
f 7779 7788 7790 7781
f 7794 7803 7796 7787
f 7789 7798 7800 7791
f 8020 8021 7804 7795
f 7791 7800 7802 7793
f 7798 7807 7809 7800
f 8021 8022 7813 7804
f 7792 7801 7803 7794
f 7804 7813 7810 7801
f 7802 7811 7806 7797
f 7801 7810 7812 7803
f 7787 7796 7798 7789
f 7788 7797 7799 7790
f 7803 7812 7805 7796
f 7796 7805 7807 7798
f 7797 7806 7808 7799
f 7812 7821 7814 7805
f 7807 7816 7818 7809
f 8022 8023 7822 7813
f 7800 7809 7811 7802
f 7813 7822 7819 7810
f 7811 7820 7815 7806
f 7810 7819 7821 7812
f 7837 7829 7828 7836
f 8026 7838 7843 8033
f 7840 7830 7829 7837
f 7930 7909 7852 7861
f 7831 1826 1824 7907
f 7842 7825 7824 7838
f 8032 7841 7844 8034
f 7844 7832 7833 7845
f 7847 7827 7823 7846
f 7845 7833 7834 7848
f 7836 7828 7827 7847
f 7846 7823 7825 7842
f 7848 7834 7830 7840
f 8037 7848 7840 8028
f 8036 7846 7842 8029
f 8031 7836 7847 8030
f 8035 7845 7848 8037
f 8030 7847 7846 8036
f 8034 7844 7845 8035
f 7903 8049 8058 8045
f 7911 7906 7857 7858
f 7824 7929 7908 7826
f 8029 7842 7838 8026
f 8054 7905 1829 1813
f 8028 7840 7837 8025
f 8027 7839 1810 1809
f 8025 7837 7836 8031
f 7934 7932 7870 7871
f 7929 7928 7909 7908
f 7944 7933 7865 7874
f 7911 7858 7859 7913
f 7916 7853 7849 7915
f 7913 7859 7860 7919
f 7920 7854 7853 7916
f 7915 7849 7851 7923
f 7919 7860 7856 7925
f 7926 7855 7854 7920
f 7930 7861 1804 1828
f 7925 7856 7855 7926
f 7907 1824 1823 7906
f 7923 7851 7850 7928
f 7950 7945 7883 7884
f 7967 7876 7878 7948
f 7969 7948 7878 7887
f 7934 7871 7872 7935
f 7937 7866 7862 7936
f 7935 7872 7873 7938
f 7939 7867 7866 7937
f 7936 7862 7864 7940
f 7938 7873 7869 7941
f 7942 7868 7867 7939
f 7944 7874 1802 1814
f 7941 7869 7868 7942
f 7883 7945 1812 1819
f 7940 7864 7863 7943
f 7973 7971 7896 7897
f 7968 7967 7948 7947
f 7983 7972 7891 7900
f 7950 7884 7885 7952
f 7955 7879 7875 7954
f 7952 7885 7886 7958
f 7959 7880 7879 7955
f 7954 7875 7877 7962
f 7958 7886 7882 7964
f 7965 7881 7880 7959
f 7969 7887 1807 1803
f 7964 7882 7881 7965
f 1815 1812 7945 7946
f 7971 7883 1819 1817
f 7962 7877 7876 7967
f 8004 8002 7905 8042
f 7889 7996 7986 7891
f 8008 8005 7903 8045
f 7973 7897 7898 7974
f 7976 7892 7888 7975
f 7974 7898 7899 7977
f 7978 7893 7892 7976
f 8002 7995 1801 1820
f 7975 7888 7890 7979
f 7977 7899 7895 7980
f 7981 7894 7893 7978
f 7983 7900 1799 1808
f 7980 7895 7894 7981
f 7979 7890 7889 7982
f 8004 8042 8043 7997
f 7826 7908 7931 7835
f 7997 8043 8044 7998
f 8006 7904 8038 7999
f 7999 8038 7902 8000
f 7998 8044 8041 8001
f 8007 8039 7904 8006
f 8008 8045 1816 1806
f 8009 8040 8039 8007
f 8032 1798 1827 7841
f 8001 8041 8040 8009
f 7831 7907 7910 7832
f 8000 7902 7901 8003
f 7928 7850 7852 7909
f 7825 7922 7929 7824
f 7922 7923 7928 7929
f 7857 1811 1800 7932
f 1800 1822 7870 7932
f 7908 7909 7930 7931
f 7852 7933 7944 7861
f 7830 7924 7927 7829
f 7924 7925 7926 7927
f 7850 7943 7933 7852
f 7943 7863 7865 7933
f 7829 7927 7921 7828
f 7927 7926 7920 7921
f 7834 7918 7924 7830
f 7918 7919 7925 7924
f 7823 7914 7922 7825
f 7914 7915 7923 7922
f 7828 7921 7917 7827
f 7921 7920 7916 7917
f 7833 7912 7918 7834
f 7912 7913 7919 7918
f 7827 7917 7914 7823
f 7917 7916 7915 7914
f 7832 7910 7912 7833
f 7910 7911 7913 7912
f 7907 7906 7911 7910
f 7857 7932 7934 7858
f 7851 7940 7943 7850
f 7870 1822 1815 7946
f 7865 7947 7970 7874
f 7856 7941 7942 7855
f 7861 7944 1814 1804
f 7863 7968 7947 7865
f 7855 7942 7939 7854
f 7860 7938 7941 7856
f 7849 7936 7940 7851
f 7854 7939 7937 7853
f 7859 7935 7938 7860
f 7853 7937 7936 7849
f 7858 7934 7935 7859
f 7870 7946 7949 7871
f 7864 7961 7968 7863
f 7961 7962 7967 7968
f 7896 7971 1817 1831
f 7947 7948 7969 7970
f 7878 7972 7983 7887
f 7869 7963 7966 7868
f 7963 7964 7965 7966
f 7874 7970 1830 1802
f 7970 7969 1803 1830
f 7876 7982 7972 7878
f 7982 7889 7891 7972
f 7868 7966 7960 7867
f 7966 7965 7959 7960
f 7873 7957 7963 7869
f 7957 7958 7964 7963
f 7862 7953 7961 7864
f 7953 7954 7962 7961
f 7867 7960 7956 7866
f 7960 7959 7955 7956
f 7872 7951 7957 7873
f 7951 7952 7958 7957
f 7866 7956 7953 7862
f 7956 7955 7954 7953
f 7871 7949 7951 7872
f 7949 7950 7952 7951
f 7946 7945 7950 7949
f 7883 7971 7973 7884
f 7877 7979 7982 7876
f 7891 7986 7993 7900
f 7882 7980 7981 7881
f 7887 7983 1808 1807
f 8005 8003 7901 7903
f 7881 7981 7978 7880
f 7886 7977 7980 7882
f 7875 7975 7979 7877
f 7995 7896 1831 1801
f 7880 7978 7976 7879
f 7885 7974 7977 7886
f 7879 7976 7975 7875
f 7884 7973 7974 7885
f 7896 7995 7985 7897
f 7996 8003 8005 7986
f 7995 8002 8004 7985
f 7986 8005 8008 7993
f 7890 7990 7996 7889
f 7895 7991 7994 7894
f 1823 1811 7857 7906
f 7894 7994 7992 7893
f 7900 7993 1805 1799
f 7893 7992 7989 7892
f 7899 7987 7991 7895
f 7888 7988 7990 7890
f 7892 7989 7988 7888
f 7898 7984 7987 7899
f 7897 7985 7984 7898
f 7901 8047 8049 7903
f 7905 8054 8055 8042
f 8027 8033 7843 7839
f 7990 8000 8003 7996
f 7991 8001 8009 7994
f 7905 8002 1820 1829
f 7994 8009 8007 7992
f 7993 8008 1806 1805
f 7992 8007 8006 7989
f 7987 7998 8001 7991
f 7988 7999 8000 7990
f 7989 8006 7999 7988
f 7984 7997 7998 7987
f 7985 8004 7997 7984
f 7809 7818 7820 7811
f 7805 7814 7816 7807
f 7808 7817 8023 8022
f 7799 7808 8022 8021
f 7790 7799 8021 8020
f 7786 8018 8024 8019
f 7806 7815 7817 7808
f 7822 7815 7820 7819
f 7815 7822 8023 7817
f 7814 7821 7818 7816
f 7781 7790 8020 8019
f 8044 8057 8053 8041
f 8039 8051 8050 7904
f 7843 7838 7824 7826
f 8045 8058 1818 1816
f 8040 8052 8051 8039
f 8093 8033 8027 8094
f 7844 7841 7831 7832
f 8041 8053 8052 8040
f 8038 8046 8048 7902
f 7902 8048 8047 7901
f 8042 8055 8056 8043
f 8043 8056 8057 8044
f 7904 8050 8046 8038
f 1810 7839 7835 1821
f 1821 7835 7931 1825
f 1825 7931 7930 1828
f 7784 8010 8014 7782
f 6635 8016 8011 6636
f 6766 8018 8016 6635
f 6637 8024 8018 6766
f 6755 8015 8024 6637
f 7307 8017 8015 6755
f 7316 8010 8017 7307
f 7295 8014 8010 7316
f 6638 8012 8014 7295
f 6639 8013 8012 6638
f 8094 8027 1809 1862
f 7843 7826 7835 7839
f 8095 8026 8033 8093
f 8096 8029 8026 8095
f 8097 8036 8029 8096
f 1827 1826 7831 7841
f 8064 7064 809 1839
f 8065 7066 7064 8064
f 8066 7062 7066 8065
f 8067 7063 7062 8066
f 8068 7068 7063 8067
f 8069 7061 7068 8068
f 8070 7065 7061 8069
f 8071 7059 7065 8070
f 8063 7069 7059 8071
f 8084 8063 8071 8079
f 8079 8071 8070 8078
f 8078 8070 8069 8077
f 8077 8069 8068 8076
f 8076 8068 8067 8075
f 8075 8067 8066 8074
f 8074 8066 8065 8073
f 8073 8065 8064 8072
f 8072 8064 1839 1849
f 7069 8063 8062 7060
f 7060 8062 8061 7058
f 7058 8061 8059 7067
f 7057 8060 1833 808
f 7067 8059 8060 7057
f 8085 8072 1849 1864
f 8086 8073 8072 8085
f 8087 8074 8073 8086
f 8088 8075 8074 8087
f 8089 8076 8075 8088
f 8090 8077 8076 8089
f 8091 8078 8077 8090
f 8092 8079 8078 8091
f 8097 8084 8079 8092
f 8063 8084 8083 8062
f 8062 8083 8082 8061
f 8061 8082 8080 8059
f 8060 8081 1847 1833
f 8059 8080 8081 8060
f 8036 8097 8092 8030
f 8030 8092 8091 8031
f 8031 8091 8090 8025
f 8025 8090 8089 8028
f 8028 8089 8088 8037
f 8037 8088 8087 8035
f 8035 8087 8086 8034
f 8034 8086 8085 8032
f 8032 8085 1864 1798
f 8084 8097 8096 8083
f 8083 8096 8095 8082
f 8082 8095 8093 8080
f 8081 8094 1862 1847
f 8080 8093 8094 8081
f 8046 8098 8100 8048
f 8048 8100 8099 8047
f 8047 8099 8101 8049
f 8049 8101 8110 8058
f 8050 8102 8098 8046
f 8051 8103 8102 8050
f 8052 8104 8103 8051
f 1813 1890 8106 8054
f 8053 8105 8104 8052
f 8054 8106 8107 8055
f 8055 8107 8108 8056
f 8056 8108 8109 8057
f 8058 8110 1891 1818
f 8057 8109 8105 8053
f 8100 8098 8111 8099
f 8099 8111 8116 8101
f 8101 8116 8121 8110
f 8110 8121 1907 1891
f 8098 8102 8112 8111
f 8111 8112 8117 8116
f 8116 8117 8122 8121
f 8121 8122 1908 1907
f 8102 8103 8113 8112
f 8112 8113 8118 8117
f 8117 8118 8123 8122
f 8122 8123 1909 1908
f 8103 8104 8114 8113
f 8113 8114 8119 8118
f 8118 8119 8124 8123
f 8123 8124 1910 1909
f 8104 8105 8115 8114
f 8114 8115 8120 8119
f 8119 8120 8125 8124
f 8124 8125 1911 1910
f 8105 8109 8108 8115
f 8115 8108 8107 8120
f 8120 8107 8106 8125
f 8125 8106 1890 1911
f 7699 7752 8139 8137
f 7665 7737 8138 8136
f 7737 7699 8137 8138
f 8237 7665 8136 8251
f 6768 7631 8135 8128
f 6734 6749 8133 8131
f 7029 6769 8129 8127
f 6697 6939 8126 8130
f 6769 7000 8134 8129
f 6768 8128 8134 7000
f 6939 7029 8127 8126
f 7050 7053 8133 8130
f 7051 7052 8132 8131
f 7052 807 1917 8132
f 7678 7745 8153 8151
f 7644 7726 8152 8150
f 7726 7678 8151 8152
f 8224 7644 8150 8252
f 6659 7610 8149 8142
f 6978 8147 8143 6660
f 6947 8146 8145 6946
f 6738 6955 8146 8140
f 6695 6933 8144 8141
f 7031 6941 8144 8148
f 6659 8142 8147 6978
f 7024 6660 8143 8148
f 797 6946 8145 1934
f 6695 8141 8140 6714
f 7757 7763 7764 8154
f 8154 7764 7750 8163
f 8163 7750 7751 8172
f 8172 7751 7762 8181
f 8181 7762 7754 8190
f 8190 7754 7748 8199
f 8199 7748 7749 8208
f 8208 7749 7755 7746
f 7756 7757 8154 8155
f 8155 8154 8163 8164
f 8164 8163 8172 8173
f 8173 8172 8181 8182
f 8182 8181 8190 8191
f 8191 8190 8199 8200
f 8200 8199 8208 8209
f 8209 8208 7746 7747
f 7765 7756 8155 8156
f 8156 8155 8164 8165
f 8165 8164 8173 8174
f 8174 8173 8182 8183
f 8183 8182 8191 8192
f 8192 8191 8200 8201
f 8201 8200 8209 8210
f 8210 8209 7747 7770
f 7768 7765 8156 8157
f 8157 8156 8165 8166
f 8166 8165 8174 8175
f 8175 8174 8183 8184
f 8184 8183 8192 8193
f 8193 8192 8201 8202
f 8202 8201 8210 8211
f 8211 8210 7770 7771
f 7775 7768 8157 8158
f 8158 8157 8166 8167
f 8167 8166 8175 8176
f 8176 8175 8184 8185
f 8185 8184 8193 8194
f 8194 8193 8202 8203
f 8203 8202 8211 8212
f 8212 8211 7771 8139
f 7776 7775 8158 8159
f 8159 8158 8167 8168
f 8168 8167 8176 8177
f 8177 8176 8185 8186
f 8186 8185 8194 8195
f 8195 8194 8203 8204
f 8204 8203 8212 8213
f 8213 8212 8139 7752
f 7774 7776 8159 8160
f 8160 8159 8168 8169
f 8169 8168 8177 8178
f 8178 8177 8186 8187
f 8187 8186 8195 8196
f 8196 8195 8204 8205
f 8205 8204 8213 8214
f 8214 8213 7752 7753
f 7773 7774 8160 8161
f 8161 8160 8169 8170
f 8170 8169 8178 8179
f 8179 8178 8187 8188
f 8188 8187 8196 8197
f 8197 8196 8205 8206
f 8206 8205 8214 8215
f 8215 8214 7753 7744
f 7761 7773 8161 8162
f 8162 8161 8170 8171
f 8171 8170 8179 8180
f 8180 8179 8188 8189
f 8189 8188 8197 8198
f 8198 8197 8206 8207
f 8207 8206 8215 8216
f 8216 8215 7744 8153
f 7760 7761 8162 7772
f 7772 8162 8171 7759
f 7759 8171 8180 7758
f 7758 8180 8189 7767
f 7767 8189 8198 7766
f 7766 8198 8207 7777
f 7777 8207 8216 7769
f 7769 8216 8153 7745
f 7610 8224 8252 8149
f 7631 8237 8251 8135
f 7636 8250 8223 7624
f 7634 8226 8218 7623
f 7622 8248 8241 7628
f 7615 8244 8231 7635
f 7621 8249 8247 7630
f 7614 8242 8221 7633
f 7620 8217 8250 7636
f 7632 8245 8249 7621
f 7619 8246 8248 7622
f 7612 8235 8237 7631
f 7618 8240 8227 7638
f 7630 8247 8246 7619
f 7617 8243 8245 7632
f 8149 8252 8236 7629
f 7639 8232 8244 7615
f 7609 8219 8239 7627
f 7625 8228 8243 7617
f 7611 8230 8242 7614
f 7628 8241 8240 7618
f 7641 8234 8238 7626
f 7627 8239 8225 7613
f 7626 8238 8233 7608
f 8135 8251 8229 7640
f 7629 8236 8235 7612
f 7616 8222 8234 7641
f 7608 8233 8232 7639
f 7635 8231 8230 7611
f 7640 8229 8228 7625
f 7638 8227 8226 7634
f 7613 8225 8224 7610
f 7624 8223 8222 7616
f 7633 8221 8220 7637
f 7637 8220 8219 7609
f 7623 8218 8217 7620
f 7541 7540 8294 8283
f 7606 8294 8292 7600
f 7599 7605 8293 8291
f 7547 7602 8293 8284
f 7600 8292 8290 7595
f 7591 7599 8291 8288
f 7557 7590 8287 8286
f 7554 7594 8289 8285
f 7543 8289 8290 7542
f 7584 8287 8288 7585
f 7239 7557 8286 8253
f 7374 7554 8285 8254
f 7515 7547 8284 8280
f 7509 7541 8283 8279
f 7413 7522 8282 8257
f 7427 7524 8281 8260
f 7524 7515 8280 8281
f 7522 7509 8279 8282
f 7486 8273 8278 7484
f 7484 8278 8277 7487
f 7487 8277 8267 7481
f 7494 8275 8276 7503
f 7471 8274 8275 7494
f 7503 8276 8271 7456
f 7441 7485 8274 8261
f 7486 7432 8262 8273
f 7452 7464 8268 8269
f 7455 7453 8265 8266
f 7457 7455 8266 8267
f 7482 8268 8272 7483
f 7480 7478 8270 8271
f 7478 7474 8263 8270
f 7477 7476 8265 8269
f 7475 8264 8263 7474
f 7475 7483 8272 8264
f 7406 8259 8262 7432
f 7418 8258 8261 7442
f 7401 8255 8260 7428
f 7402 8255 8258 7418
f 7405 8256 8257 7396
f 7390 8256 8259 7406
f 7237 7375 8311 8306
f 7157 8295 8310 7153
f 7569 7574 8315 8309
f 7567 8307 8313 7572
f 7571 8312 8308 7568
f 1308 2101 8307 7567
f 7372 8295 8311 7375
f 7237 8306 8304 7193
f 7573 7572 8313 8314
f 7571 7573 8314 8312
f 7574 7568 8308 8315
f 7149 8301 8305 7144
f 7144 8305 8300 7156
f 869 2093 8303 7155
f 7147 8298 8304 7145
f 7155 8303 8297 7154
f 7143 8296 8302 7146
f 7146 8302 8301 7149
f 7156 8300 8299 7150
f 7150 8299 8298 7147
f 7154 8297 8296 7143
f 7569 8309 8253 7570
f 7153 8310 8254 7152
f 8395 8335 8323 8338
f 8338 8323 8322 8341
f 8368 8326 8321 8344
f 8365 8325 8320 8347
f 8371 8327 8319 8350
f 8374 8328 8318 8353
f 8377 8329 8317 8356
f 8386 8332 8324 8359
f 8380 8330 8316 8362
f 8391 8392 8395 8394
f 8344 8321 8325 8365
f 8341 8322 8326 8368
f 8347 8320 8327 8371
f 8350 8319 8328 8374
f 8353 8318 8329 8377
f 8383 8331 8330 8380
f 8507 8506 8469 8468
f 8356 8317 8331 8383
f 8359 8324 8333 8389
f 8389 8333 8334 8392
f 9242 9244 8387 8390
f 9212 9213 8403 8404
f 8390 8391 8394 8393
f 9244 9276 8357 8387
f 8387 8388 8391 8390
f 8388 8389 8392 8391
f 9256 9290 8354 8381
f 8357 8358 8388 8387
f 8358 8359 8389 8388
f 9223 9339 9337 9219
f 9262 9256 8381 8378
f 8354 8355 8382 8381
f 8355 8356 8383 8382
f 9264 9288 8351 8375
f 8381 8382 8379 8378
f 8382 8383 8380 8379
f 9266 9286 8348 8372
f 8351 8352 8376 8375
f 8352 8353 8377 8376
f 9268 9284 8345 8369
f 8348 8349 8373 8372
f 8349 8350 8374 8373
f 9270 9280 8339 8366
f 8345 8346 8370 8369
f 8346 8347 8371 8370
f 9272 9282 8342 8363
f 8339 8340 8367 8366
f 8340 8341 8368 8367
f 10640 10631 10647 10646
f 8342 8343 8364 8363
f 8343 8344 8365 8364
f 9292 9262 8378 8360
f 9276 9246 8384 8357
f 8378 8379 8361 8360
f 8379 8380 8362 8361
f 9290 9264 8375 8354
f 8384 8385 8358 8357
f 8385 8386 8359 8358
f 9288 9266 8372 8351
f 8375 8376 8355 8354
f 8376 8377 8356 8355
f 9286 9268 8369 8348
f 8372 8373 8352 8351
f 8373 8374 8353 8352
f 9284 9272 8363 8345
f 8369 8370 8349 8348
f 8370 8371 8350 8349
f 9282 9270 8366 8342
f 8363 8364 8346 8345
f 8364 8365 8347 8346
f 9280 9278 8336 8339
f 8366 8367 8343 8342
f 8367 8368 8344 8343
f 9278 9240 8393 8336
f 8336 8337 8340 8339
f 8337 8338 8341 8340
f 9399 9248 9250 9398
f 8393 8394 8337 8336
f 8394 8395 8338 8337
f 8469 8470 8517 8518
f 8465 8466 8513 8514
f 10882 8623 8628 10889
f 10800 8460 8511 10790
f 8503 8502 8465 8464
f 10807 8452 8503 10787
f 9273 9249 9080 9123
f 9236 9349 9350 9224
f 8448 8449 8453 8452
f 8445 8446 8458 8457
f 10790 8511 8499 10786
f 10968 8508 8496 10960
f 9235 9338 9353 9225
f 9225 9353 9340 9234
f 9217 9357 9359 9228
f 8982 9004 8401 8400
f 9070 9069 9369 8405
f 9305 8863 9374 9306
f 8453 8454 8501 8502
f 8460 8461 8510 8511
f 10967 8467 8512 10969
f 9026 9025 9368 8402
f 9069 9026 8402 9369
f 8971 8970 9366 8399
f 9145 9144 9373 8407
f 9113 9145 8407 9371
f 8927 8949 8398 8396
f 9226 9356 9343 9231
f 9237 9352 9339 9223
f 10789 8515 8491 10784
f 9238 9354 9341 9222
f 10804 8432 8436 10803
f 9229 9360 9345 9215
f 10805 8428 8487 10783
f 8863 8862 9362 9374
f 10786 8499 8448 10802
f 9025 8906 9365 9368
f 10793 8424 8483 10782
f 9091 8982 8400 9370
f 10785 8495 8460 10800
f 9004 9003 9367 8401
f 10798 8420 8479 10781
f 9040 9051 9050 9039
f 8421 8422 8477 8478
f 8906 9037 8403 9365
f 10796 8464 8515 10789
f 10975 8443 8447 10972
f 8457 8458 8505 8506
f 8506 8505 8470 8469
f 8452 8453 8502 8503
f 10974 8455 8500 10958
f 9360 8824 8837 9345
f 8425 8426 8481 8482
f 8862 9092 8406 9362
f 8494 8493 8462 8461
f 8949 8971 8399 8398
f 8498 8497 8450 8449
f 8429 8430 8485 8486
f 9092 9091 9370 8406
f 8433 8434 8438 8437
f 9227 9358 9344 9232
f 8514 8513 8489 8490
f 9215 9345 9355 9216
f 8437 8438 8493 8494
f 9213 9346 9351 9214
f 8486 8485 8426 8425
f 8510 8509 8497 8498
f 8409 8410 8414 8413
f 10958 8500 8467 10967
f 10783 8487 8424 10793
f 8444 8445 8457 8456
f 8884 9133 9372 9363
f 10802 8448 8452 10807
f 9214 9351 9360 9229
f 10792 8408 8412 10799
f 10787 8503 8464 10796
f 10957 8459 8504 10959
f 8482 8481 8422 8421
f 8404 8403 9037 9048
f 8417 8474 8475 8416
f 8464 8465 8514 8515
f 8478 8477 8442 8441
f 8468 8469 8518 8519
f 9015 8896 8897 9016
f 10878 8583 8588 10868
f 9241 9243 9244 9242
f 10860 8535 8604 10852
f 8579 8578 8581 8580
f 9200 8539 8600 9205
f 8533 8532 8597 8596
f 9198 8544 8605 9206
f 10782 8483 8420 10798
f 8680 8681 8843 8844
f 10847 8540 8609 10844
f 10791 8519 8408 10792
f 8538 8537 8602 8601
f 10864 8521 8613 10881
f 10784 8491 8428 10805
f 10861 8624 8629 10862
f 8563 8562 8657 8656
f 10780 8475 8432 10804
f 8580 8581 8586 8585
f 8585 8586 8591 8590
f 8524 8523 8611 8610
f 9202 8564 8655 9187
f 8543 8542 8607 8606
f 8474 8473 8434 8433
f 10879 8576 8583 10878
f 8490 8489 8430 8429
f 10836 8530 8599 10839
f 9199 8534 8595 9204
f 9194 8610 8615 9193
f 10881 8613 8618 10874
f 8621 8622 8627 8626
f 10853 8619 8545 10857
f 10856 8555 8654 10843
f 10890 8571 8541 10884
f 10788 8507 8468 10797
f 8529 8528 8621 8620
f 8553 8552 8632 8631
f 10794 8440 8444 10795
f 10869 8608 8536 10865
f 8615 8616 8548 8549
f 10857 8545 8649 10845
f 9207 8574 8544 9198
f 10837 8550 8634 10841
f 10850 8570 8540 10847
f 10840 8614 8619 10853
f 10891 8593 8521 10864
f 8606 8607 8537 8538
f 8554 8553 8631 8630
f 8822 8850 8849 8821
f 10880 8598 8526 10883
f 9192 8549 8645 9210
f 8600 8601 8533 8534
f 10852 8604 8530 10836
f 10886 8546 8648 10872
f 10839 8599 8525 10846
f 9203 8529 8620 9184
f 8681 8682 8842 8843
f 10797 8468 8519 10791
f 10868 8588 8593 10891
f 10835 10821 8520 8594
f 8808 8809 8810 8811
f 8806 8807 8812 8813
f 8804 8805 8814 8815
f 9233 9375 9306 9310
f 8801 8802 8822 8821
f 8799 8800 8820 8819
f 8844 8843 8716 8715
f 8730 8729 8687 8688
f 8461 8462 8509 8510
f 8734 8733 8691 8692
f 9339 8735 8693 9337
f 8710 8709 8741 8740
f 8712 8711 8739 8738
f 8714 8713 8737 8736
f 9184 8620 8625 9185
f 8686 9184 9185 8838
f 8840 8684 8685 8839
f 8670 8671 8674 8675
f 8668 8669 8676 8677
f 8733 8732 8690 8691
f 8735 8734 8692 8693
f 8709 8708 8742 8741
f 8711 8710 8740 8739
f 8713 8712 8738 8737
f 9338 8714 8736 9353
f 8682 8683 8841 8842
f 8839 8685 8686 8838
f 8671 8672 8673 8674
f 8669 8670 8675 8676
f 10801 8456 8507 10788
f 9347 8666 8679 9336
f 8744 8743 8769 8768
f 8745 8744 8768 8767
f 8746 8745 8767 8766
f 8747 8746 8766 8765
f 8748 8747 8765 8764
f 8749 8748 8764 9299
f 9340 8749 9299 9311
f 8759 8758 8671 8670
f 8760 8759 8670 8669
f 8441 8442 8446 8445
f 8698 8699 8706 8705
f 8699 8700 8707 8706
f 9350 8701 8714 9338
f 8701 8702 8713 8714
f 8702 8703 8712 8713
f 8703 8704 8711 8712
f 8704 8705 8710 8711
f 8705 8706 8709 8710
f 9351 8715 8824 9360
f 8715 8716 8825 8824
f 8827 8828 8833 8834
f 8818 8846 8845 8817
f 8829 8830 8831 8832
f 8825 8826 8835 8836
f 8683 8684 8840 8841
f 8656 8657 8577 8578
f 10859 8659 8575 10838
f 10855 8560 8659 10859
f 9143 8894 8895 9144
f 8518 8517 8410 8409
f 9123 9080 9079 9124
f 9375 8916 9305 9306
f 8917 9317 9298 9304
f 8919 8914 8915 8918
f 8920 8913 8914 8919
f 8921 8912 8913 8920
f 8922 8911 8912 8921
f 8923 8910 8911 8922
f 9124 9079 9078 9125
f 8925 8908 8909 8924
f 10972 8447 8459 10957
f 8691 8690 8697 8696
f 8693 8692 8695 8694
f 8811 8810 8789 8788
f 8813 8812 8787 8786
f 8815 8814 8785 8784
f 8675 8674 8727 8726
f 8677 8676 8725 8724
f 8791 8790 8660 8661
f 8793 8792 8662 8663
f 10795 8444 8456 10801
f 8665 8664 8682 8681
f 9303 9302 8680 9348
f 9318 9320 8950 8928
f 8931 8953 8952 8930
f 8933 8955 8954 8932
f 8935 8957 8956 8934
f 8937 8959 8958 8936
f 8983 9005 9004 8982
f 8987 9009 9008 8986
f 8989 9011 9010 8988
f 8502 8501 8466 8465
f 9353 8736 8749 9340
f 8727 8728 8729 8730
f 8726 8727 8730 8731
f 8725 8726 8731 8732
f 8724 8725 8732 8733
f 8723 8724 8733 8734
f 8722 8723 8734 8735
f 9352 8722 8735 9339
f 8719 8720 8829 8828
f 8718 8719 8828 8827
f 8511 8510 8498 8499
f 8664 8663 8683 8682
f 9302 8665 8681 8680
f 8928 8950 8949 8927
f 8930 8952 8951 8929
f 8932 8954 8953 8931
f 8934 8956 8955 8933
f 8936 8958 8957 8935
f 9291 9259 8959 8937
f 8986 9008 9007 8985
f 8988 9010 9009 8987
f 9224 9350 9338 9235
f 9102 9081 9082 9101
f 9101 9082 9083 9100
f 9100 9083 9084 9099
f 9099 9084 9085 9098
f 9098 9085 9086 9097
f 9097 9086 9087 9096
f 9096 9087 9088 9095
f 9095 9088 9089 9094
f 9093 9090 9091 9092
f 9289 9255 9014 8992
f 9216 9355 9357 9217
f 8663 8662 8684 8683
f 8662 8661 8685 8684
f 8661 8660 8686 8685
f 8845 8846 8751 8750
f 8846 8847 8752 8751
f 8847 8848 8753 8752
f 8848 8849 8754 8753
f 8849 8850 8755 8754
f 8883 9132 9133 8884
f 9295 9112 9308 9309
f 9241 9239 9058 9047
f 8736 8737 8748 8749
f 8737 8738 8747 8748
f 8738 8739 8746 8747
f 8739 8740 8745 8746
f 8740 8741 8744 8745
f 8741 8742 8743 8744
f 9345 8837 8777 9355
f 8837 8836 8778 8777
f 8835 8834 8780 8779
f 8834 8833 8781 8780
f 9144 8895 9364 9373
f 9297 9143 9146 9335
f 8781 8782 8802 8801
f 8779 8780 8800 8799
f 8777 8778 8798 8797
f 8768 8769 8770 8771
f 8766 8767 8772 8773
f 8764 8765 8774 8775
f 9146 9112 9295 9335
f 8752 8753 8760 8761
f 8750 8751 8762 8763
f 8895 8916 9375 9364
f 9038 9049 9048 9037
f 10810 10829 9170 9172
f 9240 9242 8390 8393
f 8444 8440 8441 8445
f 9277 9279 9103 9122
f 9122 9103 9104 9121
f 9121 9104 9105 9120
f 9120 9105 9106 9119
f 9021 8902 8903 9022
f 9019 8900 8901 9020
f 9363 9218 9238 8397
f 8558 8557 8652 8651
f 9208 8559 8650 9197
f 10888 8566 8551 10885
f 8569 8568 8553 8554
f 10862 8629 8644 10858
f 8626 8627 8642 8641
f 9185 8625 8640 9186
f 10870 8633 8638 10871
f 10842 8639 8555 10856
f 8636 8637 8557 8558
f 8970 8938 8397 9366
f 9141 8892 8893 9142
f 9139 8890 8891 9140
f 9137 8888 8889 9138
f 9135 8886 8887 9136
f 9281 9271 8885 9134
f 9231 9343 9303 9230
f 9109 9149 9148 9110
f 9107 9151 9150 9108
f 9103 9155 9154 9104
f 9342 9233 9310 9311
f 10971 8451 8455 10974
f 10799 10806 9158 9157
f 8824 8825 8836 8837
f 8826 8827 8834 8835
f 8828 8829 8832 8833
f 9041 9052 9051 9040
f 10876 8658 8576 10879
f 9197 8650 8574 9207
f 8456 8457 8506 8507
f 8689 8688 8699 8698
f 8688 8687 8700 8699
f 9343 9356 9301 8796
f 8776 8775 8804 9300
f 8775 8774 8805 8804
f 8774 8773 8806 8805
f 8773 8772 8807 8806
f 8772 8771 8808 8807
f 9341 8763 8666 9347
f 8763 8762 8667 8666
f 10965 8463 8508 10968
f 8697 8698 8705 8704
f 8696 8697 8704 8703
f 8695 8696 8703 8702
f 8694 8695 8702 8701
f 9349 8694 8701 9350
f 8839 8838 8721 8720
f 8840 8839 8720 8719
f 8841 8840 8719 8718
f 8843 8842 8717 8716
f 9346 8844 8715 9351
f 10956 8471 8516 10970
f 8821 8849 8848 8820
f 8819 8847 8846 8818
f 9361 9354 9238 9218
f 8807 8808 8811 8812
f 8805 8806 8813 8814
f 9300 8804 8815 8816
f 8802 8803 8823 8822
f 8800 8801 8821 8820
f 8788 8789 8790 8791
f 9357 8797 8817 9359
f 9048 9307 9312 8404
f 10866 8556 8653 10887
f 8559 8558 8651 8650
f 10851 8565 8550 10837
f 8568 8567 8552 8553
f 9195 8569 8554 9191
f 10889 8628 8643 10875
f 8625 8626 8641 8640
f 10841 8634 8639 10842
f 9209 8630 8635 9196
f 10871 8638 8556 10866
f 8939 8883 8884 8938
f 10887 8653 8571 10890
f 10843 8654 8570 10850
f 9210 8645 8569 9195
f 8645 8646 8568 8569
f 8646 8647 8567 8568
f 10872 8648 8566 10888
f 10845 8649 8565 10851
f 9186 8640 8564 9202
f 8641 8642 8562 8563
f 10875 8643 8561 10867
f 9003 8927 8396 9367
f 9113 9371 9312 9307
f 9140 8891 8892 9141
f 9138 8889 8890 9139
f 9136 8887 8888 9137
f 9134 8885 8886 9135
f 9112 9146 9145 9113
f 9110 9148 9147 9111
f 9108 9150 9149 9109
f 9104 9154 9153 9105
f 9279 9269 9155 9103
f 9133 9070 8405 9372
f 9348 8680 8844 9346
f 9042 9053 9052 9041
f 9043 9054 9053 9042
f 9044 9055 9054 9043
f 9045 9056 9055 9044
f 9046 9057 9056 9045
f 9239 9241 9242 9240
f 9024 8905 8906 9025
f 9022 8903 8904 9023
f 9020 8901 8902 9021
f 9112 9113 9307 9308
f 9301 8784 8795 8796
f 8782 8783 8803 8802
f 8780 8781 8801 8800
f 8778 8779 8799 8798
f 9355 8777 8797 9357
f 8767 8768 8771 8772
f 8765 8766 8773 8774
f 9299 8764 8775 8776
f 8753 8754 8759 8760
f 8751 8752 8761 8762
f 9190 8590 8524 9211
f 8690 8689 8698 8697
f 8692 8691 8696 8695
f 9337 8693 8694 9349
f 8812 8811 8788 8787
f 8814 8813 8786 8785
f 8816 8815 8784 9301
f 8674 8673 8728 8727
f 8676 8675 8726 8725
f 9336 8679 8722 9352
f 8792 8791 8661 8662
f 9302 9303 9343 8796
f 9287 9263 9081 9102
f 8864 8861 8862 8863
f 9314 9313 8861 8864
f 8866 8859 8860 8865
f 8867 8858 8859 8866
f 8868 8857 8858 8867
f 8869 8856 8857 8868
f 8870 8855 8856 8869
f 8872 8853 8854 8871
f 8873 8852 8853 8872
f 9329 9309 9308 9049
f 9049 9308 9307 9048
f 9125 9078 9077 9126
f 9126 9077 9076 9127
f 9128 9075 9074 9129
f 9130 9073 9072 9131
f 9132 9071 9070 9133
f 9016 8897 8898 9017
f 9239 9277 9122 9058
f 8975 8966 8967 8974
f 8979 8962 8963 8978
f 8981 8960 8961 8980
f 9071 9068 9069 9070
f 9073 9066 9067 9072
f 9075 9064 9065 9074
f 9033 9018 9019 9032
f 9032 9019 9020 9031
f 9031 9020 9021 9030
f 9030 9021 9022 9029
f 9029 9022 9023 9028
f 9327 9326 9024 9027
f 9027 9024 9025 9026
f 9077 9062 9063 9076
f 9084 8989 8988 9085
f 9263 9289 8992 9081
f 9324 9318 8928 9002
f 8999 8931 8930 9000
f 8997 8933 8932 8998
f 8995 8935 8934 8996
f 9243 9241 9047 8896
f 8965 8943 8942 8966
f 8967 8941 8940 8968
f 9321 9319 8939 8969
f 8969 8939 8938 8970
f 9261 9291 8937 8993
f 8993 8937 8936 8994
f 8994 8936 8935 8995
f 9325 9324 9002 9005
f 9008 8999 9000 9007
f 9010 8997 8998 9009
f 9012 8995 8996 9011
f 9014 8993 8994 9013
f 8882 9315 9319 8940
f 8942 8880 8881 8941
f 8944 8878 8879 8943
f 8958 8980 8979 8957
f 8957 8979 8978 8956
f 8956 8978 8977 8955
f 8955 8977 8976 8954
f 8954 8976 8975 8953
f 8953 8975 8974 8952
f 9051 9115 9114 9050
f 9052 9116 9115 9051
f 9053 9117 9116 9052
f 9054 9118 9117 9053
f 9055 9119 9118 9054
f 9056 9120 9119 9055
f 9057 9121 9120 9056
f 9155 9134 9135 9154
f 9154 9135 9136 9153
f 9153 9136 9137 9152
f 9152 9137 9138 9151
f 9151 9138 9139 9150
f 9150 9139 9140 9149
f 9149 9140 9141 9148
f 8876 9125 9126 8877
f 8880 9129 9130 8881
f 8878 9127 9128 8879
f 9315 9334 9132 8883
f 8881 9130 9131 8882
f 8820 8848 8847 8819
f 8938 8884 9363 8397
f 8874 9123 9124 8875
f 9068 9027 9026 9069
f 9066 9029 9028 9067
f 9064 9031 9030 9065
f 9062 9033 9032 9063
f 9060 9035 9034 9061
f 9247 9245 9036 9059
f 8891 8920 8919 8892
f 8889 8922 8921 8890
f 8887 8924 8923 8888
f 8885 8926 8925 8886
f 9146 9143 9144 9145
f 9148 9141 9142 9147
f 8896 9047 9046 8897
f 8897 9046 9045 8898
f 8898 9045 9044 8899
f 8899 9044 9043 8900
f 8900 9043 9042 8901
f 8901 9042 9041 8902
f 8902 9041 9040 8903
f 9034 9017 9018 9033
f 9035 9016 9017 9034
f 9036 9015 9016 9035
f 9245 9275 9015 9036
f 8905 9038 9037 8906
f 9316 9328 9038 8905
f 8903 9040 9039 8904
f 8853 9101 9100 8854
f 8854 9100 9099 8855
f 8855 9099 9098 8856
f 8856 9098 9097 8857
f 8857 9097 9096 8858
f 8858 9096 9095 8859
f 8859 9095 9094 8860
f 8879 9128 9129 8880
f 8877 9126 9127 8878
f 9330 9327 9027 9068
f 9065 9030 9029 9066
f 9063 9032 9031 9064
f 9061 9034 9033 9062
f 9059 9036 9035 9060
f 8943 8879 8880 8942
f 8945 8877 8878 8944
f 8946 8876 8877 8945
f 8947 8875 8876 8946
f 8948 8874 8875 8947
f 9361 8845 8750 9354
f 9211 8756 8851 9190
f 9304 8864 8863 9305
f 8914 8866 8865 8915
f 8912 8868 8867 8913
f 8910 8870 8869 8911
f 8908 8872 8871 8909
f 9267 9285 8873 8907
f 9313 9333 9093 8861
f 9005 9002 9003 9004
f 9007 9000 9001 9006
f 9009 8998 8999 9008
f 9011 8996 8997 9010
f 9013 8994 8995 9012
f 9255 9261 8993 9014
f 8823 9201 9190 8851
f 8959 8981 8980 8958
f 9078 9061 9062 9077
f 9080 9059 9060 9079
f 9249 9247 9059 9080
f 8950 8972 8971 8949
f 9320 9322 8972 8950
f 8952 8974 8973 8951
f 9322 9321 8969 8972
f 8972 8969 8970 8971
f 9253 9293 8948 8960
f 8960 8948 8947 8961
f 8961 8947 8946 8962
f 8962 8946 8945 8963
f 8963 8945 8944 8964
f 9076 9063 9064 9075
f 8974 8967 8968 8973
f 8978 8963 8964 8977
f 8980 8961 8962 8979
f 9257 9253 8960 8981
f 9331 9330 9068 9071
f 9074 9065 9066 9073
f 9086 8987 8986 9087
f 9087 8986 8985 9088
f 9088 8985 8984 9089
f 9332 9323 8983 9090
f 9090 8983 8982 9091
f 9265 9287 9102 8852
f 8852 9102 9101 8853
f 8966 8942 8941 8967
f 9085 8988 8987 9086
f 9081 8992 8991 9082
f 9002 8928 8927 9003
f 9000 8930 8929 9001
f 8998 8932 8931 8999
f 8996 8934 8933 8997
f 10803 8436 8495 10785
f 9127 9076 9075 9128
f 9129 9074 9073 9130
f 9334 9331 9071 9132
f 9275 9243 8896 9015
f 9269 9281 9134 9155
f 9298 9314 8864 9304
f 8913 8867 8866 8914
f 8911 8869 8868 8912
f 8909 8871 8870 8910
f 8907 8873 8872 8908
f 8861 9093 9092 8862
f 8894 8917 8916 8895
f 8892 8919 8918 8893
f 8890 8921 8920 8891
f 8888 8923 8922 8889
f 8886 8925 8924 8887
f 9271 9283 8926 8885
f 10806 10780 9159 9158
f 10832 9179 9171 10830
f 10811 9173 9174 10812
f 10813 9176 9177 10833
f 10818 9180 9181 10827
f 9211 8524 8610 9194
f 10809 9162 9163 10825
f 10819 9164 9165 10824
f 10827 9181 9167 10822
f 9329 9328 9039 9050
f 8519 8518 8409 8408
f 10824 9165 9162 10809
f 10833 9177 9182 10814
f 10848 8594 8520 10854
f 10815 9160 9161 10828
f 10865 8536 8603 10873
f 10822 9167 9164 10819
f 10825 9163 9160 10815
f 10854 8520 8614 10840
f 8491 8490 8429 8428
f 8620 8621 8626 8625
f 10821 9159 9166 10816
f 10826 9183 9156 10808
f 10808 9156 9157 10834
f 10867 8561 8658 10876
f 9289 9263 9264 9290
f 9370 8400 9236 9224
f 9287 9265 9266 9288
f 9362 8406 9235 9225
f 8475 8474 8433 8432
f 10830 9171 9173 10811
f 10816 9166 9168 10817
f 10817 9168 9169 10831
f 10823 9175 9180 10818
f 8581 8582 8587 8586
f 8586 8587 8592 8591
f 8810 9205 9199 8789
f 8790 9204 9203 8660
f 8523 8522 8612 8611
f 9293 9253 9254 9294
f 9366 8397 9238 9222
f 9291 9261 9262 9292
f 9367 8396 9237 9223
f 8564 8563 8656 8655
f 8673 9192 9210 8728
f 8660 9203 9184 8686
f 10884 8541 8608 10869
f 8721 9186 9202 8830
f 8700 9209 9196 8707
f 8729 9195 9191 8687
f 9047 9058 9057 9046
f 10955 8472 8435 10954
f 10838 8575 8584 10863
f 8803 9189 9201 8823
f 8783 9188 9189 8803
f 8756 9211 9194 8757
f 8742 9197 9207 8743
f 10962 8488 8431 10953
f 8875 9124 9125 8876
f 10828 9161 9170 10829
f 10831 9169 9178 10820
f 9188 8579 8580 9189
f 9328 9329 9049 9038
f 9277 9239 9240 9278
f 8830 9202 9187 8831
f 9293 9251 8874 8948
f 9369 8402 9215 9216
f 9245 9247 9248 9246
f 9275 9245 9246 9276
f 8534 8533 8596 8595
f 10863 8584 8589 10849
f 8402 9368 9229 9215
f 9365 8403 9213 9214
f 8449 8450 8454 8453
f 9189 8580 8585 9201
f 10810 9172 9176 10813
f 10812 9174 9175 10823
f 10820 9178 9179 10832
f 10814 9182 9183 10826
f 8578 8577 8582 8581
f 8789 9199 9204 8790
f 8769 9198 9206 8770
f 8831 9187 9188 8783
f 8728 9210 9195 8729
f 8539 8538 8601 8600
f 8398 8399 9221 9220
f 9257 9259 9260 9258
f 8401 9367 9223 9219
f 9261 9255 9256 9262
f 10877 8531 8598 10880
f 8404 9312 9230 9212
f 9228 9359 9361 9218
f 8809 9200 9205 8810
f 10834 10835 8594 8589
f 8399 9366 9222 9221
f 9253 9257 9258 9254
f 8405 9369 9216 9217
f 9247 9249 9250 9248
f 8544 8543 8606 8605
f 8707 9196 9208 8708
f 8838 9185 9186 8721
f 8708 9208 9197 8742
f 8672 9193 9192 8673
f 8483 8482 8421 8420
f 8743 9207 9198 8769
f 8757 9194 9193 8672
f 8770 9206 9200 8809
f 8687 9191 9209 8700
f 8610 8611 8616 8615
f 8611 8612 8617 8616
f 10846 8525 8624 10861
f 9306 9374 9234 9310
f 8407 9373 9232 9226
f 10874 8618 8546 10886
f 8573 8572 8542 8543
f 8650 8651 8573 8574
f 8528 8527 8622 8621
f 9356 9344 8816 9301
f 10885 8551 8633 10870
f 9374 9362 9225 9234
f 8406 9370 9224 9235
f 10844 8609 8535 10860
f 9193 8615 8549 9192
f 9204 8595 8529 9203
f 8400 8401 9219 9236
f 8396 8398 9220 9237
f 8616 8617 8547 8548
f 9205 8600 8534 9199
f 9267 9283 9284 9268
f 9371 9231 9230 9312
f 8574 8573 8543 8544
f 9206 8605 8539 9200
f 9372 9228 9218 9363
f 9251 9293 9294 9252
f 8591 8592 8522 8523
f 9364 9375 9233 9227
f 9251 9252 9274 9273
f 8605 8606 8538 8539
f 9255 9289 9290 9256
f 9259 9291 9292 9260
f 9191 8554 8630 9209
f 9265 9285 9286 9266
f 9263 9287 9288 9264
f 9201 8585 8590 9190
f 9371 8407 9226 9231
f 9373 9364 9227 9232
f 8596 8597 8527 8528
f 9372 8405 9217 9228
f 9368 9365 9214 9229
f 8549 8548 8646 8645
f 8601 8602 8532 8533
f 10873 8603 8531 10877
f 9269 9279 9280 9270
f 9271 9281 9282 9272
f 8548 8547 8647 8646
f 9279 9277 9278 9280
f 8595 8596 8528 8529
f 9249 9273 9274 9250
f 9243 9275 9276 9244
f 8590 8591 8523 8524
f 9283 9271 9272 9284
f 8817 8845 9361 9359
f 10883 8526 8623 10882
f 9285 9267 9268 9286
f 9281 9269 9270 9282
f 8731 8730 8688 8689
f 8667 8668 8677 8678
f 8666 8667 8678 8679
f 8761 8760 8669 8668
f 8716 8717 8826 8825
f 8436 8437 8494 8495
f 9283 9267 8907 8926
f 8794 8793 8663 8664
f 8990 9012 9011 8989
f 8717 8718 8827 8826
f 8991 9013 9012 8990
f 8992 9014 9013 8991
f 8796 8795 8665 9302
f 8833 8832 8782 8781
f 9354 8750 8763 9341
f 9018 8899 8900 9019
f 8635 8636 8558 8559
f 8917 8894 9296 9317
f 8651 8652 8572 8573
f 8762 8761 8668 8667
f 8732 8731 8689 8690
f 8785 8786 8793 8794
f 9196 8635 8559 9208
f 10858 8644 8560 10855
f 9115 9110 9111 9114
f 9017 8898 8899 9018
f 8832 8831 8783 8782
f 8795 8794 8664 8665
f 9285 9265 8852 8873
f 8418 8473 8474 8417
f 10970 8516 8411 10948
f 8495 8494 8461 8460
f 10959 8504 8471 10956
f 8420 8421 8478 8479
f 10948 8411 8415 10949
f 8424 8425 8482 8483
f 10966 8439 8492 10961
f 8408 8409 8413 8412
f 8499 8498 8449 8448
f 10969 8512 8488 10962
f 8428 8429 8486 8487
f 10954 8435 8439 10966
f 10964 8480 8423 10951
f 8413 8417 8416 8412
f 10953 8431 8484 10963
f 9131 9334 9315 8882
f 8487 8486 8425 8424
f 10960 8496 8451 10971
f 10963 8484 8427 10952
f 10952 8427 8480 10964
f 8432 8433 8437 8436
f 10961 8492 8463 10965
f 8515 8514 8490 8491
f 10951 8423 8476 10973
f 10973 8476 8443 10975
f 8871 8854 8855 8870
f 8679 8678 8723 8722
f 8754 8755 8758 8759
f 9326 9316 8905 9024
f 9105 9153 9152 9106
f 8640 8641 8563 8564
f 8630 8631 8636 8635
f 8797 8798 8818 8817
f 8842 8841 8718 8717
f 8771 8770 8809 8808
f 9187 8655 8579 9188
f 8924 8909 8910 8923
f 9106 9152 9151 9107
f 8631 8632 8637 8636
f 9119 9106 9107 9118
f 8755 8756 8757 8758
f 8836 8835 8779 8778
f 8850 8851 8756 8755
f 9333 9332 9090 9093
f 8985 9007 9006 8984
f 8720 8721 8830 8829
f 9323 9325 9005 8983
f 8678 8677 8724 8723
f 8926 8907 8908 8925
f 8706 8707 8708 8709
f 8758 8757 8672 8671
f 8798 8799 8819 8818
f 8479 8478 8441 8440
f 8787 8788 8791 8792
f 8786 8787 8792 8793
f 9116 9109 9110 9115
f 9117 9108 9109 9116
f 9058 9122 9121 9057
f 8976 8965 8966 8975
f 9083 8990 8989 9084
f 8964 8944 8943 8965
f 9079 9060 9061 9078
f 8977 8964 8965 8976
f 9082 8991 8990 9083
f 8784 8785 8794 8795
f 8414 8418 8417 8413
f 9259 9257 8981 8959
f 10781 8479 8440 10794
f 9118 9107 9108 9117
f 10849 8589 8594 10848
f 8823 8851 8850 8822
f 8655 8656 8578 8579
f 9067 9028 9327 9330
f 8968 8940 9319 9321
f 8860 9094 9333 9313
f 9028 9023 9326 9327
f 8893 8918 9317 9296
f 10949 10950 8418 8414
f 9251 9273 9123 8874
f 9344 9358 9300 8816
f 9296 8894 9143 9297
f 9299 8776 9342 9311
f 8916 8917 9304 9305
f 9319 9315 8883 8939
f 9072 9067 9330 9331
f 8904 9039 9328 9316
f 9212 9348 9346 9213
f 9050 9114 9309 9329
f 9006 9001 9324 9325
f 8951 8973 9322 9320
f 9001 8929 9318 9324
f 9089 8984 9323 9332
f 8915 8865 9314 9298
f 9147 9142 9297 9335
f 8941 8881 8882 8940
f 9023 8904 9316 9326
f 9131 9072 9331 9334
f 9114 9111 9295 9309
f 9111 9147 9335 9295
f 9142 8893 9296 9297
f 8918 8915 9298 9317
f 8865 8860 9313 9314
f 9094 9089 9332 9333
f 8973 8968 9321 9322
f 9233 9342 9358 9227
f 9234 9340 9311 9310
f 9219 9337 9349 9236
f 9221 9347 9336 9220
f 9230 9303 9348 9212
f 9222 9341 9347 9221
f 9232 9344 9356 9226
f 8984 9006 9325 9323
f 9220 9336 9352 9237
f 8929 8951 9320 9318
f 10950 10955 8473 8418
f 9358 9342 8776 9300
f 9391 8332 8386 9390
f 9383 9377 9376 9382
f 9381 9379 9378 9380
f 8316 9381 9380 8362
f 9379 9383 9382 9378
f 9387 9385 9384 9386
f 9377 9387 9386 9376
f 9385 9389 9388 9384
f 9400 9401 9380 9378
f 9258 9260 9393 9392
f 9394 9254 9258 9392
f 9395 9294 9254 9394
f 9396 9252 9294 9395
f 9397 9274 9252 9396
f 9389 9391 9390 9388
f 9398 9250 9274 9397
f 9399 8384 9246 9248
f 9402 9394 9392 9400
f 9403 9395 9394 9402
f 9404 9396 9395 9403
f 9405 9397 9396 9404
f 9406 9398 9397 9405
f 9407 9399 9398 9406
f 9390 9407 9406 9388
f 9388 9406 9405 9384
f 9384 9405 9404 9386
f 9386 9404 9403 9376
f 9376 9403 9402 9382
f 9382 9402 9400 9378
f 9392 9393 9401 9400
f 8360 9393 9260 9292
f 9407 8385 8384 9399
f 9390 8386 8385 9407
f 8361 9401 9393 8360
f 8362 9380 9401 8361
f 7380 10633 3753 204
f 10634 10632 3754 3755
f 10633 10634 3755 3753
f 9408 9410 9414 9412
f 9410 9409 9413 9414
f 9411 9408 9412 6370
f 9650 9648 9423 9615
f 9651 9649 9424 9618
f 9652 9587 9425 9621
f 9516 9434 9433 9509
f 9523 9472 9431 9510
f 9522 9468 9429 9511
f 9526 9484 9427 9512
f 9584 9580 9435 9513
f 9524 9476 9432 9517
f 9521 9464 9430 9518
f 9525 9480 9428 9519
f 9594 9587 9426 9559
f 9570 9499 9425 9562
f 9583 9581 9436 9487
f 9508 9485 9437 9488
f 9505 9473 9441 9490
f 9503 9465 9440 9492
f 9504 9469 9439 9493
f 9507 9489 9428 9480
f 9506 9477 9442 9491
f 9495 9444 9443 9494
f 9528 9520 9444 9495
f 9617 9616 9445 9496
f 9620 9619 9446 9497
f 9623 9622 9447 9498
f 9569 9558 9459 9500
f 9593 9588 9449 9539
f 9566 9478 9457 9556
f 9564 9470 9456 9555
f 9565 9474 9453 9553
f 9567 9482 9451 9552
f 9554 9455 9454 9561
f 9563 9466 9452 9560
f 9568 9486 9450 9551
f 9586 9582 9449 9559
f 9550 9543 9460 9501
f 9591 9502 9461 9589
f 9537 9937 9529 9520
f 9937 9938 9530 9529
f 9553 9453 9466 9563
f 9490 9441 9465 9503
f 9510 9431 9464 9521
f 9938 9939 9667 9530
f 9560 9452 9470 9564
f 9492 9440 9469 9504
f 9518 9430 9468 9522
f 9520 9529 9608 9444
f 9556 9457 9474 9565
f 9491 9442 9473 9505
f 9517 9432 9472 9523
f 9529 9530 9647 9608
f 9578 9574 9478 9566
f 9575 9573 9477 9506
f 9576 9572 9476 9524
f 9610 9936 9932 9607
f 9555 9456 9482 9567
f 9493 9507 9480 9429
f 9511 9429 9480 9525
f 9608 9647 9936 9610
f 9552 9451 9486 9568
f 9489 9438 9485 9508
f 9519 9428 9484 9526
f 9428 9489 9508 9484
f 9439 9481 9507 9493
f 9572 9575 9506 9476
f 9432 9491 9505 9472
f 9430 9492 9504 9468
f 9431 9490 9503 9464
f 9607 9932 9653 9609
f 9934 9609 9653 6356
f 9590 9462 9502 9591
f 9542 9550 9501 9458
f 9554 9569 9500 9455
f 9621 9623 9498 9424
f 9618 9620 9497 9423
f 9615 9617 9496 9422
f 9516 9528 9495 9434
f 9434 9495 9494 9433
f 9476 9506 9491 9432
f 9481 9438 9489 9507
f 9468 9504 9493 9429
f 9464 9503 9492 9430
f 9472 9505 9490 9431
f 9484 9508 9488 9427
f 9580 9583 9487 9435
f 9557 9448 9499 9570
f 9462 9515 9527 9502
f 9589 9461 9514 9592
f 9502 9527 9514 9461
f 3751 3728 9680 9646
f 9534 9538 9528 9516
f 9532 9519 9526 9549
f 9535 9511 9525 9548
f 9577 9576 9524 9547
f 9536 9517 9523 9546
f 9540 9518 9522 9545
f 9533 9510 9521 9544
f 9538 9537 9520 9528
f 9547 9524 9517 9536
f 9545 9522 9511 9535
f 9546 9523 9510 9533
f 9548 9525 9519 9532
f 9534 9516 9509 9541
f 9544 9521 9518 9540
f 9549 9526 9512 9531
f 9582 9585 9539 9449
f 9486 9549 9531 9450
f 9466 9544 9540 9452
f 9455 9534 9541 9454
f 9482 9548 9532 9451
f 9474 9546 9533 9453
f 9470 9545 9535 9456
f 9478 9547 9536 9457
f 9500 9459 9537 9538
f 9453 9533 9544 9466
f 9452 9540 9545 9470
f 9457 9536 9546 9474
f 9574 9577 9547 9478
f 9456 9535 9548 9482
f 9451 9532 9549 9486
f 9455 9500 9538 9534
f 9585 9584 9513 9539
f 9514 9527 9550 9542
f 9527 9515 9543 9550
f 9460 9557 9570 9501
f 9422 9496 9569 9554
f 9416 9552 9568 9483
f 9417 9555 9567 9479
f 9571 9578 9566 9475
f 9420 9556 9565 9471
f 9418 9560 9564 9467
f 9419 9553 9563 9463
f 9579 9586 9559 9426
f 9483 9568 9551 9415
f 9463 9563 9560 9418
f 9422 9554 9561 9421
f 9479 9567 9552 9416
f 9471 9565 9553 9419
f 9467 9564 9555 9417
f 9475 9566 9556 9420
f 9496 9445 9558 9569
f 9501 9570 9562 9458
f 9588 9594 9559 9449
f 9421 9561 9578 9571
f 9454 9541 9577 9574
f 9592 9593 9539 9513
f 9433 9494 9575 9572
f 9509 9433 9572 9576
f 9494 9443 9573 9575
f 9561 9454 9574 9578
f 9415 9551 9586 9579
f 9450 9531 9585 9582
f 9541 9509 9576 9577
f 9427 9488 9583 9580
f 9551 9450 9582 9586
f 9488 9437 9581 9583
f 9512 9427 9580 9584
f 9458 9562 9594 9588
f 9531 9512 9584 9585
f 9435 9589 9592 9513
f 9436 9590 9591 9487
f 9487 9591 9589 9435
f 9542 9458 9588 9593
f 9562 9425 9587 9594
f 9611 9440 9465 9933
f 9612 9469 9440 9611
f 9573 9607 9609 9477
f 9444 9608 9610 9443
f 9443 9610 9607 9573
f 9604 9598 9597 9603
f 9606 9596 9595 9605
f 9605 9595 9598 9604
f 9598 9602 9601 9597
f 9596 9600 9599 9595
f 9595 9599 9602 9598
f 9936 9605 9604 9932
f 9647 9606 9605 9936
f 9932 9604 9603 9653
f 6554 9597 9601 9929
f 6373 9603 9597 6554
f 6356 9653 9603 6373
f 9442 9934 6372 9473
f 9473 6372 6371 9441
f 9441 6371 9933 9465
f 9609 9934 9442 9477
f 9601 9408 9411 9929
f 9602 9410 9408 9601
f 9599 9409 9410 9602
f 9600 9613 9409 9599
f 9614 9413 9409 9613
f 10635 10632 9413 9614
f 9459 9943 9937 9537
f 9616 9660 9955 9445
f 9514 9542 9593 9592
f 9445 9955 9949 9558
f 9558 9949 9943 9459
f 9462 9629 9645 9515
f 9557 9659 9656 9448
f 9622 9662 9655 9447
f 9581 9638 9635 9436
f 9460 9657 9659 9557
f 9543 9658 9657 9460
f 9590 9632 9629 9462
f 9436 9635 9632 9590
f 9439 9935 6367 9481
f 9481 6367 9624 9438
f 9438 9624 9643 9485
f 9485 9643 9641 9437
f 9612 9935 9439 9469
f 9641 9638 9581 9437
f 9661 9654 9446 9619
f 9446 9654 9660 9616
f 9423 9497 9617 9615
f 9497 9446 9616 9617
f 9421 9650 9615 9422
f 9655 9661 9619 9447
f 9424 9498 9620 9618
f 9498 9447 9619 9620
f 9648 9651 9618 9423
f 9448 9656 9662 9622
f 9425 9499 9623 9621
f 9499 9448 9622 9623
f 9649 9652 9621 9424
f 6374 9931 9626 9625
f 6367 6374 9625 9624
f 9626 9930 9642 9625
f 9631 9628 9629 9632
f 9633 9630 9631 9634
f 9635 9634 9631 9632
f 9637 9636 9633 9634
f 9637 9634 9635 9638
f 9639 9636 9637 9640
f 9641 9640 9637 9638
f 9642 9930 9639 9640
f 9642 9640 9641 9643
f 9625 9642 9643 9624
f 9627 9646 9644 9628
f 9628 9644 9645 9629
f 9631 9630 9627 9628
f 9515 9645 9658 9543
f 9613 9665 9666 9614
f 9606 9667 9664 9596
f 10635 10636 3757 3756
f 9600 9663 9665 9613
f 9596 9664 9663 9600
f 10636 10616 3723 3757
f 9744 9670 9669 9743
f 3733 3724 9670 9744
f 3732 3725 9671 9731
f 9731 9671 9672 9730
f 9756 9747 9674 9681
f 9789 9750 9676 9786
f 9799 9753 9678 9796
f 10620 3736 3727 10617
f 9646 9680 9679 9644
f 9703 9732 9739 9702
f 9702 9739 9740 9708
f 9712 9738 9735 9711
f 9711 9735 9734 9717
f 9717 9734 9733 9720
f 9720 9733 9732 9703
f 9721 9737 9738 9712
f 9724 9736 9737 9721
f 9697 9731 9730 9729
f 3729 3732 9731 9697
f 9727 9726 9658 9679
f 9759 9756 9681 9684
f 9762 9759 9684 9686
f 9765 9762 9686 9688
f 9733 9681 9674 9732
f 9734 9684 9681 9733
f 9735 9686 9684 9734
f 9768 9765 9688 9690
f 9771 9768 9690 9692
f 9741 9771 9692 9672
f 9777 9774 9693 9696
f 9747 9777 9696 9674
f 9730 9736 9724 9729
f 9729 9724 9725 9728
f 9728 9725 9726 9727
f 3728 3731 9699 9680
f 3731 3730 9698 9699
f 3730 3729 9697 9698
f 9680 9699 9727 9679
f 9699 9698 9728 9727
f 9698 9697 9729 9728
f 9658 9726 9723 9657
f 9726 9725 9722 9723
f 9725 9724 9721 9722
f 9657 9723 9714 9659
f 9723 9722 9713 9714
f 9722 9721 9712 9713
f 9655 9718 9705 9661
f 9718 9719 9704 9705
f 9719 9720 9703 9704
f 9662 9715 9718 9655
f 9715 9716 9719 9718
f 9716 9717 9720 9719
f 9656 9709 9715 9662
f 9709 9710 9716 9715
f 9710 9711 9717 9716
f 9659 9714 9709 9656
f 9714 9713 9710 9709
f 9713 9712 9711 9710
f 9654 9700 9706 9660
f 9700 9701 9707 9706
f 9701 9702 9708 9707
f 9661 9705 9700 9654
f 9705 9704 9701 9700
f 9704 9703 9702 9701
f 9693 9740 9739 9696
f 9696 9739 9732 9674
f 9686 9735 9738 9688
f 9688 9738 9737 9690
f 9690 9737 9736 9692
f 9692 9736 9730 9672
f 9673 9695 9779 9749
f 9749 9779 9778 9748
f 9748 9778 9777 9747
f 9695 9694 9776 9779
f 9779 9776 9775 9778
f 9778 9775 9774 9777
f 9669 9691 9773 9743
f 9743 9773 9772 9742
f 9742 9772 9771 9741
f 9691 9689 9770 9773
f 9773 9770 9769 9772
f 9772 9769 9768 9771
f 9689 9687 9767 9770
f 9770 9767 9766 9769
f 9769 9766 9765 9768
f 9687 9685 9764 9767
f 9767 9764 9763 9766
f 9766 9763 9762 9765
f 9685 9683 9761 9764
f 9764 9761 9760 9763
f 9763 9760 9759 9762
f 9683 9682 9758 9761
f 9761 9758 9757 9760
f 9760 9757 9756 9759
f 10621 3726 3738 10618
f 10618 3738 3737 10619
f 10619 3737 3736 10620
f 9800 9677 9755 9797
f 9797 9755 9754 9798
f 9798 9754 9753 9799
f 9790 9675 9752 9787
f 9787 9752 9751 9788
f 9788 9751 9750 9789
f 9682 9673 9749 9758
f 9758 9749 9748 9757
f 9757 9748 9747 9756
f 3725 3735 9746 9671
f 3735 3734 9745 9746
f 3734 3733 9744 9745
f 9671 9746 9741 9672
f 9746 9745 9742 9741
f 9745 9744 9743 9742
f 9961 9955 9660 9706
f 9707 9967 9961 9706
f 9708 9973 9967 9707
f 9740 9780 9973 9708
f 9775 9784 9785 9774
f 9776 9783 9784 9775
f 9694 9782 9783 9776
f 9774 9785 9781 9693
f 9784 9788 9789 9785
f 9783 9787 9788 9784
f 9782 9790 9787 9783
f 9785 9789 9786 9781
f 9751 9794 9795 9750
f 9752 9793 9794 9751
f 9675 9792 9793 9752
f 9750 9795 9791 9676
f 9794 9798 9799 9795
f 9793 9797 9798 9794
f 9792 9800 9797 9793
f 9795 9799 9796 9791
f 9754 9804 9805 9753
f 9755 9803 9804 9754
f 9677 9802 9803 9755
f 9753 9805 9801 9678
f 9781 9780 9740 9693
f 9676 9806 9808 9786
f 9678 9807 9810 9796
f 10617 10622 9811 9801
f 9791 9809 9806 9676
f 9796 9810 9809 9791
f 9801 9811 9807 9678
f 9808 9780 9781 9786
f 10623 10622 3739 3740
f 10624 10623 3740 3741
f 10638 10624 3741 3769
f 10625 10638 3769 3742
f 10639 10625 3742 3770
f 10616 10626 3743 3723
f 10626 10639 3770 3743
f 9679 9658 9645 9644
f 9530 9667 9606 9647
f 9841 9824 9823 9840
f 9851 9833 9834 9850
f 9861 9829 9831 9860
f 9868 9822 9835 9867
f 9878 9828 9827 9877
f 3767 3766 9819 9887
f 9893 9832 9821 9892
f 9903 9820 9830 9902
f 9887 9819 9818 9912
f 9918 9826 9825 9917
f 9902 9830 9829 9861
f 9917 9825 9824 9841
f 10630 10637 3758 3749
f 9860 9831 9832 9893
f 9850 9834 9822 9868
f 9892 9821 9833 9851
f 9840 9823 9820 9903
f 9877 9827 9826 9918
f 9912 9818 9828 9878
f 9669 9908 9882 9691
f 9908 9909 9881 9882
f 9909 9910 9880 9881
f 9910 9911 9879 9880
f 9911 9912 9878 9879
f 9689 9873 9922 9687
f 9873 9874 9921 9922
f 9874 9875 9920 9921
f 9875 9876 9919 9920
f 9876 9877 9918 9919
f 9682 9836 9907 9673
f 9836 9837 9906 9907
f 9837 9838 9905 9906
f 9838 9839 9904 9905
f 9839 9840 9903 9904
f 9675 9888 9855 9792
f 9888 9889 9854 9855
f 9889 9890 9853 9854
f 9890 9891 9852 9853
f 9891 9892 9851 9852
f 9800 9846 9872 9677
f 9846 9847 9871 9872
f 9847 9848 9870 9871
f 9848 9849 9869 9870
f 9849 9850 9868 9869
f 9782 9856 9897 9790
f 9856 9857 9896 9897
f 9857 9858 9895 9896
f 9858 9859 9894 9895
f 9859 9860 9893 9894
f 10621 10627 3746 3726
f 10627 10628 3750 3746
f 10615 3747 3750 10628
f 10629 10630 3749 3748
f 9685 9913 9845 9683
f 9913 9914 9844 9845
f 9914 9915 9843 9844
f 9915 9916 9842 9843
f 9916 9917 9841 9842
f 9695 9898 9865 9694
f 9898 9899 9864 9865
f 9899 9900 9863 9864
f 9900 9901 9862 9863
f 9901 9902 9861 9862
f 9687 9922 9913 9685
f 9922 9921 9914 9913
f 9921 9920 9915 9914
f 9920 9919 9916 9915
f 9919 9918 9917 9916
f 9670 9883 9908 9669
f 9883 9884 9909 9908
f 9884 9885 9910 9909
f 9885 9886 9911 9910
f 9886 9887 9912 9911
f 9673 9907 9898 9695
f 9907 9906 9899 9898
f 9906 9905 9900 9899
f 9905 9904 9901 9900
f 9904 9903 9902 9901
f 9790 9897 9888 9675
f 9897 9896 9889 9888
f 9896 9895 9890 9889
f 9895 9894 9891 9890
f 9894 9893 9892 9891
f 3724 3745 9883 9670
f 3745 3772 9884 9883
f 3772 3744 9885 9884
f 3744 3771 9886 9885
f 3771 3767 9887 9886
f 9691 9882 9873 9689
f 9882 9881 9874 9873
f 9881 9880 9875 9874
f 9880 9879 9876 9875
f 9879 9878 9877 9876
f 9677 9872 9866 9802
f 9872 9871 9926 9866
f 9871 9870 9927 9926
f 9870 9869 9928 9927
f 9869 9868 9867 9928
f 9694 9865 9856 9782
f 9865 9864 9857 9856
f 9864 9863 9858 9857
f 9863 9862 9859 9858
f 9862 9861 9860 9859
f 9792 9855 9846 9800
f 9855 9854 9847 9846
f 9854 9853 9848 9847
f 9853 9852 9849 9848
f 9852 9851 9850 9849
f 9683 9845 9836 9682
f 9845 9844 9837 9836
f 9844 9843 9838 9837
f 9843 9842 9839 9838
f 9842 9841 9840 9839
f 9923 10644 4490 3713
f 4484 10640 10646 4494
f 10643 10645 10644 9923
f 10646 9923 3713 4494
f 9819 9924 9925 9818
f 10629 3748 3747 10615
f 215 3759 9626 9931
f 3761 3760 9627 9630
f 3762 3761 9630 9633
f 3763 3762 9633 9636
f 3764 3763 9636 9639
f 3765 3764 9639 9930
f 3759 3765 9930 9626
f 3760 3751 9646 9627
f 3766 3768 9924 9819
f 9938 9937 9943 9944
f 9944 9943 9949 9950
f 9950 9949 9955 9956
f 9956 9955 9961 9962
f 9962 9961 9967 9968
f 9968 9967 9973 9974
f 9974 9973 9780 9808
f 9939 9938 9944 9945
f 9945 9944 9950 9951
f 9951 9950 9956 9957
f 9957 9956 9962 9963
f 9963 9962 9968 9969
f 9969 9968 9974 9975
f 9975 9974 9808 9806
f 9664 9667 9939 9940
f 9940 9939 9945 9946
f 9946 9945 9951 9952
f 9952 9951 9957 9958
f 9958 9957 9963 9964
f 9964 9963 9969 9970
f 9970 9969 9975 9976
f 9976 9975 9806 9809
f 9663 9664 9940 9941
f 9941 9940 9946 9947
f 9947 9946 9952 9953
f 9953 9952 9958 9959
f 9959 9958 9964 9965
f 9965 9964 9970 9971
f 9971 9970 9976 9977
f 9977 9976 9809 9810
f 9665 9663 9941 9942
f 9942 9941 9947 9948
f 9948 9947 9953 9954
f 9954 9953 9959 9960
f 9960 9959 9965 9966
f 9966 9965 9971 9972
f 9972 9971 9977 9978
f 9978 9977 9810 9807
f 9666 9665 9942 9668
f 9668 9942 9948 9816
f 9816 9948 9954 9817
f 9817 9954 9960 9815
f 9815 9960 9966 9814
f 9814 9966 9972 9813
f 9813 9972 9978 9812
f 9812 9978 9807 9811
f 4529 3821 9979 10678
f 10678 9979 9980 10679
f 4532 3824 9981 10680
f 10680 9981 9982 10681
f 4535 3827 9983 10682
f 10682 9983 9984 10683
f 3827 3830 9985 9983
f 9983 9985 9986 9984
f 10445 10446 10316 10315
f 10251 10515 10530 10529
f 10514 10243 10531 10028
f 10254 10514 10028 10036
f 10253 10242 10000 10033
f 10252 10241 9999 10030
f 10250 10240 9998 10025
f 10246 10239 9997 10016
f 10244 10238 9996 10010
f 10245 10237 9995 10013
f 10248 10236 9994 10022
f 10249 10527 10532 10024
f 10280 10037 10512 10513
f 10276 10023 10008 10286
f 10273 10014 10006 10285
f 10272 10011 10005 10284
f 10274 10017 10004 10283
f 10277 10027 10003 10282
f 10278 10031 10002 10281
f 10279 10034 10001 10271
f 10285 10006 10011 10272
f 10237 10244 10010 9995
f 10286 10008 10014 10273
f 10236 10245 10013 9994
f 10284 10005 10017 10274
f 10238 10246 10016 9996
f 10283 10004 10020 10275
f 10239 10247 10019 9997
f 10507 10508 10023 10276
f 10527 10248 10022 10532
f 10515 10249 10024 10530
f 10275 10020 10027 10277
f 10247 10250 10025 10019
f 10243 10251 10529 10531
f 10282 10003 10031 10278
f 10240 10252 10030 9998
f 10281 10002 10034 10279
f 10241 10253 10033 9999
f 10271 10001 10037 10280
f 10242 10254 10036 10000
f 10176 10228 10059 10046
f 10172 10224 10058 10045
f 10168 10220 10057 10044
f 10180 10212 10055 10047
f 10196 10208 10054 10051
f 10235 10204 10053 10038
f 10148 10200 10052 10039
f 10164 10196 10051 10043
f 10160 10192 10050 10042
f 10152 10188 10049 10040
f 10156 10184 10048 10041
f 10212 10235 10038 10055
f 10216 10180 10047 10056
f 10228 10216 10056 10059
f 10224 10176 10046 10058
f 10220 10172 10045 10057
f 10208 10168 10044 10054
f 10192 10164 10043 10050
f 10184 10160 10042 10048
f 10188 10156 10041 10049
f 10200 10152 10040 10052
f 10204 10148 10039 10053
f 10046 10059 10147 10095
f 10095 10147 10146 10094
f 10094 10146 10145 10093
f 10093 10145 10144 10092
f 10045 10058 10143 10091
f 10091 10143 10142 10090
f 10090 10142 10141 10089
f 10089 10141 10140 10088
f 10044 10057 10139 10087
f 10087 10139 10138 10086
f 10086 10138 10137 10085
f 10085 10137 10136 10084
f 10047 10055 10131 10099
f 10099 10131 10130 10098
f 10098 10130 10129 10097
f 10097 10129 10128 10096
f 10051 10054 10127 10115
f 10115 10127 10126 10114
f 10114 10126 10125 10113
f 10113 10125 10124 10112
f 10038 10053 10123 10060
f 10060 10123 10122 10061
f 10061 10122 10121 10062
f 10062 10121 10120 10063
f 10039 10052 10119 10067
f 10067 10119 10118 10066
f 10066 10118 10117 10065
f 10065 10117 10116 10064
f 10043 10051 10115 10083
f 10083 10115 10114 10082
f 10082 10114 10113 10081
f 10081 10113 10112 10080
f 10042 10050 10111 10079
f 10079 10111 10110 10078
f 10078 10110 10109 10077
f 10077 10109 10108 10076
f 10040 10049 10107 10071
f 10071 10107 10106 10070
f 10070 10106 10105 10069
f 10069 10105 10104 10068
f 10041 10048 10103 10075
f 10075 10103 10102 10074
f 10074 10102 10101 10073
f 10073 10101 10100 10072
f 10055 10038 10060 10131
f 10131 10060 10061 10130
f 10130 10061 10062 10129
f 10129 10062 10063 10128
f 10056 10047 10099 10135
f 10135 10099 10098 10134
f 10134 10098 10097 10133
f 10133 10097 10096 10132
f 10059 10056 10135 10147
f 10147 10135 10134 10146
f 10146 10134 10133 10145
f 10145 10133 10132 10144
f 10058 10046 10095 10143
f 10143 10095 10094 10142
f 10142 10094 10093 10141
f 10141 10093 10092 10140
f 10057 10045 10091 10139
f 10139 10091 10090 10138
f 10138 10090 10089 10137
f 10137 10089 10088 10136
f 10054 10044 10087 10127
f 10127 10087 10086 10126
f 10126 10086 10085 10125
f 10125 10085 10084 10124
f 10050 10043 10083 10111
f 10111 10083 10082 10110
f 10110 10082 10081 10109
f 10109 10081 10080 10108
f 10048 10042 10079 10103
f 10103 10079 10078 10102
f 10102 10078 10077 10101
f 10101 10077 10076 10100
f 10049 10041 10075 10107
f 10107 10075 10074 10106
f 10106 10074 10073 10105
f 10105 10073 10072 10104
f 10052 10040 10071 10119
f 10119 10071 10070 10118
f 10118 10070 10069 10117
f 10117 10069 10068 10116
f 10053 10039 10067 10123
f 10123 10067 10066 10122
f 10122 10066 10065 10121
f 10121 10065 10064 10120
f 10024 10532 10151 10207
f 10207 10151 10150 10206
f 10206 10150 10149 10205
f 10205 10149 10148 10204
f 10022 9994 10155 10203
f 10203 10155 10154 10202
f 10202 10154 10153 10201
f 10201 10153 10152 10200
f 10013 9995 10159 10191
f 10191 10159 10158 10190
f 10190 10158 10157 10189
f 10189 10157 10156 10188
f 10010 9996 10163 10187
f 10187 10163 10162 10186
f 10186 10162 10161 10185
f 10185 10161 10160 10184
f 10016 9997 10167 10195
f 10195 10167 10166 10194
f 10194 10166 10165 10193
f 10193 10165 10164 10192
f 10025 9998 10171 10211
f 10211 10171 10170 10210
f 10210 10170 10169 10209
f 10209 10169 10168 10208
f 10030 9999 10175 10223
f 10223 10175 10174 10222
f 10222 10174 10173 10221
f 10221 10173 10172 10220
f 10033 10000 10179 10227
f 10227 10179 10178 10226
f 10226 10178 10177 10225
f 10225 10177 10176 10224
f 10036 10028 10219 10231
f 10231 10219 10218 10230
f 10230 10218 10217 10229
f 10229 10217 10216 10228
f 10028 10531 10183 10219
f 10219 10183 10182 10218
f 10218 10182 10181 10217
f 10217 10181 10180 10216
f 10529 10530 10232 10215
f 10215 10232 10233 10214
f 10214 10233 10234 10213
f 10213 10234 10235 10212
f 9995 10010 10187 10159
f 10159 10187 10186 10158
f 10158 10186 10185 10157
f 10157 10185 10184 10156
f 9994 10013 10191 10155
f 10155 10191 10190 10154
f 10154 10190 10189 10153
f 10153 10189 10188 10152
f 9996 10016 10195 10163
f 10163 10195 10194 10162
f 10162 10194 10193 10161
f 10161 10193 10192 10160
f 9997 10019 10199 10167
f 10167 10199 10198 10166
f 10166 10198 10197 10165
f 10165 10197 10196 10164
f 10532 10022 10203 10151
f 10151 10203 10202 10150
f 10150 10202 10201 10149
f 10149 10201 10200 10148
f 10530 10024 10207 10232
f 10232 10207 10206 10233
f 10233 10206 10205 10234
f 10234 10205 10204 10235
f 10019 10025 10211 10199
f 10199 10211 10210 10198
f 10198 10210 10209 10197
f 10197 10209 10208 10196
f 10531 10529 10215 10183
f 10183 10215 10214 10182
f 10182 10214 10213 10181
f 10181 10213 10212 10180
f 9998 10030 10223 10171
f 10171 10223 10222 10170
f 10170 10222 10221 10169
f 10169 10221 10220 10168
f 9999 10033 10227 10175
f 10175 10227 10226 10174
f 10174 10226 10225 10173
f 10173 10225 10224 10172
f 10000 10036 10231 10179
f 10179 10231 10230 10178
f 10178 10230 10229 10177
f 10177 10229 10228 10176
f 9993 10035 10254 10242
f 9992 10032 10253 10241
f 9991 10029 10252 10240
f 10018 10026 10250 10247
f 10528 10021 10248 10527
f 9990 10018 10247 10239
f 9989 10015 10246 10238
f 9987 10012 10245 10236
f 9988 10009 10244 10237
f 10021 9987 10236 10248
f 10012 9988 10237 10245
f 10009 9989 10238 10244
f 10015 9990 10239 10246
f 10026 9991 10240 10250
f 10029 9992 10241 10252
f 10032 9993 10242 10253
f 10035 10533 10514 10254
f 9993 10261 10270 10035
f 9992 10255 10269 10032
f 9991 10256 10268 10029
f 10018 10265 10267 10026
f 10528 10534 10266 10021
f 9990 10257 10265 10018
f 9989 10258 10264 10015
f 9987 10260 10263 10012
f 9988 10259 10262 10009
f 10032 10269 10261 9993
f 10029 10268 10255 9992
f 10026 10267 10256 9991
f 10015 10264 10257 9990
f 10009 10262 10258 9989
f 10012 10263 10259 9988
f 10021 10266 10260 9987
f 10035 10270 10516 10533
f 10261 10271 10280 10270
f 10255 10281 10279 10269
f 10256 10282 10278 10268
f 10265 10275 10277 10267
f 10534 10507 10276 10266
f 10257 10283 10275 10265
f 10258 10284 10274 10264
f 10260 10286 10273 10263
f 10259 10285 10272 10262
f 10269 10279 10271 10261
f 10268 10278 10281 10255
f 10267 10277 10282 10256
f 10264 10274 10283 10257
f 10262 10272 10284 10258
f 10263 10273 10285 10259
f 10266 10276 10286 10260
f 10270 10280 10513 10516
f 10001 10287 10497 10037
f 10287 10288 10498 10497
f 10288 10289 10499 10498
f 10289 10290 10500 10499
f 10290 10291 10501 10500
f 10291 10292 10502 10501
f 10292 10293 10503 10502
f 10293 10294 10504 10503
f 10294 10295 10505 10504
f 10295 10296 10506 10505
f 10002 10326 10487 10034
f 10326 10325 10488 10487
f 10325 10324 10489 10488
f 10324 10323 10490 10489
f 10323 10322 10491 10490
f 10322 10321 10492 10491
f 10321 10320 10493 10492
f 10320 10319 10494 10493
f 10319 10318 10495 10494
f 10318 10317 10496 10495
f 10003 10336 10477 10031
f 10336 10335 10478 10477
f 10335 10334 10479 10478
f 10334 10333 10480 10479
f 10333 10332 10481 10480
f 10332 10331 10482 10481
f 10331 10330 10483 10482
f 10330 10329 10484 10483
f 10329 10328 10485 10484
f 10328 10327 10486 10485
f 10511 10376 10457 10510
f 10376 10375 10458 10457
f 10375 10374 10459 10458
f 10374 10373 10460 10459
f 10373 10372 10461 10460
f 10372 10371 10462 10461
f 10371 10370 10463 10462
f 10370 10369 10464 10463
f 10369 10368 10465 10464
f 10368 10367 10466 10465
f 10020 10417 10447 10027
f 10417 10418 10448 10447
f 10418 10419 10449 10448
f 10419 10420 10450 10449
f 10420 10421 10451 10450
f 10421 10422 10452 10451
f 10422 10423 10453 10452
f 10423 10424 10454 10453
f 10424 10425 10455 10454
f 10425 10426 10456 10455
f 10007 10297 10437 10509
f 10297 10298 10438 10437
f 10298 10299 10439 10438
f 10299 10300 10440 10439
f 10300 10301 10441 10440
f 10301 10302 10442 10441
f 10302 10303 10443 10442
f 10303 10304 10444 10443
f 10304 10305 10445 10444
f 10305 10306 10446 10445
f 10508 10307 10427 10023
f 10307 10308 10428 10427
f 10308 10309 10429 10428
f 10309 10310 10430 10429
f 10310 10311 10431 10430
f 10311 10312 10432 10431
f 10312 10313 10433 10432
f 10313 10314 10434 10433
f 10314 10315 10435 10434
f 10315 10316 10436 10435
f 10004 10346 10417 10020
f 10346 10345 10418 10417
f 10345 10344 10419 10418
f 10344 10343 10420 10419
f 10343 10342 10421 10420
f 10342 10341 10422 10421
f 10341 10340 10423 10422
f 10340 10339 10424 10423
f 10339 10338 10425 10424
f 10338 10337 10426 10425
f 10005 10356 10407 10017
f 10356 10355 10408 10407
f 10355 10354 10409 10408
f 10354 10353 10410 10409
f 10353 10352 10411 10410
f 10352 10351 10412 10411
f 10351 10350 10413 10412
f 10350 10349 10414 10413
f 10349 10348 10415 10414
f 10348 10347 10416 10415
f 10008 10386 10397 10014
f 10386 10385 10398 10397
f 10385 10384 10399 10398
f 10384 10383 10400 10399
f 10383 10382 10401 10400
f 10382 10381 10402 10401
f 10381 10380 10403 10402
f 10380 10379 10404 10403
f 10379 10378 10405 10404
f 10378 10377 10406 10405
f 10006 10366 10387 10011
f 10366 10365 10388 10387
f 10365 10364 10389 10388
f 10364 10363 10390 10389
f 10363 10362 10391 10390
f 10362 10361 10392 10391
f 10361 10360 10393 10392
f 10360 10359 10394 10393
f 10359 10358 10395 10394
f 10358 10357 10396 10395
f 10037 10497 10467 10512
f 10497 10498 10468 10467
f 10498 10499 10469 10468
f 10499 10500 10470 10469
f 10500 10501 10471 10470
f 10501 10502 10472 10471
f 10502 10503 10473 10472
f 10503 10504 10474 10473
f 10504 10505 10475 10474
f 10505 10506 10476 10475
f 10023 10427 10386 10008
f 10427 10428 10385 10386
f 10428 10429 10384 10385
f 10429 10430 10383 10384
f 10430 10431 10382 10383
f 10431 10432 10381 10382
f 10432 10433 10380 10381
f 10433 10434 10379 10380
f 10434 10435 10378 10379
f 10435 10436 10377 10378
f 10512 10467 10376 10511
f 10467 10468 10375 10376
f 10468 10469 10374 10375
f 10469 10470 10373 10374
f 10470 10471 10372 10373
f 10471 10472 10371 10372
f 10472 10473 10370 10371
f 10473 10474 10369 10370
f 10474 10475 10368 10369
f 10014 10397 10366 10006
f 10397 10398 10365 10366
f 10398 10399 10364 10365
f 10399 10400 10363 10364
f 10400 10401 10362 10363
f 10401 10402 10361 10362
f 10402 10403 10360 10361
f 10403 10404 10359 10360
f 10404 10405 10358 10359
f 10405 10406 10357 10358
f 10509 10437 10307 10508
f 10437 10438 10308 10307
f 10438 10439 10309 10308
f 10439 10440 10310 10309
f 10440 10441 10311 10310
f 10441 10442 10312 10311
f 10442 10443 10313 10312
f 10443 10444 10314 10313
f 10444 10445 10315 10314
f 10510 10457 10297 10007
f 10457 10458 10298 10297
f 10458 10459 10299 10298
f 10459 10460 10300 10299
f 10460 10461 10301 10300
f 10461 10462 10302 10301
f 10462 10463 10303 10302
f 10463 10464 10304 10303
f 10464 10465 10305 10304
f 10465 10466 10306 10305
f 10011 10387 10356 10005
f 10387 10388 10355 10356
f 10388 10389 10354 10355
f 10389 10390 10353 10354
f 10390 10391 10352 10353
f 10391 10392 10351 10352
f 10392 10393 10350 10351
f 10393 10394 10349 10350
f 10394 10395 10348 10349
f 10395 10396 10347 10348
f 10017 10407 10346 10004
f 10407 10408 10345 10346
f 10408 10409 10344 10345
f 10409 10410 10343 10344
f 10410 10411 10342 10343
f 10411 10412 10341 10342
f 10412 10413 10340 10341
f 10413 10414 10339 10340
f 10414 10415 10338 10339
f 10415 10416 10337 10338
f 10027 10447 10336 10003
f 10447 10448 10335 10336
f 10448 10449 10334 10335
f 10449 10450 10333 10334
f 10450 10451 10332 10333
f 10451 10452 10331 10332
f 10452 10453 10330 10331
f 10453 10454 10329 10330
f 10454 10455 10328 10329
f 10455 10456 10327 10328
f 10031 10477 10326 10002
f 10477 10478 10325 10326
f 10478 10479 10324 10325
f 10479 10480 10323 10324
f 10480 10481 10322 10323
f 10481 10482 10321 10322
f 10482 10483 10320 10321
f 10483 10484 10319 10320
f 10484 10485 10318 10319
f 10485 10486 10317 10318
f 10034 10487 10287 10001
f 10487 10488 10288 10287
f 10488 10489 10289 10288
f 10489 10490 10290 10289
f 10490 10491 10291 10290
f 10491 10492 10292 10291
f 10492 10493 10293 10292
f 10493 10494 10294 10293
f 10494 10495 10295 10294
f 10495 10496 10296 10295
f 10475 10476 10367 10368
f 10508 10507 10517 10509
f 10509 10517 10535 10007
f 10007 10535 10522 10510
f 10510 10522 10536 10511
f 10511 10536 10513 10512
f 10507 10534 10518 10517
f 10517 10518 10520 10535
f 10535 10520 10523 10522
f 10522 10523 10525 10536
f 10536 10525 10516 10513
f 10534 10528 10519 10518
f 10518 10519 10521 10520
f 10520 10521 10524 10523
f 10523 10524 10526 10525
f 10525 10526 10533 10516
f 10528 10527 10249 10519
f 10519 10249 10515 10521
f 10521 10515 10251 10524
f 10524 10251 10243 10526
f 10526 10243 10514 10533
f 11000 10554 10542 10997
f 10609 10557 10549 10607
f 10606 10551 10543 10995
f 10612 10540 10555 10611
f 10994 10556 10548 10614
f 10992 10539 10557 10609
f 10993 10546 10553 10608
f 10613 10552 10546 10993
f 10607 10549 10551 10606
f 10611 10555 10547 10998
f 10991 10544 10552 10613
f 10538 10558 10539 10992
f 10995 10543 10550 10537
f 10608 10553 10541 10605
f 10537 10550 10544 10991
f 10998 10547 10545 10610
f 10610 10545 10556 10994
f 10614 10548 10554 11000
f 10997 10542 10559 10996
f 10576 10541 10553 10570
f 10579 10547 10555 10566
f 10568 10556 10545 10582
f 10561 10554 10548 10581
f 10562 10559 10542 10580
f 10566 10555 10540 10578
f 10574 10539 10558 10577
f 10569 10560 10541 10576
f 10570 10553 10546 10575
f 10563 10557 10539 10574
f 10564 10551 10549 10573
f 10567 10552 10544 10572
f 10565 10550 10543 10571
f 10582 10545 10547 10579
f 10575 10546 10552 10567
f 10572 10544 10550 10565
f 10578 10540 10560 10569
f 10571 10543 10551 10564
f 10573 10549 10557 10563
f 10580 10542 10554 10561
f 10581 10548 10556 10568
f 10496 10581 10568 10296
f 10486 10580 10561 10317
f 10456 10577 10562 10327
f 10416 10573 10563 10337
f 10396 10571 10564 10347
f 10466 10578 10569 10306
f 10406 10572 10565 10357
f 10436 10575 10567 10377
f 10506 10582 10579 10476
f 10357 10565 10571 10396
f 10377 10567 10572 10406
f 10347 10564 10573 10416
f 10337 10563 10574 10426
f 10316 10570 10575 10436
f 10306 10569 10576 10446
f 10426 10574 10577 10456
f 10367 10566 10578 10466
f 10327 10562 10580 10486
f 10317 10561 10581 10496
f 10296 10568 10582 10506
f 10476 10579 10566 10367
f 10446 10576 10570 10316
f 10120 10064 10599 10592
f 10116 10068 10598 10593
f 10104 10072 10585 10596
f 10100 10076 10602 10597
f 10108 10080 10601 10595
f 10124 10084 10603 10591
f 10136 10088 10583 10586
f 10140 10092 10584 10587
f 10144 10132 10604 10588
f 10132 10096 10600 10604
f 10128 10063 10589 10590
f 10072 10100 10597 10585
f 10068 10104 10596 10598
f 10076 10108 10595 10602
f 10080 10112 10594 10601
f 10064 10116 10593 10599
f 10063 10120 10592 10589
f 10112 10124 10591 10594
f 10096 10128 10590 10600
f 10084 10136 10586 10603
f 10088 10140 10587 10583
f 10092 10144 10588 10584
f 10577 10558 10559 10562
f 10999 10560 10540 10612
f 10605 10541 10560 10999
f 10996 10559 10558 10538
f 9928 10629 10615 9927
f 10647 10643 9923 10646
f 9928 9867 10630 10629
f 9927 10615 10628 9926
f 9866 9926 10628 10627
f 9802 9866 10627 10621
f 9867 9835 10637 10630
f 9816 9817 10639 10626
f 9668 9816 10626 10616
f 9817 9815 10625 10639
f 9815 9814 10638 10625
f 9814 9813 10624 10638
f 9813 9812 10623 10624
f 9812 9811 10622 10623
f 3727 3739 10622 10617
f 9804 10619 10620 9805
f 9803 10618 10619 9804
f 9802 10621 10618 9803
f 9805 10620 10617 9801
f 9666 9668 10616 10636
f 9614 9666 10636 10635
f 3756 3754 10632 10635
f 9412 9414 10634 10633
f 9414 9413 10632 10634
f 6370 9412 10633 7380
f 10642 10631 10640 10641
f 10631 8335 8334 10647
f 10641 10640 4484 4487
f 10649 10642 10641 10648
f 10648 10641 4487 4497
f 10644 9985 3830 4490
f 10645 9986 9985 10644
f 8332 9986 10645 8324
f 10643 8333 8324 10645
f 10647 8334 8333 10643
f 10642 8323 8335 10631
f 10650 10648 4497 4501
f 10651 10649 10648 10650
f 9835 10651 10650 10637
f 10637 10650 4501 3758
f 8321 10655 10657 8325
f 8328 10660 10652 8318
f 8319 10653 10660 8328
f 8327 10659 10653 8319
f 8326 10658 10655 8321
f 8325 10657 10654 8320
f 8322 10656 10658 8326
f 8320 10654 10659 8327
f 8316 10661 10668 9381
f 8329 10663 10662 8317
f 9381 10668 10667 9379
f 9383 10669 10666 9377
f 8317 10662 10665 8331
f 9377 10666 10670 9387
f 8330 10664 10661 8316
f 8331 10665 10664 8330
f 9379 10667 10669 9383
f 10652 10663 8329 8318
f 9389 10672 10673 9391
f 9385 10671 10672 9389
f 10670 10671 9385 9387
f 10673 9986 8332 9391
f 10642 10656 8322 8323
f 10674 10675 10658 10656
f 10676 10677 10675 10674
f 9822 9834 10677 10676
f 10676 10651 9835 9822
f 10674 10649 10651 10676
f 10656 10642 10649 10674
f 10684 10685 10657 10655
f 10686 10654 10657 10685
f 10687 10659 10654 10686
f 10688 10653 10659 10687
f 10689 10660 10653 10688
f 10690 10652 10660 10689
f 10691 10663 10652 10690
f 10692 10662 10663 10691
f 10693 10665 10662 10692
f 10694 10664 10665 10693
f 10695 10661 10664 10694
f 10696 10668 10661 10695
f 10697 10667 10668 10696
f 10698 10669 10667 10697
f 9924 10678 10679 9925
f 3768 4529 10678 9924
f 9979 10680 10681 9980
f 3821 4532 10680 9979
f 10699 10666 10669 10698
f 10700 10670 10666 10699
f 10701 10671 10670 10700
f 10715 10699 10698 10714
f 9981 10682 10683 9982
f 3824 4535 10682 9981
f 10716 10700 10699 10715
f 10717 10701 10700 10716
f 10714 10698 10697 10713
f 10713 10697 10696 10712
f 10712 10696 10695 10711
f 10711 10695 10694 10710
f 10710 10694 10693 10709
f 10709 10693 10692 10708
f 10708 10692 10691 10707
f 10707 10691 10690 10706
f 10706 10690 10689 10705
f 10705 10689 10688 10704
f 10704 10688 10687 10703
f 10703 10687 10686 10702
f 10702 10686 10685 10718
f 10719 10718 10685 10684
f 9833 9821 10718 10719
f 9832 10702 10718 9821
f 9831 10703 10702 9832
f 9829 10704 10703 9831
f 9830 10705 10704 9829
f 9820 10706 10705 9830
f 9823 10707 10706 9820
f 9824 10708 10707 9823
f 9825 10709 10708 9824
f 9826 10710 10709 9825
f 9827 10711 10710 9826
f 9828 10712 10711 9827
f 9818 10713 10712 9828
f 9925 10714 10713 9818
f 10681 10717 10716 9980
f 9980 10716 10715 10679
f 10679 10715 10714 9925
f 10719 10677 9834 9833
f 10684 10675 10677 10719
f 10655 10658 10675 10684
f 10720 10672 10671 10701
f 10721 10673 10672 10720
f 10721 9984 9986 10673
f 9982 10722 10717 10681
f 10722 10720 10701 10717
f 10683 10723 10722 9982
f 10723 10721 10720 10722
f 10683 9984 10721 10723
f 9651 9648 10583 10587
f 10586 10583 9648 9650
f 9421 10603 10586 9650
f 9571 10591 10603 9421
f 9475 10594 10591 9571
f 9420 10601 10594 9475
f 9471 10595 10601 9420
f 9419 10602 10595 9471
f 9463 10597 10602 9419
f 9418 10585 10597 9463
f 9467 10596 10585 9418
f 9417 10598 10596 9467
f 9479 10593 10598 9417
f 9416 10599 10593 9479
f 9483 10592 10599 9416
f 9415 10589 10592 9483
f 9579 10590 10589 9415
f 9426 10600 10590 9579
f 9587 10604 10600 9426
f 9652 10588 10604 9587
f 9649 10584 10588 9652
f 9649 9651 10587 10584
f 8395 8392 8334 8335
f 10920 10724 10751 10947
f 10921 10725 10724 10920
f 10922 10726 10725 10921
f 10923 10727 10726 10922
f 10924 10728 10727 10923
f 10925 10729 10728 10924
f 10926 10730 10729 10925
f 10927 10731 10730 10926
f 10928 10732 10731 10927
f 10929 10733 10732 10928
f 10930 10734 10733 10929
f 10931 10735 10734 10930
f 10932 10736 10735 10931
f 10933 10737 10736 10932
f 10934 10738 10737 10933
f 10935 10739 10738 10934
f 10936 10740 10739 10935
f 10937 10741 10740 10936
f 10938 10742 10741 10937
f 10939 10743 10742 10938
f 10940 10744 10743 10939
f 10941 10745 10744 10940
f 10942 10746 10745 10941
f 10943 10747 10746 10942
f 10944 10748 10747 10943
f 10945 10749 10748 10944
f 10946 10750 10749 10945
f 10947 10751 10750 10946
f 10892 10753 10752 10919
f 10893 10754 10753 10892
f 10894 10755 10754 10893
f 10895 10756 10755 10894
f 10896 10757 10756 10895
f 10897 10758 10757 10896
f 10898 10759 10758 10897
f 10899 10760 10759 10898
f 10900 10761 10760 10899
f 10901 10762 10761 10900
f 10902 10763 10762 10901
f 10903 10764 10763 10902
f 10904 10765 10764 10903
f 10905 10766 10765 10904
f 10906 10767 10766 10905
f 10907 10768 10767 10906
f 10908 10769 10768 10907
f 10909 10770 10769 10908
f 10910 10771 10770 10909
f 10911 10772 10771 10910
f 10912 10773 10772 10911
f 10913 10774 10773 10912
f 10914 10775 10774 10913
f 10915 10776 10775 10914
f 10916 10777 10776 10915
f 10917 10778 10777 10916
f 10918 10779 10778 10917
f 10919 10752 10779 10918
f 9161 10781 10794 9170
f 8416 8475 10780 10806
f 9168 10803 10785 9169
f 8412 8416 10806 10799
f 9172 10795 10801 9176
f 9176 10801 10788 9177
f 9182 10797 10791 9183
f 9170 10794 10795 9172
f 9177 10788 10797 9182
f 9159 10780 10804 9166
f 9167 10784 10805 9164
f 9183 10791 10792 9156
f 9163 10782 10798 9160
f 9175 10787 10796 9180
f 9156 10792 10799 9157
f 9173 10802 10807 9174
f 9165 10783 10793 9162
f 9180 10796 10789 9181
f 9160 10798 10781 9161
f 9169 10785 10800 9178
f 9162 10793 10782 9163
f 9171 10786 10802 9173
f 9164 10805 10783 9165
f 9166 10804 10803 9168
f 9181 10789 10784 9167
f 9179 10790 10786 9171
f 9174 10807 10787 9175
f 9178 10800 10790 9179
f 9157 9158 10835 10834
f 8659 10814 10826 8575
f 8649 10820 10832 8565
f 8639 10812 10823 8555
f 8629 10810 10813 8644
f 8545 10831 10820 8649
f 8525 10828 10829 8624
f 8555 10823 10818 8654
f 8619 10817 10831 8545
f 8614 10816 10817 8619
f 8550 10830 10811 8634
f 8584 10808 10834 8589
f 8575 10826 10808 8584
f 8520 10821 10816 8614
f 8530 10825 10815 8599
f 8540 10822 10819 8609
f 8599 10815 10828 8525
f 8560 10833 10814 8659
f 8535 10824 10809 8604
f 8570 10827 10822 8540
f 8609 10819 10824 8535
f 8604 10809 10825 8530
f 8654 10818 10827 8570
f 8644 10813 10833 8560
f 8634 10811 10812 8639
f 8565 10832 10830 8550
f 8629 8624 10829 10810
f 9158 9159 10821 10835
f 8588 10849 10848 8593
f 8643 10858 10855 8561
f 8608 10844 10860 8536
f 8526 10846 10861 8623
f 8583 10863 10849 8588
f 8576 10838 10863 8583
f 8521 10854 10840 8613
f 8593 10848 10854 8521
f 8648 10845 10851 8566
f 8653 10843 10850 8571
f 8633 10841 10842 8638
f 8566 10851 10837 8551
f 8638 10842 10856 8556
f 8628 10862 10858 8643
f 8561 10855 10859 8658
f 8658 10859 10838 8576
f 8598 10839 10846 8526
f 8603 10852 10836 8531
f 8613 10840 10853 8618
f 8571 10850 10847 8541
f 8551 10837 10841 8633
f 8546 10857 10845 8648
f 8556 10856 10843 8653
f 8618 10853 10857 8546
f 8531 10836 10839 8598
f 8623 10861 10862 8628
f 8541 10847 10844 8608
f 8536 10860 10852 8603
f 8527 10883 10882 8622
f 8602 10873 10877 8532
f 8552 10885 10870 8632
f 8617 10874 10886 8547
f 8532 10877 10880 8597
f 8542 10884 10869 8607
f 8562 10867 10876 8657
f 8537 10865 10873 8602
f 8642 10875 10867 8562
f 8647 10872 10888 8567
f 8652 10887 10890 8572
f 8637 10871 10866 8557
f 8627 10889 10875 8642
f 8557 10866 10887 8652
f 8657 10876 10879 8577
f 8632 10870 10871 8637
f 8567 10888 10885 8552
f 8587 10868 10891 8592
f 8547 10886 10872 8647
f 8597 10880 10883 8527
f 8592 10891 10864 8522
f 8607 10869 10865 8537
f 8572 10890 10884 8542
f 8612 10881 10874 8617
f 8577 10879 10878 8582
f 8522 10864 10881 8612
f 8582 10878 10868 8587
f 8622 10882 10889 8627
f 10751 10919 10918 10750
f 10750 10918 10917 10749
f 10749 10917 10916 10748
f 10748 10916 10915 10747
f 10747 10915 10914 10746
f 10746 10914 10913 10745
f 10745 10913 10912 10744
f 10744 10912 10911 10743
f 10743 10911 10910 10742
f 10742 10910 10909 10741
f 10741 10909 10908 10740
f 10740 10908 10907 10739
f 10739 10907 10906 10738
f 10738 10906 10905 10737
f 10737 10905 10904 10736
f 10736 10904 10903 10735
f 10735 10903 10902 10734
f 10734 10902 10901 10733
f 10733 10901 10900 10732
f 10732 10900 10899 10731
f 10731 10899 10898 10730
f 10730 10898 10897 10729
f 10729 10897 10896 10728
f 10728 10896 10895 10727
f 10727 10895 10894 10726
f 10726 10894 10893 10725
f 10725 10893 10892 10724
f 10724 10892 10919 10751
f 8427 10947 10946 8480
f 8480 10946 10945 8423
f 8423 10945 10944 8476
f 8476 10944 10943 8443
f 8443 10943 10942 8447
f 8447 10942 10941 8459
f 8459 10941 10940 8504
f 8504 10940 10939 8471
f 8471 10939 10938 8516
f 8516 10938 10937 8411
f 8411 10937 10936 8415
f 8415 10936 10935 8419
f 8419 10935 10934 8472
f 8472 10934 10933 8435
f 8435 10933 10932 8439
f 8439 10932 10931 8492
f 8492 10931 10930 8463
f 8463 10930 10929 8508
f 8508 10929 10928 8496
f 8496 10928 10927 8451
f 8451 10927 10926 8455
f 8455 10926 10925 8500
f 8500 10925 10924 8467
f 8467 10924 10923 8512
f 8512 10923 10922 8488
f 8488 10922 10921 8431
f 8431 10921 10920 8484
f 8484 10920 10947 8427
f 8419 8472 10955 10950
f 8415 8419 10950 10949
f 8477 10973 10975 8442
f 8422 10951 10973 8477
f 8493 10961 10965 8462
f 8426 10952 10964 8481
f 8485 10963 10952 8426
f 8497 10960 10971 8450
f 8430 10953 10963 8485
f 8481 10964 10951 8422
f 8434 10954 10966 8438
f 8513 10969 10962 8489
f 8438 10966 10961 8493
f 8410 10948 10949 8414
f 8505 10959 10956 8470
f 8517 10970 10948 8410
f 8489 10962 10953 8430
f 8473 10955 10954 8434
f 8470 10956 10970 8517
f 8462 10965 10968 8509
f 8450 10971 10974 8454
f 8446 10972 10957 8458
f 8458 10957 10959 8505
f 8501 10958 10967 8466
f 8454 10974 10958 8501
f 8442 10975 10972 8446
f 8466 10967 10969 8513
f 8509 10968 10960 8497
f 10753 12402 10976 10752
f 10754 10977 12402 10753
f 10755 10978 10977 10754
f 10756 10979 10978 10755
f 10757 10980 10979 10756
f 10758 12403 10980 10757
f 10759 12404 12403 10758
f 10760 12405 12404 10759
f 10761 10981 12405 10760
f 10762 10982 10981 10761
f 10763 12406 10982 10762
f 10764 12407 12406 10763
f 10765 10983 12407 10764
f 10766 10984 10983 10765
f 10767 12408 10984 10766
f 10768 12409 12408 10767
f 10769 10985 12409 10768
f 10770 10986 10985 10769
f 10771 10987 10986 10770
f 10772 12410 10987 10771
f 10773 12411 12410 10772
f 10774 12412 12411 10773
f 10775 12413 12412 10774
f 10776 10988 12413 10775
f 10777 12414 10988 10776
f 10778 10989 12414 10777
f 10779 10990 10989 10778
f 10752 10976 10990 10779
f 11625 11302 11350 11606
f 11243 11002 11152 11147
f 11733 11159 11351 11731
f 11655 11334 11281 11661
f 11750 11746 11039 11672
f 11746 11748 11404 11039
f 11007 11010 11009 11008
f 11693 11518 11138 11691
f 11011 11014 11013 11012
f 11058 11248 11169 11166
f 11352 11172 11303 11348
f 11631 11525 11252 11632
f 11528 11546 11627 11614
f 11582 11340 11087 11589
f 11210 11487 11695 11186
f 11409 11416 11206 11324
f 11021 11024 11023 11022
f 11736 11738 11419 11025
f 11374 11184 11256 11379
f 11515 11513 11033 11414
f 11658 11094 11279 11664
f 11246 11689 11488 11331
f 11423 11017 11157 11426
f 11657 11535 11557 11673
f 11481 11279 11403 11483
f 11138 11442 11443 11068
f 11153 11117 11144 11280
f 11595 11066 11120 11602
f 11661 11273 11343 11655
f 11692 11517 11035 11675
f 11196 11252 11422 11418
f 11664 11279 11481 11668
f 11734 11729 11505 11626
f 11200 11055 11054 11187
f 11592 11491 11689 11246
f 11129 11128 11711 11712
f 11049 11382 11396 11233
f 11608 11531 11550 11628
f 11730 11729 11088 11350
f 11449 11367 11153 11083
f 11045 11059 11058 11057
f 11552 11555 11410 11006
f 11244 11265 11173 11329
f 11277 11451 11330 11193
f 11515 11414 11316 11512
f 11112 11165 11382 11385
f 11415 11343 11273 11408
f 11643 11025 11419 11629
f 11428 11127 11139 11429
f 11475 11476 11349 11213
f 11480 11483 11403 11228
f 11683 11304 11151 11676
f 11634 11069 11178 11644
f 11649 11125 11498 11642
f 11089 11271 11435 11432
f 11046 11045 11036 11077
f 11069 11018 11425 11424
f 11001 11239 11365 11400
f 11016 11067 11355 11356
f 11506 11239 11623 11624
f 11494 11296 11222 11710
f 11496 11396 11105 11493
f 11208 11207 11699 11702
f 11259 11234 11356 11355
f 11170 11158 11029 11198
f 11758 11753 11517 11692
f 11122 11342 11354 11400
f 11086 11021 11022 11085
f 11728 11730 11350 11302
f 11565 11074 11425 11566
f 11752 11756 11433 11096
f 11410 11145 11281 11409
f 11647 11042 11056 11635
f 11199 11354 11357 11050
f 11652 11118 11405 11656
f 11423 11426 11323 11260
f 11626 11505 11076 11620
f 11521 11442 11138 11518
f 11151 11304 11436 11443
f 11360 11583 11455 11459
f 11222 11296 11134 11223
f 11680 11271 11089 11686
f 11300 11408 11411 11032
f 11543 11215 11438 11545
f 11273 11140 11411 11408
f 11279 11094 11407 11403
f 11714 11726 11287 11492
f 11687 11082 11486 11695
f 11136 11060 11353 11349
f 11695 11487 11262 11687
f 11691 11041 11516 11693
f 11442 11521 11519 11182
f 11041 11441 11520 11516
f 11346 11347 11417 11421
f 11467 11589 11590 11588
f 11268 11251 11055 11200
f 11546 11548 11352 11224
f 11685 11540 11121 11688
f 11383 11384 11146 11004
f 11001 11199 11611 11622
f 11381 11386 11129 11143
f 11561 11283 11439 11563
f 11124 11154 11193 11330
f 11675 11182 11519 11692
f 11586 11587 11585 11465
f 11107 11600 11598 11601
f 11503 11501 11127 11428
f 11671 11512 11316 11670
f 11195 11175 11176 11205
f 11399 11370 11269 11211
f 11313 11388 11390 11064
f 11576 11177 11038 11579
f 11010 11108 11102 11009
f 11721 11293 11109 11722
f 11471 11473 11196 11418
f 11723 11218 11038 11719
f 11337 11535 11657 11658
f 11342 11122 11621 11612
f 11574 11388 11313 11572
f 11250 11605 11596 11604
f 11272 11384 11383 11333
f 11371 11372 11198 11104
f 11541 11174 11434 11544
f 11444 11034 11035 11441
f 11115 11047 11005 11596
f 11188 11682 11697 11558
f 11199 11001 11400 11354
f 11322 11319 11020 11019
f 11676 11034 11341 11683
f 11685 11542 11141 11681
f 11401 11364 11093 11212
f 11130 11131 11048 11047
f 11046 11132 11059 11045
f 11163 11091 11310 11598
f 11244 11046 11077 11265
f 11139 11017 11423 11429
f 11757 11232 11760 11755
f 11757 11521 11518 11754
f 11725 11081 11317 11031
f 11657 11537 11094 11658
f 11312 11240 11305 11335
f 11355 11067 11075 11401
f 11562 11437 11188 11558
f 11391 11190 11291 11389
f 11571 11291 11700 11716
f 11654 11033 11513 11653
f 11147 11150 11149 11148
f 11298 11068 11443 11436
f 11108 11155 11154 11102
f 11373 11368 11156 11117
f 11416 11334 11214 11413
f 11406 11337 11027 11402
f 11074 11056 11424 11425
f 11014 11161 11160 11013
f 11636 11074 11565 11650
f 11162 11090 11091 11163
f 11255 11009 11102 11123
f 11570 11575 11384 11272
f 11266 11163 11598 11209
f 11415 11408 11300 11254
f 11166 11169 11168 11167
f 11534 11538 11406 11308
f 11688 11189 11542 11685
f 11609 11628 11550 11060
f 11174 11541 11679 11680
f 11674 11663 11536 11552
f 11029 11590 11461 11028
f 11437 11444 11003 11188
f 11617 11185 11549 11627
f 11540 11097 11439 11544
f 11343 11033 11654 11655
f 11168 11179 11131 11130
f 11694 11096 11433 11677
f 11195 11456 11587 11194
f 11282 11062 11114 11051
f 11756 11520 11517 11753
f 11618 11475 11213 11616
f 11144 11322 11019 11280
f 11520 11441 11035 11517
f 11342 11257 11357 11354
f 11660 11324 11206 11669
f 11733 11506 11624 11735
f 11553 11145 11410 11555
f 11312 11030 11327 11253
f 11175 11195 11194 11580
f 11737 11263 11419 11738
f 11138 11068 11690 11691
f 11391 11389 11345 11128
f 11451 11450 11285 11330
f 11613 11016 11531 11608
f 11369 11371 11104 11103
f 11038 11177 11717 11719
f 11187 11166 11167 11200
f 11201 11204 11203 11202
f 11205 11176 11108 11010
f 11560 11563 11439 11097
f 11490 11432 11262 11487
f 11656 11405 11070 11672
f 11387 11380 11171 11065
f 11580 11218 11109 11175
f 11648 11468 11095 11639
f 11454 11453 11338 11227
f 11635 11056 11074 11636
f 11675 11035 11034 11676
f 11393 11394 11134 11296
f 11754 11518 11693 11759
f 11303 11172 11609 11615
f 11460 11461 11216 11225
f 11367 11373 11117 11153
f 11611 11259 11212 11622
f 11260 11264 11429 11423
f 11333 11383 11395 11258
f 11460 11192 11028 11461
f 11684 11215 11543 11679
f 11352 11348 11098 11224
f 11490 11488 11089 11432
f 11448 11397 11321 11247
f 11047 11048 11591 11005
f 11204 11243 11147 11148
f 11083 11086 11085 11084
f 11020 11164 11242 11024
f 11150 11236 11235 11149
f 11113 11061 11251 11268
f 11368 11369 11103 11156
f 11140 11273 11661 11662
f 11386 11391 11128 11129
f 11059 11202 11248 11058
f 11593 11412 11464 11463
f 11542 11545 11438 11141
f 11317 11327 11030 11031
f 11414 11415 11254 11316
f 11102 11154 11124 11123
f 11670 11111 11510 11671
f 11406 11402 11326 11308
f 11450 11452 11286 11285
f 11457 11456 11195 11205
f 11111 11413 11514 11510
f 11590 11217 11216 11461
f 11019 11020 11024 11021
f 11567 11426 11157 11569
f 11457 11225 11216 11456
f 11592 11246 11051 11605
f 11131 11267 11266 11048
f 11749 11744 11513 11515
f 11170 11210 11186 11158
f 11318 11107 11601 11599
f 11492 11245 11709 11714
f 11275 11011 11012 11276
f 11459 11455 11581 11361
f 11687 11262 11189 11688
f 11560 11097 11681 11697
f 11269 11270 11229 11211
f 11098 11474 11618 11616
f 11424 11430 11178 11069
f 11153 11280 11086 11083
f 11084 11085 11270 11269
f 11122 11092 11620 11621
f 11440 11210 11170 11366
f 11532 11356 11234 11530
f 11149 11235 11294 11320
f 11378 11183 11184 11374
f 11085 11022 11284 11270
f 11305 11203 11315 11335
f 11698 11381 11143 11713
f 11562 11559 11341 11437
f 11272 11333 11704 11705
f 11522 11527 11421 11191
f 11288 11289 11201 11132
f 11160 11072 11073 11290
f 11704 11333 11258 11708
f 11114 11062 11061 11113
f 11049 11142 11385 11382
f 11276 11012 11292 11238
f 11107 11318 11597 11600
f 11176 11293 11155 11108
f 11434 11431 11082 11121
f 11370 11398 11084 11269
f 11532 11531 11016 11356
f 11548 11547 11172 11352
f 11749 11515 11512 11745
f 11460 11225 11297 11274
f 11283 11561 11696 11684
f 11236 11150 11197 11219
f 11679 11541 11283 11684
f 11022 11023 11299 11284
f 11669 11254 11300 11660
f 11690 11003 11041 11691
f 11202 11203 11305 11248
f 11306 11307 11161 11014
f 11103 11104 11028 11192
f 11666 11241 11536 11663
f 11248 11305 11240 11169
f 11659 11006 11324 11660
f 11362 11448 11247 11135
f 11345 11570 11715 11707
f 11227 11338 11180 11181
f 11554 11411 11140 11557
f 11191 11421 11417 11278
f 11621 11075 11067 11612
f 11092 11507 11626 11620
f 11170 11198 11372 11366
f 11274 11297 11319 11322
f 11169 11240 11179 11168
f 11479 11136 11349 11476
f 11651 11564 11018 11633
f 11447 11363 11236 11219
f 11321 11180 11338 11311
f 11225 11457 11007 11297
f 11578 11577 11249 11466
f 11299 11276 11238 11237
f 11514 11413 11214 11511
f 11167 11168 11130 11325
f 11456 11216 11217 11587
f 11309 11274 11322 11144
f 11079 11726 11392 11116
f 11284 11299 11237 11230
f 11220 11221 11079 11078
f 11325 11130 11047 11115
f 11244 11288 11132 11046
f 11253 11327 11162 11267
f 11583 11332 11110 11586
f 11242 11328 11011 11275
f 11557 11140 11662 11673
f 11582 11462 11464 11412
f 11270 11284 11230 11229
f 11023 11275 11276 11299
f 11434 11174 11071 11431
f 11164 11255 11328 11242
f 11444 11441 11041 11003
f 11617 11224 11098 11616
f 11002 11243 11289 11336
f 11329 11026 11288 11244
f 11057 11058 11166 11187
f 11594 11360 11459 11458
f 11004 11146 11701 11703
f 11124 11330 11285 11307
f 11623 11093 11504 11624
f 11289 11288 11026 11336
f 11132 11201 11202 11059
f 11268 11325 11115 11113
f 11331 11282 11051 11246
f 11362 11394 11221 11220
f 11390 11387 11065 11064
f 11315 11203 11204 11148
f 11297 11007 11008 11319
f 11711 11128 11345 11707
f 11328 11306 11014 11011
f 11176 11175 11109 11293
f 11601 11344 11137 11599
f 11751 11747 11511 11653
f 11062 11282 11366 11372
f 11367 11037 11054 11373
f 11604 11120 11066 11593
f 11012 11013 11314 11292
f 11192 11460 11274 11309
f 11595 11602 11119 11458
f 11397 11235 11236 11363
f 11267 11162 11163 11266
f 11008 11009 11255 11164
f 11463 11464 11446 11592
f 11507 11092 11365 11508
f 11103 11192 11309 11156
f 11564 11566 11425 11018
f 11198 11029 11028 11104
f 11319 11008 11164 11020
f 11471 11418 11095 11468
f 11410 11409 11324 11006
f 11307 11285 11286 11161
f 11155 11720 11193 11154
f 11398 11449 11083 11084
f 11024 11242 11275 11023
f 11013 11160 11290 11314
f 11148 11149 11320 11315
f 11312 11253 11179 11240
f 11247 11321 11311 11226
f 11430 11427 11125 11178
f 11256 11184 11344 11310
f 11257 11342 11612 11613
f 11592 11605 11250 11463
f 11327 11317 11090 11162
f 11218 11723 11722 11109
f 11200 11167 11325 11268
f 11293 11721 11720 11155
f 11152 11197 11150 11147
f 11576 11468 11648 11177
f 11123 11124 11307 11306
f 11503 11428 11015 11500
f 11289 11243 11204 11201
f 11255 11123 11306 11328
f 11179 11253 11267 11131
f 11161 11286 11072 11160
f 11457 11205 11010 11007
f 11474 11577 11332 11618
f 11280 11019 11021 11086
f 11416 11413 11111 11206
f 11645 11499 11043 11646
f 11430 11042 11043 11427
f 11172 11547 11628 11609
f 11690 11068 11298 11682
f 11656 11404 11261 11652
f 11365 11092 11122 11400
f 11667 11480 11228 11665
f 11745 11512 11671 11750
f 11256 11052 11377 11379
f 11077 11036 11449 11398
f 11748 11514 11511 11747
f 11571 11146 11384 11575
f 11321 11397 11363 11180
f 11640 11126 11524 11637
f 11424 11056 11042 11430
f 11414 11033 11343 11415
f 11071 11174 11680 11686
f 11099 11040 11390 11388
f 11040 11100 11387 11390
f 11135 11134 11394 11362
f 11300 11032 11659 11660
f 11653 11511 11214 11654
f 11355 11401 11212 11259
f 11633 11018 11069 11634
f 11239 11506 11508 11365
f 11045 11057 11037 11036
f 11298 11560 11697 11682
f 11609 11060 11136 11615
f 11351 11159 11625 11606
f 11181 11180 11363 11447
f 11241 11228 11403 11407
f 11135 11247 11226 11339
f 11220 11294 11448 11362
f 11651 11637 11524 11564
f 11185 11213 11349 11353
f 11672 11039 11404 11656
f 11614 11530 11234 11610
f 11708 11258 11494 11710
f 11706 11190 11208 11702
f 11669 11206 11111 11670
f 11265 11077 11398 11370
f 11717 11378 11374 11719
f 11331 11440 11366 11282
f 11696 11683 11341 11559
f 11665 11326 11482 11667
f 11437 11341 11034 11444
f 11189 11262 11432 11435
f 11052 11053 11376 11377
f 11654 11214 11334 11655
f 11208 11190 11391 11386
f 11126 11095 11418 11422
f 11055 11251 11369 11368
f 11525 11631 11650 11565
f 11294 11235 11397 11448
f 11610 11234 11259 11611
f 11146 11571 11716 11701
f 11287 11221 11394 11393
f 11100 11101 11380 11387
f 11443 11442 11182 11151
f 11251 11061 11371 11369
f 11677 11433 11295 11678
f 11053 11081 11375 11376
f 11054 11055 11368 11373
f 11574 11573 11099 11388
f 11659 11032 11556 11674
f 11597 11231 11106 11600
f 11061 11062 11372 11371
f 11727 11116 11392 11724
f 11165 11105 11396 11382
f 11173 11265 11370 11399
f 11428 11429 11264 11015
f 11207 11208 11386 11381
f 11409 11281 11334 11416
f 11036 11037 11367 11449
f 11452 11453 11072 11286
f 11311 11338 11453 11452
f 11226 11311 11452 11450
f 11073 11072 11453 11454
f 11339 11226 11450 11451
f 11223 11339 11451 11277
f 11594 11458 11119 11603
f 11465 11455 11583 11586
f 11593 11463 11250 11604
f 11582 11589 11467 11462
f 11595 11485 11668 11066
f 11318 11599 11445 11358
f 11359 11597 11318 11358
f 11479 11594 11231 11619
f 11458 11459 11361 11595
f 11113 11115 11596 11114
f 11577 11359 11358 11249
f 11603 11106 11231 11594
f 11462 11584 11446 11464
f 11578 11110 11332 11577
f 11585 11087 11340 11581
f 11588 11158 11186 11584
f 11466 11249 11576 11579
f 11462 11467 11588 11584
f 11364 11076 11505 11509
f 11004 11245 11395 11383
f 11093 11364 11509 11504
f 11622 11212 11093 11623
f 11401 11075 11076 11364
f 11759 11752 11096 11694
f 11679 11543 11271 11680
f 11646 11043 11042 11647
f 11608 11529 11257 11613
f 11743 11736 11025 11643
f 11347 11470 11472 11417
f 11732 11507 11508 11731
f 11278 11417 11472 11469
f 11615 11136 11479 11619
f 11239 11001 11622 11623
f 11644 11178 11125 11649
f 11620 11076 11075 11621
f 11098 11348 11477 11474
f 11303 11478 11477 11348
f 11125 11427 11502 11498
f 11739 11740 11501 11503
f 11665 11228 11241 11666
f 11326 11402 11484 11482
f 11742 11737 11499 11645
f 11668 11485 11027 11664
f 11043 11499 11502 11427
f 11402 11027 11485 11484
f 11619 11478 11303 11615
f 11677 11232 11133 11694
f 11739 11503 11500 11741
f 11689 11491 11071 11686
f 11316 11254 11669 11670
f 11732 11063 11607 11734
f 11082 11431 11489 11486
f 11071 11491 11489 11431
f 11245 11492 11497 11395
f 11735 11728 11302 11625
f 11233 11396 11496 11495
f 11245 11004 11703 11709
f 11080 11222 11223 11277
f 11258 11395 11497 11494
f 11639 11095 11126 11640
f 11126 11422 11526 11524
f 11568 11567 11527 11522
f 11421 11527 11523 11346
f 11661 11281 11145 11662
f 11196 11473 11641 11638
f 11252 11525 11526 11422
f 11612 11067 11016 11613
f 11616 11213 11185 11617
f 11357 11257 11529 11533
f 11551 11550 11531 11532
f 11551 11532 11530 11549
f 11050 11528 11614 11610
f 11050 11357 11533 11528
f 11700 11291 11190 11706
f 11308 11326 11665 11666
f 11556 11534 11663 11674
f 11406 11538 11535 11337
f 11094 11537 11539 11407
f 11556 11554 11538 11534
f 11241 11407 11539 11536
f 11673 11553 11537 11657
f 11121 11082 11687 11688
f 11686 11089 11488 11689
f 11546 11224 11617 11627
f 11189 11435 11545 11542
f 11143 11129 11712 11713
f 11121 11540 11544 11434
f 11283 11541 11544 11439
f 11271 11543 11545 11435
f 11530 11614 11627 11549
f 11698 11380 11101 11699
f 11716 11573 11142 11701
f 11699 11101 11100 11702
f 11701 11142 11049 11703
f 11704 11165 11112 11705
f 11706 11040 11099 11700
f 11715 11572 11313 11707
f 11702 11100 11040 11706
f 11708 11105 11165 11704
f 11703 11049 11233 11709
f 11710 11493 11105 11708
f 11641 11470 11347 11638
f 11561 11304 11683 11696
f 11711 11064 11065 11712
f 11712 11065 11171 11713
f 11707 11313 11064 11711
f 11713 11171 11380 11698
f 11709 11233 11495 11714
f 11682 11188 11003 11690
f 11199 11050 11610 11611
f 11353 11551 11549 11185
f 11353 11060 11550 11551
f 11533 11529 11547 11548
f 11547 11529 11608 11628
f 11528 11533 11548 11546
f 11663 11534 11308 11666
f 11027 11337 11658 11664
f 11673 11662 11145 11553
f 11032 11411 11554 11556
f 11538 11554 11557 11535
f 11537 11553 11555 11539
f 11674 11552 11006 11659
f 11536 11539 11555 11552
f 11681 11097 11540 11685
f 11696 11559 11215 11684
f 11438 11215 11559 11562
f 11298 11436 11563 11560
f 11438 11562 11558 11141
f 11681 11141 11558 11697
f 11304 11561 11563 11436
f 11632 11252 11196 11638
f 11323 11426 11567 11568
f 11524 11526 11566 11564
f 11527 11567 11569 11523
f 11525 11565 11566 11526
f 11705 11112 11572 11715
f 11700 11099 11573 11716
f 11385 11142 11573 11574
f 11134 11135 11339 11223
f 11291 11571 11575 11389
f 11345 11389 11575 11570
f 11385 11574 11572 11112
f 11570 11272 11705 11715
f 11358 11445 11576 11249
f 11585 11581 11455 11465
f 11048 11266 11209 11591
f 11522 11637 11651 11568
f 11157 11636 11650 11569
f 11191 11640 11637 11522
f 11569 11650 11631 11523
f 11015 11649 11642 11500
f 11740 11742 11645 11501
f 11044 11643 11629 11420
f 11264 11644 11649 11015
f 11127 11646 11647 11139
f 11469 11648 11639 11278
f 11139 11647 11635 11017
f 11501 11645 11646 11127
f 11260 11634 11644 11264
f 11741 11743 11643 11044
f 11278 11639 11640 11191
f 11346 11632 11638 11347
f 11568 11651 11633 11323
f 11017 11635 11636 11157
f 11323 11633 11634 11260
f 11523 11631 11632 11346
f 11420 11629 11630 11301
f 11619 11231 11597 11478
f 11477 11359 11577 11474
f 11478 11597 11359 11477
f 11629 11419 11263 11630
f 11618 11332 11583 11475
f 11476 11360 11594 11479
f 11475 11583 11360 11476
f 11744 11118 11652 11751
f 11137 11641 11473 11599
f 11445 11471 11468 11576
f 11599 11473 11471 11445
f 11606 11350 11088 11607
f 11340 11667 11482 11581
f 11361 11484 11485 11595
f 11581 11482 11484 11361
f 11582 11480 11667 11340
f 11066 11668 11481 11593
f 11412 11483 11480 11582
f 11593 11481 11483 11412
f 11186 11695 11486 11584
f 11446 11489 11491 11592
f 11584 11486 11489 11446
f 11156 11309 11144 11117
f 11079 11031 11030 11078
f 11497 11393 11296 11494
f 11492 11287 11393 11497
f 11317 11081 11053 11090
f 11344 11184 11183 11137
f 11091 11090 11053 11052
f 11091 11052 11256 11310
f 11183 11470 11641 11137
f 11379 11377 11722 11723
f 11377 11376 11721 11722
f 11376 11375 11720 11721
f 11374 11379 11723 11719
f 11378 11472 11470 11183
f 11717 11469 11472 11378
f 11177 11648 11469 11717
f 11116 11725 11031 11079
f 11496 11724 11392 11495
f 11493 11080 11724 11496
f 11710 11222 11080 11493
f 11057 11187 11054 11037
f 11440 11490 11487 11210
f 11331 11488 11490 11440
f 11063 11351 11606 11607
f 11151 11182 11675 11676
f 11207 11381 11698 11699
f 11718 11375 11081 11725
f 11718 11193 11720 11375
f 11277 11727 11724 11080
f 11495 11392 11726 11714
f 11726 11079 11221 11287
f 11727 11718 11725 11116
f 11277 11193 11718 11727
f 11310 11344 11601 11598
f 11106 11209 11598 11600
f 11209 11106 11603 11591
f 11120 11005 11591 11602
f 11005 11120 11604 11596
f 11051 11114 11596 11605
f 11602 11591 11603 11119
f 11038 11218 11580 11579
f 11194 11110 11578 11580
f 11110 11194 11587 11586
f 11217 11087 11585 11587
f 11087 11217 11590 11589
f 11029 11158 11588 11590
f 11579 11580 11578 11466
f 11335 11315 11320 11078
f 11078 11030 11312 11335
f 11320 11294 11220 11078
f 10537 11292 11314 10995
f 10991 11238 11292 10537
f 10613 11237 11238 10991
f 10993 11230 11237 10613
f 10608 11229 11230 10993
f 10605 11211 11229 10608
f 10999 11399 11211 10605
f 10612 11173 11399 10999
f 10611 11329 11173 10612
f 10998 11026 11329 10611
f 10610 11336 11026 10998
f 10994 11002 11336 10610
f 10614 11152 11002 10994
f 11000 11197 11152 10614
f 10997 11219 11197 11000
f 10996 11447 11219 10997
f 10538 11181 11447 10996
f 10992 11227 11181 10538
f 10609 11454 11227 10992
f 10607 11073 11454 10609
f 10606 11290 11073 10607
f 10995 11314 11290 10606
f 11624 11504 11728 11735
f 11507 11732 11734 11626
f 11063 11732 11731 11351
f 11159 11733 11735 11625
f 11504 11509 11730 11728
f 11509 11505 11729 11730
f 11607 11088 11729 11734
f 11506 11733 11731 11508
f 11500 11642 11743 11741
f 11301 11630 11742 11740
f 11420 11739 11741 11044
f 11630 11263 11737 11742
f 11420 11301 11740 11739
f 11642 11498 11736 11743
f 11499 11737 11738 11502
f 11498 11502 11738 11736
f 11513 11744 11751 11653
f 11404 11748 11747 11261
f 11070 11745 11750 11672
f 11652 11261 11747 11751
f 11405 11749 11745 11070
f 11405 11118 11744 11749
f 11510 11514 11748 11746
f 11671 11510 11746 11750
f 11693 11516 11752 11759
f 11133 11754 11759 11694
f 11692 11519 11755 11758
f 11433 11756 11753 11295
f 11232 11757 11754 11133
f 11516 11520 11756 11752
f 11678 11295 11753 11758
f 11521 11757 11755 11519
f 11758 11755 11760 11678
f 11678 11760 11232 11677
f 12444 11797 11801 12453
f 11938 11762 11766 11860
f 12229 11950 11948 12227
f 12211 12212 11837 11826
f 11853 11823 11822 11851
f 12236 11825 11836 12235
f 11820 11845 11842 11819
f 11848 11861 11813 11816
f 12461 12230 11794 12446
f 12442 12439 11762 11938
f 12209 11930 11858 12213
f 11838 11860 11766 11767
f 11884 11772 11771 11885
f 11921 11786 11773 11883
f 11863 11828 11824 11855
f 11835 11824 11828 11839
f 12433 12425 11903 12197
f 12445 11793 11792 12441
f 12177 12178 11904 11779
f 12457 12196 11787 12448
f 11848 11821 11827 11861
f 11831 11832 11821 11820
f 11923 11922 11764 11763
f 11883 11773 11772 11884
f 11827 11768 11765 11861
f 12162 12163 11909 11782
f 12459 12447 11930 12209
f 11888 11843 11867 11937
f 11820 11821 11848 11845
f 11855 11824 11823 11853
f 11811 11812 11855 11853
f 11845 11848 11816 11815
f 11845 11815 11814 11842
f 11953 11944 11817 11812
f 11824 11835 11834 11823
f 11818 11866 11842 11814
f 11839 11864 11854 11835
f 12429 11923 11763 12415
f 12216 12217 11946 11948
f 12218 12220 11950 11952
f 11823 11834 11833 11822
f 11866 11829 11819 11842
f 11851 11810 11811 11853
f 12167 12165 11802 11770
f 12235 12234 11864 11839
f 12462 12232 11800 12454
f 11843 11830 11840 11867
f 11827 11838 11767 11768
f 11814 11841 11865 11818
f 12458 12203 11795 12452
f 11860 11838 11832 11849
f 11846 11831 11830 11843
f 12482 12166 12489 12463
f 12436 12219 11947 12431
f 12464 11885 11917 12468
f 12481 12164 12487 12475
f 11786 11921 11908 11781
f 11864 11936 11889 11854
f 11775 11869 11870 11774
f 11783 11914 11868 11776
f 11876 11873 11919 11920
f 12172 12171 11914 11783
f 11922 11923 11877 11880
f 12420 11874 11875 12419
f 11875 11872 11873 11876
f 11912 11913 11871 11874
f 12477 11893 11894 12465
f 11829 11840 11830 11819
f 11880 11877 11878 11881
f 12472 11921 11883 12479
f 11881 11878 11879 11882
f 12238 12237 11913 11912
f 11782 11909 11917 11784
f 12428 11911 11915 12423
f 12435 12210 11907 12427
f 12478 11892 11893 12477
f 11887 11846 11843 11888
f 12429 11798 11790 12424
f 11938 11860 11849 11886
f 11886 11849 11846 11887
f 11821 11832 11838 11827
f 12472 11942 12495 12474
f 11834 11852 11850 11833
f 11882 11879 11915 11916
f 11874 11871 11872 11875
f 12421 11876 11920 12430
f 11813 11862 11847 11816
f 12479 11883 11884 12466
f 12193 12195 11910 11911
f 12038 12036 11905 11780
f 11774 11870 11918 11785
f 12422 11912 11874 12420
f 12466 11884 11885 12464
f 11911 11910 11916 11915
f 12168 12169 11901 11778
f 12485 12176 12501 12469
f 12217 12223 11945 11946
f 11816 11847 11844 11815
f 12219 12222 11949 11947
f 12174 12175 11898 11777
f 12483 12170 12492 12470
f 12442 11938 11886 12450
f 12210 12215 11906 11907
f 11776 11868 11869 11775
f 12419 11875 11876 12421
f 12438 12238 11912 12422
f 12467 11940 11892 12478
f 12432 12193 11911 12428
f 12424 11790 11789 12417
f 11819 11830 11831 11820
f 11885 11771 11784 11917
f 12416 11788 11801 12423
f 11849 11832 11831 11846
f 11854 11889 11890 11852
f 11815 11844 11841 11814
f 12236 12233 11857 11825
f 12460 12455 11945 12223
f 12456 12192 11797 12444
f 12197 12198 11803 11804
f 12441 11792 11791 12440
f 12486 12179 12499 12471
f 12417 11789 11788 12416
f 12454 11800 11793 12445
f 12252 12253 12254 12251
f 12212 12213 11858 11837
f 11835 11854 11852 11834
f 11812 11817 11863 11855
f 12475 12488 11941 12468
f 12465 11894 12494 12476
f 12206 12205 11902 11903
f 12234 12239 11936 11864
f 12449 11888 11937 12453
f 12484 12173 11940 12467
f 12220 11826 11837 12216
f 12437 12226 11900 12426
f 12226 12228 11899 11900
f 12229 12231 11952 11950
f 12434 12206 11903 12425
f 12451 11887 11888 12449
f 12480 12037 12497 12473
f 12450 11886 11887 12451
f 11852 11890 11891 11850
f 12440 11791 11799 12443
f 12225 12224 11924 11856
f 12227 12225 11856 11836
f 12252 12247 11761 12253
f 12211 11826 11859 12214
f 11961 11960 11990 11991
f 11966 11965 11985 11987
f 11971 11972 11961 11962
f 11968 11974 11976 11955
f 11982 11974 11968 11980
f 11977 11964 11967 11975
f 11979 11967 11986 11994
f 11977 11975 11969 11960
f 11973 11970 11963 11956
f 11972 11977 11960 11961
f 11984 11971 11962 11992
f 11969 11978 11993 11989
f 11976 11973 11956 11955
f 11990 11960 11969 11989
f 11957 11954 11976 11974
f 11954 11958 11973 11976
f 11988 11964 11966 11987
f 11966 11964 11977 11972
f 11958 11959 11970 11973
f 11982 11981 11957 11974
f 11965 11966 11972 11971
f 11986 11967 11964 11988
f 11962 11961 11991 11992
f 11984 11970 11959 11985
f 11985 11959 11958 11987
f 11988 11954 11957 11986
f 11993 11980 11968 11989
f 11987 11958 11954 11988
f 11990 11955 11956 11991
f 11991 11956 11963 11992
f 11989 11968 11955 11990
f 11992 11963 11970 11984
f 11986 11957 11981 11994
f 11967 11979 11983 11975
f 11969 11975 11983 11978
f 11965 11971 11984 11985
f 11942 11994 11981 12495
f 11897 11979 11994 11942
f 11896 11983 11979 11897
f 11895 11978 11983 11896
f 11941 11993 11978 11895
f 12488 11980 11993 11941
f 12002 12001 12031 12032
f 12007 12006 12026 12028
f 12012 12013 12002 12003
f 12009 12015 12017 11996
f 12023 12015 12009 12021
f 12018 12005 12008 12016
f 12020 12008 12027 12035
f 12018 12016 12010 12001
f 12014 12011 12004 11997
f 12013 12018 12001 12002
f 12025 12012 12003 12033
f 12010 12019 12034 12030
f 12017 12014 11997 11996
f 12031 12001 12010 12030
f 11998 11995 12017 12015
f 11995 11999 12014 12017
f 12029 12005 12007 12028
f 12007 12005 12018 12013
f 11999 12000 12011 12014
f 12023 12022 11998 12015
f 12006 12007 12013 12012
f 12027 12008 12005 12029
f 12003 12002 12032 12033
f 12025 12011 12000 12026
f 12026 12000 11999 12028
f 12029 11995 11998 12027
f 12034 12021 12009 12030
f 12028 11999 11995 12029
f 12031 11996 11997 12032
f 12032 11997 12004 12033
f 12030 12009 11996 12031
f 12033 12004 12011 12025
f 12027 11998 12022 12035
f 12008 12020 12024 12016
f 12010 12016 12024 12019
f 12006 12012 12025 12026
f 12474 12496 12037 12480
f 11781 11908 12036 12038
f 12022 12497 12037 12035
f 12496 12020 12035 12037
f 12046 12045 12075 12076
f 12051 12050 12070 12072
f 12056 12057 12046 12047
f 12053 12059 12061 12040
f 12067 12059 12053 12065
f 12062 12049 12052 12060
f 12064 12052 12071 12079
f 12062 12060 12054 12045
f 12058 12055 12048 12041
f 12057 12062 12045 12046
f 12069 12056 12047 12077
f 12054 12063 12078 12074
f 12061 12058 12041 12040
f 12075 12045 12054 12074
f 12042 12039 12061 12059
f 12039 12043 12058 12061
f 12073 12049 12051 12072
f 12051 12049 12062 12057
f 12043 12044 12055 12058
f 12067 12066 12042 12059
f 12050 12051 12057 12056
f 12071 12052 12049 12073
f 12047 12046 12076 12077
f 12069 12055 12044 12070
f 12070 12044 12043 12072
f 12073 12039 12042 12071
f 12078 12065 12053 12074
f 12072 12043 12039 12073
f 12075 12040 12041 12076
f 12076 12041 12048 12077
f 12074 12053 12040 12075
f 12077 12048 12055 12069
f 12071 12042 12066 12079
f 12052 12064 12068 12060
f 12054 12060 12068 12063
f 12050 12056 12069 12070
f 12087 12086 12116 12117
f 12092 12091 12111 12113
f 12097 12098 12087 12088
f 12094 12100 12102 12081
f 12108 12100 12094 12106
f 12103 12090 12093 12101
f 12105 12093 12112 12120
f 12103 12101 12095 12086
f 12099 12096 12089 12082
f 12098 12103 12086 12087
f 12110 12097 12088 12118
f 12095 12104 12119 12115
f 12102 12099 12082 12081
f 12116 12086 12095 12115
f 12083 12080 12102 12100
f 12080 12084 12099 12102
f 12114 12090 12092 12113
f 12092 12090 12103 12098
f 12084 12085 12096 12099
f 12108 12107 12083 12100
f 12091 12092 12098 12097
f 12112 12093 12090 12114
f 12088 12087 12117 12118
f 12110 12096 12085 12111
f 12111 12085 12084 12113
f 12114 12080 12083 12112
f 12119 12106 12094 12115
f 12113 12084 12080 12114
f 12116 12081 12082 12117
f 12117 12082 12089 12118
f 12115 12094 12081 12116
f 12118 12089 12096 12110
f 12112 12083 12107 12120
f 12093 12105 12109 12101
f 12095 12101 12109 12104
f 12091 12097 12110 12111
f 12128 12127 12157 12158
f 12133 12132 12152 12154
f 12138 12139 12128 12129
f 12135 12141 12143 12122
f 12149 12141 12135 12147
f 12144 12131 12134 12142
f 12146 12134 12153 12161
f 12144 12142 12136 12127
f 12140 12137 12130 12123
f 12139 12144 12127 12128
f 12151 12138 12129 12159
f 12136 12145 12160 12156
f 12143 12140 12123 12122
f 12157 12127 12136 12156
f 12124 12121 12143 12141
f 12121 12125 12140 12143
f 12155 12131 12133 12154
f 12133 12131 12144 12139
f 12125 12126 12137 12140
f 12149 12148 12124 12141
f 12132 12133 12139 12138
f 12153 12134 12131 12155
f 12129 12128 12158 12159
f 12151 12137 12126 12152
f 12152 12126 12125 12154
f 12155 12121 12124 12153
f 12160 12147 12135 12156
f 12154 12125 12121 12155
f 12157 12122 12123 12158
f 12158 12123 12130 12159
f 12156 12135 12122 12157
f 12159 12130 12137 12151
f 12153 12124 12148 12161
f 12134 12146 12150 12142
f 12136 12142 12150 12145
f 12132 12138 12151 12152
f 12463 12490 12164 12481
f 11770 11802 12163 12162
f 12019 12487 12164 12034
f 12490 12021 12034 12164
f 12470 12491 12166 12482
f 11778 11901 12165 12167
f 12063 12489 12166 12078
f 12491 12065 12078 12166
f 12476 12493 12170 12483
f 11785 11918 12169 12168
f 12104 12492 12170 12119
f 12493 12106 12119 12170
f 12145 12494 11894 12160
f 11893 12147 12160 11894
f 11892 12149 12147 11893
f 11940 12148 12149 11892
f 12469 12502 12173 12484
f 11777 11898 12171 12172
f 12173 12161 12148 11940
f 12502 12146 12161 12173
f 11779 11904 12175 12174
f 12471 12500 12176 12485
f 12176 12120 12107 12501
f 12500 12105 12120 12176
f 12473 12498 12179 12486
f 11780 11905 12178 12177
f 12179 12079 12066 12499
f 12498 12064 12079 12179
f 12181 11981 11982 12180
f 11934 12181 12020 12496
f 12182 12019 12024 12180
f 11928 12183 12021 12490
f 11980 12182 12180 11982
f 12020 12181 12180 12024
f 12184 12023 12021 12183
f 12185 12022 12023 12184
f 11931 12185 12064 12498
f 12064 12185 12184 12068
f 12068 12184 12183 12063
f 12187 12067 12065 12186
f 12188 12066 12067 12187
f 11925 12492 12104 12186
f 12105 12188 12187 12109
f 12109 12187 12186 12104
f 12190 12108 12106 12189
f 12191 12107 12108 12190
f 11939 12494 12145 12189
f 12146 12191 12190 12150
f 12150 12190 12189 12145
f 11782 11784 11916 11910
f 11771 11882 11916 11784
f 11772 11881 11882 11771
f 11773 11880 11881 11772
f 11786 11922 11880 11773
f 11781 11764 11922 11786
f 11776 11775 11872 11871
f 11774 11873 11872 11775
f 11785 11919 11873 11774
f 11913 11783 11776 11871
f 12448 11787 12192 12456
f 12418 11804 12193 12432
f 11804 11803 12195 12193
f 11811 12204 11953 11812
f 11903 11902 12198 12197
f 12452 11795 12196 12457
f 12418 12433 12197 11804
f 12248 12202 12200 12250
f 12430 11920 12206 12434
f 11920 11919 12205 12206
f 12443 11799 12203 12458
f 12200 12259 12258 12201
f 11953 12204 12202 12248
f 12168 12205 11919 11785
f 11778 11902 12205 12168
f 12167 12198 11902 11778
f 11770 11803 12198 12167
f 12162 12195 11803 11770
f 11782 11910 12195 12162
f 11768 12211 12214 11765
f 11767 11766 12213 12212
f 11763 11764 12215 12210
f 12415 11763 12210 12435
f 12439 12459 12209 11762
f 11762 12209 12213 11766
f 11768 11767 12212 12211
f 11950 12220 12216 11948
f 12447 12460 12223 11930
f 11907 11906 12222 12219
f 11858 11930 12223 12217
f 12427 11907 12219 12436
f 11859 11826 12220 12218
f 11837 11858 12217 12216
f 11948 11946 12225 12227
f 11946 11945 12224 12225
f 11825 11857 12231 12229
f 11947 11949 12228 12226
f 12431 11947 12226 12437
f 12455 11951 12230 12461
f 11825 12229 12227 11836
f 11856 11924 12239 12234
f 11828 11863 12233 12236
f 12426 11900 12238 12438
f 11900 11899 12237 12238
f 12446 11794 12232 12462
f 11836 11856 12234 12235
f 12242 11857 12233 12243
f 11828 12236 12235 11839
f 11944 11943 12243 11817
f 12237 12172 11783 11913
f 11899 11777 12172 12237
f 12174 11777 11899 12228
f 11779 12174 12228 11949
f 12177 11779 11949 12222
f 11780 12177 12222 11906
f 12215 12038 11780 11906
f 11764 11781 12038 12215
f 12244 12231 11857 12242
f 12245 11952 12231 12244
f 12246 12218 11952 12245
f 12247 11859 12218 12246
f 11761 12247 12246 11806
f 11806 12246 12245 11807
f 11807 12245 12244 11808
f 11808 12244 12242 11809
f 11817 12243 12233 11863
f 11943 11809 12242 12243
f 12214 12252 12251 11765
f 12214 11859 12247 12252
f 12251 11813 11861 11765
f 12254 11862 11813 12251
f 12202 12260 12259 12200
f 12264 11841 11844 12263
f 12201 12256 12255 12249
f 12204 12257 12260 12202
f 11810 12257 12204 11811
f 12256 12262 12261 12255
f 12241 12264 12263 12240
f 12265 11944 11953 12248
f 12281 12249 12255 12282
f 12261 12262 12241 12240
f 12267 12256 12201 12258
f 12269 11865 11841 12264
f 12250 12270 12265 12248
f 11847 12271 12263 11844
f 12272 12240 12263 12271
f 12273 11943 11944 12265
f 12270 12274 12273 12265
f 11862 12275 12271 11847
f 12276 12272 12271 12275
f 12250 12200 12201 12249
f 12289 11761 11806 12288
f 12277 11809 11943 12273
f 12274 12278 12277 12273
f 12278 11808 11809 12277
f 12254 12279 12275 11862
f 12280 12276 12275 12279
f 12253 12280 12279 12254
f 12261 12283 12282 12255
f 12284 12281 12282 12285
f 12287 12284 12285 12288
f 12283 12286 12285 12282
f 11807 12287 12288 11806
f 12286 12289 12288 12285
f 12272 12283 12261 12240
f 12276 12286 12283 12272
f 12280 12289 12286 12276
f 12253 11761 12289 12280
f 12281 12270 12250 12249
f 12284 12274 12270 12281
f 12287 12278 12274 12284
f 11807 11808 12278 12287
f 12347 12199 11805 12346
f 12268 12262 12256 12267
f 12266 12241 12262 12268
f 12269 12264 12241 12266
f 12348 11926 12199 12347
f 12349 12207 11926 12348
f 12350 11935 12207 12349
f 12351 11891 11935 12350
f 12352 11850 11891 12351
f 12353 11833 11850 12352
f 12354 11822 11833 12353
f 12355 11851 11822 12354
f 12356 11810 11851 12355
f 12357 12257 11810 12356
f 12358 12260 12257 12357
f 12359 12259 12260 12358
f 12360 12258 12259 12359
f 12361 12267 12258 12360
f 12362 12268 12267 12361
f 12363 12266 12268 12362
f 12364 12269 12266 12363
f 12365 11865 12269 12364
f 12366 11818 11865 12365
f 12367 11866 11818 12366
f 12368 11829 11866 12367
f 12369 11840 11829 12368
f 12370 11867 11840 12369
f 12371 11937 11867 12370
f 12372 11932 11937 12371
f 12373 12194 11932 12372
f 12346 11805 12194 12373
f 10976 12291 12317 10990
f 10990 12317 12316 10989
f 10989 12316 12315 12414
f 12414 12315 12314 10988
f 10988 12314 12313 12413
f 12413 12313 12312 12412
f 12412 12312 12311 12411
f 12411 12311 12310 12410
f 12410 12310 12309 10987
f 10987 12309 12308 10986
f 10986 12308 12307 10985
f 10985 12307 12306 12409
f 12409 12306 12305 12408
f 12408 12305 12304 10984
f 10984 12304 12303 10983
f 10983 12303 12302 12407
f 12407 12302 12301 12406
f 12406 12301 12300 10982
f 10982 12300 12299 10981
f 10981 12299 12298 12405
f 12405 12298 12297 12404
f 12404 12297 12296 12403
f 12403 12296 12295 10980
f 10980 12295 12294 10979
f 10979 12294 12293 10978
f 10978 12293 12292 10977
f 10977 12292 12290 12402
f 12402 12290 12291 10976
f 12401 12318 12345 12400
f 12400 12345 12344 12399
f 12399 12344 12343 12398
f 12398 12343 12342 12397
f 12397 12342 12341 12396
f 12396 12341 12340 12395
f 12395 12340 12339 12394
f 12394 12339 12338 12393
f 12393 12338 12337 12392
f 12392 12337 12336 12391
f 12391 12336 12335 12390
f 12390 12335 12334 12389
f 12389 12334 12333 12388
f 12388 12333 12332 12387
f 12387 12332 12331 12386
f 12386 12331 12330 12385
f 12385 12330 12329 12384
f 12384 12329 12328 12383
f 12383 12328 12327 12382
f 12382 12327 12326 12381
f 12381 12326 12325 12380
f 12380 12325 12324 12379
f 12379 12324 12323 12378
f 12378 12323 12322 12377
f 12377 12322 12321 12376
f 12376 12321 12320 12375
f 12375 12320 12319 12374
f 12374 12319 12318 12401
f 12318 12346 12373 12345
f 12345 12373 12372 12344
f 12344 12372 12371 12343
f 12343 12371 12370 12342
f 12342 12370 12369 12341
f 12341 12369 12368 12340
f 12340 12368 12367 12339
f 12339 12367 12366 12338
f 12338 12366 12365 12337
f 12337 12365 12364 12336
f 12336 12364 12363 12335
f 12335 12363 12362 12334
f 12334 12362 12361 12333
f 12333 12361 12360 12332
f 12332 12360 12359 12331
f 12331 12359 12358 12330
f 12330 12358 12357 12329
f 12329 12357 12356 12328
f 12328 12356 12355 12327
f 12327 12355 12354 12326
f 12326 12354 12353 12325
f 12325 12353 12352 12324
f 12324 12352 12351 12323
f 12323 12351 12350 12322
f 12322 12350 12349 12321
f 12321 12349 12348 12320
f 12320 12348 12347 12319
f 12319 12347 12346 12318
f 12290 12374 12401 12291
f 12292 12375 12374 12290
f 12293 12376 12375 12292
f 12294 12377 12376 12293
f 12295 12378 12377 12294
f 12296 12379 12378 12295
f 12297 12380 12379 12296
f 12298 12381 12380 12297
f 12299 12382 12381 12298
f 12300 12383 12382 12299
f 12301 12384 12383 12300
f 12302 12385 12384 12301
f 12303 12386 12385 12302
f 12304 12387 12386 12303
f 12305 12388 12387 12304
f 12306 12389 12388 12305
f 12307 12390 12389 12306
f 12308 12391 12390 12307
f 12309 12392 12391 12308
f 12310 12393 12392 12309
f 12311 12394 12393 12310
f 12312 12395 12394 12311
f 12313 12396 12395 12312
f 12314 12397 12396 12313
f 12315 12398 12397 12314
f 12316 12399 12398 12315
f 12317 12400 12399 12316
f 12291 12401 12400 12317
f 11794 12426 12438 12232
f 11951 12431 12437 12230
f 11796 12427 12436 12221
f 11769 12415 12435 12208
f 11799 12430 12434 12203
f 11787 12196 12433 12418
f 11787 12418 12432 12192
f 12203 12434 12425 11795
f 12230 12437 12426 11794
f 11878 12417 12416 11879
f 11879 12416 12423 11915
f 11877 12424 12417 11878
f 12192 12432 12428 11797
f 12232 12438 12422 11800
f 11792 12419 12421 11791
f 11800 12422 12420 11793
f 11791 12421 12430 11799
f 11923 12429 12424 11877
f 12208 12435 12427 11796
f 11797 12428 12423 11801
f 11793 12420 12419 11792
f 12221 12436 12431 11951
f 11798 12429 12415 11769
f 12196 11795 12425 12433
f 11924 12446 12462 12239
f 11945 12455 12461 12224
f 11796 12221 12460 12447
f 11769 12208 12459 12439
f 11935 12443 12458 12207
f 11926 12452 12457 12199
f 11805 12448 12456 12194
f 11891 12440 12443 11935
f 11790 12450 12451 11789
f 11789 12451 12449 11788
f 11788 12449 12453 11801
f 11936 12454 12445 11889
f 11890 12441 12440 11891
f 12194 12456 12444 11932
f 12221 11951 12455 12460
f 11798 12442 12450 11790
f 12207 12458 12452 11926
f 12239 12462 12454 11936
f 12208 11796 12447 12459
f 12199 12457 12448 11805
f 11889 12445 12441 11890
f 11798 11769 12439 12442
f 12224 12461 12446 11924
f 11932 12444 12453 11937
f 11905 12473 12486 12178
f 11904 12471 12485 12175
f 11898 12469 12484 12171
f 11918 12476 12483 12169
f 11901 12470 12482 12165
f 11802 12463 12481 12163
f 11908 12474 12480 12036
f 12036 12480 12473 11905
f 12171 12484 12467 11914
f 11870 12465 12476 11918
f 11909 12475 12468 11917
f 12178 12486 12471 11904
f 11914 12467 12478 11868
f 12169 12483 12470 11901
f 12175 12485 12469 11898
f 11896 12466 12464 11895
f 11897 12479 12466 11896
f 11921 12472 12474 11908
f 11868 12478 12477 11869
f 11942 12472 12479 11897
f 11869 12477 12465 11870
f 12163 12481 12475 11909
f 11895 12464 12468 11941
f 12165 12482 12463 11802
f 11933 12487 12019 12182
f 12475 12487 11933 12488
f 11980 12488 11933 12182
f 11925 12186 12065 12491
f 11939 12493 12476 12494
f 11939 12189 12106 12493
f 12063 12183 11928 12489
f 11928 12490 12463 12489
f 11925 12491 12470 12492
f 11981 12181 11934 12495
f 12022 12185 11931 12497
f 12474 12495 11934 12496
f 11929 12188 12105 12500
f 12473 12497 11931 12498
f 11927 12191 12146 12502
f 12107 12191 11927 12501
f 12469 12501 11927 12502
f 12066 12188 11929 12499
f 12471 12499 11929 12500
