# Blender 5.2.1 LTS
# www.blender.org
o GEO-body_female_realistic
v -0.095652 0.107120 -0.057580
v -0.094681 0.098824 -0.059321
v -0.096677 0.108110 -0.067012
v -0.097012 0.098521 -0.068375
v -0.098599 0.108440 -0.076797
v -0.099621 0.098422 -0.077921
v -0.109340 0.108711 -0.101577
v -0.109673 0.098805 -0.102554
v -0.117859 0.108476 -0.102896
v -0.117725 0.098433 -0.103461
v -0.125600 0.108083 -0.097925
v -0.125062 0.097508 -0.098131
v -0.134233 0.108166 -0.092042
v -0.133448 0.097147 -0.091926
v -0.143626 0.109196 -0.086081
v -0.143590 0.098573 -0.086092
v -0.148992 0.110988 -0.075821
v -0.150350 0.101058 -0.076074
v -0.149563 0.112691 -0.063633
v -0.150542 0.103485 -0.063414
v -0.147967 0.114774 -0.051451
v -0.148252 0.106035 -0.050992
v -0.142535 0.116393 -0.040988
v -0.143248 0.108249 -0.040104
v -0.134609 0.117676 -0.032521
v -0.135425 0.109979 -0.031140
v -0.124358 0.118199 -0.027648
v -0.125048 0.110617 -0.025686
v -0.113135 0.116490 -0.030488
v -0.113611 0.108950 -0.028010
v -0.103786 0.113660 -0.037302
v -0.104315 0.105910 -0.034611
v -0.098034 0.109582 -0.045859
v -0.097993 0.102549 -0.042673
v -0.095888 0.105532 -0.051560
v -0.094925 0.099834 -0.050959
v -0.103664 0.122126 -0.040374
v -0.104456 0.132125 -0.042355
v -0.112865 0.124719 -0.032740
v -0.113020 0.133900 -0.034460
v -0.104720 0.098351 -0.032152
v -0.114020 0.101646 -0.025713
v -0.123941 0.126160 -0.030031
v -0.125522 0.103126 -0.024836
v -0.123871 0.134863 -0.031737
v -0.097738 0.094908 -0.040378
v -0.148394 0.120882 -0.075458
v -0.148682 0.130897 -0.075522
v -0.143583 0.119588 -0.085839
v -0.143641 0.130008 -0.085978
v -0.151263 0.090920 -0.075796
v -0.143257 0.087834 -0.085392
v -0.097521 0.089048 -0.069232
v -0.097115 0.118545 -0.065218
v -0.097465 0.129723 -0.064289
v -0.097704 0.117500 -0.052459
v -0.094290 0.090237 -0.059773
v -0.151992 0.094139 -0.062803
v -0.149386 0.122138 -0.063728
v -0.150062 0.131781 -0.063837
v -0.135085 0.118746 -0.093062
v -0.126433 0.118582 -0.098799
v -0.117832 0.118831 -0.102201
v -0.109057 0.118972 -0.100542
v -0.097940 0.118750 -0.075718
v -0.134052 0.125930 -0.033825
v -0.141957 0.124795 -0.041621
v -0.147648 0.123617 -0.051723
v -0.144046 0.100326 -0.038768
v -0.093874 0.091999 -0.049896
v -0.100883 0.088241 -0.078949
v -0.109933 0.089068 -0.103022
v -0.117377 0.088607 -0.104328
v -0.124881 0.087188 -0.100583
v -0.133110 0.084388 -0.093467
v -0.148750 0.097306 -0.050169
v -0.136236 0.102561 -0.029639
v -0.148142 0.132790 -0.051791
v -0.134225 0.134675 -0.034762
v -0.099917 0.130371 -0.053199
v -0.097090 0.129587 -0.074903
v -0.108931 0.129474 -0.099776
v -0.117785 0.129483 -0.101893
v -0.127155 0.129182 -0.099842
v -0.136133 0.129441 -0.094310
v -0.142281 0.133751 -0.041869
v -0.132778 0.188748 -0.105309
v -0.119779 0.189460 -0.106400
v -0.131048 0.175515 -0.104093
v -0.118732 0.176144 -0.104837
v -0.129514 0.163277 -0.102948
v -0.117990 0.163702 -0.103493
v -0.128542 0.151453 -0.101758
v -0.117700 0.151812 -0.102572
v -0.127886 0.140149 -0.100867
v -0.117692 0.140456 -0.101970
v -0.113494 0.143962 -0.035427
v -0.114367 0.154648 -0.035868
v -0.115110 0.166516 -0.035981
v -0.115794 0.179266 -0.035589
v -0.116164 0.193074 -0.034606
v -0.107052 0.190569 -0.102582
v -0.107284 0.176772 -0.101083
v -0.107527 0.164122 -0.100027
v -0.107880 0.152099 -0.099542
v -0.108398 0.140738 -0.099518
v -0.098432 0.193491 -0.049040
v -0.099122 0.179166 -0.050842
v -0.099547 0.166025 -0.051849
v -0.099984 0.153684 -0.052714
v -0.100211 0.141951 -0.053319
v -0.154247 0.189061 -0.047341
v -0.151796 0.164080 -0.049999
v -0.150447 0.152933 -0.050771
v -0.106493 0.193783 -0.041089
v -0.106289 0.179541 -0.042109
v -0.105946 0.166428 -0.042482
v -0.105419 0.154344 -0.042843
v -0.105048 0.142981 -0.042923
v -0.096013 0.140877 -0.074082
v -0.094808 0.152624 -0.073361
v -0.093770 0.164983 -0.072392
v -0.092615 0.177937 -0.071194
v -0.090756 0.191944 -0.069987
v -0.093251 0.192507 -0.058691
v -0.144280 0.187883 -0.098437
v -0.138717 0.151165 -0.096385
v -0.140370 0.162815 -0.097369
v -0.147931 0.163021 -0.087178
v -0.152979 0.163249 -0.075291
v -0.146082 0.151567 -0.086692
v -0.150995 0.152036 -0.075395
v -0.157570 0.187497 -0.073792
v -0.158552 0.187998 -0.059858
v -0.152360 0.187382 -0.087057
v -0.154936 0.163402 -0.062301
v -0.152954 0.152251 -0.062977
v -0.137383 0.140201 -0.095313
v -0.149513 0.141195 -0.075420
v -0.144708 0.140563 -0.086234
v -0.095448 0.165536 -0.062018
v -0.096432 0.153223 -0.062971
v -0.097006 0.141244 -0.063663
v -0.149276 0.142522 -0.051246
v -0.151336 0.141701 -0.063312
v -0.144905 0.164965 -0.040566
v -0.143932 0.153760 -0.041090
v -0.143001 0.143411 -0.041474
v -0.134755 0.144116 -0.035097
v -0.135260 0.154537 -0.035019
v -0.146638 0.190221 -0.038621
v -0.137860 0.190900 -0.033714
v -0.136029 0.165774 -0.034766
v -0.124496 0.144334 -0.032631
v -0.125080 0.154839 -0.033025
v -0.125764 0.166338 -0.033136
v -0.127450 0.191723 -0.032077
v -0.153111 0.176167 -0.048963
v -0.145819 0.177102 -0.039714
v -0.136963 0.177834 -0.034387
v -0.126630 0.178621 -0.032798
v -0.094613 0.178437 -0.060616
v -0.142333 0.174918 -0.097959
v -0.150154 0.174806 -0.087120
v -0.155318 0.174937 -0.074699
v -0.156876 0.175325 -0.061331
v -0.163138 0.055138 -0.002915
v -0.167918 0.047616 -0.010972
v -0.168833 0.046999 0.000844
v -0.164396 0.051075 0.004849
v -0.159344 0.056669 0.003088
v -0.159561 0.053795 0.008904
v -0.155285 0.059916 0.003555
v -0.154645 0.056377 0.011727
v -0.149316 0.063501 0.006729
v -0.149370 0.059192 0.014617
v -0.143322 0.065981 0.009899
v -0.143437 0.061277 0.017113
v -0.136564 0.067606 0.011127
v -0.136858 0.062797 0.018734
v -0.128625 0.067574 0.011057
v -0.129568 0.062624 0.018851
v -0.121193 0.064895 0.009553
v -0.122756 0.060132 0.017169
v -0.115382 0.061214 0.006879
v -0.116812 0.056695 0.014411
v -0.110475 0.057263 0.002190
v -0.112018 0.052207 0.010375
v -0.105654 0.052065 -0.004030
v -0.107947 0.046800 0.005751
v -0.102402 0.045080 -0.010485
v -0.104576 0.040573 0.001483
v -0.102236 0.037376 -0.014635
v -0.103932 0.033896 -0.002032
v -0.104657 0.031236 -0.017159
v -0.106243 0.028384 -0.004734
v -0.107843 0.026737 -0.019018
v -0.109374 0.024144 -0.006824
v -0.119415 0.017690 -0.023488
v -0.121830 0.015804 -0.011673
v -0.123895 0.015725 -0.024760
v -0.126497 0.013802 -0.012981
v -0.137967 0.012893 -0.028049
v -0.141007 0.011685 -0.016078
v -0.142602 0.012101 -0.029217
v -0.145836 0.011472 -0.017231
v -0.147159 0.011234 -0.030435
v -0.150582 0.010826 -0.018581
v -0.151703 0.010424 -0.031597
v -0.155267 0.009948 -0.019969
v -0.156348 0.010296 -0.032634
v -0.160047 0.009421 -0.021253
v -0.161079 0.011006 -0.033505
v -0.164986 0.009813 -0.022333
v -0.172734 0.026271 -0.031946
v -0.171907 0.020663 -0.033651
v -0.176401 0.019101 -0.022508
v -0.176949 0.024436 -0.020648
v -0.171637 0.032546 -0.028287
v -0.175475 0.029854 -0.017289
v -0.169332 0.039387 -0.021776
v -0.173476 0.035447 -0.012260
v -0.172031 0.040562 -0.005771
v -0.171330 0.042974 -0.000159
v -0.164135 0.036178 0.041649
v -0.168926 0.034185 0.038674
v -0.170239 0.030423 0.046152
v -0.165560 0.032304 0.049032
v -0.159224 0.038039 0.044340
v -0.160564 0.033757 0.051516
v -0.154243 0.039967 0.046823
v -0.155657 0.035641 0.053931
v -0.148716 0.041102 0.048685
v -0.150145 0.036391 0.055585
v -0.142834 0.042088 0.050180
v -0.144308 0.037343 0.057089
v -0.136634 0.042866 0.051143
v -0.138254 0.038641 0.058362
v -0.130177 0.042637 0.051226
v -0.131866 0.039109 0.058846
v -0.124045 0.040487 0.050261
v -0.125497 0.037741 0.058419
v -0.118759 0.036915 0.048715
v -0.119834 0.034621 0.057362
v -0.114827 0.032090 0.046737
v -0.115458 0.030011 0.055833
v -0.112282 0.026599 0.044507
v -0.112969 0.024352 0.053888
v -0.110809 0.021045 0.042189
v -0.111868 0.018575 0.051801
v -0.111868 0.015878 0.039780
v -0.112562 0.013012 0.049627
v -0.152024 0.003183 0.027353
v -0.136100 0.004091 0.030825
v -0.138584 0.001795 0.041072
v -0.154699 0.001404 0.037336
v -0.157055 0.002829 0.025804
v -0.159718 0.001079 0.035649
v -0.162158 0.002646 0.024078
v -0.164783 0.001130 0.033815
v -0.167456 0.002479 0.022289
v -0.170023 0.001475 0.031968
v -0.173041 0.002254 0.020572
v -0.175528 0.001791 0.030242
v -0.178978 0.002373 0.019069
v -0.181314 0.002320 0.028792
v -0.193785 0.017573 0.020217
v -0.194049 0.011991 0.018156
v -0.195276 0.011415 0.027907
v -0.195105 0.016426 0.029552
v -0.191489 0.022167 0.022916
v -0.193125 0.020767 0.031852
v -0.187884 0.025669 0.025923
v -0.189613 0.024080 0.034508
v -0.183142 0.027742 0.029032
v -0.184913 0.025947 0.037308
v -0.178419 0.029986 0.032276
v -0.180081 0.027634 0.040268
v -0.173871 0.032442 0.035598
v -0.175189 0.029075 0.043243
v -0.166091 0.042946 0.021839
v -0.170422 0.039965 0.018168
v -0.172295 0.036156 0.027200
v -0.167592 0.038517 0.030583
v -0.161167 0.045184 0.025166
v -0.162633 0.040475 0.033662
v -0.156250 0.047345 0.028192
v -0.157728 0.042488 0.036515
v -0.151199 0.049454 0.030933
v -0.152701 0.044456 0.039093
v -0.145599 0.051039 0.033135
v -0.147174 0.045882 0.041148
v -0.139497 0.052207 0.034748
v -0.141214 0.047001 0.042713
v -0.132911 0.052431 0.035345
v -0.134841 0.047465 0.043476
v -0.126351 0.050934 0.034490
v -0.128317 0.046622 0.043129
v -0.120554 0.047834 0.032455
v -0.122385 0.043918 0.041619
v -0.115761 0.043583 0.029754
v -0.117391 0.039963 0.039516
v -0.111920 0.038498 0.026810
v -0.113663 0.034943 0.037042
v -0.108791 0.032965 0.023977
v -0.110765 0.029531 0.034533
v -0.108330 0.027183 0.021093
v -0.109577 0.023949 0.031943
v -0.109731 0.022188 0.018502
v -0.110852 0.018960 0.029398
v -0.112743 0.018336 0.016238
v -0.114032 0.015160 0.027128
v -0.126305 0.010971 0.010946
v -0.128261 0.007578 0.021596
v -0.131622 0.010242 0.009774
v -0.133842 0.007184 0.020481
v -0.146770 0.008451 0.006593
v -0.149487 0.006183 0.017253
v -0.151667 0.007717 0.005242
v -0.154407 0.005289 0.015739
v -0.156569 0.006728 0.003634
v -0.159456 0.004787 0.014075
v -0.161628 0.005830 0.001939
v -0.164672 0.004195 0.012312
v -0.166956 0.005373 0.000324
v -0.170152 0.003545 0.010589
v -0.172515 0.005750 -0.001064
v -0.175972 0.003746 0.009097
v -0.184791 0.020352 0.000989
v -0.184524 0.015504 -0.000986
v -0.189405 0.013650 0.008754
v -0.189627 0.018793 0.010779
v -0.183440 0.025044 0.003693
v -0.187886 0.023441 0.013528
v -0.181018 0.029404 0.006976
v -0.185082 0.027579 0.016662
v -0.178356 0.033705 0.010633
v -0.181409 0.031057 0.020109
v -0.174820 0.037188 0.014494
v -0.176636 0.033288 0.023618
v -0.147217 0.008389 0.114548
v -0.143061 0.008127 0.115801
v -0.143872 0.011894 0.118397
v -0.147817 0.012137 0.117438
v -0.150939 0.012663 0.115109
v -0.150654 0.009263 0.112798
v -0.152584 0.013081 0.111479
v -0.152282 0.010427 0.110875
v -0.152213 0.012881 0.106606
v -0.152590 0.009238 0.107098
v -0.151314 0.013290 0.100799
v -0.152001 0.008578 0.100914
v -0.149728 0.014330 0.094929
v -0.150249 0.009015 0.094310
v -0.146933 0.015143 0.090252
v -0.147512 0.010020 0.089129
v -0.145172 0.016196 0.086084
v -0.145403 0.010965 0.084947
v -0.144690 0.017294 0.082287
v -0.144460 0.011524 0.081222
v -0.145750 0.017850 0.078778
v -0.145729 0.011457 0.078073
v -0.149607 0.017802 0.080265
v -0.150504 0.011007 0.078190
v -0.151326 0.017120 0.084606
v -0.153270 0.012117 0.083335
v -0.152575 0.015892 0.088912
v -0.154583 0.011377 0.087066
v -0.154179 0.014230 0.092961
v -0.155916 0.010027 0.090751
v -0.155387 0.012269 0.097116
v -0.157245 0.008171 0.094793
v -0.156393 0.010456 0.101180
v -0.158269 0.006044 0.099098
v -0.157874 0.009209 0.104797
v -0.159447 0.004579 0.103517
v -0.159655 0.008505 0.107832
v -0.161417 0.004790 0.107224
v -0.162203 0.008349 0.109365
v -0.163519 0.006389 0.108945
v -0.164322 0.008697 0.109454
v -0.164664 0.007491 0.109261
v -0.166264 0.008879 0.109007
v -0.166277 0.007381 0.108791
v -0.168101 0.008753 0.108064
v -0.167842 0.007518 0.108106
v -0.169692 0.008623 0.106477
v -0.168691 0.006409 0.107035
v -0.171345 0.009118 0.103894
v -0.169504 0.004985 0.104409
v -0.171573 0.009966 0.100441
v -0.169588 0.004457 0.100216
v -0.169716 0.011189 0.096911
v -0.167986 0.005967 0.095810
v -0.167197 0.012893 0.093607
v -0.165377 0.008698 0.092447
v -0.165439 0.014870 0.089793
v -0.163682 0.010801 0.088739
v -0.164806 0.016620 0.085462
v -0.162717 0.012073 0.084818
v -0.163810 0.017872 0.081255
v -0.161762 0.012700 0.080988
v -0.166382 0.018608 0.078610
v -0.161793 0.010868 0.075997
v -0.164846 0.018586 0.078014
v -0.165511 0.011166 0.074042
v -0.165157 0.018089 0.078783
v -0.167111 0.013004 0.076676
v -0.167294 0.016740 0.081042
v -0.168314 0.012578 0.078870
v -0.168119 0.014731 0.084128
v -0.168645 0.010600 0.081427
v -0.168193 0.012464 0.087508
v -0.168647 0.007778 0.084350
v -0.169012 0.010361 0.090772
v -0.169574 0.005310 0.088055
v -0.170589 0.008876 0.093581
v -0.171663 0.004293 0.091882
v -0.172713 0.007981 0.095732
v -0.174232 0.004882 0.094762
v -0.175182 0.007522 0.097191
v -0.176278 0.005899 0.096485
v -0.177248 0.007578 0.097431
v -0.177390 0.006690 0.097023
v -0.178635 0.007722 0.096910
v -0.178538 0.006664 0.096457
v -0.179759 0.007709 0.095946
v -0.179511 0.006924 0.095689
v -0.180746 0.007715 0.094370
v -0.179861 0.006413 0.094488
v -0.181637 0.008255 0.092059
v -0.180067 0.005854 0.092144
v -0.182128 0.009347 0.089380
v -0.180120 0.005714 0.088849
v -0.181863 0.010917 0.086409
v -0.179707 0.006638 0.085035
v -0.180669 0.012840 0.083424
v -0.178344 0.008911 0.081885
v -0.178858 0.014796 0.080482
v -0.176900 0.011163 0.079140
v -0.177570 0.016481 0.077031
v -0.175797 0.012689 0.076174
v -0.176217 0.017624 0.073187
v -0.174692 0.013446 0.072922
v -0.175225 0.018072 0.068819
v -0.174236 0.012015 0.068046
v -0.178454 0.017623 0.071058
v -0.177445 0.010976 0.066083
v -0.177724 0.017441 0.069303
v -0.177940 0.012423 0.067920
v -0.178525 0.016162 0.071676
v -0.178691 0.011888 0.069713
v -0.179081 0.014218 0.074507
v -0.178403 0.009789 0.071968
v -0.179584 0.012060 0.077372
v -0.178586 0.007233 0.074812
v -0.180726 0.010129 0.079811
v -0.180319 0.005732 0.077918
v -0.182311 0.008646 0.081707
v -0.182576 0.005565 0.080438
v -0.183933 0.007736 0.083198
v -0.184472 0.006090 0.082147
v -0.185461 0.007512 0.083907
v -0.185735 0.006587 0.083182
v -0.186437 0.007501 0.083976
v -0.186411 0.006871 0.083598
v -0.187397 0.007461 0.083693
v -0.187243 0.006747 0.083219
v -0.188325 0.007489 0.083077
v -0.188124 0.006840 0.082801
v -0.189274 0.007445 0.082142
v -0.188522 0.006419 0.081873
v -0.190332 0.007609 0.080364
v -0.188885 0.005884 0.080075
v -0.191199 0.008513 0.078147
v -0.189169 0.005471 0.077594
v -0.191542 0.009699 0.075874
v -0.189244 0.005672 0.074649
v -0.191636 0.010837 0.073105
v -0.188829 0.006484 0.071382
v -0.191471 0.012123 0.069750
v -0.187819 0.008062 0.068301
v -0.190221 0.013637 0.066628
v -0.186424 0.010308 0.066391
v -0.188544 0.015009 0.063696
v -0.185468 0.011586 0.064013
v -0.197906 0.011532 0.051686
v -0.198653 0.015322 0.052371
v -0.196741 0.015523 0.045661
v -0.195865 0.011870 0.044807
v -0.195576 0.015828 0.038038
v -0.195324 0.011599 0.036798
v -0.180915 0.022399 -0.009653
v -0.180534 0.017335 -0.011574
v -0.167451 0.027417 -0.043308
v -0.166931 0.021830 -0.044863
v -0.162551 0.027865 -0.055201
v -0.162151 0.022353 -0.056301
v -0.158739 0.027588 -0.067537
v -0.157867 0.022150 -0.067867
v -0.155335 0.026781 -0.079610
v -0.154768 0.021145 -0.079430
v -0.151192 0.025875 -0.090609
v -0.150368 0.020190 -0.089732
v -0.145891 0.025234 -0.099859
v -0.144826 0.019535 -0.098188
v -0.138924 0.025030 -0.106530
v -0.138121 0.019353 -0.104328
v -0.131333 0.025107 -0.111156
v -0.130892 0.019368 -0.108594
v -0.123408 0.025448 -0.113422
v -0.123408 0.019765 -0.110836
v -0.116004 0.026324 -0.113053
v -0.116360 0.020714 -0.110712
v -0.109762 0.027404 -0.110089
v -0.110471 0.021843 -0.108394
v -0.098549 0.029584 -0.094651
v -0.099412 0.023940 -0.094623
v -0.096872 0.030288 -0.087096
v -0.097355 0.024488 -0.087477
v -0.097063 0.031236 -0.078011
v -0.097132 0.025409 -0.078536
v -0.098527 0.032390 -0.067547
v -0.098779 0.026680 -0.068076
v -0.100453 0.033475 -0.055875
v -0.101323 0.027923 -0.056509
v -0.101699 0.033912 -0.043220
v -0.103508 0.028518 -0.044170
v -0.103696 0.033445 -0.030176
v -0.106397 0.028594 -0.031650
v -0.136118 0.009278 0.115774
v -0.136057 0.011719 0.116492
v -0.139873 0.011779 0.118237
v -0.138973 0.008416 0.116366
v -0.141386 0.004680 0.111206
v -0.136866 0.005548 0.112311
v -0.133541 0.007896 0.112819
v -0.132215 0.011330 0.112955
v -0.139030 0.002353 0.104996
v -0.133985 0.003485 0.106596
v -0.129917 0.006436 0.107875
v -0.128334 0.011073 0.108081
v -0.136510 0.001558 0.098218
v -0.131123 0.002607 0.100050
v -0.126571 0.005798 0.101756
v -0.125098 0.011212 0.102291
v -0.134267 0.001903 0.091871
v -0.128759 0.002817 0.093560
v -0.124203 0.006143 0.095262
v -0.123248 0.011703 0.096034
v -0.132234 0.002884 0.085822
v -0.126876 0.003901 0.087254
v -0.123086 0.007493 0.088789
v -0.122352 0.012543 0.089728
v -0.130372 0.004760 0.079644
v -0.125508 0.005978 0.080838
v -0.122075 0.009115 0.082188
v -0.120727 0.013540 0.083327
v -0.127970 0.003816 0.072624
v -0.123100 0.006266 0.073773
v -0.119782 0.009855 0.075181
v -0.118421 0.014452 0.076463
v -0.116794 0.010176 0.067530
v -0.115674 0.015383 0.069025
v -0.114709 0.011532 0.037483
v -0.111281 0.021449 0.004932
v -0.108359 0.025451 0.007121
v -0.180944 0.020752 0.072835
v -0.181680 0.018304 0.076100
v -0.181964 0.009488 0.067569
v -0.182286 0.006967 0.069168
v -0.190714 0.018704 0.068874
v -0.190815 0.016787 0.072654
v -0.186491 0.021763 0.071513
v -0.186709 0.019047 0.075018
v -0.168952 0.021433 0.082328
v -0.169931 0.019092 0.086012
v -0.171958 0.010733 0.076770
v -0.172845 0.009296 0.079412
v -0.177437 0.020650 0.078814
v -0.178436 0.018634 0.082823
v -0.173837 0.023197 0.081220
v -0.174754 0.020634 0.085248
v -0.154096 0.021287 0.090057
v -0.159224 0.023920 0.089321
v -0.160619 0.020960 0.093890
v -0.155720 0.019086 0.094622
v -0.158677 0.009867 0.085412
v -0.159891 0.008599 0.089018
v -0.163985 0.021670 0.087197
v -0.164832 0.019159 0.091784
v -0.136958 0.023131 0.093273
v -0.132508 0.022426 0.094285
v -0.128433 0.020143 0.095164
v -0.125099 0.016604 0.095856
v -0.139862 0.002302 0.090369
v -0.144866 0.005005 0.089210
v -0.144610 0.019083 0.091393
v -0.141186 0.021880 0.092275
v -0.138806 0.020498 0.109817
v -0.143200 0.021518 0.108547
v -0.135737 0.019850 0.101598
v -0.139942 0.020577 0.100159
v -0.135795 0.018562 0.110626
v -0.134864 0.018505 0.106723
v -0.132352 0.014841 0.112547
v -0.129122 0.015564 0.107252
v -0.146155 0.004778 0.109870
v -0.144390 0.002267 0.103458
v -0.150486 0.006026 0.108459
v -0.149565 0.003940 0.101894
v -0.151139 0.016357 0.106344
v -0.149564 0.017483 0.100605
v -0.146863 0.020574 0.107236
v -0.144666 0.020226 0.103432
v -0.162683 0.012670 0.106919
v -0.159360 0.013927 0.104843
v -0.163626 0.014945 0.102815
v -0.164617 0.013500 0.105880
v -0.158002 0.015428 0.102378
v -0.162919 0.016786 0.100970
v -0.165477 0.003156 0.105749
v -0.164282 0.002012 0.101554
v -0.162738 0.002632 0.096549
v -0.167050 0.013183 0.105432
v -0.168055 0.013907 0.101691
v -0.167534 0.015532 0.099104
v -0.106149 0.083239 -0.027185
v -0.105400 0.090839 -0.029808
v -0.114600 0.087905 -0.019123
v -0.114355 0.094714 -0.022767
v -0.106330 0.075388 -0.023526
v -0.114633 0.080886 -0.014382
v -0.105445 0.067132 -0.018541
v -0.110212 0.063564 -0.003820
v -0.104428 0.058807 -0.012571
v -0.114582 0.064934 0.001733
v -0.113895 0.047702 0.019819
v -0.109939 0.042463 0.016231
v -0.118630 0.052154 0.023165
v -0.121376 0.032419 0.065248
v -0.116835 0.028033 0.064115
v -0.127233 0.035014 0.065877
v -0.123821 0.029668 0.072054
v -0.119383 0.025843 0.071368
v -0.129333 0.031905 0.072442
v -0.126052 0.027926 0.078666
v -0.122021 0.024099 0.078108
v -0.131440 0.029739 0.078712
v -0.128353 0.026252 0.084709
v -0.124302 0.022802 0.084506
v -0.133517 0.027598 0.084351
v -0.130690 0.024008 0.089768
v -0.126565 0.021340 0.090103
v -0.135341 0.024857 0.089062
v -0.134147 0.021134 0.098219
v -0.130406 0.018967 0.099903
v -0.138516 0.021902 0.096938
v -0.140904 0.020193 0.114409
v -0.137964 0.018428 0.114147
v -0.145074 0.021183 0.113307
v -0.143527 0.017629 0.118773
v -0.140523 0.016605 0.118459
v -0.147203 0.018220 0.117843
v -0.143978 0.015172 0.119120
v -0.140201 0.014662 0.118739
v -0.147688 0.015591 0.118264
v -0.142073 0.001771 0.096545
v -0.137821 0.003285 0.084756
v -0.135754 0.004953 0.079075
v -0.134145 0.002844 0.072183
v -0.143144 0.024406 0.077362
v -0.149973 0.024374 0.077880
v -0.144512 0.000659 0.061583
v -0.138259 0.000557 0.062799
v -0.141492 0.029672 0.071242
v -0.147718 0.028041 0.069993
v -0.139880 0.034383 0.065091
v -0.145867 0.032646 0.063602
v -0.137919 0.057550 0.026626
v -0.131047 0.057549 0.027000
v -0.137785 0.072469 0.003611
v -0.128121 0.072900 0.003402
v -0.127975 0.078209 -0.004689
v -0.127644 0.084029 -0.012124
v -0.127011 0.090071 -0.017913
v -0.126235 0.096394 -0.022081
v -0.116556 0.020828 0.070335
v -0.119392 0.019431 0.077372
v -0.189878 0.019975 0.064571
v -0.190197 0.014739 0.075607
v -0.189358 0.012769 0.077639
v -0.188609 0.011271 0.081136
v -0.188926 0.010187 0.082232
v -0.188767 0.009331 0.083335
v -0.188275 0.008027 0.083383
v -0.187433 0.008132 0.083810
v -0.186661 0.008042 0.084121
v -0.186470 0.009302 0.084262
v -0.185817 0.010160 0.083619
v -0.185511 0.011369 0.082621
v -0.183250 0.013399 0.080383
v -0.182491 0.015649 0.078538
v -0.180255 0.022540 0.069277
v -0.179544 0.023525 0.065451
v -0.174920 0.022959 0.067706
v -0.176292 0.022176 0.074096
v -0.179528 0.016651 0.086156
v -0.180079 0.014613 0.088726
v -0.180372 0.012840 0.090826
v -0.179409 0.011612 0.093999
v -0.179775 0.010559 0.095310
v -0.179507 0.009436 0.096523
v -0.178581 0.009740 0.097285
v -0.177344 0.009845 0.097663
v -0.176233 0.010837 0.096737
v -0.175594 0.012028 0.095403
v -0.172730 0.013140 0.093746
v -0.171630 0.014760 0.091966
v -0.170644 0.016852 0.089411
v -0.167568 0.023618 0.078515
v -0.166021 0.025437 0.074070
v -0.161998 0.025728 0.076216
v -0.163078 0.023822 0.082185
v -0.166168 0.017072 0.095833
v -0.169205 0.010838 0.106412
v -0.167629 0.011412 0.108365
v -0.166029 0.011394 0.109137
v -0.164559 0.010768 0.109103
v -0.163438 0.011481 0.108306
v -0.156797 0.017182 0.098958
v -0.152353 0.023081 0.084885
v -0.142662 0.022491 0.082733
v -0.143121 0.020528 0.087140
v -0.147082 0.018340 0.095665
v -0.152031 0.016356 0.111808
v -0.150786 0.015931 0.115975
v -0.136279 0.014595 0.116704
v -0.126885 0.016040 0.101523
v -0.123617 0.017346 0.090119
v -0.121696 0.018347 0.084031
v -0.153361 0.003900 0.069601
v -0.160605 0.001204 0.056912
v -0.112050 0.011859 -0.092398
v -0.108545 0.012374 -0.090256
v -0.167933 0.005214 0.063533
v -0.165332 0.001477 0.054865
v -0.180522 0.006621 0.055996
v -0.169973 0.001749 0.052746
v -0.184618 0.024227 0.061624
v -0.178245 0.024878 0.057730
v -0.182992 0.024640 0.054938
v -0.173543 0.025737 0.060569
v -0.171195 0.026537 0.070526
v -0.169202 0.027515 0.063455
v -0.164272 0.028120 0.065987
v -0.159273 0.029162 0.068329
v -0.155769 0.028096 0.077489
v -0.153763 0.029313 0.069694
v -0.137213 0.028518 0.078156
v -0.135462 0.031769 0.072224
v -0.149763 0.018135 0.115992
v -0.192121 0.022836 0.049970
v -0.191104 0.023460 0.042432
v -0.194503 0.020145 0.039994
v -0.195975 0.019895 0.047521
v -0.179547 0.027377 -0.006737
v -0.177194 0.032071 -0.002866
v -0.166689 0.034309 -0.039939
v -0.164755 0.042804 -0.033556
v -0.160015 0.044544 -0.047670
v -0.161660 0.034951 -0.052610
v -0.155546 0.043441 -0.063025
v -0.157695 0.034565 -0.065988
v -0.154145 0.033731 -0.078766
v -0.151883 0.041986 -0.076993
v -0.150057 0.033046 -0.090072
v -0.147814 0.041239 -0.088499
v -0.145160 0.032787 -0.099633
v -0.143096 0.041216 -0.097885
v -0.138676 0.032766 -0.106849
v -0.137151 0.041456 -0.105139
v -0.131265 0.032945 -0.111882
v -0.130520 0.041917 -0.110604
v -0.123331 0.033286 -0.114222
v -0.123203 0.042412 -0.113754
v -0.115842 0.033953 -0.113767
v -0.115832 0.042828 -0.113361
v -0.109471 0.034627 -0.110749
v -0.109607 0.043165 -0.110336
v -0.098742 0.036364 -0.094148
v -0.099661 0.044067 -0.093308
v -0.097574 0.036996 -0.086435
v -0.098845 0.044507 -0.085649
v -0.097738 0.037832 -0.077430
v -0.098866 0.045263 -0.076900
v -0.098848 0.038899 -0.067112
v -0.099587 0.046352 -0.066911
v -0.100123 0.040014 -0.055476
v -0.099912 0.047719 -0.055552
v -0.100548 0.040701 -0.042432
v -0.100065 0.049159 -0.042362
v -0.101105 0.050791 -0.025183
v -0.101604 0.040189 -0.028342
v -0.106849 0.036618 0.012873
v -0.106532 0.030548 0.009744
v -0.113218 0.016681 0.060817
v -0.113962 0.022554 0.062616
v -0.114137 0.011046 0.058966
v -0.100247 0.079001 -0.036995
v -0.098560 0.086969 -0.038594
v -0.100926 0.070714 -0.034446
v -0.100647 0.061762 -0.030769
v -0.145890 0.011594 -0.076483
v -0.142582 0.011722 -0.084630
v -0.105721 0.013068 -0.069951
v -0.104046 0.012872 -0.079374
v -0.108725 0.014393 -0.058864
v -0.149465 0.011776 -0.066705
v -0.138624 0.026107 0.083486
v -0.141186 0.006645 0.079626
v -0.147952 0.020687 0.111404
v -0.183112 0.003013 0.038042
v -0.130228 0.004110 0.031913
v -0.124216 0.013846 -0.000147
v -0.168811 0.007977 -0.011498
v -0.153123 0.012129 -0.055949
v -0.157050 0.011888 -0.044768
v -0.116621 0.018503 -0.035584
v -0.112685 0.016629 -0.047357
v -0.103498 0.013541 -0.085140
v -0.105630 0.012942 -0.087642
v -0.116217 0.011375 -0.093824
v -0.121059 0.011023 -0.094385
v -0.126385 0.010896 -0.094065
v -0.131802 0.011166 -0.092962
v -0.136744 0.011710 -0.091345
v -0.140175 0.012178 -0.089793
v -0.147230 0.004122 0.095000
v -0.142826 0.005995 0.084356
v -0.139760 0.023645 0.088125
v -0.133643 0.035684 0.065940
v -0.143036 0.020763 0.096200
v -0.124409 0.055536 0.025683
v -0.119230 0.069219 0.002209
v -0.114358 0.072727 -0.007243
v -0.151186 0.071179 -0.074479
v -0.151970 0.080882 -0.075212
v -0.144689 0.068705 -0.084770
v -0.143968 0.077945 -0.084685
v -0.149806 0.061496 -0.074251
v -0.145316 0.059541 -0.085578
v -0.150343 0.051557 -0.075221
v -0.146096 0.050254 -0.086826
v -0.141648 0.010029 -0.076151
v -0.136957 0.009108 -0.076232
v -0.132033 0.008619 -0.076374
v -0.127099 0.008437 -0.076255
v -0.122361 0.008540 -0.075646
v -0.109847 0.010982 -0.071374
v -0.099530 0.054528 -0.066982
v -0.099412 0.053249 -0.076482
v -0.098769 0.062765 -0.067443
v -0.099553 0.061044 -0.076371
v -0.098101 0.070922 -0.068406
v -0.099908 0.068336 -0.077225
v -0.097944 0.079591 -0.069424
v -0.096366 0.073001 -0.058447
v -0.095179 0.081506 -0.059408
v -0.097630 0.064631 -0.057302
v -0.099009 0.056157 -0.056249
v -0.112991 0.011977 -0.060246
v -0.126083 0.008848 -0.064494
v -0.130788 0.008523 -0.065367
v -0.135614 0.008641 -0.065846
v -0.140414 0.009170 -0.066082
v -0.145078 0.010126 -0.066308
v -0.153795 0.054303 -0.060078
v -0.153552 0.065219 -0.059960
v -0.154034 0.075098 -0.060824
v -0.153393 0.084663 -0.061859
v -0.172403 0.001124 0.041386
v -0.177666 0.001829 0.039548
v -0.167375 0.000614 0.043379
v -0.162457 0.000443 0.045356
v -0.157524 0.000547 0.047181
v -0.141379 0.000547 0.051308
v -0.129219 0.012515 -0.001414
v -0.143893 0.010030 -0.004559
v -0.148766 0.009633 -0.005763
v -0.158517 0.008032 -0.008775
v -0.163579 0.007522 -0.010257
v -0.153639 0.008972 -0.007209
v -0.134222 0.011679 -0.040237
v -0.138802 0.010836 -0.041376
v -0.143379 0.010453 -0.042448
v -0.139469 0.009380 -0.054380
v -0.144131 0.009700 -0.054982
v -0.134785 0.009456 -0.053556
v -0.147941 0.010338 -0.043358
v -0.152522 0.010691 -0.044127
v -0.120791 0.016082 -0.036801
v -0.130136 0.009986 -0.052476
v -0.116821 0.013962 -0.048577
v -0.148715 0.010574 -0.055476
v -0.186977 0.006049 0.082355
v -0.186440 0.005295 0.080827
v -0.184565 0.003880 0.075473
v -0.183256 0.004546 0.071901
v -0.181657 0.010442 0.065585
v -0.185630 0.004332 0.078567
v -0.178165 0.005608 0.095337
v -0.177345 0.004419 0.093114
v -0.174864 0.004012 0.085474
v -0.173734 0.006511 0.081984
v -0.171050 0.011318 0.074178
v -0.176176 0.003524 0.089673
v -0.166120 0.005499 0.108061
v -0.161266 0.006356 0.092789
v -0.157448 0.010568 0.081794
v -0.147260 0.085127 -0.033277
v -0.145168 0.092582 -0.036703
v -0.149899 0.077448 -0.028409
v -0.153809 0.069883 -0.020826
v -0.157824 0.062450 -0.008925
v -0.160100 0.049815 0.016700
v -0.155076 0.052095 0.019785
v -0.162299 0.030493 0.058664
v -0.167336 0.029540 0.056274
v -0.185826 0.023549 0.066985
v -0.187618 0.009366 0.084032
v -0.187346 0.010447 0.083063
v -0.187053 0.011710 0.081776
v -0.186656 0.014058 0.079000
v -0.186489 0.015924 0.077053
v -0.172684 0.025290 0.076353
v -0.178018 0.011293 0.096117
v -0.177215 0.013310 0.093537
v -0.176700 0.014216 0.092103
v -0.176135 0.015869 0.090495
v -0.175553 0.018241 0.088493
v -0.157604 0.026380 0.083924
v -0.165307 0.012494 0.107686
v -0.161856 0.018493 0.097875
v -0.171926 0.027899 0.053450
v -0.176610 0.026498 0.050523
v -0.186334 0.024813 0.044990
v -0.187135 0.023054 0.052121
v -0.181478 0.025735 0.047720
v -0.157298 0.031923 0.060947
v -0.151787 0.032109 0.062338
v -0.175001 0.036591 0.001601
v -0.172893 0.040613 0.005890
v -0.169143 0.043849 0.009366
v -0.164895 0.047164 0.013089
v -0.149949 0.054450 0.022645
v -0.144197 0.056169 0.024933
v -0.099233 0.058297 -0.044097
v -0.099588 0.052468 -0.084776
v -0.100242 0.052254 -0.092160
v -0.109549 0.052289 -0.109669
v -0.115873 0.052147 -0.112555
v -0.123228 0.051850 -0.112753
v -0.130254 0.051251 -0.109236
v -0.135836 0.050440 -0.103027
v -0.140996 0.049985 -0.095659
v -0.162984 0.053270 -0.023566
v -0.158655 0.059097 -0.039543
v -0.148522 0.068235 -0.001003
v -0.143481 0.069610 0.004378
v -0.142683 0.075742 -0.007405
v -0.098316 0.067127 -0.046122
v -0.096935 0.075542 -0.047723
v -0.100048 0.059952 -0.083803
v -0.100485 0.065505 -0.082898
v -0.100952 0.060178 -0.090349
v -0.101479 0.067717 -0.087260
v -0.109870 0.061376 -0.107824
v -0.109963 0.070471 -0.106020
v -0.116154 0.061324 -0.110541
v -0.116509 0.070355 -0.108490
v -0.123341 0.060988 -0.110613
v -0.123671 0.069679 -0.107869
v -0.129939 0.060117 -0.106928
v -0.129662 0.068201 -0.103890
v -0.135014 0.059134 -0.100910
v -0.134233 0.066926 -0.098669
v -0.139912 0.058835 -0.093914
v -0.138861 0.067212 -0.092441
v -0.153538 0.070637 -0.043603
v -0.151358 0.080000 -0.046449
v -0.140621 0.082447 -0.017206
v -0.138918 0.089003 -0.023038
v -0.094917 0.083713 -0.048860
v -0.101209 0.076509 -0.080731
v -0.110005 0.079646 -0.104261
v -0.116958 0.079319 -0.106205
v -0.124217 0.078114 -0.104365
v -0.130070 0.075614 -0.099938
v -0.133679 0.072660 -0.096897
v -0.137111 0.075163 -0.091818
v -0.149848 0.088707 -0.048647
v -0.137390 0.095608 -0.027043
v -0.115095 0.007843 0.047388
v -0.132483 0.001333 0.042154
v -0.187225 0.015946 0.059989
v -0.184846 0.011438 0.059613
v -0.189410 0.015622 0.059877
v -0.186925 0.010729 0.058579
v -0.121158 0.012593 0.012425
v -0.119944 0.005691 0.065942
v -0.116852 0.005762 0.057072
v -0.116639 0.015257 0.014239
v -0.135170 0.000070 0.052468
v -0.187858 0.020412 0.058884
v -0.192091 0.020684 0.057427
v -0.174601 0.002314 0.050517
v -0.179435 0.003179 0.048380
v -0.107598 0.011376 -0.080849
v -0.119124 0.009480 -0.085443
v -0.123865 0.009307 -0.085899
v -0.128921 0.009357 -0.085750
v -0.133989 0.009800 -0.085186
v -0.138682 0.010577 -0.084586
v -0.147727 0.004086 0.071174
v -0.141800 0.004297 0.073281
v -0.163534 0.004864 0.066078
v -0.158852 0.004309 0.068128
v -0.172355 0.005527 0.061341
v -0.176370 0.005804 0.058854
v -0.184981 0.007758 0.054069
v -0.155712 0.009043 0.076644
v -0.169687 0.010117 0.069992
v -0.181167 0.009869 0.061914
v -0.195369 0.008168 0.052105
v -0.184432 0.004705 0.046647
v -0.192877 0.007673 0.036510
v -0.188452 0.004810 0.037008
v -0.099806 0.021469 -0.068547
v -0.102132 0.016751 -0.069069
v -0.130406 0.015753 -0.104591
v -0.130616 0.013103 -0.099533
v -0.100945 0.019284 -0.093826
v -0.103052 0.015415 -0.091765
v -0.105964 0.024040 -0.045204
v -0.108986 0.020048 -0.046244
v -0.118130 0.012046 0.025069
v -0.122892 0.009302 0.023157
v -0.185024 0.003857 0.017977
v -0.190665 0.006801 0.017473
v -0.165623 0.012892 -0.034106
v -0.169520 0.016060 -0.034285
v -0.187107 0.003893 0.027769
v -0.192393 0.006651 0.027342
v -0.109355 0.024682 -0.033006
v -0.112730 0.021315 -0.034306
v -0.169787 0.011473 -0.023062
v -0.173910 0.014545 -0.023252
v -0.123631 0.016104 -0.106589
v -0.124566 0.013222 -0.101168
v -0.178108 0.012808 -0.012463
v -0.173868 0.009671 -0.012315
v -0.098833 0.019609 -0.087349
v -0.101094 0.015707 -0.086524
v -0.156149 0.017817 -0.067733
v -0.153384 0.014219 -0.067292
v -0.148327 0.016172 -0.088006
v -0.145622 0.013537 -0.086010
v -0.177882 0.007591 -0.001948
v -0.182230 0.010944 -0.002031
v -0.181779 0.005403 0.008057
v -0.186886 0.008612 0.007696
v -0.164835 0.017304 -0.045386
v -0.161311 0.014025 -0.045242
v -0.102697 0.022877 -0.057153
v -0.105122 0.018215 -0.057866
v -0.122044 0.002047 0.055206
v -0.128525 0.000319 0.053674
v -0.117227 0.016726 -0.106893
v -0.118756 0.013552 -0.101580
v -0.098284 0.020265 -0.078848
v -0.100602 0.015844 -0.078956
v -0.143024 0.015863 -0.095489
v -0.141282 0.013501 -0.092410
v -0.119962 0.004034 0.045266
v -0.126084 0.001919 0.043504
v -0.119088 0.008126 0.035359
v -0.124404 0.005556 0.033449
v -0.111339 0.023184 -0.020625
v -0.115178 0.020171 -0.022106
v -0.152910 0.016716 -0.078621
v -0.149664 0.013732 -0.077414
v -0.160192 0.017991 -0.056542
v -0.157088 0.014581 -0.056362
v -0.115011 0.018293 0.003029
v -0.119386 0.015752 0.001333
v -0.113198 0.020956 -0.008602
v -0.117428 0.018346 -0.010199
v -0.111649 0.017455 -0.105523
v -0.113590 0.013974 -0.100731
v -0.137000 0.015723 -0.100921
v -0.136326 0.013359 -0.096635
v -0.189402 0.006606 0.045563
v -0.193305 0.009084 0.044870
v -0.131462 0.001137 0.063446
v -0.125072 0.002609 0.064470
v -0.117271 0.010431 -0.061758
v -0.121594 0.009477 -0.063238
v -0.101652 0.052312 -0.098972
v -0.104637 0.052367 -0.105029
v -0.125605 0.010939 -0.051229
v -0.121174 0.012178 -0.049900
v -0.097142 0.191318 -0.093664
v -0.091985 0.191807 -0.081996
v -0.103398 0.078428 -0.090658
v -0.105109 0.079342 -0.098684
v -0.102122 0.060846 -0.096993
v -0.104886 0.061275 -0.103246
v -0.100838 0.108645 -0.086045
v -0.104236 0.108611 -0.094463
v -0.098571 0.177353 -0.093086
v -0.093680 0.177665 -0.082455
v -0.152449 0.000855 0.048745
v -0.147104 0.000926 0.050087
v -0.104527 0.035213 -0.106308
v -0.101040 0.035798 -0.100735
v -0.150256 0.000824 0.060160
v -0.155628 0.001009 0.058663
v -0.102766 0.069328 -0.094090
v -0.104938 0.070204 -0.101057
v -0.102270 0.098565 -0.087072
v -0.104987 0.098683 -0.095489
v -0.128547 0.014450 -0.025907
v -0.133261 0.013625 -0.026973
v -0.098465 0.129530 -0.084575
v -0.102292 0.129616 -0.093338
v -0.104743 0.043479 -0.105815
v -0.101475 0.043790 -0.100035
v -0.146975 0.003941 0.028717
v -0.141694 0.004403 0.029867
v -0.129690 0.012950 -0.039123
v -0.125173 0.014255 -0.037972
v -0.099649 0.164532 -0.092642
v -0.095044 0.164694 -0.082890
v -0.131335 0.012638 -0.014101
v -0.136182 0.012025 -0.015090
v -0.103253 0.118914 -0.093826
v -0.099552 0.118806 -0.085352
v -0.100659 0.152377 -0.092646
v -0.096200 0.152448 -0.083520
v -0.104781 0.028172 -0.106071
v -0.101140 0.028903 -0.100919
v -0.144270 0.002311 0.040024
v -0.149602 0.001915 0.038782
v -0.136834 0.009812 0.008750
v -0.141853 0.009126 0.007712
v -0.101382 0.140730 -0.092934
v -0.097369 0.140804 -0.084013
v -0.117969 0.009012 -0.074512
v -0.113872 0.009783 -0.073003
v -0.134158 0.011352 -0.002535
v -0.139041 0.010534 -0.003541
v -0.139276 0.007246 0.019541
v -0.144490 0.006950 0.018510
v -0.105704 0.022615 -0.104951
v -0.102222 0.023373 -0.100307
v -0.103261 0.088462 -0.088368
v -0.105245 0.088877 -0.096772
v -0.114867 0.009885 -0.084334
v -0.111076 0.010456 -0.082704
v -0.107139 0.018149 -0.102756
v -0.103742 0.018859 -0.098802
v -0.109327 0.014569 -0.098676
v -0.105872 0.015071 -0.095665
v -0.142305 0.019260 0.117304
v -0.137793 0.017304 0.116379
v -0.146663 0.020545 0.116362
v -0.133652 0.017488 0.111629
v -0.132385 0.018375 0.105324
v -0.150129 0.019414 0.112791
v -0.148921 0.018688 0.106510
v -0.145333 0.019779 0.100834
v -0.137150 0.019887 0.105093
v -0.141278 0.020756 0.103744
v -0.177338 0.008827 0.097386
v -0.175264 0.009557 0.097067
v -0.186162 0.008485 0.084219
v -0.184623 0.009307 0.083662
v -0.187551 0.008649 0.083995
v -0.174015 0.011564 0.095030
v -0.184004 0.011458 0.082112
v -0.177507 0.012561 0.094576
v -0.164212 0.014208 0.104527
v -0.168383 0.012709 0.104079
v -0.186883 0.012718 0.080612
v -0.189598 0.011306 0.079674
v -0.190043 0.009313 0.081286
v -0.167667 0.012261 0.106922
v -0.167723 0.010086 0.108024
v -0.189181 0.008479 0.083153
v -0.166091 0.010206 0.108910
v -0.180339 0.011134 0.092718
v -0.180678 0.009257 0.094692
v -0.164380 0.010066 0.109145
v -0.179643 0.008696 0.096291
v -0.162417 0.010359 0.108868
v -0.178586 0.008754 0.097002
v -0.160815 0.012512 0.106832
v -0.189544 0.014691 0.060824
v -0.187678 0.009717 0.059276
v -0.189248 0.013509 0.062452
v -0.187736 0.008783 0.060109
v -0.188648 0.012374 0.064609
v -0.187530 0.007581 0.061517
v -0.188643 0.010833 0.066998
v -0.187876 0.005418 0.063981
v -0.189289 0.009322 0.069043
v -0.188503 0.003784 0.066978
v -0.190119 0.008013 0.070576
v -0.190271 0.003521 0.069529
v -0.191531 0.006873 0.071805
v -0.192065 0.004070 0.071231
v -0.193208 0.006567 0.072485
v -0.193406 0.004999 0.072161
v -0.194251 0.006511 0.072666
v -0.194236 0.005715 0.072534
v -0.195203 0.006385 0.072591
v -0.195158 0.005516 0.072323
v -0.196186 0.006364 0.072120
v -0.196079 0.005678 0.071957
v -0.196950 0.006484 0.071221
v -0.196551 0.005314 0.071141
v -0.197449 0.006777 0.069925
v -0.197049 0.004916 0.069810
v -0.197725 0.007298 0.068488
v -0.197498 0.004663 0.068101
v -0.197678 0.008153 0.066918
v -0.197827 0.004921 0.066066
v -0.197694 0.009210 0.065187
v -0.197924 0.005675 0.063728
v -0.198137 0.010297 0.063111
v -0.197560 0.006467 0.061120
v -0.198790 0.011174 0.060542
v -0.197085 0.006918 0.058838
v -0.199035 0.011426 0.056999
v -0.196298 0.007107 0.056398
v -0.192851 0.016161 0.063202
v -0.193010 0.014476 0.065595
v -0.191498 0.004583 0.057898
v -0.192107 0.003705 0.059447
v -0.198285 0.013682 0.061556
v -0.197476 0.012204 0.063914
v -0.196430 0.015601 0.062520
v -0.196033 0.013595 0.064699
v -0.199045 0.014843 0.057873
v -0.197030 0.010833 0.065612
v -0.197180 0.009758 0.067213
v -0.196869 0.009225 0.070164
v -0.196644 0.008314 0.070919
v -0.196177 0.007709 0.071689
v -0.196025 0.006821 0.072238
v -0.195197 0.006923 0.072559
v -0.194459 0.006967 0.072619
v -0.194406 0.007821 0.072245
v -0.194044 0.008731 0.071846
v -0.194058 0.010014 0.071171
v -0.192873 0.011717 0.069411
v -0.192938 0.013012 0.067660
v -0.192707 0.018287 0.060740
v -0.196934 0.019348 0.054314
v -0.195048 0.004368 0.071563
v -0.194850 0.003174 0.070319
v -0.194047 0.001674 0.065628
v -0.193090 0.001902 0.062093
v -0.190718 0.005131 0.056852
v -0.194507 0.002209 0.068394
v -0.196935 0.017676 0.059271
v -0.195241 0.007784 0.072143
v -0.195394 0.008783 0.071513
v -0.195640 0.010064 0.070673
v -0.195810 0.011297 0.068031
v -0.195814 0.012200 0.066304
v -0.189505 0.005986 0.054112
v -0.194045 0.007368 0.072462
v -0.192737 0.008351 0.071945
v -0.195217 0.007333 0.072413
v -0.192798 0.010382 0.070758
v -0.195770 0.010569 0.069629
v -0.197334 0.008804 0.069009
v -0.197196 0.007619 0.070305
v -0.196518 0.007180 0.071701
v -0.030739 1.544231 0.087288
v -0.029719 1.540125 0.082670
v -0.029724 1.536306 0.080547
v -0.030408 1.543130 0.100231
v -0.028556 1.544970 0.095944
v -0.027698 1.544808 0.091498
v -0.027426 1.543454 0.087813
v -0.027474 1.541569 0.084987
v -0.027698 1.539616 0.083050
v -0.027967 1.537933 0.081839
v -0.028221 1.536652 0.081129
v -0.028425 1.536043 0.080840
v -0.028576 1.536293 0.080915
v -0.026612 1.541382 0.100395
v -0.024970 1.542979 0.096278
v -0.024383 1.542893 0.091912
v -0.024567 1.541778 0.088176
v -0.025201 1.540192 0.085288
v -0.026003 1.538548 0.083300
v -0.026740 1.537144 0.082052
v -0.027307 1.536075 0.081316
v -0.027523 1.535518 0.081051
v -0.027230 1.535596 0.081261
v -0.023739 1.538782 0.100057
v -0.022229 1.540127 0.096363
v -0.021775 1.540187 0.092149
v -0.022324 1.539414 0.088380
v -0.023460 1.538267 0.085443
v -0.024742 1.537078 0.083419
v -0.025854 1.536062 0.082153
v -0.026700 1.535260 0.081392
v -0.027038 1.534746 0.081099
v -0.026573 1.534664 0.081348
v -0.022025 1.535686 0.099573
v -0.020502 1.536705 0.096298
v -0.020042 1.536858 0.092255
v -0.020805 1.536532 0.088464
v -0.022311 1.535967 0.085475
v -0.023949 1.535356 0.083422
v -0.025327 1.534819 0.082152
v -0.026382 1.534388 0.081382
v -0.026914 1.534135 0.081045
v -0.026679 1.534156 0.081185
v -0.021433 1.532546 0.099295
v -0.019858 1.532938 0.096228
v -0.019315 1.533133 0.092267
v -0.020115 1.533306 0.088464
v -0.021803 1.533430 0.085409
v -0.023636 1.533492 0.083328
v -0.025147 1.533499 0.082066
v -0.026259 1.533487 0.081329
v -0.026770 1.533552 0.081055
v -0.026340 1.533772 0.081339
v -0.032961 1.531966 0.079632
v -0.021921 1.529567 0.099304
v -0.020393 1.529120 0.096175
v -0.019702 1.529296 0.092191
v -0.020369 1.529945 0.088341
v -0.022014 1.530793 0.085231
v -0.023833 1.531578 0.083141
v -0.025326 1.532154 0.081901
v -0.026382 1.532527 0.081213
v -0.026793 1.532686 0.081000
v -0.026339 1.532629 0.081295
v -0.032633 1.533498 0.079752
v -0.023455 1.526875 0.099616
v -0.022021 1.525635 0.096150
v -0.021213 1.525666 0.092003
v -0.021621 1.526692 0.088047
v -0.023001 1.528234 0.084911
v -0.024579 1.529725 0.082849
v -0.025888 1.530861 0.081655
v -0.026832 1.531604 0.081011
v -0.027258 1.531799 0.080795
v -0.027021 1.531258 0.081001
v -0.031555 1.535441 0.080125
v -0.025963 1.524367 0.100020
v -0.024656 1.522600 0.096052
v -0.023826 1.522540 0.091624
v -0.023917 1.523879 0.087564
v -0.024793 1.526006 0.084445
v -0.025896 1.528100 0.082452
v -0.026848 1.529726 0.081333
v -0.027583 1.530854 0.080744
v -0.028019 1.531259 0.080513
v -0.027992 1.530577 0.080636
v -0.030437 1.536478 0.080498
v -0.029435 1.522464 0.100124
v -0.028293 1.520402 0.095703
v -0.027418 1.520304 0.091005
v -0.027098 1.521898 0.086912
v -0.027299 1.524434 0.083864
v -0.027732 1.526936 0.081976
v -0.028164 1.528905 0.080964
v -0.028516 1.530334 0.080466
v -0.028680 1.531024 0.080289
v -0.028563 1.530707 0.080383
v -0.031899 1.530836 0.079815
v -0.033552 1.521671 0.099636
v -0.032611 1.519488 0.095013
v -0.031621 1.519358 0.090213
v -0.030801 1.521062 0.086142
v -0.030228 1.523787 0.083223
v -0.029886 1.526437 0.081475
v -0.029698 1.528533 0.080591
v -0.029565 1.530030 0.080209
v -0.029349 1.530708 0.080148
v -0.028953 1.530179 0.080368
v -0.031171 1.532544 0.079954
v -0.037689 1.522088 0.098600
v -0.036983 1.520014 0.094078
v -0.035909 1.519873 0.089341
v -0.034563 1.521544 0.085354
v -0.033182 1.524166 0.082602
v -0.032058 1.526673 0.081013
v -0.031241 1.528660 0.080259
v -0.030670 1.530037 0.079971
v -0.030322 1.530575 0.079944
v -0.030187 1.530046 0.080101
v -0.029928 1.534897 0.080423
v -0.041122 1.523577 0.097215
v -0.040834 1.521877 0.093059
v -0.039781 1.521761 0.088526
v -0.037925 1.523252 0.084684
v -0.035806 1.525480 0.082092
v -0.033984 1.527585 0.080648
v -0.032606 1.529250 0.080002
v -0.031656 1.530420 0.079777
v -0.031274 1.530949 0.079743
v -0.031628 1.530708 0.079779
v -0.028968 1.536323 0.080892
v -0.043510 1.525865 0.095835
v -0.043654 1.524799 0.092133
v -0.042757 1.524824 0.087937
v -0.040529 1.525948 0.084270
v -0.037867 1.527540 0.081784
v -0.035508 1.529037 0.080424
v -0.033684 1.530228 0.079836
v -0.032382 1.531111 0.079650
v -0.031814 1.531633 0.079623
v -0.032311 1.531652 0.079620
v -0.029810 1.529784 0.080301
v -0.044897 1.528695 0.094838
v -0.045288 1.528420 0.091543
v -0.044491 1.528650 0.087662
v -0.042141 1.529315 0.084148
v -0.039202 1.530156 0.081711
v -0.036530 1.530925 0.080361
v -0.034411 1.531533 0.079773
v -0.032838 1.531989 0.079596
v -0.032008 1.532237 0.079583
v -0.032193 1.532182 0.079585
v -0.028750 1.531320 0.080532
v -0.045468 1.531871 0.094475
v -0.045863 1.532416 0.091459
v -0.045007 1.532800 0.087716
v -0.042645 1.533009 0.084280
v -0.039677 1.533098 0.081851
v -0.036933 1.533113 0.080464
v -0.034714 1.533087 0.079828
v -0.033065 1.533037 0.079618
v -0.032229 1.532900 0.079591
v -0.032564 1.532596 0.079596
v -0.027557 1.533742 0.081016
v -0.045348 1.535201 0.094823
v -0.045369 1.536515 0.091880
v -0.044277 1.536947 0.088093
v -0.041968 1.536685 0.084653
v -0.039191 1.536075 0.082196
v -0.036612 1.535382 0.080735
v -0.034502 1.534745 0.080014
v -0.032951 1.534231 0.079739
v -0.032223 1.533914 0.079682
v -0.032513 1.533803 0.079703
v -0.026995 1.535375 0.081411
v -0.044325 1.538417 0.095745
v -0.043679 1.540322 0.092643
v -0.042295 1.540660 0.088703
v -0.040179 1.539948 0.085229
v -0.037778 1.538740 0.082710
v -0.035564 1.537445 0.081148
v -0.033748 1.536280 0.080319
v -0.032398 1.535369 0.079959
v -0.031708 1.534951 0.079879
v -0.031770 1.535192 0.079962
v -0.028247 1.529662 0.080728
v -0.042192 1.541209 0.097026
v -0.040776 1.543409 0.093556
v -0.039267 1.543529 0.089443
v -0.037491 1.542439 0.085920
v -0.035610 1.540779 0.083323
v -0.033911 1.539029 0.081654
v -0.032533 1.537467 0.080709
v -0.031487 1.536221 0.080246
v -0.030875 1.535604 0.080110
v -0.030786 1.535928 0.080224
v -0.027105 1.530759 0.081089
v -0.038854 1.543128 0.098407
v -0.036953 1.545356 0.094503
v -0.035543 1.545288 0.090209
v -0.034221 1.543914 0.086633
v -0.032957 1.541969 0.083957
v -0.031875 1.539946 0.082185
v -0.031032 1.538154 0.081129
v -0.030419 1.536704 0.080552
v -0.030109 1.535888 0.080311
v -0.030163 1.535963 0.080320
v -0.026123 1.532815 0.081500
v -0.034678 1.543780 0.099548
v -0.032711 1.545857 0.095354
v -0.031529 1.545703 0.090916
v -0.030140 1.542211 0.084533
v -0.029448 1.538299 0.081522
v -0.029310 1.536858 0.080857
v -0.029373 1.536097 0.080550
v -0.025957 1.534328 0.081676
v -0.005501 1.469936 0.122281
v -0.007982 1.469830 0.121471
v -0.010366 1.469763 0.120334
v -0.012636 1.469672 0.118939
v -0.014866 1.469604 0.117381
v -0.016937 1.469583 0.115719
v -0.022005 1.468351 0.110265
v -0.022884 1.467151 0.108650
v -0.023164 1.465934 0.107551
v -0.023101 1.464627 0.107003
v -0.022827 1.463299 0.106835
v -0.022406 1.462269 0.107072
v -0.021564 1.461425 0.107988
v -0.020300 1.460538 0.109629
v -0.018552 1.459647 0.111723
v -0.016345 1.458675 0.114017
v -0.013572 1.457480 0.116132
v -0.009918 1.456023 0.117308
v -0.005421 1.453991 0.118120
v -0.012339 1.461312 0.118760
v -0.004469 1.460608 0.120455
v -0.017464 1.462174 0.114360
v -0.010583 1.465900 0.121728
v -0.012841 1.465745 0.120190
v -0.014959 1.465612 0.118359
v -0.016867 1.465647 0.116449
v -0.021652 1.463910 0.110724
v -0.020870 1.463848 0.111369
v -0.017369 1.463942 0.116353
v -0.011936 1.463876 0.120580
v -0.004123 1.464652 0.122935
v -0.005580 1.465830 0.123799
v -0.008717 1.460820 0.120031
v -0.008231 1.464096 0.122023
v -0.008168 1.465960 0.122945
v -0.022143 1.464282 0.108810
v -0.021627 1.463538 0.108774
v -0.021395 1.462776 0.108620
v -0.021854 1.464954 0.110265
v -0.022345 1.465085 0.108763
v -0.020514 1.462825 0.109882
v -0.015137 1.461774 0.116677
v -0.014887 1.463900 0.118607
v -0.021015 1.465348 0.111437
v -0.019411 1.463833 0.113973
v -0.019308 1.462491 0.112037
v -0.023604 1.528838 0.104343
v -0.021123 1.529591 0.102724
v -0.018382 1.529142 0.104371
v -0.018407 1.530681 0.104407
v -0.019197 1.528691 0.104880
v -0.024232 1.527893 0.105975
v -0.031274 1.527423 0.106830
v -0.034687 1.527396 0.106204
v -0.041123 1.527943 0.103627
v -0.026192 1.536242 0.105249
v -0.039045 1.536745 0.104343
v -0.042406 1.535167 0.102258
v -0.044580 1.533544 0.100012
v -0.017946 1.528926 0.105153
v -0.034840 1.537747 0.105700
v -0.022439 1.534287 0.104595
v -0.046007 1.531327 0.097921
v -0.019191 1.528274 0.105542
v -0.031017 1.527449 0.105365
v -0.034553 1.527109 0.105012
v -0.040698 1.527887 0.102229
v -0.044157 1.529683 0.098811
v -0.026057 1.535935 0.103943
v -0.038013 1.537606 0.103121
v -0.041208 1.536243 0.101194
v -0.043279 1.534704 0.099102
v -0.033969 1.538350 0.104490
v -0.044825 1.532023 0.097229
v -0.057544 1.477599 0.083303
v -0.022268 1.533329 0.103487
v -0.019124 1.527195 0.106199
v -0.017408 1.528465 0.105785
v -0.022434 1.535158 0.105147
v -0.026149 1.537059 0.106235
v -0.035525 1.538287 0.106739
v -0.040016 1.537120 0.105215
v -0.043705 1.535304 0.102848
v -0.046100 1.533696 0.100289
v -0.047183 1.530929 0.097557
v -0.041767 1.526413 0.104295
v -0.034695 1.525931 0.107394
v -0.031306 1.526344 0.107865
v -0.024559 1.526520 0.106614
v -0.044984 1.529387 0.099991
v -0.045863 1.528343 0.100131
v -0.018178 1.530866 0.104901
v -0.017565 1.531512 0.105354
v -0.007902 1.496262 0.131757
v -0.009185 1.496505 0.130190
v -0.010780 1.496177 0.127806
v -0.010938 1.494751 0.123298
v -0.005097 1.495871 0.133118
v -0.011639 1.495047 0.125440
v -0.005896 1.497582 0.131816
v -0.011964 1.495944 0.131726
v -0.008715 1.496267 0.133954
v -0.008955 1.492917 0.123270
v -0.009720 1.489421 0.124080
v -0.011810 1.492170 0.123787
v -0.013443 1.491827 0.124524
v -0.014292 1.493201 0.126550
v -0.066921 1.485182 0.038757
v -0.072122 1.521813 0.037877
v -0.073427 1.534860 0.035854
v -0.070088 1.502858 0.039931
v -0.025833 1.539262 0.105948
v -0.024518 1.433913 0.104982
v -0.030614 1.436983 0.099418
v -0.017383 1.494429 0.119326
v -0.017362 1.496880 0.122287
v -0.049283 1.595150 0.077943
v -0.073116 1.566596 0.040899
v -0.037390 1.452996 0.101454
v -0.015244 1.452203 0.120625
v -0.005544 1.451793 0.123501
v -0.017160 1.496396 0.117478
v -0.044112 1.520264 0.101561
v -0.038541 1.520985 0.104679
v -0.014928 1.454698 0.123044
v -0.005567 1.453513 0.126229
v -0.021714 1.473897 0.119707
v -0.014706 1.465402 0.122919
v -0.012138 1.465706 0.124726
v -0.007157 1.474999 0.129790
v -0.020230 1.470356 0.121469
v -0.020475 1.480485 0.118902
v -0.037132 1.598737 0.089391
v -0.060426 1.525771 0.085505
v -0.027798 1.503294 0.112262
v -0.022151 1.463129 0.112376
v -0.027356 1.438363 0.103860
v -0.027370 1.432448 0.100518
v -0.039644 1.500389 0.109127
v -0.052099 1.534881 0.094962
v -0.063656 1.514846 0.084401
v -0.022184 1.521466 0.107068
v -0.048720 1.529534 0.096120
v -0.053612 1.527211 0.091619
v -0.017356 1.491705 0.116498
v -0.016707 1.498838 0.119421
v -0.006248 1.484734 0.126456
v -0.060167 1.517536 0.088761
v -0.016945 1.464814 0.120817
v -0.042458 1.523916 0.103295
v -0.030829 1.506885 0.110101
v -0.023569 1.506774 0.112692
v -0.045983 1.544739 0.102994
v -0.037591 1.551207 0.107888
v -0.048501 1.547940 0.101810
v -0.015696 1.514447 0.115196
v -0.007900 1.523323 0.119207
v -0.006904 1.500224 0.138329
v -0.022095 1.462894 0.112541
v -0.028259 1.464540 0.113666
v -0.042871 1.463706 0.101127
v -0.018717 1.464210 0.118562
v -0.035735 1.462505 0.108014
v -0.033440 1.458561 0.107975
v -0.019327 1.441423 0.111881
v -0.013403 1.526177 0.108741
v -0.016047 1.527433 0.106628
v -0.032098 1.499960 0.111770
v -0.040050 1.510529 0.106215
v -0.035141 1.513149 0.106665
v -0.030362 1.515749 0.106973
v -0.054887 1.533123 0.091413
v -0.057606 1.534425 0.088452
v -0.060144 1.535765 0.084912
v -0.052940 1.539970 0.095834
v -0.055491 1.542737 0.093726
v -0.065890 1.550282 0.068733
v -0.075211 1.553238 0.030145
v -0.035169 1.573773 0.104886
v -0.047036 1.571137 0.096035
v -0.056150 1.564942 0.086496
v -0.019987 1.487997 0.116182
v -0.009820 1.538025 0.110623
v -0.004205 1.494030 0.134088
v -0.031530 1.552492 0.110190
v -0.033994 1.547866 0.108029
v -0.013743 1.537083 0.107701
v -0.041378 1.572875 0.100657
v -0.043335 1.597240 0.084047
v -0.066453 1.511869 0.078939
v -0.017604 1.471921 0.123800
v -0.025997 1.463748 0.114113
v -0.025435 1.462841 0.113861
v -0.024340 1.462232 0.114438
v -0.014313 1.457556 0.124501
v -0.005459 1.456119 0.128378
v -0.027504 1.456209 0.111238
v -0.054291 1.560698 0.090800
v -0.045108 1.566154 0.099481
v -0.039536 1.567601 0.103746
v -0.033360 1.568175 0.107473
v -0.057809 1.569401 0.082113
v -0.048511 1.576061 0.092573
v -0.042784 1.578076 0.097613
v -0.036545 1.579278 0.102295
v -0.017533 1.541435 0.108600
v -0.029619 1.544374 0.107631
v -0.043688 1.542300 0.103556
v -0.047888 1.540396 0.100476
v -0.050646 1.537939 0.097351
v -0.049567 1.516973 0.098930
v -0.050951 1.528293 0.094038
v -0.052407 1.532295 0.093772
v -0.019684 1.519465 0.108316
v -0.054507 1.536595 0.092955
v -0.057075 1.538856 0.090301
v -0.005389 1.447237 0.119068
v -0.015554 1.446309 0.115976
v -0.026240 1.510116 0.110392
v -0.035390 1.503761 0.109764
v -0.030020 1.478312 0.114038
v -0.021728 1.446828 0.112161
v -0.014586 1.442368 0.114904
v -0.044755 1.507406 0.105215
v -0.036175 1.496487 0.111067
v -0.027788 1.488664 0.114034
v -0.023699 1.484556 0.115673
v -0.028173 1.466346 0.114479
v -0.030683 1.467630 0.113208
v -0.033779 1.469094 0.111368
v -0.040520 1.458139 0.101180
v -0.007045 1.509660 0.133858
v -0.027508 1.549221 0.110018
v -0.012958 1.543037 0.111317
v -0.007391 1.505220 0.137390
v -0.019569 1.510484 0.113566
v -0.021862 1.513626 0.110807
v -0.014958 1.504375 0.119040
v -0.015982 1.532677 0.105807
v -0.008756 1.533238 0.110928
v -0.005655 1.533666 0.114295
v -0.023897 1.516243 0.108264
v -0.015422 1.501921 0.122566
v -0.016320 1.499476 0.125641
v -0.010099 1.484340 0.124071
v -0.010790 1.474353 0.128103
v -0.013886 1.498619 0.131507
v -0.016708 1.494664 0.124785
v -0.016239 1.492172 0.122156
v -0.015489 1.484056 0.120526
v -0.026798 1.475021 0.116092
v -0.063837 1.473940 0.036673
v -0.005661 1.496186 0.136739
v -0.020905 1.567409 0.112945
v -0.022147 1.573618 0.110961
v -0.023287 1.579684 0.109041
v -0.049044 1.503701 0.103434
v -0.054516 1.513760 0.096616
v -0.037360 1.447176 0.097574
v -0.033857 1.448135 0.101994
v -0.026698 1.451078 0.109917
v -0.022686 1.455503 0.115771
v -0.021567 1.457697 0.117923
v -0.020278 1.459932 0.119055
v -0.059269 1.541164 0.086905
v -0.057660 1.545870 0.090637
v -0.051114 1.552220 0.099446
v -0.040753 1.555754 0.106603
v -0.034812 1.556756 0.109400
v -0.029111 1.557202 0.111770
v -0.019789 1.552512 0.113766
v -0.008600 1.545968 0.114268
v -0.006354 1.466258 0.127381
v -0.010909 1.503783 0.133558
v -0.010648 1.499623 0.135001
v -0.023956 1.600432 0.097121
v -0.023974 1.492229 0.114484
v -0.019843 1.496079 0.115001
v -0.017245 1.500705 0.116209
v -0.007056 1.513921 0.129672
v -0.010232 1.507517 0.130236
v -0.010143 1.511281 0.126378
v -0.011870 1.518490 0.117266
v -0.013876 1.521055 0.112448
v -0.016028 1.522856 0.108519
v -0.022404 1.468915 0.119343
v -0.024326 1.471863 0.118084
v -0.018477 1.476054 0.121603
v -0.014573 1.478023 0.123674
v -0.006719 1.479581 0.127624
v -0.064010 1.547443 0.074028
v -0.054945 1.549494 0.095131
v -0.052606 1.545702 0.097887
v -0.050128 1.542667 0.099486
v -0.025988 1.518521 0.107176
v -0.049088 1.524298 0.096948
v -0.046952 1.526487 0.098890
v -0.065533 1.539459 0.071500
v -0.067313 1.541368 0.065685
v -0.014448 1.473372 0.126142
v -0.010329 1.456745 0.126844
v -0.010590 1.453894 0.125007
v -0.010644 1.451654 0.122491
v -0.010434 1.446589 0.117974
v -0.014560 1.423898 0.107312
v -0.015673 1.422199 0.102480
v -0.010446 1.479050 0.125864
v -0.009317 1.466056 0.126127
v -0.024082 1.477633 0.117441
v -0.027244 1.481374 0.114958
v -0.031220 1.485160 0.113301
v -0.052683 1.499413 0.100966
v -0.058731 1.510012 0.093412
v -0.056170 1.519925 0.092059
v -0.056920 1.526422 0.088812
v -0.052304 1.522159 0.094718
v -0.017589 1.458552 0.121853
v -0.018566 1.455973 0.120569
v -0.019321 1.453498 0.118263
v -0.030404 1.443252 0.102795
v -0.033907 1.441956 0.098355
v -0.010230 1.430312 0.115235
v -0.008034 1.430256 0.115970
v -0.004406 1.430255 0.116671
v -0.010218 1.422038 0.107652
v -0.005349 1.421052 0.107748
v -0.024478 1.590896 0.104241
v -0.037846 1.589551 0.096406
v -0.044019 1.587945 0.091111
v -0.049800 1.585658 0.085371
v -0.059885 1.578623 0.073211
v -0.071373 1.546669 0.050939
v -0.006084 1.538917 0.113446
v -0.009780 1.565862 0.115046
v -0.010409 1.572525 0.113575
v -0.010998 1.578957 0.111935
v -0.011618 1.590717 0.107729
v -0.011432 1.600942 0.100721
v -0.060408 1.530508 0.084664
v -0.057384 1.530182 0.088130
v -0.054328 1.529942 0.091033
v -0.051803 1.530173 0.093546
v -0.010792 1.524951 0.112954
v -0.070036 1.557550 0.055872
v -0.018914 1.524801 0.106617
v -0.030926 1.540650 0.106620
v -0.040990 1.539475 0.104164
v -0.049477 1.532487 0.096708
v -0.028409 1.513077 0.108226
v -0.033164 1.510163 0.108134
v -0.037888 1.507248 0.107859
v -0.042367 1.503981 0.107114
v -0.034396 1.523770 0.107128
v -0.023130 1.554041 0.113322
v -0.027046 1.568048 0.110635
v -0.028600 1.573944 0.108365
v -0.029907 1.579728 0.106148
v -0.031246 1.590499 0.100898
v -0.030583 1.599760 0.093814
v -0.030795 1.524560 0.107611
v -0.033988 1.521812 0.106383
v -0.021974 1.540397 0.107098
v -0.027723 1.524907 0.107356
v -0.028107 1.523821 0.107151
v -0.030356 1.522972 0.107117
v -0.052731 1.556565 0.095271
v -0.043093 1.561035 0.103263
v -0.037383 1.562183 0.106947
v -0.031385 1.562539 0.110109
v -0.025466 1.562207 0.112641
v -0.019737 1.561317 0.114327
v -0.009152 1.559257 0.115851
v -0.017711 1.517288 0.111546
v -0.012743 1.507945 0.122562
v -0.021663 1.463337 0.113563
v -0.018318 1.464249 0.118263
v -0.015893 1.464228 0.120906
v -0.012905 1.464317 0.123452
v -0.008932 1.464397 0.125430
v -0.004514 1.464171 0.126583
v -0.030324 1.454841 0.108497
v -0.013500 1.438435 0.115131
v -0.009343 1.439542 0.116984
v -0.004941 1.440463 0.118219
v -0.017519 1.437094 0.112419
v -0.011432 1.428567 0.113884
v -0.008500 1.427407 0.114480
v -0.004565 1.426848 0.114955
v -0.009848 1.443207 0.116832
v -0.005136 1.443972 0.118101
v -0.014192 1.489799 0.121198
v -0.070020 1.523002 0.063331
v -0.068046 1.523494 0.070201
v -0.064980 1.494352 0.077440
v -0.040767 1.452631 0.097042
v -0.064738 1.485687 0.068655
v -0.066764 1.483806 0.046887
v -0.046206 1.464731 0.096733
v -0.052313 1.467384 0.086914
v -0.062515 1.471826 0.066569
v -0.064479 1.471905 0.046670
v -0.049973 1.459644 0.086668
v -0.059202 1.460749 0.066607
v -0.060053 1.459139 0.047979
v -0.043551 1.445901 0.087737
v -0.035576 1.434895 0.089536
v -0.031271 1.430449 0.090405
v -0.016782 1.421310 0.092366
v -0.068459 1.508770 0.072253
v -0.069639 1.505969 0.064365
v -0.039669 1.440068 0.088604
v -0.047081 1.452404 0.087004
v -0.054625 1.451589 0.067886
v -0.049421 1.444000 0.069710
v -0.044069 1.437716 0.071594
v -0.038729 1.432595 0.073343
v -0.033516 1.428391 0.074926
v -0.017834 1.419757 0.078344
v -0.071852 1.522539 0.046523
v -0.071739 1.534318 0.047406
v -0.068726 1.531983 0.063911
v -0.066873 1.531267 0.070294
v -0.070107 1.503112 0.047250
v -0.025889 1.464827 0.114916
v -0.021655 1.463142 0.113007
v -0.055748 1.482394 0.090858
v -0.074917 1.539650 0.026004
v -0.026985 1.619022 0.071661
v -0.011890 1.626007 0.067713
v -0.014370 1.632906 0.049230
v -0.028517 1.626318 0.054625
v -0.027353 1.633011 0.028286
v -0.059209 1.579852 -0.041436
v -0.036840 1.627432 0.033301
v -0.034834 1.621407 0.058303
v -0.017899 1.636507 0.024560
v -0.028497 1.553048 -0.067553
v -0.045025 1.586635 -0.051268
v -0.029673 1.590667 -0.057240
v -0.027843 1.620899 -0.034216
v -0.043138 1.616354 -0.028101
v -0.057300 1.608436 -0.018660
v -0.059245 1.475941 0.023396
v -0.076020 1.537422 0.008097
v -0.021471 1.630241 0.051530
v -0.053560 1.545591 -0.052112
v -0.041762 1.549920 -0.061063
v -0.044828 1.620673 0.038761
v -0.022674 1.621862 0.069852
v -0.013003 1.629734 0.059244
v -0.019217 1.627445 0.060865
v -0.030551 1.620360 0.065893
v -0.066709 1.598753 -0.008147
v -0.069017 1.571667 -0.029235
v -0.038112 1.499937 -0.045350
v -0.066790 1.502526 -0.002120
v -0.025223 1.624283 0.063087
v -0.045253 1.497960 -0.037556
v -0.062907 1.540606 -0.040927
v -0.062132 1.607975 0.003868
v -0.052860 1.617506 -0.005202
v -0.039672 1.625333 -0.013471
v -0.025783 1.629724 -0.019058
v -0.071763 1.520362 -0.001049
v -0.051478 1.510959 -0.040609
v -0.075245 1.532761 0.009675
v -0.071792 1.518526 0.002270
v -0.067869 1.503155 0.001950
v -0.065212 1.495776 0.004137
v -0.043683 1.513652 -0.049931
v -0.034421 1.516007 -0.057824
v -0.023629 1.517839 -0.063480
v -0.053846 1.448695 0.051155
v -0.047606 1.440940 0.054733
v -0.042230 1.434585 0.058125
v -0.037154 1.429501 0.061217
v -0.032091 1.425587 0.063907
v -0.017010 1.418452 0.068944
v -0.060348 1.588260 0.064207
v -0.017594 1.419234 0.073790
v -0.033047 1.427370 0.069577
v -0.038206 1.431498 0.067446
v -0.043589 1.436585 0.065052
v -0.049261 1.442843 0.062431
v -0.055182 1.450535 0.059791
v -0.060503 1.460261 0.057640
v -0.064160 1.471899 0.056762
v -0.066236 1.484042 0.056753
v -0.070074 1.504069 0.055733
v -0.071264 1.522732 0.055358
v -0.070363 1.533085 0.056381
v -0.069326 1.543845 0.058928
v -0.067963 1.553736 0.062672
v -0.059059 1.574008 0.077663
v -0.049430 1.580935 0.089023
v -0.043667 1.583123 0.094440
v -0.037462 1.584576 0.099522
v -0.030831 1.585305 0.103781
v -0.024109 1.585486 0.106959
v -0.011430 1.585023 0.110122
v -0.038548 1.523491 0.105683
v -0.015990 1.496914 0.128007
v -0.013037 1.504818 0.126205
v -0.005520 1.490198 0.126999
v -0.014053 1.501884 0.129447
v -0.022515 1.550632 0.112275
v -0.026267 1.553441 0.112231
v -0.073332 1.549720 0.041580
v -0.071856 1.561630 0.048387
v -0.060339 1.583277 0.068724
v -0.049784 1.590381 0.081696
v -0.043903 1.592621 0.087630
v -0.037725 1.594234 0.092999
v -0.031139 1.595286 0.097521
v -0.024391 1.595845 0.100883
v -0.011596 1.596025 0.104505
v -0.008695 1.552940 0.115765
v -0.019117 1.555981 0.114513
v -0.024011 1.556961 0.113427
v -0.043401 1.496597 0.107825
v -0.039692 1.492728 0.109835
v -0.046455 1.500227 0.105636
v -0.049808 1.495989 0.103409
v -0.049274 1.465973 0.091988
v -0.046866 1.459016 0.091917
v -0.043968 1.452474 0.092210
v -0.040608 1.446450 0.092820
v -0.037004 1.440889 0.093613
v -0.033309 1.435845 0.094572
v -0.029542 1.431326 0.095518
v -0.016248 1.421680 0.097299
v -0.046429 1.492426 0.105790
v -0.042464 1.488734 0.108059
v -0.033930 1.481692 0.112204
v -0.052530 1.479751 0.094710
v -0.049104 1.477286 0.098574
v -0.045280 1.474967 0.102420
v -0.037301 1.470840 0.108895
v -0.054279 1.475140 0.088289
v -0.051190 1.473020 0.092871
v -0.033575 1.465758 0.110776
v -0.036966 1.466698 0.108293
v -0.044472 1.469437 0.101472
v -0.048009 1.471127 0.097280
v -0.030579 1.465090 0.112561
v -0.032411 1.462428 0.110349
v -0.029592 1.462567 0.112071
v -0.027542 1.462857 0.113163
v -0.030225 1.459296 0.110259
v -0.027694 1.460222 0.112145
v -0.025899 1.461318 0.113574
v -0.025389 1.457831 0.113526
v -0.023969 1.459576 0.115427
v -0.022673 1.461416 0.116485
v -0.020294 1.463897 0.115685
v -0.013755 1.494776 0.129120
v -0.004825 1.494801 0.125620
v -0.015898 1.635185 0.037523
v -0.024143 1.632126 0.040555
v -0.032379 1.627438 0.044614
v -0.039643 1.621650 0.049165
v -0.054978 1.592209 0.071302
v -0.055302 1.587333 0.075376
v -0.055153 1.582648 0.079369
v -0.054601 1.577969 0.083347
v -0.053592 1.573240 0.087359
v -0.052024 1.568537 0.091274
v -0.050053 1.563856 0.095099
v -0.048223 1.559156 0.099283
v -0.046332 1.554248 0.103301
v -0.043433 1.549699 0.105155
v -0.040588 1.546345 0.105934
v -0.038095 1.543670 0.106030
v -0.036164 1.540403 0.106090
v -0.040634 1.538360 0.105028
v -0.035897 1.539473 0.106662
v -0.030920 1.539628 0.107175
v -0.026076 1.538313 0.106299
v -0.048624 1.531700 0.097006
v -0.049816 1.530809 0.095561
v -0.050467 1.532268 0.095603
v -0.047460 1.535615 0.099148
v -0.046928 1.534519 0.100043
v -0.044926 1.537656 0.101675
v -0.044488 1.536435 0.102609
v -0.017432 1.624249 0.068564
v -0.017479 1.600816 0.099354
v -0.017792 1.596040 0.103126
v -0.017861 1.590909 0.106433
v -0.017578 1.585319 0.108959
v -0.016939 1.579341 0.110869
v -0.016054 1.573051 0.112603
v -0.015130 1.566566 0.114304
v -0.014290 1.560206 0.115276
v -0.013952 1.554468 0.115249
v -0.014788 1.549956 0.114127
v -0.017744 1.547231 0.111968
v -0.022610 1.545594 0.109378
v -0.017804 1.536499 0.106407
v -0.012008 1.532774 0.107653
v -0.024646 1.617973 0.075133
v -0.021222 1.619294 0.075208
v -0.016351 1.620903 0.075122
v -0.011169 1.622158 0.074985
v -0.011734 1.493897 0.124244
v -0.007856 1.497001 0.124029
v -0.009095 1.498666 0.126876
v -0.007017 1.498731 0.126288
v -0.003246 1.497623 0.130768
v -0.002660 1.495187 0.130348
v -0.003520 1.492774 0.130474
v -0.005533 1.449774 0.121141
v -0.010684 1.449270 0.120129
v -0.015589 1.449504 0.118202
v -0.020279 1.450770 0.115589
v -0.024281 1.453265 0.113155
v -0.035457 1.488867 0.111706
v -0.041228 1.472805 0.105920
v -0.040689 1.467945 0.105190
v -0.039314 1.462934 0.104919
v -0.037016 1.458131 0.104978
v -0.033808 1.453727 0.105305
v -0.030151 1.449390 0.106086
v -0.026532 1.444770 0.107162
v -0.023616 1.439933 0.108025
v -0.021169 1.435520 0.108935
v -0.013057 1.426175 0.111206
v -0.009375 1.424504 0.111746
v -0.004982 1.423630 0.112019
v -0.007229 1.518225 0.124950
v -0.010470 1.514951 0.121980
v -0.013860 1.511238 0.118895
v -0.017178 1.507359 0.116275
v -0.020593 1.503492 0.114703
v -0.024148 1.499720 0.114047
v -0.028119 1.496108 0.113504
v -0.032029 1.492530 0.112780
v -0.022581 1.536337 0.105313
v -0.022919 1.537512 0.105386
v -0.062438 1.489017 0.007989
v -0.063111 1.493125 -0.000514
v -0.029736 1.501642 -0.051968
v -0.020205 1.503079 -0.056749
v -0.030752 1.538307 0.107141
v -0.027568 1.526379 0.107418
v -0.038377 1.525950 0.106250
v -0.030403 1.537636 0.106010
v -0.029793 1.537741 0.104672
v -0.027601 1.527670 0.106679
v -0.027473 1.528218 0.105061
v -0.038067 1.527465 0.105237
v -0.037939 1.527208 0.104009
v -0.004205 1.498844 0.128230
v -0.009476 1.495179 0.122878
v -0.010173 1.496845 0.124275
v -0.007373 1.499045 0.129918
v -0.028299 1.472457 0.101830
v -0.025617 1.478278 0.105105
v -0.015224 1.478312 0.115686
v -0.029766 1.467682 0.098430
v -0.016437 1.445112 0.106067
v -0.025753 1.456886 0.100674
v -0.007491 1.478298 0.120197
v -0.011536 1.477793 0.118368
v -0.028189 1.462500 0.099167
v -0.033062 1.479066 0.092780
v -0.034554 1.470220 0.089581
v -0.038571 1.472623 0.075955
v -0.037245 1.484272 0.078884
v -0.037919 1.462210 0.075134
v -0.034230 1.462102 0.088753
v -0.021797 1.451136 0.103264
v -0.020275 1.456203 0.108074
v -0.007267 1.445695 0.113188
v -0.022077 1.458196 0.106251
v -0.018247 1.454355 0.109911
v -0.015580 1.451922 0.111924
v -0.005905 1.474222 0.121594
v -0.008184 1.473884 0.120845
v -0.010605 1.473706 0.119705
v -0.012708 1.473665 0.118499
v -0.014995 1.473722 0.116995
v -0.016981 1.473887 0.115482
v -0.023651 1.472297 0.108469
v -0.024652 1.467150 0.105664
v -0.024430 1.465266 0.105057
v -0.024333 1.463623 0.104591
v -0.023338 1.459941 0.105030
v -0.024747 1.469615 0.106532
v -0.024284 1.461930 0.104284
v -0.026414 1.468078 0.103660
v -0.026542 1.466100 0.102740
v -0.026161 1.464135 0.102539
v -0.014235 1.438752 0.092238
v -0.024863 1.446522 0.090764
v -0.031374 1.453917 0.089574
v -0.034035 1.452704 0.075836
v -0.032869 1.452624 0.060456
v -0.036959 1.462442 0.058733
v -0.037954 1.474111 0.058931
v -0.036846 1.486514 0.061368
v -0.030025 1.494994 0.064521
v -0.030557 1.495275 0.082177
v -0.011069 1.482318 0.117286
v -0.012965 1.483842 0.115035
v -0.026183 1.488403 0.098057
v -0.012552 1.449067 0.113513
v -0.019061 1.497020 0.065828
v -0.017003 1.498029 0.097351
v -0.024084 1.447080 0.050262
v -0.014239 1.448856 0.045572
v -0.019868 1.492243 0.050764
v -0.027871 1.492562 0.052243
v -0.028064 1.452469 0.046048
v -0.031714 1.462423 0.042864
v -0.033141 1.475064 0.042784
v -0.032156 1.486961 0.046126
v -0.009472 1.486995 0.115082
v -0.025408 1.445823 0.061302
v -0.014719 1.441214 0.058971
v -0.026047 1.445267 0.076302
v -0.014512 1.439077 0.074901
v -0.009612 1.439944 0.103471
v -0.018999 1.501355 0.083311
v -0.006823 1.470178 0.129100
v -0.010240 1.469693 0.127839
v -0.013518 1.469062 0.126241
v -0.016468 1.468201 0.124332
v -0.018924 1.467221 0.122072
v -0.020874 1.466282 0.119765
v -0.023454 1.463134 0.114242
v -0.023675 1.462875 0.113717
v -0.023378 1.462512 0.113696
v -0.022801 1.462757 0.114492
v -0.021193 1.462761 0.116472
v -0.019161 1.462301 0.119126
v -0.016675 1.461470 0.121967
v -0.013702 1.460946 0.124837
v -0.009757 1.460498 0.127127
v -0.005021 1.460120 0.128437
v -0.038195 1.485115 0.110287
v -0.043774 1.458482 0.096754
v -0.022598 1.524872 0.106626
v -0.021706 1.526685 0.106228
v -0.021309 1.527924 0.105613
v -0.019456 1.534816 0.105183
v -0.019428 1.533345 0.105083
v -0.019619 1.532403 0.104698
v -0.061145 1.480701 0.077304
v -0.055636 1.468903 0.081338
v -0.025288 1.524968 0.106859
v -0.050018 1.534331 0.096403
v -0.048661 1.536746 0.098226
v -0.046012 1.539011 0.100900
v -0.041958 1.540872 0.103621
v -0.036744 1.542046 0.105540
v -0.030651 1.542212 0.106409
v -0.024600 1.539910 0.106063
v -0.020949 1.537050 0.105591
v -0.008222 1.483695 0.118021
v -0.020732 1.528646 0.104586
v -0.019685 1.529329 0.103440
v -0.019597 1.531624 0.104026
v -0.059313 1.470505 0.074806
v -0.050041 1.452353 0.081333
v -0.052711 1.452140 0.075027
v -0.016343 1.415968 0.063351
v -0.030621 1.422573 0.057454
v -0.035545 1.426123 0.054362
v -0.040345 1.430904 0.050819
v -0.045176 1.437038 0.046982
v -0.050535 1.444794 0.042700
v -0.056814 1.456387 0.037125
v -0.057008 1.466212 0.019026
v -0.058593 1.480865 0.002376
v -0.039571 1.486251 -0.034060
v -0.033035 1.487950 -0.040454
v -0.025544 1.489476 -0.045622
v -0.017295 1.490765 -0.049176
v -0.033230 1.301191 0.060356
v -0.063331 1.310751 0.048186
v -0.072549 1.315630 0.042548
v -0.081177 1.321030 0.036236
v -0.089204 1.326201 0.029291
v -0.097062 1.330156 0.021103
v -0.107328 1.334100 0.010991
v -0.114046 1.360231 -0.015014
v -0.110283 1.371753 -0.039173
v -0.073944 1.361749 -0.079198
v -0.061798 1.355504 -0.085368
v -0.047042 1.345215 -0.089860
v -0.028744 1.345405 -0.087426
v -0.052137 1.370718 -0.074442
v -0.063384 1.374499 -0.069196
v -0.095890 1.377813 -0.034815
v -0.092485 1.347732 0.009285
v -0.086699 1.343398 0.018512
v -0.064313 1.330273 0.038514
v -0.056120 1.326020 0.043391
v -0.029497 1.316431 0.053962
v -0.098610 1.365749 -0.015813
v -0.039360 1.366747 -0.077810
v -0.072203 1.334814 0.033198
v -0.025686 1.364986 -0.078532
v -0.033572 1.382721 -0.065971
v -0.054041 1.386347 -0.058701
v -0.082426 1.384341 -0.030239
v -0.085151 1.373885 -0.014348
v -0.078082 1.356272 0.004469
v -0.073473 1.351392 0.011715
v -0.062008 1.343986 0.025806
v -0.055560 1.341130 0.031536
v -0.048677 1.338189 0.036510
v -0.026337 1.329861 0.046713
v -0.044299 1.384688 -0.063027
v -0.022305 1.381433 -0.067643
v -0.068012 1.347371 0.019021
v -0.079740 1.339253 0.026595
v -0.069373 1.391007 -0.025371
v -0.024280 1.409830 -0.046443
v -0.029209 1.417106 0.050281
v -0.042326 1.349054 0.030545
v -0.043968 1.364049 0.025722
v -0.072446 1.381959 -0.012399
v -0.061174 1.391043 -0.009218
v -0.058632 1.399935 -0.019735
v -0.038767 1.409132 -0.040097
v -0.031815 1.409675 -0.043597
v -0.016436 1.409881 -0.048569
v -0.045550 1.397172 -0.048178
v -0.037329 1.396768 -0.051781
v -0.019064 1.395764 -0.057006
v -0.059003 1.358310 0.015588
v -0.052642 1.371556 0.015984
v -0.043671 1.429747 0.039667
v -0.048864 1.384567 0.019412
v -0.051058 1.411064 -0.013893
v -0.034049 1.422036 -0.034614
v -0.028228 1.423164 -0.038241
v -0.014825 1.423975 -0.042746
v -0.023570 1.341144 0.039182
v -0.021536 1.353182 0.037068
v -0.019806 1.366124 0.038405
v -0.016137 1.410050 0.057523
v -0.035971 1.373497 0.031988
v -0.051284 1.388526 0.014475
v -0.053962 1.402716 -0.003377
v -0.052690 1.392366 0.009677
v -0.048440 1.351890 0.026270
v -0.041040 1.376855 0.028392
v -0.033962 1.420443 0.046996
v -0.028331 1.396122 -0.054807
v -0.021761 1.423785 -0.041028
v -0.067217 1.367286 0.003902
v -0.057888 1.379412 0.005504
v -0.051240 1.443010 0.030137
v -0.055412 1.454708 0.014955
v -0.015115 1.479072 -0.042770
v -0.022427 1.477927 -0.040290
v -0.029071 1.476427 -0.036253
v -0.034902 1.474757 -0.030990
v -0.053359 1.465824 0.000023
v -0.038517 1.360664 0.029524
v -0.063535 1.362555 0.009772
v -0.055700 1.375412 0.010762
v -0.047967 1.436174 0.035282
v -0.053981 1.354820 0.021138
v -0.048768 1.367663 0.021098
v -0.045408 1.380610 0.024152
v -0.038843 1.424578 0.043466
v -0.037644 1.285608 0.068472
v -0.071397 1.294914 0.055129
v -0.081499 1.300122 0.048986
v -0.090567 1.306001 0.041694
v -0.098563 1.311991 0.033465
v -0.106532 1.317415 0.024953
v -0.115093 1.321492 0.017635
v -0.123198 1.330754 0.010371
v -0.122881 1.323488 0.014639
v -0.130145 1.357301 -0.012547
v -0.125411 1.365721 -0.043081
v -0.085774 1.348377 -0.087406
v -0.073517 1.340535 -0.093399
v -0.055308 1.322048 -0.098219
v -0.029928 1.325093 -0.092992
v -0.010800 1.420514 0.102701
v -0.005565 1.419703 0.102768
v -0.011441 1.419776 0.092745
v -0.005886 1.418833 0.092953
v -0.006372 1.417354 0.078934
v -0.012303 1.418239 0.078820
v -0.006250 1.416305 0.069425
v -0.011963 1.417153 0.069457
v -0.012221 1.417900 0.074304
v -0.006256 1.417101 0.074330
v -0.011101 1.420226 0.097587
v -0.005705 1.419479 0.097749
v -0.006711 1.412643 0.064705
v -0.011897 1.414282 0.064246
v -0.011238 1.298548 0.063535
v -0.022402 1.299541 0.062537
v -0.019963 1.314426 0.055224
v -0.010060 1.313277 0.055191
v -0.009357 1.325974 0.045840
v -0.018234 1.327218 0.046856
v -0.016513 1.338910 0.039927
v -0.008703 1.337379 0.039231
v -0.012009 1.408051 0.058941
v -0.006984 1.406021 0.059926
v -0.014241 1.363890 0.039185
v -0.007643 1.361935 0.038959
v -0.008137 1.349335 0.036918
v -0.015322 1.351166 0.037762
v -0.012578 1.283268 0.071977
v -0.025345 1.284177 0.070950
v -0.018564 1.465813 0.114656
v -0.019966 1.465705 0.112971
v -0.028752 1.472547 0.114941
v -0.030038 1.470108 0.113974
v -0.024035 1.467643 0.117508
v -0.025227 1.466243 0.116101
v -0.026172 1.469952 0.116592
v -0.027462 1.468135 0.115425
v -0.022284 1.465302 0.117687
v -0.022960 1.463891 0.115675
v -0.051971 1.491206 0.100527
v -0.052829 1.485852 0.097405
v -0.065873 1.524226 0.076170
v -0.063400 1.525041 0.081281
v -0.021511 1.480151 0.108983
v -0.018185 1.480031 0.112410
v -0.064969 1.530936 0.075775
v -0.062888 1.530750 0.080532
v -0.019148 1.474309 0.113400
v -0.021511 1.473900 0.110977
v -0.019991 1.463606 0.116419
v -0.020901 1.463159 0.114440
v -0.031973 1.475309 0.113047
v -0.033206 1.472273 0.112133
v -0.062341 1.545180 0.078683
v -0.060913 1.543216 0.082970
v -0.019211 1.486847 0.106805
v -0.015622 1.485454 0.111529
v -0.056095 1.488850 0.094236
v -0.055109 1.494481 0.097802
v -0.018872 1.469534 0.113971
v -0.020609 1.469178 0.112121
v -0.011267 1.489318 0.111064
v -0.013715 1.492257 0.105614
v -0.063850 1.538087 0.076492
v -0.062148 1.536949 0.080891
v -0.048412 1.487891 0.103259
v -0.049288 1.482902 0.100662
v -0.064271 1.500481 0.083998
v -0.062027 1.505617 0.089212
v -0.041016 1.477252 0.107107
v -0.040024 1.481293 0.108623
v -0.035815 1.478237 0.110979
v -0.036914 1.474675 0.109828
v -0.044366 1.484531 0.106024
v -0.045280 1.480009 0.104001
v -0.041950 1.626209 0.021002
v -0.047473 1.623221 0.008141
v -0.069745 1.575956 0.049293
v -0.065328 1.582955 0.056932
v -0.020450 1.636606 0.010690
v -0.023166 1.634608 -0.003794
v -0.059464 1.560301 0.081889
v -0.062076 1.554477 0.077606
v -0.068873 1.570864 0.055303
v -0.064898 1.577899 0.062059
v -0.065811 1.562081 0.067194
v -0.062798 1.568796 0.072233
v -0.061269 1.564397 0.077164
v -0.063942 1.558039 0.072628
v -0.067487 1.566365 0.061364
v -0.064007 1.573277 0.067166
v -0.031184 1.632688 0.014999
v -0.035355 1.630390 0.001091
v -0.056457 1.614365 0.015798
v -0.050461 1.618339 0.027508
v -0.059031 1.548760 0.086609
v -0.056346 1.553177 0.090988
v -0.060325 1.551451 0.082181
v -0.057653 1.556614 0.086414
v -0.048952 1.533769 0.097568
v -0.044345 1.533279 0.097659
v -0.047062 1.532258 0.098513
v -0.045595 1.532248 0.098471
v -0.048162 1.532953 0.098225
v -0.029475 1.521742 0.106852
v -0.027979 1.520404 0.106848
v -0.033278 1.520068 0.106089
v -0.032080 1.518112 0.106364
v -0.048261 1.444821 0.076309
v -0.046184 1.445409 0.082285
v -0.037944 1.518520 0.104685
v -0.036789 1.515943 0.105482
v -0.053188 1.510514 0.098974
v -0.051370 1.507134 0.101299
v -0.033379 1.429067 0.080143
v -0.032623 1.429683 0.085298
v -0.057180 1.506378 0.095931
v -0.055142 1.502841 0.098467
v -0.048349 1.513955 0.101087
v -0.046851 1.510753 0.103278
v -0.043469 1.438569 0.077688
v -0.041911 1.439324 0.083339
v -0.026792 1.523378 0.106967
v -0.024757 1.522676 0.106872
v -0.038436 1.433383 0.078956
v -0.037340 1.434102 0.084338
v -0.017768 1.420131 0.082916
v -0.017404 1.420603 0.087601
v -0.043123 1.516686 0.102835
v -0.041849 1.513629 0.104451
v -0.056531 1.460666 0.074326
v -0.053254 1.460231 0.080878
v -0.062128 1.489140 0.082178
v -0.058956 1.485388 0.086780
v -0.006290 1.417650 0.083513
v -0.006104 1.418070 0.088205
v -0.011882 1.418985 0.088016
v -0.012189 1.418511 0.083347
v -0.060143 1.501536 0.092021
v -0.057819 1.497862 0.094950
v -0.061923 1.495862 0.087425
v -0.059158 1.492083 0.090945
v -0.053469 1.396011 0.005087
v -0.060873 1.394218 -0.012717
v -0.061519 1.472543 0.030529
v -0.059422 1.383376 0.000167
v -0.068700 1.494252 0.039601
v -0.071054 1.511778 0.039269
v -0.071575 1.497568 0.029024
v -0.075159 1.493597 0.025823
v -0.075701 1.489046 0.026094
v -0.072873 1.482182 0.021208
v -0.059243 1.479423 0.018879
v -0.049034 1.528949 -0.052541
v -0.053365 1.447854 0.024616
v -0.075746 1.537817 0.016991
v -0.076393 1.480340 0.025180
v -0.070196 1.516441 0.018873
v -0.073380 1.509172 0.026500
v -0.073449 1.515906 0.024328
v -0.077270 1.494332 0.022320
v -0.078956 1.517156 0.003182
v -0.082384 1.518238 0.000051
v -0.072704 1.484447 0.019404
v -0.075148 1.483001 0.018128
v -0.079298 1.482968 0.020453
v -0.077816 1.490107 0.021789
v -0.075173 1.496433 0.007017
v -0.073927 1.491487 0.011025
v -0.078799 1.495445 0.006210
v -0.084621 1.494892 0.007788
v -0.077412 1.489636 0.009785
v -0.083313 1.489781 0.011925
v -0.073440 1.514638 0.021619
v -0.072043 1.508430 0.025003
v -0.072781 1.503301 0.026858
v -0.075074 1.502659 0.027743
v -0.081419 1.362366 -0.002407
v -0.076691 1.522234 0.023316
v -0.074956 1.524597 0.019230
v -0.076771 1.521297 0.020127
v -0.074671 1.521875 0.013832
v -0.087471 1.515140 0.002414
v -0.079343 1.524909 0.005278
v -0.079805 1.531794 0.015865
v -0.082803 1.497852 0.011449
v -0.082979 1.512770 0.005792
v -0.080832 1.494329 0.014219
v -0.069988 1.510762 0.001390
v -0.078578 1.509135 0.003359
v -0.081454 1.509554 0.000053
v -0.087082 1.508415 0.001531
v -0.083869 1.507210 0.006310
v -0.071764 1.500792 0.009583
v -0.069903 1.511493 0.018200
v -0.085230 1.378113 -0.019659
v -0.076554 1.483826 0.026676
v -0.079112 1.485875 0.021498
v -0.082054 1.491668 0.013025
v -0.083734 1.496113 0.009447
v -0.084903 1.507605 0.003264
v -0.084487 1.513806 0.002691
v -0.078942 1.528470 0.020889
v -0.038591 1.532204 -0.061178
v -0.080936 1.526333 0.018812
v -0.083175 1.526336 0.003109
v -0.083631 1.531163 0.015335
v -0.074046 1.524366 0.016428
v -0.079091 1.527445 0.015800
v -0.082729 1.528126 0.011521
v -0.086667 1.521377 0.004307
v -0.077788 1.526478 0.013634
v -0.083546 1.519881 0.003606
v -0.080564 1.526861 0.010175
v -0.081782 1.518201 0.006673
v -0.079684 1.524683 0.009958
v -0.077981 1.523970 0.011846
v -0.080768 1.516690 0.009340
v -0.084005 1.502141 0.008455
v -0.084699 1.501490 0.005740
v -0.085709 1.501392 0.003758
v -0.080264 1.501930 0.002751
v -0.077004 1.502271 0.004691
v -0.081957 1.511665 0.008671
v -0.073535 1.526037 0.004846
v -0.074199 1.523985 0.006645
v -0.075759 1.533026 0.016095
v -0.074832 1.532516 0.022507
v -0.073968 1.527709 0.028067
v -0.072206 1.519553 0.031262
v -0.071400 1.511012 0.033510
v -0.071342 1.502867 0.034675
v -0.069989 1.495163 0.034192
v -0.068948 1.487721 0.033414
v -0.068254 1.481206 0.032943
v -0.065855 1.479723 0.030285
v -0.062983 1.482482 0.026505
v -0.062686 1.485762 0.022424
v -0.065808 1.492891 0.011091
v -0.067697 1.497607 0.006608
v -0.069557 1.503571 0.004213
v -0.071424 1.510122 0.003834
v -0.072748 1.517196 0.004779
v -0.069740 1.513980 0.019201
v -0.070484 1.512999 0.019007
v -0.079494 1.496777 0.014538
v -0.080573 1.499207 0.011734
v -0.082419 1.506733 0.008715
v -0.081747 1.502516 0.009844
v -0.075883 1.502565 0.008222
v -0.078084 1.499480 0.010594
v -0.078827 1.502394 0.009251
v -0.075196 1.524339 0.025013
v -0.076905 1.497483 0.013158
v -0.073872 1.496081 0.020343
v -0.072347 1.494876 0.023381
v -0.070862 1.498402 0.028246
v -0.073681 1.512623 0.011741
v -0.077888 1.514382 0.012164
v -0.074499 1.509401 0.009258
v -0.078526 1.509982 0.010269
v -0.075420 1.505917 0.008201
v -0.079009 1.505997 0.009111
v -0.070940 1.507188 0.025723
v -0.071242 1.503875 0.027006
v -0.070428 1.509484 0.022292
v -0.071281 1.501408 0.027778
v -0.071883 1.504009 0.026874
v -0.071383 1.507813 0.025347
v -0.071240 1.511193 0.021959
v -0.072148 1.519693 0.020249
v -0.071931 1.520079 0.017975
v -0.073051 1.518439 0.015515
v -0.074433 1.496818 0.011335
v -0.076387 1.523504 0.006868
v -0.069957 1.501958 0.010956
v -0.066209 1.501597 0.015567
v -0.069267 1.507818 0.010559
v -0.069173 1.506268 0.012741
v -0.067348 1.504603 0.016360
v -0.068964 1.513173 0.018094
v -0.069663 1.509055 0.020654
v -0.069535 1.508183 0.023408
v -0.068614 1.507918 0.019633
v -0.069037 1.506913 0.025616
v -0.067092 1.507435 0.022282
v -0.069370 1.503329 0.027752
v -0.065743 1.503735 0.018121
v -0.071355 1.494783 0.018011
v -0.069144 1.499950 0.028466
v -0.068484 1.493544 0.025288
v -0.070706 1.505263 0.009268
v -0.069610 1.504208 0.011429
v -0.067303 1.503351 0.014996
v -0.071014 1.509434 0.008702
v -0.072527 1.506096 0.007824
v -0.069778 1.512483 0.010983
v -0.070655 1.515873 0.016153
v -0.073353 1.502960 0.008125
v -0.068344 1.494924 0.015931
v -0.071840 1.497756 0.010415
v -0.066367 1.498046 0.015104
v -0.070495 1.499801 0.010738
v -0.067888 1.511882 0.015937
v -0.068746 1.508287 0.022174
v -0.065555 1.506504 0.025842
v -0.064394 1.502060 0.020226
v -0.065006 1.500517 0.017958
v -0.065177 1.497838 0.018491
v -0.064122 1.498861 0.022092
v -0.066836 1.494554 0.019679
v -0.065314 1.495157 0.023705
v -0.069972 1.493846 0.021462
v -0.075636 1.516405 0.005623
v -0.074466 1.509253 0.004982
v -0.072776 1.502949 0.005034
v -0.071017 1.497415 0.007182
v -0.069548 1.492838 0.011564
v -0.068599 1.486657 0.022445
v -0.068804 1.483220 0.024933
v -0.071366 1.478666 0.029602
v -0.072508 1.482845 0.031448
v -0.072217 1.489745 0.029600
v -0.072744 1.493783 0.027390
v -0.070983 1.494358 0.026240
v -0.068411 1.496304 0.028399
v -0.072697 1.517470 0.027127
v -0.063857 1.504297 0.023109
v -0.064466 1.496699 0.028040
v -0.062413 1.500683 0.026116
v -0.069640 1.514447 0.013902
v -0.067899 1.510109 0.013018
v -0.068955 1.508149 0.014689
v -0.065444 1.503102 0.029073
v -0.066392 1.499678 0.029474
v -0.076962 1.531350 0.015851
v -0.026525 1.534659 -0.067432
v -0.075276 1.529709 0.010418
v -0.079708 1.530578 0.009768
v -0.083904 1.531504 0.008819
v -0.085210 1.526047 0.007507
v -0.082336 1.524664 0.006510
v -0.080598 1.522568 0.008362
v -0.079235 1.521013 0.010384
v -0.076493 1.518521 0.012949
v -0.073789 1.515745 0.014563
v -0.067750 1.506285 0.018184
v -0.065882 1.505600 0.020443
v -0.071555 1.502677 0.009232
v -0.069216 1.509891 0.016692
v -0.075555 1.499404 0.009259
v -0.073111 1.500067 0.008994
v -0.071582 1.496295 0.030696
v -0.072567 1.510143 0.029541
v -0.076915 1.529112 0.010428
v -0.073541 1.502962 0.031259
v -0.076115 1.529597 0.020997
v -0.070614 1.515700 0.019976
v -0.067151 1.501398 0.074211
v -0.067557 1.497121 0.065781
v -0.043465 1.528605 0.101791
v -0.059673 1.513720 0.090942
v -0.051066 1.519642 0.096711
v -0.055522 1.516861 0.094245
v -0.047270 1.522339 0.098938
v -0.042799 1.528695 0.100429
v -0.110589 1.345662 0.001551
v -0.067992 1.494763 0.056255
v -0.045233 1.525069 0.100939
v -0.044262 1.527292 0.102149
v -0.068343 1.493975 0.047180
v -0.063178 1.510100 0.086611
v -0.065802 1.505971 0.081132
v -0.069956 1.372490 -0.001962
v -0.050148 1.526272 0.095247
v -0.044903 1.530837 0.097715
v -0.056590 1.523080 0.090229
v -0.060376 1.521516 0.086939
v -0.070543 1.514431 0.063595
v -0.046807 1.529506 0.098458
v -0.071516 1.512313 0.046873
v -0.045785 1.530298 0.098514
v -0.068672 1.516082 0.070924
v -0.048096 1.528013 0.097210
v -0.053025 1.524633 0.092900
v -0.071474 1.513139 0.055351
v -0.066398 1.517917 0.077263
v -0.063685 1.519791 0.082615
v -0.076390 1.545273 0.017062
v -0.069166 1.586250 -0.019525
v -0.028966 1.607440 -0.047188
v -0.044852 1.603107 -0.041163
v -0.059456 1.595688 -0.031321
v -0.073967 1.529092 0.002206
v -0.057545 1.525288 -0.042043
v -0.056988 1.562781 -0.048315
v -0.066673 1.556297 -0.036503
v -0.029523 1.572182 -0.064107
v -0.043996 1.568400 -0.057820
v -0.056774 1.460703 0.028704
v -0.125833 1.340433 0.004476
v -0.072059 1.385353 -0.016922
v -0.095413 1.353355 -0.000557
v -0.098764 1.370648 -0.021936
v -0.053549 1.405662 -0.006761
v -0.055437 1.458200 0.010409
v -0.057696 1.469622 0.014299
v -0.113938 1.364754 -0.022888
v -0.130483 1.362486 -0.022684
v -0.069478 1.511512 -0.002363
v -0.019238 1.530591 0.103269
v -0.017659 1.529815 0.104943
v -0.018120 1.530021 0.104290
v -0.012075 1.529352 0.108319
v -0.020676 1.531255 0.102517
v -0.009135 1.529087 0.112088
v -0.016962 1.529885 0.105502
v -0.015193 1.529770 0.106450
v -0.006329 1.529054 0.116427
v -0.024328 1.528581 0.102192
v -0.022019 1.529864 0.101687
v -0.030414 1.525437 0.103481
v -0.034226 1.524795 0.103219
v -0.040894 1.526051 0.100333
v -0.044166 1.529245 0.097126
v -0.025296 1.536956 0.102372
v -0.036675 1.540071 0.101650
v -0.040326 1.539138 0.100133
v -0.042874 1.537487 0.098354
v -0.032546 1.540254 0.102806
v -0.044774 1.533398 0.096294
v -0.023181 1.534169 0.101724
v -0.028507 1.539264 0.103085
v -0.027060 1.526912 0.102939
v -0.037942 1.525052 0.102071
v -0.044299 1.535511 0.096996
v -0.042935 1.527500 0.098530
v -0.044656 1.531274 0.096328
v -0.021827 1.531844 0.101596
v -0.000027 1.511261 0.136655
v -0.013495 1.344862 -0.085697
v -0.014587 1.324689 -0.091479
v -0.013330 1.456390 0.039436
v -0.018972 1.464066 0.037712
v -0.022482 1.475851 0.035877
v -0.021986 1.486495 0.039770
v -0.252343 1.067608 -0.079196
v -0.264740 1.077448 -0.041257
v -0.240665 1.101086 -0.083353
v -0.253072 1.108375 -0.039316
v -0.230753 1.136156 -0.083395
v -0.244749 1.141754 -0.034814
v -0.280951 1.049150 -0.033451
v -0.269989 1.036019 -0.075346
v -0.279468 1.020474 -0.072505
v -0.288516 1.034388 -0.029449
v -0.296758 0.990077 -0.063621
v -0.301799 1.003512 -0.022563
v -0.312627 0.961213 -0.053869
v -0.313807 0.973199 -0.015240
v -0.295399 1.019071 -0.025842
v -0.288272 1.005097 -0.068245
v -0.272872 1.063258 -0.037805
v -0.248953 1.124900 -0.036932
v -0.319661 0.947685 -0.048331
v -0.304863 0.975301 -0.058949
v -0.260103 1.051591 -0.076369
v -0.235569 1.118393 -0.083708
v -0.246393 1.084301 -0.082033
v -0.258114 1.092486 -0.041352
v -0.307997 0.988293 -0.018865
v -0.319474 0.958491 -0.011647
v -0.184667 1.114229 -0.079018
v -0.190070 1.097607 -0.078794
v -0.196111 1.080964 -0.078199
v -0.203070 1.064192 -0.076924
v -0.210436 1.047232 -0.076114
v -0.218566 1.029827 -0.075876
v -0.228403 1.013234 -0.075122
v -0.239239 0.997685 -0.072438
v -0.250159 0.982611 -0.069380
v -0.260744 0.968164 -0.065973
v -0.270738 0.954146 -0.062230
v -0.280526 0.941298 -0.058358
v -0.290430 0.929535 -0.054555
v -0.281408 0.937057 -0.009421
v -0.273039 0.950080 -0.011283
v -0.264418 0.963731 -0.013138
v -0.255837 0.978143 -0.015466
v -0.247593 0.993314 -0.018239
v -0.239898 1.008596 -0.021409
v -0.232347 1.023846 -0.024163
v -0.225247 1.039280 -0.025243
v -0.218857 1.055160 -0.025817
v -0.213279 1.071220 -0.026146
v -0.208019 1.087354 -0.025530
v -0.202587 1.103339 -0.024167
v -0.196916 1.118840 -0.022611
v -0.151072 1.219692 -0.022976
v -0.237258 1.064121 -0.027346
v -0.228752 1.059646 -0.024478
v -0.209514 1.050686 -0.031724
v -0.202412 1.046731 -0.041707
v -0.200547 1.044860 -0.054420
v -0.204008 1.045071 -0.066284
v -0.227646 1.055219 -0.089094
v -0.217679 1.050586 -0.083926
v -0.241758 1.061737 -0.086392
v -0.262308 1.073082 -0.073080
v -0.268364 1.076907 -0.064947
v -0.268341 1.078542 -0.047654
v -0.252611 1.072110 -0.032568
v -0.244963 1.068379 -0.030256
v -0.226381 1.095214 -0.021045
v -0.217297 1.091230 -0.021723
v -0.199435 1.083838 -0.032365
v -0.193007 1.080941 -0.042358
v -0.189553 1.079071 -0.054327
v -0.191035 1.079056 -0.066870
v -0.216650 1.089720 -0.090759
v -0.204880 1.084565 -0.086586
v -0.229443 1.095724 -0.089549
v -0.248512 1.105448 -0.074519
v -0.253612 1.108207 -0.065178
v -0.255336 1.109446 -0.046953
v -0.242587 1.103051 -0.027126
v -0.234938 1.099359 -0.023117
v -0.215857 1.127207 -0.014897
v -0.206288 1.122929 -0.016912
v -0.188666 1.115252 -0.031171
v -0.181784 1.112182 -0.041611
v -0.178373 1.110801 -0.053950
v -0.179227 1.111406 -0.067026
v -0.194580 1.118960 -0.087542
v -0.207048 1.124834 -0.091265
v -0.219711 1.130870 -0.089758
v -0.238974 1.140078 -0.074329
v -0.244210 1.142528 -0.064239
v -0.246831 1.143216 -0.043959
v -0.233339 1.135547 -0.020333
v -0.224991 1.131483 -0.016349
v -0.285437 1.049934 -0.041535
v -0.266366 1.043010 -0.025164
v -0.258464 1.038593 -0.024008
v -0.250273 1.034215 -0.023084
v -0.241663 1.029552 -0.022594
v -0.222962 1.017643 -0.029226
v -0.216184 1.012359 -0.039557
v -0.215418 1.009789 -0.053024
v -0.219960 1.010233 -0.065648
v -0.250050 1.023883 -0.083928
v -0.238826 1.017994 -0.081093
v -0.261001 1.030025 -0.081898
v -0.277650 1.041313 -0.067878
v -0.283876 1.045789 -0.060451
v -0.286336 1.025650 -0.065235
v -0.291274 1.030037 -0.057127
v -0.271108 1.014654 -0.077874
v -0.249757 1.002635 -0.077787
v -0.260774 1.008471 -0.079685
v -0.230567 0.994514 -0.063417
v -0.225319 0.993881 -0.051464
v -0.225337 0.996480 -0.038094
v -0.231201 1.001963 -0.027438
v -0.257436 1.019443 -0.018454
v -0.248929 1.014498 -0.018943
v -0.273644 1.028517 -0.020333
v -0.265563 1.024089 -0.018967
v -0.292879 1.034732 -0.037968
v -0.302643 0.994970 -0.056607
v -0.306333 0.999077 -0.048342
v -0.289211 0.984524 -0.068570
v -0.270460 0.972995 -0.070114
v -0.280289 0.978679 -0.070907
v -0.251872 0.964536 -0.058023
v -0.246223 0.963867 -0.046549
v -0.244560 0.966278 -0.033757
v -0.248788 0.971732 -0.022793
v -0.271876 0.990196 -0.009569
v -0.263650 0.984453 -0.011306
v -0.288134 0.999052 -0.011964
v -0.280132 0.995085 -0.009775
v -0.305905 1.003544 -0.030529
v -0.317055 0.965633 -0.046675
v -0.319216 0.969081 -0.038682
v -0.305918 0.956211 -0.058898
v -0.289364 0.946205 -0.061365
v -0.297976 0.951202 -0.061430
v -0.272366 0.937413 -0.051396
v -0.266746 0.936442 -0.040813
v -0.264931 0.938629 -0.029104
v -0.267647 0.943781 -0.018792
v -0.286723 0.961416 -0.002911
v -0.279582 0.956032 -0.005905
v -0.301732 0.969846 -0.005099
v -0.294279 0.966302 -0.002733
v -0.317501 0.972991 -0.022537
v -0.177382 1.251159 0.005565
v -0.141513 1.222886 -0.059489
v -0.142534 1.220960 -0.048008
v -0.144050 1.218491 -0.039760
v -0.146726 1.218044 -0.031950
v -0.157110 1.224913 -0.012267
v -0.165887 1.234494 -0.002005
v -0.276782 0.931087 -0.017156
v -0.274795 0.926389 -0.027216
v -0.258310 0.957303 -0.020794
v -0.254836 0.952018 -0.031374
v -0.239501 0.986519 -0.025097
v -0.234475 0.980768 -0.036019
v -0.215604 1.033916 -0.030502
v -0.208238 1.029311 -0.040456
v -0.204368 1.067413 -0.032434
v -0.197688 1.064199 -0.042089
v -0.187457 1.096809 -0.042230
v -0.194176 1.099738 -0.031928
v -0.308314 0.955663 -0.001977
v -0.295063 0.984247 -0.008447
v -0.280997 1.013893 -0.015721
v -0.259363 1.057367 -0.029671
v -0.247137 1.087423 -0.030727
v -0.238102 1.119254 -0.023315
v -0.282585 0.925754 -0.048315
v -0.262113 0.950430 -0.054823
v -0.241378 0.979149 -0.060822
v -0.210388 1.026971 -0.066315
v -0.197944 1.062492 -0.066321
v -0.184858 1.095251 -0.067154
v -0.323396 0.951530 -0.041320
v -0.325094 0.954503 -0.033596
v -0.310086 0.980061 -0.051903
v -0.313048 0.983912 -0.043702
v -0.294669 1.010156 -0.061420
v -0.298962 1.014409 -0.053127
v -0.269673 1.057242 -0.070217
v -0.276808 1.061736 -0.063335
v -0.254873 1.089013 -0.073980
v -0.259960 1.092000 -0.065245
v -0.243563 1.122441 -0.074535
v -0.248575 1.124991 -0.064730
v -0.313778 0.943151 -0.053610
v -0.297652 0.969953 -0.063915
v -0.280357 0.999484 -0.073194
v -0.250314 1.045614 -0.084335
v -0.235370 1.078701 -0.088531
v -0.224450 1.112994 -0.089776
v -0.298582 0.934014 -0.056998
v -0.306567 0.938551 -0.056555
v -0.279841 0.959202 -0.065817
v -0.289120 0.964541 -0.066243
v -0.260235 0.987560 -0.073967
v -0.270820 0.993382 -0.075196
v -0.238198 1.039073 -0.088067
v -0.227281 1.033616 -0.083854
v -0.222273 1.072589 -0.089914
v -0.210964 1.067678 -0.085209
v -0.211676 1.107154 -0.091048
v -0.199581 1.101597 -0.087179
v -0.299561 1.019166 -0.034264
v -0.272840 1.009656 -0.013856
v -0.264661 1.004946 -0.013653
v -0.256250 0.999552 -0.014853
v -0.235652 0.978479 -0.049220
v -0.256519 0.949746 -0.043601
v -0.195527 1.062283 -0.054203
v -0.277123 1.064469 -0.044983
v -0.277036 0.924438 -0.038313
v -0.221250 1.111248 -0.017725
v -0.211874 1.107221 -0.019165
v -0.251020 1.126098 -0.045432
v -0.287182 0.980517 -0.006091
v -0.230145 1.115411 -0.019402
v -0.183964 1.095023 -0.054394
v -0.206586 1.026821 -0.053605
v -0.294147 0.947896 -0.000442
v -0.287426 0.942773 -0.003806
v -0.243573 1.048933 -0.026740
v -0.235002 1.044479 -0.024284
v -0.260843 1.093520 -0.048079
v -0.279161 0.975675 -0.006072
v -0.271548 0.969979 -0.008339
v -0.301365 0.952342 0.000035
v -0.251538 1.053231 -0.028536
v -0.311927 0.988192 -0.026500
v -0.322906 0.958096 -0.018449
v -0.231745 1.079447 -0.024732
v -0.222836 1.075158 -0.023683
v -0.239766 1.083714 -0.027252
v -0.212820 1.278213 -0.016301
v -0.203619 1.281868 -0.067680
v -0.140176 1.227875 -0.076474
v -0.193425 1.261839 0.002122
v -0.216182 1.283146 -0.029455
v -0.211722 1.285177 -0.056338
v -0.180411 1.266712 -0.086291
v -0.151541 1.243112 -0.084727
v -0.166020 1.255189 -0.089370
v -0.165386 1.253586 0.007970
v -0.123356 1.209898 -0.082343
v -0.132452 1.198920 -0.065235
v -0.136458 1.195569 -0.048846
v -0.137674 1.196335 -0.036294
v -0.137923 1.202982 -0.025044
v -0.138018 1.214423 -0.015091
v -0.140882 1.229346 -0.007913
v -0.150226 1.244122 0.002309
v -0.194208 1.302612 -0.066420
v -0.207079 1.300309 -0.012158
v -0.128192 1.246046 -0.093820
v -0.187951 1.282152 0.007253
v -0.203244 1.307042 -0.055163
v -0.170092 1.285979 -0.084696
v -0.142280 1.261128 -0.092610
v -0.210306 1.305827 -0.026631
v -0.156512 1.274451 -0.090474
v -0.164220 1.265158 0.014628
v -0.111575 1.231579 -0.095768
v -0.152803 1.255750 0.017510
v -0.147008 1.354016 -0.010065
v -0.135646 1.356617 -0.057324
v -0.084865 1.324564 -0.097860
v -0.055792 1.270704 0.073445
v -0.042214 1.268921 0.076919
v -0.079928 1.278070 0.062575
v -0.068386 1.273775 0.068509
v -0.140145 1.335918 0.008817
v -0.141799 1.359873 -0.046446
v -0.119104 1.347043 -0.076485
v -0.097501 1.333011 -0.092448
v -0.135985 1.325745 0.014104
v -0.148371 1.361646 -0.022266
v -0.059777 1.308915 -0.100208
v -0.046596 1.306006 -0.097603
v -0.108861 1.340583 -0.084871
v -0.131101 1.316843 0.017765
v -0.014236 1.266467 0.079109
v -0.015672 1.303928 -0.095450
v -0.031526 1.304670 -0.096937
v -0.108679 1.296796 0.038875
v -0.100207 1.290007 0.047824
v -0.090622 1.283565 0.055823
v -0.028447 1.267518 0.078687
v -0.116517 1.303581 0.029911
v -0.071915 1.315941 -0.101132
v -0.124232 1.309948 0.022564
v -0.165967 1.350074 -0.006802
v -0.151874 1.348238 -0.062188
v -0.167363 1.335961 -0.064464
v -0.181710 1.320634 -0.065534
v -0.185077 1.340506 -0.004894
v -0.198943 1.321954 -0.007419
v -0.095134 1.306954 -0.099203
v -0.105651 1.288254 -0.099451
v -0.116536 1.267999 -0.098878
v -0.134474 1.200531 -0.001332
v -0.134479 1.185930 0.015006
v -0.136095 1.170373 0.034217
v -0.134188 1.158117 0.058129
v -0.125835 1.150773 0.083100
v -0.110219 1.148158 0.104873
v -0.088662 1.150419 0.119765
v -0.064014 1.156937 0.123932
v -0.041910 1.163038 0.118530
v -0.020812 1.163821 0.111551
v -0.063205 1.254285 0.085111
v -0.047531 1.252766 0.087935
v -0.070989 1.238369 0.099592
v -0.052642 1.237302 0.101483
v -0.078748 1.221747 0.113952
v -0.057196 1.221267 0.114706
v -0.060396 1.204641 0.124598
v -0.062375 1.187630 0.129556
v -0.088503 1.184762 0.128956
v -0.063447 1.171117 0.129320
v -0.089500 1.166268 0.127283
v -0.063795 1.145881 0.113926
v -0.086047 1.139800 0.107538
v -0.061118 1.131607 0.104382
v -0.079602 1.128945 0.092585
v -0.079835 1.110803 0.088902
v -0.061924 1.113439 0.103784
v -0.081380 1.090767 0.085727
v -0.064783 1.092648 0.102787
v -0.066500 1.068087 0.098007
v -0.084250 1.067169 0.082632
v -0.068901 1.034255 0.091775
v -0.089086 1.036891 0.079463
v -0.072383 0.995163 0.091131
v -0.095158 1.001852 0.080225
v -0.074035 0.969247 0.091515
v -0.098486 0.974105 0.082584
v -0.074528 0.944157 0.089325
v -0.099368 0.947076 0.082012
v -0.075638 0.916583 0.085894
v -0.101651 0.918357 0.080978
v -0.076089 0.889761 0.081257
v -0.102203 0.891654 0.076643
v -0.075774 0.863115 0.072754
v -0.102184 0.865513 0.070843
v -0.076130 0.834781 0.065799
v -0.102646 0.838166 0.069119
v -0.089625 1.260346 0.071729
v -0.077441 1.256683 0.079521
v -0.101072 1.242256 0.082945
v -0.087587 1.239880 0.093247
v -0.112687 1.224134 0.093998
v -0.084543 1.203872 0.124535
v -0.127880 1.185121 0.102707
v -0.111492 1.184647 0.120301
v -0.129159 1.166063 0.095951
v -0.112424 1.164154 0.115563
v -0.104723 1.137658 0.090734
v -0.115790 1.140435 0.068020
v -0.095280 1.127169 0.076525
v -0.108352 1.126912 0.057768
v -0.109271 1.108786 0.053527
v -0.096809 1.108886 0.072537
v -0.109189 1.088182 0.050711
v -0.097458 1.089214 0.068695
v -0.099081 1.066115 0.065924
v -0.109094 1.064451 0.048559
v -0.102996 1.038307 0.064223
v -0.111030 1.037430 0.047357
v -0.110626 1.007015 0.066230
v -0.119898 1.008987 0.049006
v -0.117848 0.978486 0.070647
v -0.130170 0.980848 0.051563
v -0.119987 0.950359 0.071364
v -0.134965 0.951380 0.052262
v -0.123806 0.921764 0.072213
v -0.139217 0.923727 0.053161
v -0.125733 0.893726 0.069202
v -0.143096 0.896144 0.052603
v -0.126306 0.867674 0.066508
v -0.146035 0.869973 0.052631
v -0.127201 0.841030 0.066116
v -0.148080 0.843468 0.053597
v -0.085679 1.126941 -0.066566
v -0.080408 1.103390 -0.061964
v -0.063958 1.127028 -0.074225
v -0.060112 1.102868 -0.070443
v -0.106001 1.127724 -0.054511
v -0.099821 1.105142 -0.049703
v -0.121239 1.131982 -0.035868
v -0.115710 1.110474 -0.031381
v -0.126241 1.141258 -0.012813
v -0.122153 1.120323 -0.008442
v -0.121769 1.128311 0.015229
v -0.124390 1.153161 0.015470
v -0.122173 1.205358 0.101757
v -0.120647 1.105548 0.015360
v -0.119003 1.097457 -0.006124
v -0.094116 1.083355 -0.045625
v -0.076237 1.080905 -0.059000
v -0.089302 1.061585 -0.042583
v -0.071724 1.059777 -0.054621
v -0.068685 1.037925 -0.050672
v -0.085861 1.039502 -0.041511
v -0.088057 1.017057 -0.046353
v -0.070151 1.014678 -0.055097
v -0.093177 0.994176 -0.053149
v -0.073694 0.990745 -0.061590
v -0.100152 0.971189 -0.062586
v -0.078834 0.967661 -0.072554
v -0.108092 0.947200 -0.073120
v -0.085807 0.945333 -0.086777
v -0.115933 0.922152 -0.082009
v -0.093660 0.921864 -0.100285
v -0.123912 0.896254 -0.089488
v -0.102058 0.896237 -0.112131
v -0.131327 0.868666 -0.094404
v -0.109946 0.866823 -0.120277
v -0.138238 0.839372 -0.096014
v -0.116538 0.834163 -0.122342
v -0.115006 1.055776 0.014797
v -0.117267 1.029537 0.012405
v -0.111166 1.048652 -0.005188
v -0.112749 1.023821 -0.008998
v -0.100174 1.042628 -0.024919
v -0.103440 1.020204 -0.030591
v -0.051315 1.036827 -0.055646
v -0.052010 1.012938 -0.059842
v -0.057606 0.964011 -0.076762
v -0.062924 0.942770 -0.093794
v -0.118717 0.974449 -0.044824
v -0.126461 0.948822 -0.051547
v -0.131143 0.977124 -0.021320
v -0.139679 0.950974 -0.025117
v -0.134557 0.978750 0.004739
v -0.145152 0.952345 0.003205
v -0.179849 1.301236 0.012118
v -0.175885 1.272624 0.012275
v -0.168015 1.317639 0.015658
v -0.153987 1.329112 0.013585
v -0.191517 1.326312 -0.054638
v -0.176857 1.342645 -0.053921
v -0.159360 1.353245 -0.050402
v -0.158285 1.303524 -0.083594
v -0.145559 1.319598 -0.082524
v -0.132424 1.334091 -0.080734
v -0.131441 1.280640 -0.096714
v -0.120050 1.298879 -0.095851
v -0.108692 1.316357 -0.094480
v -0.147769 1.317193 0.017673
v -0.167680 1.356220 -0.022130
v -0.066150 1.290709 -0.101749
v -0.050544 1.285887 -0.100387
v -0.159395 1.304902 0.017938
v -0.168938 1.290152 0.015728
v -0.073455 1.269418 -0.103449
v -0.081642 1.245273 -0.103337
v -0.055330 1.263250 -0.102546
v -0.060467 1.238402 -0.102409
v -0.187328 1.346147 -0.022330
v -0.201727 1.327871 -0.024045
v -0.118091 1.081239 0.015420
v -0.114364 1.073500 -0.004904
v -0.090548 1.218374 -0.098215
v -0.066203 1.211144 -0.098484
v -0.100280 1.187245 -0.084538
v -0.069633 1.182405 -0.089070
v -0.056712 1.080639 -0.066601
v -0.053459 1.059464 -0.060382
v -0.109574 1.088582 -0.027933
v -0.104146 1.066033 -0.025319
v -0.124985 1.004210 0.008260
v -0.121051 1.000904 -0.015655
v -0.110389 0.997890 -0.037550
v -0.053904 0.987862 -0.064833
v -0.152012 0.924985 0.002719
v -0.157282 0.898220 0.001914
v -0.145861 0.923727 -0.027457
v -0.150620 0.896932 -0.029513
v -0.133344 0.922375 -0.056841
v -0.138856 0.895859 -0.060675
v -0.068737 0.919984 -0.110062
v -0.074969 0.894064 -0.125486
v -0.162429 0.872165 0.001460
v -0.156133 0.870950 -0.031241
v -0.145292 0.869403 -0.063819
v -0.080679 0.862353 -0.136116
v -0.086185 0.826288 -0.138709
v -0.151745 0.842409 -0.064780
v -0.161860 0.844518 -0.032048
v -0.167180 0.845898 0.001922
v -0.120976 1.325506 -0.088103
v -0.133350 1.309646 -0.090055
v -0.145516 1.292816 -0.091579
v -0.158779 1.280217 0.018972
v -0.150620 1.294138 0.020476
v -0.140921 1.306648 0.020280
v -0.021056 0.856050 0.078458
v -0.021020 0.885989 0.088328
v -0.021142 0.912519 0.097079
v -0.021723 0.937913 0.105536
v -0.022840 0.963416 0.110736
v -0.022173 1.029271 0.111113
v -0.022703 1.068450 0.115302
v -0.022457 1.096471 0.117970
v -0.021735 1.118131 0.118198
v -0.021212 1.135710 0.116861
v -0.020894 1.150474 0.113788
v -0.020891 1.176993 0.111432
v -0.020668 1.190330 0.111244
v -0.019892 1.203999 0.108633
v -0.018780 1.218488 0.103126
v -0.017549 1.233750 0.095222
v -0.015946 1.249644 0.086580
v -0.017011 1.281577 -0.097713
v -0.034142 1.282995 -0.100126
v -0.018554 1.257295 -0.097875
v -0.037010 1.259338 -0.101995
v -0.020063 1.231600 -0.095740
v -0.040176 1.233883 -0.100619
v -0.021416 1.205324 -0.091774
v -0.043254 1.207213 -0.095776
v -0.022198 1.179041 -0.086226
v -0.045133 1.180155 -0.088740
v -0.020722 1.128664 -0.073907
v -0.041907 1.127463 -0.077224
v -0.019518 1.105494 -0.068350
v -0.039382 1.103740 -0.072593
v -0.018377 1.082948 -0.062856
v -0.037155 1.081370 -0.067488
v -0.017570 1.060222 -0.057814
v -0.035395 1.059699 -0.061446
v -0.017070 1.035475 -0.055554
v -0.034224 1.036087 -0.057835
v -0.016802 1.010071 -0.060827
v -0.034230 1.011469 -0.061875
v -0.017233 0.984949 -0.068984
v -0.035156 0.986147 -0.068165
v -0.018571 0.961792 -0.082553
v -0.037683 0.962606 -0.080648
v -0.020120 0.938688 -0.097188
v -0.040989 0.940430 -0.096765
v -0.021687 0.913133 -0.109456
v -0.044307 0.916528 -0.112033
v -0.022965 0.886152 -0.123563
v -0.047533 0.890058 -0.128186
v -0.023345 0.853212 -0.133497
v -0.049859 0.857282 -0.140404
v -0.023885 0.812605 -0.131231
v -0.052312 0.817552 -0.141297
v -0.047885 0.829460 0.063045
v -0.047665 0.859251 0.076456
v -0.047801 0.887659 0.085294
v -0.047772 0.914495 0.092001
v -0.048298 0.940692 0.099048
v -0.049155 0.965673 0.104057
v -0.048699 0.991871 0.105397
v -0.046864 1.031658 0.105293
v -0.045101 1.068129 0.110178
v -0.044040 1.094757 0.114752
v -0.042485 1.116253 0.115454
v -0.041663 1.134032 0.114220
v -0.041446 1.149595 0.112562
v -0.118526 1.281398 0.043399
v -0.127207 1.264674 0.045745
v -0.132878 1.247321 0.044275
v -0.135897 1.230524 0.041638
v -0.139062 1.215892 0.037009
v -0.139202 1.200710 0.027873
v -0.129231 1.172231 -0.001952
v -0.130488 1.160458 -0.021317
v -0.126045 1.153387 -0.041592
v -0.112856 1.151652 -0.060477
v -0.092107 1.153158 -0.073998
v -0.067877 1.153615 -0.079828
v -0.044341 1.152938 -0.082629
v -0.021914 1.153352 -0.079724
v -0.109807 1.273220 0.053180
v -0.118910 1.254617 0.056651
v -0.127445 1.235457 0.059468
v -0.135049 1.218735 0.061185
v -0.140224 1.202184 0.057759
v -0.141269 1.185733 0.048483
v -0.162285 0.845178 0.031959
v -0.158414 0.871641 0.030395
v -0.153680 0.897744 0.029776
v -0.149361 0.924595 0.029820
v -0.142571 0.951964 0.029118
v -0.134045 0.980274 0.028999
v -0.124709 1.007764 0.030111
v -0.115716 1.034539 0.030894
v -0.114136 1.061273 0.031795
v -0.116095 1.086166 0.033076
v -0.117197 1.108576 0.034536
v -0.116585 1.128972 0.036928
v -0.121079 1.146414 0.044177
v -0.138641 1.173350 0.072191
v -0.137446 1.191293 0.080925
v -0.131329 1.210095 0.082017
v -0.122111 1.228339 0.077501
v -0.110914 1.246978 0.069931
v -0.100226 1.265858 0.062507
v -0.031660 1.251257 0.088255
v -0.034453 1.235912 0.099842
v -0.036523 1.220535 0.110630
v -0.038015 1.205026 0.118705
v -0.039214 1.190031 0.122717
v -0.040626 1.175956 0.122745
v -0.126214 1.289488 0.033641
v -0.135061 1.274633 0.035568
v -0.141586 1.259251 0.033602
v -0.142004 1.244821 0.026769
v -0.137489 1.231210 0.018774
v -0.135773 1.215510 0.010046
v -0.134291 1.187855 -0.014686
v -0.133977 1.178865 -0.029838
v -0.130719 1.174827 -0.046372
v -0.121574 1.176641 -0.065225
v -0.106466 1.205171 0.117319
v -0.097927 1.222486 0.106634
v -0.022395 0.990250 0.112190
v -0.080759 1.297910 -0.102102
v -0.090093 1.277973 -0.102473
v -0.100085 1.255749 -0.101380
v -0.149702 1.269983 0.024450
v -0.142512 1.284171 0.026249
v -0.133466 1.297674 0.025451
v -0.013870 0.760604 0.003050
v -0.014880 0.754442 -0.027319
v -0.021294 0.762019 -0.058109
v -0.095844 0.762788 -0.113184
v -0.098978 0.733988 -0.098113
v -0.102048 0.703042 -0.091303
v -0.104511 0.670973 -0.089227
v -0.106604 0.638610 -0.088359
v -0.108753 0.605598 -0.087825
v -0.110495 0.572821 -0.083987
v -0.111458 0.541039 -0.080381
v -0.112567 0.510504 -0.079871
v -0.113583 0.482478 -0.083499
v -0.113904 0.456639 -0.085952
v -0.113919 0.432975 -0.091923
v -0.114452 0.409351 -0.097911
v -0.115441 0.385057 -0.104086
v -0.116670 0.359677 -0.109983
v -0.117501 0.332478 -0.114367
v -0.117779 0.304277 -0.116220
v -0.118026 0.276615 -0.115622
v -0.118797 0.250542 -0.113584
v -0.120017 0.226392 -0.110785
v -0.120872 0.205500 -0.108382
v -0.115883 0.209053 -0.033111
v -0.115102 0.228219 -0.029683
v -0.114045 0.249607 -0.025439
v -0.113149 0.272440 -0.021580
v -0.112055 0.296602 -0.018002
v -0.110495 0.321820 -0.015040
v -0.108209 0.347188 -0.011747
v -0.105376 0.372241 -0.007734
v -0.102059 0.396849 -0.002852
v -0.097007 0.421138 0.005415
v -0.090974 0.445510 0.016435
v -0.087176 0.473553 0.023847
v -0.084677 0.504118 0.028843
v -0.082284 0.536310 0.035380
v -0.079552 0.569992 0.043128
v -0.077999 0.605157 0.050828
v -0.077069 0.640811 0.057572
v -0.076510 0.676379 0.062775
v -0.075854 0.710923 0.066246
v -0.075346 0.743610 0.067440
v -0.075356 0.774488 0.067140
v -0.065870 0.756638 -0.107007
v -0.071830 0.729349 -0.093628
v -0.075862 0.698684 -0.088617
v -0.078858 0.667977 -0.087965
v -0.081587 0.636611 -0.086527
v -0.084451 0.604628 -0.085409
v -0.087712 0.572870 -0.081885
v -0.090105 0.541346 -0.079703
v -0.092082 0.510908 -0.079090
v -0.093468 0.482344 -0.081002
v -0.095071 0.455705 -0.081754
v -0.095358 0.431272 -0.086655
v -0.095152 0.407627 -0.092705
v -0.095610 0.383376 -0.098524
v -0.095984 0.358010 -0.104031
v -0.096550 0.331009 -0.108163
v -0.097575 0.303318 -0.110017
v -0.099048 0.276016 -0.109763
v -0.101389 0.250712 -0.108041
v -0.104221 0.227227 -0.105988
v -0.106316 0.206783 -0.104387
v -0.105607 0.210055 -0.039598
v -0.104008 0.229094 -0.036450
v -0.102160 0.250506 -0.032776
v -0.100615 0.273484 -0.029068
v -0.099208 0.297788 -0.025717
v -0.097601 0.323015 -0.022876
v -0.095167 0.348261 -0.019958
v -0.092495 0.373356 -0.016273
v -0.089182 0.397948 -0.011418
v -0.085546 0.422786 -0.005011
v -0.078323 0.447250 0.004177
v -0.074900 0.475835 0.009644
v -0.070464 0.505959 0.015683
v -0.066317 0.537796 0.022557
v -0.062891 0.571048 0.029272
v -0.060435 0.605721 0.035533
v -0.058819 0.640389 0.040523
v -0.056762 0.674241 0.045408
v -0.053807 0.706407 0.049783
v -0.051751 0.737295 0.052368
v -0.050150 0.766671 0.052916
v -0.020050 0.743949 0.004127
v -0.022143 0.722195 0.004031
v -0.026805 0.697132 0.001707
v -0.031424 0.669331 -0.001337
v -0.037506 0.638704 -0.004919
v -0.041739 0.606287 -0.008108
v -0.045267 0.573213 -0.011890
v -0.047454 0.540270 -0.015843
v -0.051344 0.508700 -0.020449
v -0.054642 0.478692 -0.024831
v -0.059316 0.450822 -0.028717
v -0.065987 0.425329 -0.033256
v -0.071131 0.400612 -0.037739
v -0.074133 0.375880 -0.041472
v -0.074810 0.350384 -0.043317
v -0.074697 0.324448 -0.044330
v -0.075780 0.298566 -0.046122
v -0.078029 0.273464 -0.049304
v -0.081902 0.249872 -0.052426
v -0.086803 0.228227 -0.054986
v -0.090698 0.208850 -0.056915
v -0.167217 0.788971 0.034838
v -0.167119 0.757219 0.035473
v -0.165199 0.721945 0.035406
v -0.163247 0.683791 0.034419
v -0.160737 0.644272 0.032097
v -0.158589 0.605738 0.028134
v -0.154348 0.569234 0.022286
v -0.148674 0.535762 0.014095
v -0.144538 0.504505 0.005681
v -0.141866 0.475309 -0.002209
v -0.146421 0.447969 -0.006174
v -0.149436 0.422534 -0.011700
v -0.154825 0.397950 -0.016229
v -0.159547 0.373408 -0.020129
v -0.162382 0.348143 -0.024688
v -0.163461 0.322451 -0.029289
v -0.163594 0.296627 -0.033610
v -0.162373 0.271435 -0.037585
v -0.160270 0.247154 -0.040849
v -0.157485 0.224196 -0.043171
v -0.155340 0.204285 -0.045259
v -0.160328 0.203126 -0.058006
v -0.162996 0.223591 -0.056837
v -0.166008 0.247491 -0.055454
v -0.168604 0.272503 -0.053060
v -0.170571 0.298376 -0.049651
v -0.170875 0.324639 -0.045582
v -0.169625 0.350694 -0.040916
v -0.166751 0.375882 -0.036342
v -0.161273 0.400140 -0.032130
v -0.156061 0.424477 -0.027317
v -0.154068 0.449658 -0.021618
v -0.152058 0.476518 -0.016666
v -0.152324 0.505598 -0.010489
v -0.156021 0.536616 -0.003974
v -0.161796 0.570218 0.001384
v -0.167158 0.606439 0.004889
v -0.170651 0.644845 0.006519
v -0.174143 0.684275 0.007134
v -0.176722 0.722888 0.006611
v -0.178532 0.758416 0.005695
v -0.177966 0.790160 0.004492
v -0.031040 0.756024 0.031025
v -0.033234 0.729840 0.031254
v -0.036765 0.701819 0.028382
v -0.041359 0.671700 0.023910
v -0.046146 0.639888 0.018784
v -0.048281 0.606220 0.014979
v -0.051826 0.572523 0.009946
v -0.054808 0.539281 0.004769
v -0.059866 0.507934 -0.001557
v -0.066193 0.478465 -0.008134
v -0.069440 0.449865 -0.012431
v -0.074983 0.424430 -0.018398
v -0.078635 0.399638 -0.023597
v -0.081772 0.374735 -0.028035
v -0.083778 0.349486 -0.030591
v -0.084972 0.323936 -0.032086
v -0.086449 0.298326 -0.034347
v -0.088118 0.273682 -0.037682
v -0.090777 0.250409 -0.041305
v -0.093900 0.228961 -0.044562
v -0.096832 0.209870 -0.047071
v -0.094796 0.207621 -0.094421
v -0.091516 0.227689 -0.095368
v -0.087493 0.250392 -0.096476
v -0.083852 0.275133 -0.097441
v -0.081469 0.301720 -0.097030
v -0.080368 0.328985 -0.095009
v -0.080332 0.355579 -0.091237
v -0.080604 0.380937 -0.086276
v -0.080484 0.405375 -0.081431
v -0.079407 0.429641 -0.077433
v -0.076386 0.454865 -0.076804
v -0.072724 0.481990 -0.077850
v -0.070703 0.511131 -0.075475
v -0.069628 0.541701 -0.072916
v -0.067773 0.573061 -0.071810
v -0.063316 0.604308 -0.073629
v -0.059073 0.635451 -0.075146
v -0.054881 0.665755 -0.076453
v -0.050898 0.694818 -0.077371
v -0.046949 0.723459 -0.080035
v -0.042999 0.752369 -0.084312
v -0.088886 0.207788 -0.081923
v -0.135194 0.225650 -0.109238
v -0.136339 0.249814 -0.111826
v -0.137497 0.276146 -0.113714
v -0.138661 0.304272 -0.114052
v -0.072692 0.378793 -0.071099
v -0.071723 0.353262 -0.074990
v -0.070737 0.377009 -0.055896
v -0.069713 0.351452 -0.058283
v -0.071535 0.300110 -0.080190
v -0.074721 0.273997 -0.081317
v -0.069660 0.298906 -0.062025
v -0.072709 0.273292 -0.064267
v -0.071721 0.403506 -0.067245
v -0.136486 0.385409 -0.101761
v -0.138258 0.359759 -0.107937
v -0.168387 0.301914 -0.087062
v -0.165515 0.274599 -0.088544
v -0.156550 0.303313 -0.103352
v -0.154334 0.275521 -0.104050
v -0.162244 0.248291 -0.088695
v -0.158235 0.223534 -0.088205
v -0.151695 0.249112 -0.103018
v -0.148576 0.224615 -0.101286
v -0.166830 0.247759 -0.071980
v -0.163261 0.223236 -0.072563
v -0.169965 0.273534 -0.070636
v -0.172765 0.299963 -0.068117
v -0.168284 0.356105 -0.079573
v -0.156703 0.358545 -0.097141
v -0.165169 0.381695 -0.073850
v -0.154712 0.384396 -0.091169
v -0.161316 0.405587 -0.067469
v -0.151833 0.408495 -0.083937
v -0.134701 0.409322 -0.094214
v -0.079571 0.249656 -0.081737
v -0.084538 0.227252 -0.081556
v -0.077877 0.249418 -0.066342
v -0.083502 0.227569 -0.067429
v -0.087715 0.208049 -0.068902
v -0.134334 0.204638 -0.106868
v -0.154889 0.202654 -0.087130
v -0.159968 0.202525 -0.072819
v -0.146312 0.203563 -0.099400
v -0.017465 0.737279 -0.026429
v -0.019930 0.717350 -0.026924
v -0.101330 0.714381 0.075085
v -0.100670 0.678188 0.071187
v -0.126927 0.717315 0.071920
v -0.125445 0.680109 0.068965
v -0.148542 0.719939 0.058105
v -0.146874 0.682266 0.056040
v -0.149732 0.754922 0.058704
v -0.180993 0.756652 -0.028041
v -0.179419 0.721083 -0.025327
v -0.178472 0.788794 -0.030462
v -0.170958 0.751913 -0.059152
v -0.167470 0.784240 -0.062510
v -0.151156 0.745944 -0.081386
v -0.148289 0.777895 -0.087469
v -0.170145 0.717260 -0.053922
v -0.150014 0.786745 0.057362
v -0.128660 0.784214 0.072358
v -0.102256 0.780321 0.075592
v -0.127917 0.752254 0.073294
v -0.101735 0.748537 0.076483
v -0.175939 0.683150 -0.022548
v -0.167975 0.680749 -0.049465
v -0.166156 0.643618 -0.046305
v -0.172149 0.644596 -0.020813
v -0.168007 0.606884 -0.020116
v -0.143226 0.605050 0.046100
v -0.145021 0.643268 0.052211
v -0.163475 0.607007 -0.044379
v -0.148772 0.572283 -0.062494
v -0.151263 0.606707 -0.065729
v -0.159467 0.571858 -0.043036
v -0.162646 0.571152 -0.020788
v -0.151790 0.642007 -0.067320
v -0.151036 0.677640 -0.069756
v -0.151032 0.712588 -0.074527
v -0.127491 0.707692 -0.086505
v -0.125875 0.739609 -0.094420
v -0.129227 0.674259 -0.082842
v -0.123956 0.642132 0.063906
v -0.100039 0.641241 0.065671
v -0.099903 0.604768 0.057903
v -0.122839 0.604755 0.056461
v -0.121482 0.568931 0.047520
v -0.100482 0.569412 0.048931
v -0.120373 0.534797 0.038375
v -0.101333 0.535337 0.040683
v -0.140276 0.568762 0.038433
v -0.136853 0.534866 0.029083
v -0.102072 0.502669 0.035898
v -0.103549 0.472089 0.031068
v -0.120674 0.502101 0.033226
v -0.121763 0.472236 0.028237
v -0.126485 0.421869 0.010691
v -0.124272 0.445283 0.020678
v -0.110974 0.420788 0.011157
v -0.106813 0.445222 0.020973
v -0.047129 0.509375 -0.040844
v -0.048871 0.479329 -0.044340
v -0.045892 0.573401 -0.034407
v -0.046463 0.540925 -0.037529
v -0.037516 0.637176 -0.030122
v -0.030710 0.666917 -0.028889
v -0.044357 0.635715 -0.054496
v -0.038187 0.665193 -0.055210
v -0.049668 0.604780 -0.054533
v -0.042663 0.605769 -0.032230
v -0.053645 0.573346 -0.055012
v -0.132221 0.606297 -0.080893
v -0.132169 0.572617 -0.077397
v -0.130960 0.640354 -0.081595
v -0.054352 0.541480 -0.057577
v -0.028655 0.718548 -0.056951
v -0.032544 0.693038 -0.055873
v -0.027089 0.742579 -0.057087
v -0.024537 0.693905 -0.027883
v -0.124574 0.770596 -0.105891
v -0.133597 0.370996 -0.003411
v -0.129380 0.396467 0.000663
v -0.119348 0.371350 -0.003753
v -0.115786 0.396546 0.001419
v -0.143008 0.396555 -0.004822
v -0.147895 0.371771 -0.008324
v -0.163392 0.402771 -0.049525
v -0.168713 0.378753 -0.054760
v -0.157720 0.451548 -0.037249
v -0.159274 0.426716 -0.043664
v -0.139295 0.421462 0.000868
v -0.139077 0.446582 0.010099
v -0.172231 0.353362 -0.059701
v -0.151132 0.346307 -0.012671
v -0.153225 0.295370 -0.021454
v -0.152671 0.270723 -0.025790
v -0.126628 0.271374 -0.017961
v -0.140313 0.270685 -0.019136
v -0.125787 0.295397 -0.013673
v -0.140163 0.294916 -0.014452
v -0.136924 0.345578 -0.006776
v -0.122190 0.346032 -0.007092
v -0.062965 0.426476 -0.049262
v -0.054936 0.451621 -0.046808
v -0.068673 0.401880 -0.052459
v -0.061379 0.453254 -0.064675
v -0.067814 0.428000 -0.064908
v -0.055627 0.480839 -0.064485
v -0.054024 0.510457 -0.061090
v -0.131561 0.481720 -0.076133
v -0.130350 0.509709 -0.072690
v -0.133011 0.432528 -0.086960
v -0.131522 0.456061 -0.080018
v -0.127496 0.226800 -0.027222
v -0.138995 0.225935 -0.028864
v -0.126984 0.248553 -0.022615
v -0.139618 0.247679 -0.024195
v -0.147443 0.205649 -0.036762
v -0.149001 0.225170 -0.033882
v -0.150952 0.247310 -0.030190
v -0.138449 0.206456 -0.032085
v -0.127753 0.207492 -0.030646
v -0.130509 0.540398 -0.073078
v -0.155001 0.538603 -0.042540
v -0.144474 0.539464 -0.059066
v -0.153229 0.507514 -0.044372
v -0.156297 0.506510 -0.027476
v -0.153177 0.479182 -0.047772
v -0.156671 0.477844 -0.032243
v -0.158101 0.537669 -0.023200
v -0.157749 0.429189 -0.060561
v -0.148509 0.431398 -0.075973
v -0.154516 0.453394 -0.053035
v -0.143899 0.454599 -0.067077
v -0.142156 0.480271 -0.061446
v -0.142301 0.508552 -0.058685
v -0.135662 0.502820 0.021917
v -0.134459 0.473735 0.014688
v -0.152517 0.320756 -0.017199
v -0.173925 0.327017 -0.064354
v -0.169580 0.329324 -0.084001
v -0.157378 0.331213 -0.100938
v -0.139035 0.332485 -0.111929
v -0.070875 0.326946 -0.078098
v -0.069017 0.325268 -0.060207
v -0.124422 0.320680 -0.010259
v -0.139015 0.320063 -0.010657
v -0.056891 0.781315 -0.126927
v -0.026261 0.771875 -0.103161
v -0.121994 0.801275 -0.117302
v -0.091316 0.791076 -0.130744
v -0.144258 0.808980 -0.093129
v -0.159057 0.813995 -0.063731
v -0.169716 0.817377 -0.031604
v -0.173171 0.819023 0.003038
v -0.165428 0.817863 0.033637
v -0.102845 0.809720 0.072329
v -0.128352 0.813370 0.069663
v -0.149398 0.815935 0.055602
v -0.075743 0.804767 0.066175
v -0.050228 0.797715 0.051558
v -0.021167 0.821191 0.064794
v -0.021204 0.783344 0.037505
v -0.156841 1.327977 -0.073477
v -0.192976 1.275674 -0.078076
v -0.170071 1.312543 -0.074136
v -0.128015 1.352375 -0.067426
v -0.142859 1.341765 -0.072396
v -0.182767 1.295406 -0.076077
v -0.239498 1.160466 -0.063166
v -0.234504 1.178999 -0.061978
v -0.228859 1.198178 -0.060304
v -0.224105 1.218430 -0.059029
v -0.221122 1.240160 -0.058591
v -0.217189 1.262411 -0.057923
v -0.242025 1.160843 -0.042403
v -0.236433 1.178807 -0.040743
v -0.230489 1.197548 -0.039090
v -0.226153 1.217482 -0.037158
v -0.223746 1.238623 -0.034764
v -0.220571 1.260618 -0.032268
v -0.216788 1.256263 -0.020329
v -0.220204 1.234963 -0.023995
v -0.223511 1.214592 -0.027266
v -0.228149 1.195258 -0.029412
v -0.234168 1.176839 -0.031116
v -0.239778 1.159155 -0.032901
v -0.228041 1.152261 -0.017624
v -0.222271 1.169256 -0.015515
v -0.216522 1.186676 -0.013372
v -0.210546 1.204566 -0.010717
v -0.204961 1.223049 -0.007206
v -0.199154 1.242186 -0.002828
v -0.219457 1.147739 -0.013729
v -0.213544 1.164298 -0.011434
v -0.207497 1.181052 -0.009336
v -0.200852 1.197866 -0.007135
v -0.194093 1.215034 -0.004097
v -0.186384 1.232599 -0.000284
v -0.210034 1.143062 -0.012762
v -0.203820 1.159040 -0.010767
v -0.197357 1.175027 -0.008958
v -0.190479 1.190900 -0.007543
v -0.183182 1.206665 -0.005703
v -0.174953 1.221672 -0.003754
v -0.200268 1.138490 -0.015323
v -0.194153 1.153914 -0.014033
v -0.187596 1.169285 -0.012940
v -0.181028 1.184352 -0.012356
v -0.173823 1.198944 -0.011757
v -0.166196 1.212133 -0.011558
v -0.191118 1.134164 -0.021561
v -0.185428 1.149198 -0.021062
v -0.179227 1.164026 -0.020622
v -0.173124 1.178545 -0.020415
v -0.166409 1.192388 -0.020639
v -0.159434 1.204648 -0.021229
v -0.183179 1.130458 -0.030578
v -0.177853 1.145357 -0.030370
v -0.171998 1.159764 -0.030189
v -0.166431 1.174051 -0.030086
v -0.160738 1.187683 -0.030600
v -0.154600 1.199644 -0.031108
v -0.150993 1.198645 -0.040820
v -0.156414 1.185386 -0.041190
v -0.161477 1.171578 -0.041088
v -0.166150 1.156861 -0.040977
v -0.171327 1.142210 -0.041100
v -0.176572 1.127373 -0.041309
v -0.172736 1.126118 -0.053711
v -0.167366 1.141233 -0.053685
v -0.162727 1.156268 -0.053671
v -0.158422 1.171433 -0.053378
v -0.153257 1.185798 -0.052935
v -0.148091 1.202037 -0.051269
v -0.173933 1.127321 -0.067013
v -0.168372 1.142967 -0.067249
v -0.163393 1.158850 -0.067189
v -0.158259 1.174579 -0.066709
v -0.152657 1.189732 -0.066083
v -0.145787 1.207662 -0.063574
v -0.179760 1.130953 -0.079045
v -0.174338 1.147386 -0.079200
v -0.168945 1.164013 -0.079210
v -0.163703 1.180662 -0.078509
v -0.157424 1.196919 -0.077630
v -0.148202 1.214571 -0.075461
v -0.189608 1.136271 -0.087611
v -0.184437 1.153559 -0.087503
v -0.179072 1.171080 -0.086955
v -0.173438 1.188855 -0.086500
v -0.166994 1.206397 -0.085734
v -0.159175 1.224207 -0.085391
v -0.173629 1.235581 -0.088858
v -0.180185 1.216542 -0.088805
v -0.186149 1.197570 -0.089004
v -0.191905 1.179089 -0.089471
v -0.197295 1.160791 -0.090441
v -0.202285 1.142719 -0.091136
v -0.214994 1.148987 -0.088986
v -0.210106 1.167505 -0.087932
v -0.204702 1.186270 -0.086872
v -0.199194 1.205707 -0.086097
v -0.193867 1.225807 -0.085586
v -0.187991 1.246187 -0.086170
v -0.225931 1.154274 -0.082501
v -0.221060 1.172938 -0.081267
v -0.215763 1.192145 -0.080054
v -0.210366 1.212040 -0.078783
v -0.205612 1.232967 -0.078361
v -0.200282 1.254401 -0.078834
v -0.210013 1.259655 -0.068882
v -0.214785 1.237592 -0.069103
v -0.218787 1.216192 -0.069304
v -0.223887 1.196129 -0.070727
v -0.229302 1.176874 -0.072204
v -0.234216 1.158175 -0.073285
v -0.018313 1.426573 0.106778
v -0.021592 1.429957 0.106017
v -0.023952 1.428353 0.101453
v -0.020106 1.424822 0.102094
v -0.013696 1.430573 0.113471
v -0.015714 1.433492 0.113042
v -0.023169 1.421969 0.077491
v -0.028348 1.424875 0.076327
v -0.016124 1.428590 0.110591
v -0.018776 1.431744 0.109853
v -0.021112 1.424052 0.096880
v -0.025533 1.427338 0.096302
v -0.053602 1.306755 0.052891
v -0.043614 1.303573 0.057024
v -0.030513 1.370680 0.034815
v -0.025043 1.368304 0.036952
v -0.024680 1.414349 0.053195
v -0.020286 1.412092 0.055588
v -0.012320 1.435001 0.115393
v -0.011109 1.432121 0.115412
v -0.036154 1.346194 0.034071
v -0.029987 1.343500 0.037142
v -0.022062 1.420198 0.067848
v -0.027092 1.422527 0.066140
v -0.034174 1.332557 0.044679
v -0.041543 1.335253 0.041068
v -0.023137 1.422446 0.082197
v -0.028305 1.425437 0.081242
v -0.008762 1.436169 0.117066
v -0.008205 1.433057 0.116748
v -0.032831 1.357741 0.032472
v -0.027195 1.355282 0.035138
v -0.022721 1.422892 0.086978
v -0.027769 1.425946 0.086189
v -0.025745 1.419896 0.060034
v -0.020942 1.417790 0.061993
v -0.004719 1.437040 0.118168
v -0.004494 1.433640 0.117697
v -0.021915 1.423563 0.091827
v -0.026748 1.426625 0.091172
v -0.038765 1.319059 0.051254
v -0.047570 1.322213 0.047691
v -0.022823 1.421261 0.072793
v -0.027959 1.423970 0.071380
v -0.049407 1.287507 0.064865
v -0.060605 1.290605 0.060371
v -0.034186 1.411623 0.040597
v -0.035992 1.400932 0.035689
v -0.038660 1.389196 0.032064
v -0.016344 1.401437 0.051567
v -0.017098 1.390672 0.046169
v -0.018196 1.378868 0.041278
v -0.046997 1.396837 0.024093
v -0.045412 1.408630 0.028784
v -0.044173 1.419793 0.033789
v -0.053221 1.445629 0.006803
v -0.051901 1.432537 0.002948
v -0.051840 1.419172 -0.001362
v -0.020492 1.437874 -0.038188
v -0.019646 1.451587 -0.036131
v -0.020231 1.465176 -0.036864
v -0.029322 1.408550 0.043663
v -0.030823 1.397986 0.038393
v -0.033478 1.386095 0.035021
v -0.049960 1.452033 -0.002478
v -0.048357 1.438275 -0.005519
v -0.048620 1.424502 -0.009204
v -0.032045 1.435730 -0.031944
v -0.030666 1.449150 -0.029485
v -0.031402 1.462418 -0.028887
v -0.052335 1.409182 0.010490
v -0.052706 1.421990 0.015477
v -0.053156 1.434768 0.020146
v -0.039264 1.415344 0.037358
v -0.040987 1.404493 0.032534
v -0.043271 1.392807 0.028393
v -0.049750 1.401048 0.019488
v -0.048951 1.413157 0.024525
v -0.048276 1.424936 0.029613
v -0.026591 1.437085 -0.035614
v -0.025374 1.450583 -0.033286
v -0.026124 1.463938 -0.033419
v -0.052541 1.416156 0.002334
v -0.052825 1.429340 0.006941
v -0.053963 1.442222 0.011042
v -0.013158 1.376373 0.042754
v -0.012668 1.388115 0.048144
v -0.012094 1.399272 0.053182
v -0.013927 1.438250 -0.039609
v -0.013379 1.452173 -0.037806
v -0.013667 1.466003 -0.038695
v -0.051264 1.430210 0.024929
v -0.051382 1.417749 0.019968
v -0.051407 1.405250 0.014863
v -0.007167 1.374099 0.043521
v -0.007221 1.385675 0.049378
v -0.006984 1.397127 0.054193
v -0.020486 1.403606 0.049295
v -0.021320 1.393085 0.043611
v -0.022908 1.381168 0.039401
v -0.024775 1.405921 0.046621
v -0.025828 1.395457 0.040959
v -0.028050 1.383474 0.037383
v -0.054021 1.597404 0.067132
v -0.052236 1.603064 0.062837
v -0.049408 1.609148 0.058385
v -0.045287 1.615409 0.053799
v -0.051391 1.495856 -0.029502
v -0.055936 1.494109 -0.021414
v -0.059033 1.492915 -0.013840
v -0.061235 1.492388 -0.006772
v -0.063370 1.521709 -0.031313
v -0.066639 1.518509 -0.021780
v -0.068265 1.515541 -0.013790
v -0.069041 1.513078 -0.007339
v -0.096605 1.354248 -0.079466
v -0.105890 1.358882 -0.070949
v -0.113934 1.362336 -0.062196
v -0.120386 1.364501 -0.052795
v -0.016001 1.617411 0.080796
v -0.016131 1.613675 0.085988
v -0.016537 1.609613 0.090765
v -0.017031 1.605312 0.095215
v -0.092492 1.379552 -0.041892
v -0.087604 1.379951 -0.049088
v -0.081101 1.379254 -0.056250
v -0.073055 1.377380 -0.063077
v -0.044799 1.408060 -0.036189
v -0.049797 1.406542 -0.032054
v -0.053752 1.404688 -0.027795
v -0.056626 1.402465 -0.023649
v -0.010812 1.618306 0.081302
v -0.010766 1.614282 0.086915
v -0.010922 1.610049 0.091939
v -0.011171 1.605597 0.096541
v -0.072284 1.549829 -0.024792
v -0.074605 1.543849 -0.014900
v -0.075130 1.538215 -0.007264
v -0.074704 1.533180 -0.001687
v -0.023298 1.604760 0.093100
v -0.022521 1.608958 0.088868
v -0.021734 1.612882 0.084421
v -0.021143 1.616346 0.079865
v -0.042260 1.601905 0.080383
v -0.040542 1.606632 0.076637
v -0.038072 1.611371 0.072864
v -0.034809 1.616014 0.069238
v -0.074297 1.576993 -0.008403
v -0.076518 1.568525 0.000965
v -0.077230 1.560698 0.008378
v -0.077161 1.553082 0.013903
v -0.071882 1.588956 0.001868
v -0.074520 1.579870 0.010606
v -0.075630 1.571492 0.018030
v -0.075919 1.563295 0.024315
v -0.036121 1.603153 0.085657
v -0.034641 1.607536 0.081877
v -0.032638 1.611762 0.078083
v -0.030130 1.615654 0.074526
v -0.048211 1.600084 0.074108
v -0.046404 1.605280 0.070186
v -0.043667 1.610663 0.066183
v -0.039886 1.616111 0.062197
v -0.084307 1.366292 -0.071901
v -0.093167 1.369666 -0.064138
v -0.100456 1.371642 -0.056024
v -0.106090 1.372334 -0.047650
v -0.069604 1.581961 0.043357
v -0.068506 1.588878 0.037157
v -0.066286 1.596714 0.030466
v -0.062472 1.605305 0.023298
v -0.052738 1.397118 -0.044044
v -0.058758 1.396469 -0.039478
v -0.063493 1.395163 -0.034622
v -0.066950 1.393289 -0.029854
v -0.050831 1.468082 -0.006002
v -0.047609 1.469773 -0.012151
v -0.044062 1.471385 -0.018510
v -0.039910 1.473046 -0.024926
v -0.074308 1.563717 -0.017569
v -0.076593 1.556406 -0.007852
v -0.077116 1.549525 -0.000411
v -0.076797 1.543142 0.004830
v -0.039080 1.420367 -0.030493
v -0.043293 1.418333 -0.026217
v -0.046613 1.416062 -0.021937
v -0.049074 1.413597 -0.017796
v -0.073340 1.573284 0.034307
v -0.072624 1.580860 0.027744
v -0.071003 1.589224 0.020566
v -0.067756 1.598300 0.012605
v -0.056657 1.610291 0.033960
v -0.060873 1.602453 0.040228
v -0.063458 1.595177 0.046153
v -0.064897 1.588683 0.051675
v -0.029741 1.604051 0.089943
v -0.028617 1.608237 0.085943
v -0.027247 1.612159 0.081897
v -0.025779 1.615597 0.078035
v -0.079367 1.386313 -0.035955
v -0.075060 1.387332 -0.041870
v -0.069389 1.387676 -0.047799
v -0.062405 1.387408 -0.053479
v -0.071946 1.523116 -0.005521
v -0.071988 1.526791 -0.011554
v -0.071230 1.531044 -0.019479
v -0.068696 1.535599 -0.029436
v -0.045207 1.484428 -0.027143
v -0.049638 1.482876 -0.019882
v -0.053005 1.481719 -0.012750
v -0.055783 1.480954 -0.005647
v -0.050869 1.613581 0.044252
v -0.055176 1.606535 0.049631
v -0.057996 1.599831 0.054752
v -0.059650 1.593724 0.059575
v -0.065664 1.502881 -0.007571
v -0.064142 1.504162 -0.014340
v -0.061574 1.506051 -0.022170
v -0.057539 1.508325 -0.031056
v -0.046141 1.426886 -0.013343
v -0.043205 1.429198 -0.017681
v -0.040027 1.431543 -0.022366
v -0.036446 1.433806 -0.027280
v -0.045834 1.440716 -0.010096
v -0.042838 1.442985 -0.014899
v -0.039364 1.445201 -0.019876
v -0.035359 1.447315 -0.024870
v -0.047495 1.454490 -0.007633
v -0.044257 1.456626 -0.012902
v -0.040426 1.458676 -0.018267
v -0.036121 1.460654 -0.023666
v -0.060702 1.387359 -0.004955
v -0.097345 1.359896 -0.008764
v -0.054706 1.451407 0.019582
v -0.070170 1.510407 0.018788
v -0.082820 1.493743 0.005084
v -0.071002 1.388310 -0.021086
v -0.097911 1.374635 -0.028089
v -0.070808 1.511515 0.019429
v -0.075278 1.523436 0.019922
v -0.068267 1.501467 0.013000
v -0.070120 1.496076 0.012792
v -0.087281 1.528869 0.008666
v -0.081398 1.488305 0.009673
v -0.069151 1.507168 0.016081
v -0.076367 1.485569 0.014203
v -0.064232 1.480595 0.028832
v -0.081393 1.485989 0.016136
v -0.077639 1.482188 0.018902
v -0.068530 1.503562 0.013466
v -0.087527 1.524535 0.003315
v -0.071706 1.513825 0.019707
v -0.052602 1.408416 -0.010176
v -0.069550 1.508952 0.017514
v -0.084254 1.500901 0.000989
v -0.063850 1.489329 0.016873
v -0.080628 1.488368 0.017063
v -0.078907 1.491708 0.017665
v -0.054782 1.462082 0.005507
v -0.072495 1.518160 0.020635
v -0.068616 1.498867 0.012654
v -0.084885 1.528805 0.013453
v -0.112777 1.354075 -0.006649
v -0.087078 1.517334 -0.000201
v -0.068838 1.489837 0.017415
v -0.075452 1.496793 0.016719
v -0.060014 1.397136 -0.016070
v -0.056625 1.463446 0.023503
v -0.084332 1.381535 -0.024820
v -0.058282 1.474059 0.008928
v -0.068702 1.505467 0.014485
v -0.085710 1.509111 -0.001163
v -0.053874 1.399461 0.000596
v -0.074392 1.480186 0.022738
v -0.112718 1.368853 -0.030791
v -0.128300 1.349645 -0.003429
v -0.060168 1.473699 0.026847
v -0.079504 1.526961 0.016694
v -0.128922 1.365494 -0.032953
v -0.073178 1.487572 0.015681
v -0.072890 1.495824 0.014614
v -0.078244 1.494934 0.017984
v -0.069558 1.480252 0.026198
v -0.060555 1.483671 0.013347
v -0.071830 1.377554 -0.007416
v -0.083855 1.368545 -0.008586
v -0.266694 1.060786 -0.032579
v -0.307415 1.002010 -0.039431
v -0.248759 1.106218 -0.032551
v -0.293790 1.033236 -0.047678
v -0.308359 0.972032 -0.009384
v -0.240233 1.139184 -0.026695
v -0.183833 1.346456 -0.039363
v -0.205053 1.270805 -0.005571
v -0.198888 1.292086 -0.000525
v -0.164990 1.356753 -0.037072
v -0.281570 1.032073 -0.023680
v -0.146436 1.362871 -0.035009
v -0.261764 1.093412 -0.056247
v -0.246768 1.143549 -0.053954
v -0.215917 1.285493 -0.043340
v -0.253503 1.090392 -0.035399
v -0.198838 1.329209 -0.040564
v -0.286690 1.048795 -0.051179
v -0.313645 0.986685 -0.035033
v -0.255674 1.109494 -0.055750
v -0.300763 1.017601 -0.043742
v -0.208965 1.308068 -0.041581
v -0.278909 1.064097 -0.054017
v -0.251003 1.126214 -0.054890
v -0.314503 0.957688 -0.006037
v -0.190560 1.312722 0.005383
v -0.324723 0.956699 -0.025835
v -0.269894 1.078495 -0.055889
v -0.160634 1.340667 0.005393
v -0.144122 1.345503 0.000426
v -0.288784 1.017177 -0.019550
v -0.319228 0.971525 -0.030486
v -0.274128 1.046612 -0.028052
v -0.302048 0.986845 -0.012904
v -0.176647 1.330954 0.008941
v -0.259414 1.075217 -0.036094
v -0.295576 1.001938 -0.016296
v -0.244583 1.122552 -0.029367
v -0.235107 1.156153 -0.024299
v -0.229449 1.173593 -0.022271
v -0.223665 1.191570 -0.020445
v -0.218394 1.210258 -0.017977
v -0.213856 1.229722 -0.014489
v -0.209593 1.250084 -0.010216
v -0.241944 1.161340 -0.052706
v -0.236646 1.179602 -0.051200
v -0.230959 1.198603 -0.049619
v -0.226468 1.218841 -0.048025
v -0.224188 1.240500 -0.046792
v -0.220879 1.262729 -0.045302
v -0.050535 1.421944 -0.005196
v -0.050403 1.435531 -0.001173
v -0.051844 1.448982 0.002360
v -0.054004 1.438666 0.015483
v -0.053153 1.425836 0.011109
v -0.052682 1.412814 0.006278
v -0.079771 1.484720 0.014536
v -0.405896 0.707328 -0.002043
v -0.406983 0.706802 -0.000042
v -0.406938 0.710608 -0.000218
v -0.405691 0.710460 -0.002443
v -0.405668 0.713965 -0.002215
v -0.406458 0.714669 -0.000198
v -0.406465 0.714273 0.002119
v -0.406671 0.710863 0.002506
v -0.406744 0.707689 0.002265
v -0.414490 0.704833 0.043443
v -0.413453 0.703176 0.041096
v -0.413238 0.699143 0.042346
v -0.414683 0.700099 0.045188
v -0.414249 0.695939 0.046839
v -0.413410 0.695678 0.044216
v -0.413754 0.705136 0.046440
v -0.413720 0.701121 0.048195
v -0.413882 0.697401 0.048997
v -0.420707 0.707935 0.075613
v -0.420324 0.706205 0.073205
v -0.420522 0.702104 0.074268
v -0.421116 0.703304 0.077340
v -0.421014 0.699092 0.078753
v -0.420595 0.698755 0.075927
v -0.419890 0.708113 0.078585
v -0.419821 0.704100 0.080294
v -0.420095 0.700459 0.080929
v -0.410970 0.722027 0.107169
v -0.410504 0.721516 0.104099
v -0.410332 0.724664 0.102261
v -0.410780 0.725964 0.105491
v -0.410122 0.729937 0.103566
v -0.410348 0.728301 0.101037
v -0.409138 0.730533 0.106513
v -0.409041 0.727263 0.108438
v -0.409573 0.723925 0.109425
v -0.356038 0.793037 0.117285
v -0.359024 0.793033 0.114801
v -0.358379 0.796038 0.110697
v -0.354581 0.796583 0.112898
v -0.356803 0.799593 0.107482
v -0.353032 0.800313 0.108619
v -0.349640 0.798338 0.109529
v -0.350335 0.795448 0.113447
v -0.352157 0.792939 0.117006
v -0.414516 0.709419 0.041777
v -0.412844 0.708915 0.046837
v -0.412093 0.701919 0.049787
v -0.412425 0.696581 0.050326
v -0.412380 0.694159 0.047560
v -0.411871 0.694493 0.044058
v -0.411661 0.698632 0.040898
v -0.412570 0.705622 0.038472
v -0.412861 0.714244 0.035068
v -0.414677 0.716472 0.039336
v -0.412872 0.717499 0.043872
v -0.408354 0.712803 0.033561
v -0.408321 0.704528 0.036945
v -0.408423 0.698030 0.040594
v -0.408672 0.717453 0.045677
v -0.408535 0.709324 0.048535
v -0.408534 0.701917 0.050339
v -0.405552 0.701018 0.048277
v -0.405054 0.708056 0.046418
v -0.404823 0.716204 0.043894
v -0.404373 0.713035 0.035961
v -0.404947 0.704972 0.039323
v -0.405783 0.698604 0.042519
v -0.404585 0.699628 0.045321
v -0.404025 0.706343 0.042919
v -0.403699 0.714448 0.040096
v -0.404255 0.724785 0.041199
v -0.408155 0.721750 0.030354
v -0.413200 0.723013 0.031532
v -0.408635 0.726126 0.042684
v -0.402838 0.723010 0.037114
v -0.403790 0.721731 0.032689
v -0.413292 0.726355 0.040976
v -0.415603 0.725074 0.036224
v -0.399867 0.758935 0.033861
v -0.404776 0.761714 0.030370
v -0.406139 0.761905 0.023435
v -0.402402 0.759270 0.018365
v -0.397386 0.756472 0.017797
v -0.393391 0.755232 0.020823
v -0.392337 0.755603 0.026860
v -0.394060 0.756442 0.033323
v -0.400809 0.723148 -0.006106
v -0.396704 0.722086 -0.006050
v -0.394812 0.722025 -0.001997
v -0.396607 0.722807 0.002196
v -0.399712 0.723737 0.004874
v -0.403750 0.724714 0.003962
v -0.405631 0.725157 0.000284
v -0.404256 0.724329 -0.003784
v -0.402022 0.742704 -0.006756
v -0.403513 0.743846 -0.001001
v -0.400184 0.742891 0.003420
v -0.395526 0.740876 0.004555
v -0.392387 0.739263 0.001317
v -0.390684 0.738348 -0.002885
v -0.392204 0.738789 -0.007196
v -0.396702 0.740489 -0.009033
v -0.383414 0.760032 -0.007298
v -0.386870 0.762211 -0.009391
v -0.391182 0.765212 -0.008429
v -0.394432 0.767603 -0.003456
v -0.393866 0.766848 0.004250
v -0.390849 0.760126 0.008054
v -0.383213 0.759279 0.006441
v -0.381344 0.758935 -0.002080
v -0.418869 0.718006 0.066403
v -0.407995 0.717426 0.069747
v -0.408749 0.719520 0.074413
v -0.417842 0.721777 0.075642
v -0.414954 0.716184 0.064513
v -0.410285 0.715880 0.065512
v -0.412696 0.721350 0.077260
v -0.420155 0.720544 0.070753
v -0.400522 0.760321 0.042600
v -0.405715 0.764268 0.042343
v -0.408068 0.769103 0.047881
v -0.403733 0.769914 0.054302
v -0.398049 0.767435 0.057550
v -0.393434 0.763396 0.055445
v -0.393181 0.760285 0.049874
v -0.395600 0.758468 0.044702
v -0.406571 0.742461 0.038047
v -0.401605 0.740169 0.036451
v -0.400647 0.738411 0.031792
v -0.403439 0.742328 0.103652
v -0.398969 0.740655 0.102356
v -0.404528 0.735586 0.091650
v -0.408594 0.737537 0.093100
v -0.410024 0.740305 0.096985
v -0.401515 0.737270 0.027182
v -0.405849 0.737827 0.024232
v -0.411970 0.739851 0.023822
v -0.416013 0.743168 0.029569
v -0.407789 0.742055 0.101407
v -0.397869 0.737825 0.097962
v -0.399797 0.735545 0.093398
v -0.412834 0.744263 0.036459
v -0.389404 0.783942 0.077327
v -0.394948 0.786229 0.074237
v -0.400257 0.785749 0.068072
v -0.400101 0.779919 0.060553
v -0.394742 0.770975 0.060968
v -0.385398 0.770046 0.063874
v -0.383076 0.774840 0.071930
v -0.384932 0.779646 0.076633
v -0.405388 0.771371 0.077832
v -0.403755 0.767078 0.072240
v -0.397902 0.763635 0.071769
v -0.391946 0.761471 0.074125
v -0.389515 0.764178 0.080047
v -0.390596 0.768401 0.084911
v -0.395447 0.772057 0.086158
v -0.401489 0.773283 0.083649
v -0.410420 0.748773 0.091520
v -0.408374 0.745582 0.087164
v -0.403507 0.743567 0.086288
v -0.398487 0.743230 0.088217
v -0.396559 0.745601 0.092969
v -0.397389 0.748748 0.097421
v -0.402040 0.751133 0.099007
v -0.407484 0.751094 0.096557
v -0.416804 0.732967 0.071280
v -0.411145 0.731944 0.072634
v -0.407235 0.729573 0.070053
v -0.406527 0.727321 0.065609
v -0.408524 0.725874 0.061179
v -0.413449 0.726407 0.059455
v -0.418596 0.728507 0.060994
v -0.420351 0.731502 0.066217
v -0.411658 0.752554 0.026457
v -0.408176 0.749513 0.021100
v -0.402419 0.747071 0.021091
v -0.397916 0.746081 0.023994
v -0.396554 0.746906 0.029209
v -0.397980 0.748614 0.034654
v -0.403513 0.751053 0.035638
v -0.409232 0.753091 0.033073
v -0.415706 0.733979 0.032904
v -0.412905 0.731535 0.027871
v -0.407457 0.729972 0.027164
v -0.403099 0.729716 0.029852
v -0.402543 0.730916 0.034334
v -0.403705 0.732641 0.038372
v -0.408101 0.734421 0.039940
v -0.413551 0.735346 0.038515
v -0.401756 0.733551 0.003302
v -0.397738 0.732307 0.004634
v -0.394437 0.731033 0.001811
v -0.392825 0.730211 -0.002547
v -0.394717 0.730452 -0.006644
v -0.399103 0.731730 -0.007416
v -0.403222 0.733267 -0.004774
v -0.404255 0.734076 -0.000176
v -0.400444 0.752429 -0.002160
v -0.397569 0.751255 0.002855
v -0.393048 0.748692 0.005452
v -0.389255 0.746661 0.001867
v -0.387813 0.745837 -0.002942
v -0.389475 0.746635 -0.007327
v -0.393454 0.748681 -0.009232
v -0.398185 0.751091 -0.007518
v -0.418989 0.711996 0.079512
v -0.420482 0.712508 0.073925
v -0.419386 0.708672 0.070529
v -0.419010 0.701597 0.072638
v -0.419504 0.697344 0.075165
v -0.419784 0.696287 0.079434
v -0.418848 0.699627 0.081950
v -0.418221 0.704503 0.082058
v -0.408967 0.694394 0.044495
v -0.407131 0.695427 0.044953
v -0.406967 0.695557 0.046840
v -0.406895 0.696716 0.048666
v -0.409148 0.696258 0.049921
v -0.405297 0.716970 0.003812
v -0.406044 0.718591 0.000026
v -0.404603 0.716508 -0.003327
v -0.404116 0.710523 -0.003327
v -0.404694 0.706624 -0.002433
v -0.405569 0.704906 0.000306
v -0.405697 0.707037 0.003310
v -0.405439 0.711075 0.004498
v -0.409257 0.730181 0.098036
v -0.409949 0.733786 0.101290
v -0.407973 0.733869 0.106194
v -0.407422 0.728164 0.109598
v -0.408112 0.723574 0.110227
v -0.409182 0.719192 0.108327
v -0.409169 0.719794 0.103351
v -0.408878 0.724045 0.100382
v -0.404219 0.734630 0.107927
v -0.404877 0.728398 0.110131
v -0.400315 0.733256 0.106378
v -0.402180 0.727389 0.108455
v -0.405342 0.728440 0.095600
v -0.405701 0.723209 0.099453
v -0.400725 0.728663 0.097690
v -0.402170 0.723698 0.101441
v -0.398787 0.730735 0.102209
v -0.400765 0.725323 0.105211
v -0.405615 0.723451 0.110410
v -0.403542 0.723750 0.109197
v -0.403215 0.721756 0.106964
v -0.403562 0.720963 0.104011
v -0.406004 0.719613 0.103321
v -0.416027 0.707455 0.068314
v -0.411598 0.707165 0.068982
v -0.409169 0.708537 0.073185
v -0.409978 0.710354 0.077920
v -0.413794 0.711844 0.080832
v -0.414781 0.704157 0.082329
v -0.411563 0.703210 0.079908
v -0.410754 0.701786 0.075758
v -0.413203 0.700975 0.072219
v -0.416708 0.700912 0.071268
v -0.416907 0.696372 0.074337
v -0.414233 0.697469 0.074551
v -0.413015 0.697503 0.077682
v -0.413097 0.699187 0.080510
v -0.415736 0.698924 0.082098
v -0.401746 0.715829 -0.005048
v -0.398583 0.714929 -0.004767
v -0.396807 0.714798 -0.001254
v -0.398075 0.715451 0.002755
v -0.401196 0.716336 0.005121
v -0.402342 0.710642 0.004912
v -0.399544 0.709926 0.003173
v -0.398713 0.709388 -0.000262
v -0.399993 0.709537 -0.003226
v -0.402294 0.710207 -0.003755
v -0.402645 0.706267 -0.002431
v -0.400934 0.706647 -0.001879
v -0.400668 0.706295 0.000541
v -0.401000 0.707149 0.002838
v -0.402989 0.706917 0.003602
v -0.358086 0.801009 0.104347
v -0.359860 0.795037 0.109274
v -0.360079 0.791556 0.114738
v -0.356308 0.790101 0.118165
v -0.350935 0.791044 0.117501
v -0.348017 0.793912 0.112808
v -0.346651 0.799713 0.107457
v -0.351951 0.803826 0.105669
v -0.357365 0.806919 0.098855
v -0.351052 0.809167 0.101792
v -0.344413 0.806305 0.102039
v -0.346186 0.848788 0.038813
v -0.358768 0.823114 0.066874
v -0.363845 0.822189 0.064219
v -0.369177 0.817070 0.064385
v -0.383254 0.807070 0.060870
v -0.351196 0.786423 0.112878
v -0.358267 0.787398 0.111301
v -0.361485 0.792327 0.108017
v -0.353522 0.786989 0.106750
v -0.345975 0.790578 0.111618
v -0.345936 0.791059 0.102186
v -0.357989 0.792030 0.099764
v -0.361050 0.796670 0.101682
v -0.359499 0.801549 0.095423
v -0.356775 0.796443 0.092766
v -0.350098 0.794898 0.093013
v -0.343379 0.796019 0.095089
v -0.340809 0.800990 0.099284
v -0.356148 0.820533 0.071381
v -0.354602 0.829093 0.072893
v -0.347253 0.834189 0.075336
v -0.338265 0.831912 0.075387
v -0.333815 0.824888 0.072978
v -0.335000 0.816659 0.069807
v -0.343370 0.811129 0.067142
v -0.353150 0.812464 0.069602
v -0.339126 0.813944 0.085615
v -0.340473 0.808671 0.081628
v -0.346269 0.805909 0.078886
v -0.352983 0.807434 0.078930
v -0.355473 0.812656 0.082230
v -0.354250 0.817737 0.085832
v -0.348953 0.820243 0.088539
v -0.342428 0.818819 0.088740
v -0.343482 0.812557 0.095797
v -0.339992 0.807504 0.092541
v -0.341793 0.802384 0.088205
v -0.348302 0.801023 0.086202
v -0.354526 0.802394 0.086152
v -0.357153 0.807076 0.088935
v -0.356035 0.812315 0.092606
v -0.350258 0.814867 0.095866
v -0.345289 0.838532 0.064757
v -0.355133 0.834512 0.061833
v -0.363425 0.831334 0.052109
v -0.371985 0.822249 0.054492
v -0.377909 0.803811 0.067450
v -0.350370 0.788018 0.115839
v -0.354914 0.786274 0.112335
v -0.359886 0.789052 0.113356
v -0.358548 0.788851 0.106574
v -0.348539 0.787413 0.108637
v -0.342883 0.795120 0.105712
v -0.351874 0.790259 0.100059
v -0.387300 0.808709 0.053425
v -0.374934 0.824603 0.044412
v -0.368030 0.833056 0.039921
v -0.389758 0.806659 0.037856
v -0.379161 0.824929 0.028615
v -0.374603 0.834282 0.024578
v -0.391017 0.805372 0.030674
v -0.380309 0.823929 0.021851
v -0.375493 0.833093 0.017950
v -0.388496 0.798826 0.011728
v -0.378269 0.817738 0.004077
v -0.373810 0.827045 0.000323
v -0.385875 0.793458 -0.001808
v -0.375900 0.812043 -0.008210
v -0.370696 0.821208 -0.011319
v -0.383347 0.790441 -0.008188
v -0.372600 0.808259 -0.013444
v -0.367528 0.817409 -0.016158
v -0.377990 0.786557 -0.011516
v -0.367955 0.804022 -0.016863
v -0.363207 0.813075 -0.019486
v -0.372945 0.782784 -0.013001
v -0.362769 0.799716 -0.017639
v -0.357851 0.808569 -0.019933
v -0.368120 0.779490 -0.011044
v -0.357569 0.795791 -0.015316
v -0.352346 0.804476 -0.017215
v -0.365043 0.778127 -0.004536
v -0.353323 0.793206 -0.008632
v -0.347393 0.801190 -0.010667
v -0.365551 0.779436 0.004036
v -0.352661 0.793313 0.000744
v -0.346086 0.800345 -0.001041
v -0.367501 0.781565 0.012667
v -0.354827 0.795217 0.009537
v -0.348147 0.801605 0.008012
v -0.369235 0.783441 0.020856
v -0.357423 0.797326 0.017476
v -0.350786 0.803337 0.016029
v -0.359532 0.812539 0.066954
v -0.356107 0.813372 0.068479
v -0.363847 0.808792 0.065988
v -0.372388 0.797880 0.067758
v -0.336966 0.836124 0.065607
v -0.339881 0.848815 0.043813
v -0.333949 0.843498 0.044830
v -0.337059 0.855998 0.032604
v -0.332363 0.850826 0.032431
v -0.333665 0.867863 0.024060
v -0.330099 0.863030 0.021696
v -0.312085 0.890744 -0.039253
v -0.320882 0.878007 -0.035046
v -0.329250 0.864978 -0.030699
v -0.300231 0.918110 -0.050526
v -0.309975 0.906268 -0.046467
v -0.319203 0.893961 -0.042225
v -0.331902 0.829355 0.064784
v -0.329034 0.836823 0.045447
v -0.329354 0.842872 0.030638
v -0.327849 0.857643 0.018305
v -0.327802 0.881502 -0.037564
v -0.335857 0.868856 -0.033014
v -0.347189 0.876064 -0.029885
v -0.332218 0.820529 0.062706
v -0.327533 0.826619 0.045537
v -0.326290 0.828887 0.035164
v -0.339620 0.888639 -0.035034
v -0.331554 0.901223 -0.040636
v -0.370009 0.792968 0.063147
v -0.370071 0.790210 0.056503
v -0.370432 0.788383 0.049194
v -0.371114 0.787314 0.041781
v -0.394283 0.800011 0.050529
v -0.390648 0.785286 0.000193
v -0.359285 0.799420 0.039905
v -0.358578 0.799452 0.047218
v -0.358085 0.799970 0.054731
v -0.359501 0.802408 0.062352
v -0.354147 0.805627 0.063238
v -0.349329 0.808834 0.064121
v -0.391636 0.787644 0.007826
v -0.337495 0.813209 0.060221
v -0.344278 0.809109 0.057475
v -0.350658 0.804939 0.054071
v -0.351983 0.803982 0.046191
v -0.338414 0.810950 0.044554
v -0.331658 0.817202 0.045012
v -0.352683 0.804310 0.038947
v -0.337671 0.811882 0.036994
v -0.330532 0.818610 0.036373
v -0.343084 0.859161 0.030790
v -0.338898 0.871629 0.024853
v -0.323228 0.913811 -0.046061
v -0.314965 0.926261 -0.051304
v -0.326358 0.934241 -0.042735
v -0.365585 0.853026 0.016616
v -0.360390 0.863358 0.012030
v -0.367122 0.852062 0.010468
v -0.361725 0.862381 0.006250
v -0.355365 0.875146 0.007442
v -0.332923 0.920985 -0.037049
v -0.339188 0.907887 -0.031156
v -0.345337 0.894623 -0.025298
v -0.356456 0.874068 0.001734
v -0.351365 0.881498 -0.019962
v -0.323749 0.852898 -0.014885
v -0.367170 0.846469 -0.007235
v -0.363489 0.857557 -0.011357
v -0.357730 0.869186 -0.015574
v -0.321584 0.854463 -0.007699
v -0.320613 0.857913 0.001117
v -0.321918 0.860609 0.007724
v -0.364709 0.840797 -0.019422
v -0.361275 0.851944 -0.023844
v -0.354504 0.863752 -0.026291
v -0.307716 0.922125 -0.052243
v -0.316836 0.909982 -0.047344
v -0.325691 0.897568 -0.042526
v -0.359898 0.836876 -0.023371
v -0.355608 0.847996 -0.027306
v -0.349184 0.860050 -0.029052
v -0.334178 0.885138 -0.037427
v -0.342076 0.872542 -0.032580
v -0.328154 0.881635 0.018734
v -0.387941 0.782679 -0.006412
v -0.382918 0.778983 -0.010144
v -0.376493 0.791966 0.070159
v -0.371050 0.772248 0.005428
v -0.372656 0.774111 0.014246
v -0.321982 0.895478 0.014160
v -0.315555 0.908894 0.009634
v -0.353773 0.832719 -0.024144
v -0.348624 0.844128 -0.025887
v -0.342813 0.856309 -0.028772
v -0.308599 0.921928 0.005666
v -0.301395 0.934751 0.002176
v -0.347918 0.828653 -0.022801
v -0.342988 0.840396 -0.023519
v -0.337099 0.852612 -0.026096
v -0.342114 0.824559 -0.019776
v -0.337788 0.836477 -0.019951
v -0.331773 0.848364 -0.021563
v -0.336452 0.820519 -0.013668
v -0.332648 0.832464 -0.013766
v -0.328082 0.844146 -0.014095
v -0.333950 0.817594 -0.004310
v -0.334651 0.815520 0.005180
v -0.336450 0.814384 0.013536
v -0.331083 0.821609 0.012745
v -0.330369 0.824917 0.004933
v -0.330463 0.829178 -0.004352
v -0.327108 0.842281 -0.002619
v -0.328268 0.833459 0.007293
v -0.328797 0.828018 0.012711
v -0.416380 0.695852 0.078983
v -0.409390 0.694276 0.047434
v -0.402910 0.705052 0.000698
v -0.405894 0.719818 0.107887
v -0.355771 0.787657 0.116018
v -0.302689 0.903112 -0.042602
v -0.292795 0.914631 -0.045578
v -0.286766 0.913212 -0.036450
v -0.296014 0.901656 -0.034856
v -0.304758 0.888801 -0.032391
v -0.313285 0.875578 -0.028579
v -0.322315 0.860849 -0.023011
v -0.333564 0.885123 0.019922
v -0.327786 0.898775 0.015295
v -0.321705 0.912395 0.010771
v -0.315109 0.925713 0.006623
v -0.308254 0.938890 0.002957
v -0.315765 0.864850 -0.013097
v -0.308294 0.876920 -0.018100
v -0.300475 0.890031 -0.021824
v -0.292569 0.902937 -0.024298
v -0.284030 0.914756 -0.025774
v -0.374171 0.775810 0.022584
v -0.375722 0.780106 0.043183
v -0.375120 0.781756 0.050843
v -0.374399 0.783872 0.058593
v -0.350273 0.888221 0.002868
v -0.344597 0.901760 -0.001759
v -0.339319 0.915594 -0.006162
v -0.333710 0.929476 -0.010350
v -0.328178 0.943634 -0.014447
v -0.329949 0.942355 -0.021398
v -0.335343 0.928198 -0.016838
v -0.340679 0.914213 -0.012311
v -0.345932 0.900510 -0.007625
v -0.351318 0.886996 -0.002856
v -0.320370 0.870927 0.009112
v -0.312401 0.886354 0.003316
v -0.304950 0.899367 -0.001547
v -0.297436 0.912040 -0.004934
v -0.289695 0.924494 -0.007643
v -0.295056 0.929857 -0.001563
v -0.302628 0.917216 0.001676
v -0.309817 0.904463 0.005615
v -0.316843 0.891264 0.010306
v -0.324193 0.877348 0.015485
v -0.354426 0.863435 0.023750
v -0.349585 0.875333 0.018620
v -0.344367 0.888818 0.014064
v -0.338903 0.902552 0.009508
v -0.332929 0.916195 0.005176
v -0.326585 0.929750 0.001126
v -0.320467 0.943533 -0.002538
v -0.358158 0.852371 0.028818
v -0.349036 0.861782 0.028057
v -0.344629 0.874097 0.022946
v -0.339390 0.887558 0.018183
v -0.333823 0.901298 0.013621
v -0.327735 0.914910 0.009209
v -0.321291 0.928370 0.005081
v -0.314753 0.941853 0.001308
v -0.351951 0.850276 0.033830
v -0.387202 0.768099 0.056164
v -0.395826 0.771386 0.059299
v -0.400747 0.778605 0.053483
v -0.385672 0.760019 0.015816
v -0.392099 0.762254 0.012584
v -0.396085 0.768433 0.013100
v -0.353175 0.875705 0.013192
v -0.372055 0.834320 0.031698
v -0.378233 0.825934 0.036186
v -0.389415 0.808441 0.045607
v -0.405082 0.778031 0.044156
v -0.401265 0.771388 0.020417
v -0.387102 0.796195 0.005192
v -0.377331 0.815130 -0.001966
v -0.373217 0.824584 -0.005783
v -0.366634 0.843949 -0.013417
v -0.363201 0.855060 -0.017586
v -0.356861 0.866764 -0.021063
v -0.350131 0.879055 -0.025325
v -0.343354 0.891899 -0.030725
v -0.336349 0.904800 -0.036814
v -0.328902 0.917540 -0.042609
v -0.321380 0.930378 -0.048108
v -0.358076 0.863777 0.017977
v -0.348012 0.888874 0.008642
v -0.342412 0.902543 0.004053
v -0.336777 0.916343 -0.000225
v -0.330877 0.930104 -0.004206
v -0.325061 0.944090 -0.007952
v -0.362633 0.853152 0.022817
v -0.385761 0.790671 0.073752
v -0.385728 0.761230 0.025594
v -0.391841 0.793531 0.069953
v -0.380711 0.785810 0.073252
v -0.375955 0.764569 -0.002114
v -0.382712 0.768614 -0.010248
v -0.386697 0.765646 0.047416
v -0.387362 0.772022 -0.009264
v -0.378509 0.765921 -0.008142
v -0.378360 0.780704 0.068641
v -0.397436 0.793914 0.063444
v -0.401746 0.787599 0.040030
v -0.399770 0.789226 0.047928
v -0.391594 0.775202 -0.004806
v -0.397477 0.781036 0.017694
v -0.394710 0.778826 0.010170
v -0.393379 0.776811 0.002186
v -0.398950 0.791185 0.055587
v -0.376473 0.765268 0.006375
v -0.378761 0.776889 0.061295
v -0.379996 0.774707 0.052986
v -0.377922 0.766597 0.015531
v -0.379319 0.767999 0.024250
v -0.380840 0.772754 0.045067
v -0.387828 0.800222 0.065067
v -0.381938 0.797310 0.070257
v -0.373377 0.772333 -0.009256
v -0.377959 0.775404 -0.011048
v -0.392523 0.801369 0.058333
v -0.396482 0.796592 0.035285
v -0.395204 0.798167 0.042714
v -0.393146 0.790005 0.014971
v -0.374594 0.787226 0.065278
v -0.370619 0.771101 -0.003003
v -0.377931 0.814229 0.057337
v -0.373706 0.810401 0.065640
v -0.381515 0.816477 0.048790
v -0.384074 0.815443 0.033107
v -0.385549 0.814525 0.026170
v -0.383150 0.808028 0.008079
v -0.380983 0.802518 -0.004767
v -0.378225 0.799100 -0.010751
v -0.372957 0.795033 -0.014020
v -0.367823 0.790996 -0.015362
v -0.362791 0.787405 -0.013219
v -0.359188 0.785543 -0.006512
v -0.359223 0.786446 0.002463
v -0.361469 0.788676 0.011067
v -0.363582 0.790666 0.019148
v -0.368407 0.803528 0.065725
v -0.365262 0.793546 0.040761
v -0.364595 0.794064 0.048073
v -0.364357 0.795390 0.055338
v -0.365468 0.798423 0.061666
v -0.381408 0.805172 0.002154
v -0.384180 0.817211 0.040780
v -0.392565 0.777890 0.081390
v -0.402400 0.778350 0.073096
v -0.401224 0.773415 0.067055
v -0.395220 0.769026 0.066857
v -0.389140 0.766702 0.069638
v -0.387122 0.769829 0.075823
v -0.388297 0.774020 0.080353
v -0.398053 0.779563 0.078768
v -0.404649 0.752762 0.046556
v -0.412544 0.760336 0.052012
v -0.408559 0.761615 0.058110
v -0.402392 0.759610 0.060555
v -0.397500 0.755828 0.058745
v -0.397273 0.752698 0.053592
v -0.399762 0.751271 0.048870
v -0.410083 0.756077 0.046763
v -0.386669 0.753633 -0.007272
v -0.397314 0.760142 -0.002962
v -0.395495 0.759052 0.003303
v -0.390969 0.755635 0.006686
v -0.386363 0.753493 0.002957
v -0.384743 0.752626 -0.002639
v -0.390234 0.755778 -0.009356
v -0.394704 0.758465 -0.008096
v -0.401111 0.744280 0.057770
v -0.405662 0.736526 0.061687
v -0.405715 0.738593 0.065727
v -0.401444 0.747079 0.062892
v -0.409319 0.741487 0.068311
v -0.406521 0.750434 0.064712
v -0.420704 0.742118 0.061461
v -0.417264 0.751266 0.056632
v -0.414762 0.747148 0.050669
v -0.418092 0.738113 0.055072
v -0.411480 0.735612 0.054418
v -0.408539 0.744152 0.050377
v -0.406804 0.735125 0.057385
v -0.403390 0.742904 0.052940
v -0.413054 0.752637 0.062978
v -0.416013 0.743719 0.067722
v -0.395809 0.755937 0.092892
v -0.393332 0.762390 0.089062
v -0.400463 0.757425 0.076177
v -0.402269 0.750870 0.080960
v -0.411112 0.757132 0.086537
v -0.408441 0.764445 0.082122
v -0.398131 0.765777 0.090678
v -0.400239 0.759143 0.095107
v -0.392347 0.758553 0.084216
v -0.395319 0.752644 0.088382
v -0.397342 0.750477 0.083624
v -0.394727 0.756078 0.078670
v -0.406261 0.760337 0.076795
v -0.408113 0.753122 0.081337
v -0.404493 0.766719 0.088156
v -0.406811 0.759690 0.092597
v -0.326996 0.829471 0.025573
v -0.328144 0.829035 0.017835
v -0.326818 0.838139 0.012905
v -0.327937 0.841117 0.020555
v -0.324227 0.848071 0.006065
v -0.325098 0.852647 0.013147
v -0.370364 0.784880 0.028174
v -0.371019 0.786133 0.034933
v -0.358841 0.798555 0.025182
v -0.359520 0.799301 0.032608
v -0.352491 0.804521 0.023826
v -0.352968 0.804721 0.031512
v -0.330880 0.820134 0.019942
v -0.330263 0.819298 0.027766
v -0.337489 0.812742 0.029079
v -0.337341 0.813559 0.021280
v -0.376127 0.778818 0.036349
v -0.375730 0.777510 0.029719
v -0.285440 0.919104 -0.015735
v -0.293518 0.906989 -0.013683
v -0.301085 0.894196 -0.010791
v -0.308805 0.881405 -0.006686
v -0.315891 0.868875 -0.002315
v -0.388907 0.761080 0.034055
v -0.389051 0.761962 0.039667
v -0.398314 0.763018 0.035490
v -0.398096 0.763110 0.036591
v -0.402695 0.772176 0.036297
v -0.401484 0.770591 0.029372
v -0.390388 0.803251 0.024108
v -0.389593 0.801120 0.017872
v -0.379636 0.820207 0.009736
v -0.380057 0.822136 0.015655
v -0.374903 0.829395 0.006027
v -0.375293 0.831319 0.011857
v -0.367252 0.848568 -0.001281
v -0.367430 0.850462 0.004530
v -0.362751 0.859670 -0.005387
v -0.362291 0.861037 0.000520
v -0.357525 0.871035 -0.009657
v -0.357072 0.872670 -0.003846
v -0.351755 0.883539 -0.014275
v -0.351781 0.885374 -0.008582
v -0.346177 0.896845 -0.019482
v -0.346368 0.898826 -0.013525
v -0.340679 0.910335 -0.024925
v -0.341138 0.912456 -0.018581
v -0.335119 0.923932 -0.030424
v -0.335836 0.926338 -0.023598
v -0.329344 0.937629 -0.035952
v -0.330500 0.940323 -0.028617
v -0.401579 0.784723 0.032056
v -0.399478 0.782532 0.024970
v -0.381097 0.770451 0.038237
v -0.380730 0.769041 0.031681
v -0.396138 0.794436 0.028149
v -0.395034 0.792253 0.021424
v -0.365467 0.793000 0.033729
v -0.364599 0.791853 0.026706
v -0.384469 0.810490 0.013856
v -0.384828 0.812422 0.019900
v -0.354849 0.817066 0.076469
v -0.353468 0.823128 0.079492
v -0.347747 0.826301 0.081750
v -0.340903 0.824888 0.081791
v -0.336803 0.819676 0.079403
v -0.338423 0.813453 0.075728
v -0.344546 0.809417 0.072993
v -0.352187 0.810903 0.073346
v -0.371235 0.842277 0.014275
v -0.371208 0.840517 0.008280
v -0.363654 0.826785 -0.019590
v -0.347256 0.814019 -0.018598
v -0.352969 0.818184 -0.021195
v -0.370635 0.838461 0.002534
v -0.339575 0.808098 -0.002857
v -0.356380 0.841212 0.042036
v -0.367429 0.830659 -0.015145
v -0.369625 0.833882 -0.009450
v -0.358500 0.822467 -0.021698
v -0.366471 0.842951 0.027050
v -0.362014 0.842001 0.034154
v -0.341629 0.810108 -0.012474
v -0.369781 0.843241 0.020616
v -0.350207 0.842468 0.049405
v -0.370205 0.836332 -0.003350
v -0.330343 0.833012 0.055755
v -0.333832 0.815269 0.052946
v -0.342691 0.843399 0.054222
v -0.340292 0.809896 0.051292
v -0.335358 0.839708 0.055716
v -0.329578 0.823751 0.054638
v -0.345375 0.807286 0.049967
v -0.345248 0.807134 0.044830
v -0.345145 0.807501 0.037807
v -0.345233 0.808361 0.030299
v -0.344974 0.808972 0.022606
v -0.343614 0.808734 0.014769
v -0.341185 0.808027 0.006541
v -0.061933 1.331226 -0.097338
v -0.044803 1.324435 -0.094998
v 0.096051 0.106904 -0.057464
v 0.094388 0.098734 -0.059337
v 0.096985 0.108081 -0.066846
v 0.096635 0.098515 -0.068424
v 0.099022 0.108429 -0.076849
v 0.099846 0.098491 -0.078025
v 0.109997 0.108534 -0.101138
v 0.110126 0.098735 -0.102173
v 0.118204 0.108428 -0.102773
v 0.118205 0.098367 -0.103782
v 0.126353 0.108124 -0.098906
v 0.125837 0.097614 -0.099280
v 0.134212 0.108331 -0.092075
v 0.133423 0.097144 -0.091982
v 0.143144 0.109225 -0.085585
v 0.143381 0.098569 -0.085707
v 0.148353 0.110831 -0.075472
v 0.149830 0.100982 -0.075822
v 0.149738 0.112830 -0.063517
v 0.150372 0.103525 -0.063387
v 0.148720 0.114876 -0.051230
v 0.148711 0.106039 -0.050872
v 0.143689 0.116417 -0.040552
v 0.144143 0.108274 -0.039763
v 0.135069 0.117675 -0.032528
v 0.135824 0.109966 -0.031097
v 0.124444 0.117912 -0.028872
v 0.125132 0.110384 -0.026636
v 0.113155 0.116640 -0.030609
v 0.113567 0.109034 -0.027938
v 0.103946 0.113454 -0.037656
v 0.104055 0.105951 -0.034566
v 0.098005 0.109385 -0.045902
v 0.097221 0.102594 -0.042529
v 0.095969 0.105431 -0.051469
v 0.094533 0.099867 -0.050953
v 0.104016 0.122154 -0.040640
v 0.104662 0.132313 -0.042449
v 0.112866 0.124773 -0.033059
v 0.113095 0.133791 -0.034702
v 0.104468 0.098485 -0.032003
v 0.113944 0.101853 -0.025403
v 0.124022 0.125917 -0.030934
v 0.125785 0.103552 -0.024147
v 0.124024 0.134618 -0.032361
v 0.097389 0.095016 -0.040185
v 0.147920 0.120905 -0.075235
v 0.148369 0.130832 -0.075219
v 0.143201 0.119639 -0.085538
v 0.143579 0.130105 -0.085670
v 0.151113 0.091021 -0.075776
v 0.143507 0.087894 -0.085575
v 0.097469 0.089117 -0.069255
v 0.097181 0.118647 -0.065062
v 0.097248 0.129929 -0.064122
v 0.098098 0.117417 -0.052383
v 0.094138 0.090258 -0.059789
v 0.151218 0.094185 -0.062818
v 0.149897 0.122245 -0.063488
v 0.150619 0.131738 -0.063447
v 0.135100 0.118897 -0.093111
v 0.126736 0.118660 -0.099461
v 0.118069 0.118785 -0.102375
v 0.109680 0.118853 -0.100239
v 0.097901 0.118826 -0.075593
v 0.134538 0.125909 -0.033910
v 0.142927 0.124866 -0.041084
v 0.148743 0.123776 -0.051371
v 0.144256 0.100351 -0.038734
v 0.093667 0.092054 -0.049844
v 0.101038 0.088284 -0.079000
v 0.110338 0.089081 -0.103063
v 0.117764 0.088627 -0.104803
v 0.125247 0.087213 -0.101251
v 0.133225 0.084409 -0.093606
v 0.148404 0.097327 -0.050268
v 0.136422 0.102751 -0.029415
v 0.149037 0.132880 -0.051256
v 0.134423 0.134611 -0.034814
v 0.099597 0.130426 -0.053132
v 0.096779 0.129696 -0.074693
v 0.109153 0.129547 -0.099558
v 0.117849 0.129471 -0.102357
v 0.127362 0.129265 -0.100293
v 0.136288 0.129388 -0.094315
v 0.142773 0.133755 -0.041266
v 0.132647 0.188644 -0.105387
v 0.119924 0.189375 -0.106766
v 0.131149 0.175476 -0.104106
v 0.118934 0.175995 -0.105172
v 0.129868 0.163204 -0.102977
v 0.118193 0.163626 -0.103771
v 0.128901 0.151439 -0.101967
v 0.118078 0.151818 -0.103012
v 0.128051 0.140134 -0.101022
v 0.117895 0.140461 -0.102503
v 0.113632 0.143818 -0.035543
v 0.114171 0.154748 -0.035987
v 0.115022 0.166451 -0.035955
v 0.116039 0.179253 -0.035397
v 0.116234 0.193181 -0.034319
v 0.106930 0.190632 -0.102847
v 0.107328 0.176825 -0.101346
v 0.107600 0.164233 -0.100235
v 0.108082 0.152113 -0.099686
v 0.108638 0.140680 -0.099472
v 0.098477 0.193596 -0.048995
v 0.099389 0.179157 -0.050955
v 0.099578 0.166099 -0.052073
v 0.099921 0.153686 -0.052777
v 0.100083 0.142057 -0.053195
v 0.154358 0.188949 -0.047119
v 0.151885 0.164130 -0.050013
v 0.150837 0.152774 -0.050762
v 0.106215 0.193781 -0.040769
v 0.106449 0.179408 -0.041983
v 0.105862 0.166267 -0.042758
v 0.105521 0.154288 -0.043035
v 0.105220 0.143016 -0.042914
v 0.095873 0.140956 -0.074077
v 0.095094 0.152732 -0.073393
v 0.093974 0.165002 -0.072235
v 0.092652 0.177978 -0.070999
v 0.090631 0.191775 -0.069929
v 0.093260 0.192620 -0.058579
v 0.144326 0.187838 -0.098725
v 0.139075 0.151320 -0.096517
v 0.140596 0.162905 -0.097423
v 0.147956 0.162879 -0.086897
v 0.152826 0.163075 -0.075084
v 0.146128 0.151441 -0.086597
v 0.150762 0.151689 -0.075197
v 0.157665 0.187497 -0.073888
v 0.158951 0.187897 -0.059670
v 0.152372 0.187459 -0.087292
v 0.155023 0.163428 -0.062378
v 0.153048 0.152158 -0.062925
v 0.137555 0.140152 -0.095600
v 0.149354 0.141025 -0.075235
v 0.144532 0.140534 -0.086112
v 0.095545 0.165513 -0.061933
v 0.096222 0.153136 -0.063063
v 0.096812 0.141335 -0.063660
v 0.149833 0.142416 -0.051258
v 0.151757 0.141574 -0.063325
v 0.144815 0.165041 -0.040691
v 0.143960 0.153684 -0.041154
v 0.143188 0.143367 -0.041324
v 0.134703 0.143949 -0.035256
v 0.135241 0.154395 -0.035471
v 0.146563 0.190063 -0.038329
v 0.137898 0.190856 -0.033733
v 0.135955 0.165699 -0.035261
v 0.124231 0.144199 -0.033230
v 0.124931 0.154748 -0.033768
v 0.125872 0.166183 -0.033634
v 0.127516 0.191903 -0.031907
v 0.153293 0.176165 -0.048929
v 0.145725 0.177024 -0.039730
v 0.136785 0.177796 -0.034662
v 0.126810 0.178461 -0.032988
v 0.094702 0.178486 -0.060658
v 0.142396 0.174915 -0.098084
v 0.150062 0.174715 -0.087123
v 0.155240 0.174972 -0.074768
v 0.157048 0.175338 -0.061287
v 0.163137 0.055085 -0.002923
v 0.167938 0.047586 -0.010973
v 0.168894 0.046994 0.000841
v 0.164500 0.051104 0.004854
v 0.159386 0.056644 0.003080
v 0.159635 0.053801 0.008907
v 0.155331 0.059890 0.003547
v 0.154729 0.056395 0.011737
v 0.149402 0.063526 0.006744
v 0.149463 0.059229 0.014642
v 0.143415 0.066038 0.009938
v 0.143523 0.061326 0.017145
v 0.136638 0.067639 0.011153
v 0.136927 0.062816 0.018748
v 0.128689 0.067587 0.011067
v 0.129634 0.062615 0.018847
v 0.121243 0.064913 0.009570
v 0.122795 0.060167 0.017196
v 0.115443 0.061212 0.006880
v 0.116837 0.056725 0.014436
v 0.110514 0.057275 0.002197
v 0.112055 0.052217 0.010386
v 0.105711 0.052069 -0.004036
v 0.107983 0.046809 0.005753
v 0.102556 0.045066 -0.010509
v 0.104603 0.040579 0.001487
v 0.102394 0.037381 -0.014644
v 0.103963 0.033892 -0.002030
v 0.104806 0.031271 -0.017164
v 0.106299 0.028384 -0.004734
v 0.107993 0.026806 -0.019021
v 0.109465 0.024171 -0.006822
v 0.119520 0.017803 -0.023486
v 0.121895 0.015820 -0.011670
v 0.123994 0.015852 -0.024755
v 0.126575 0.013862 -0.012972
v 0.138017 0.012825 -0.028044
v 0.141093 0.011816 -0.016070
v 0.142648 0.012000 -0.029209
v 0.145921 0.011584 -0.017225
v 0.147195 0.011050 -0.030427
v 0.150654 0.010858 -0.018579
v 0.151759 0.010298 -0.031597
v 0.155331 0.009933 -0.019970
v 0.156418 0.010258 -0.032638
v 0.160115 0.009411 -0.021256
v 0.161149 0.011004 -0.033508
v 0.165063 0.009778 -0.022344
v 0.172758 0.026270 -0.031933
v 0.171983 0.020670 -0.033658
v 0.176486 0.019103 -0.022516
v 0.177005 0.024435 -0.020645
v 0.171594 0.032507 -0.028255
v 0.175500 0.029833 -0.017275
v 0.169292 0.039332 -0.021750
v 0.173505 0.035423 -0.012251
v 0.172100 0.040564 -0.005775
v 0.171439 0.043002 -0.000163
v 0.164213 0.036197 0.041656
v 0.169016 0.034223 0.038685
v 0.170317 0.030443 0.046157
v 0.165637 0.032323 0.049037
v 0.159302 0.038058 0.044349
v 0.160636 0.033765 0.051519
v 0.154315 0.039982 0.046829
v 0.155731 0.035663 0.053941
v 0.148788 0.041123 0.048698
v 0.150221 0.036436 0.055609
v 0.142902 0.042099 0.050187
v 0.144377 0.037356 0.057097
v 0.136699 0.042860 0.051142
v 0.138316 0.038610 0.058348
v 0.130244 0.042630 0.051223
v 0.131933 0.039050 0.058821
v 0.124121 0.040461 0.050250
v 0.125583 0.037684 0.058396
v 0.118833 0.036903 0.048710
v 0.119933 0.034577 0.057346
v 0.114917 0.032075 0.046732
v 0.115573 0.029977 0.055819
v 0.112371 0.026593 0.044505
v 0.113090 0.024336 0.053877
v 0.110906 0.021046 0.042189
v 0.111996 0.018578 0.051795
v 0.111924 0.015877 0.039782
v 0.112669 0.013029 0.049627
v 0.152101 0.003280 0.027368
v 0.136169 0.004130 0.030834
v 0.138651 0.001779 0.041069
v 0.154768 0.001462 0.037341
v 0.157129 0.002908 0.025814
v 0.159785 0.001118 0.035651
v 0.162229 0.002690 0.024083
v 0.164850 0.001156 0.033816
v 0.167524 0.002507 0.022291
v 0.170089 0.001486 0.031969
v 0.173108 0.002261 0.020572
v 0.175595 0.001767 0.030243
v 0.179046 0.002357 0.019066
v 0.181393 0.002254 0.028793
v 0.193831 0.017569 0.020223
v 0.194072 0.012002 0.018170
v 0.195503 0.011369 0.027884
v 0.195267 0.016450 0.029540
v 0.191547 0.022161 0.022918
v 0.193198 0.020774 0.031852
v 0.187966 0.025688 0.025922
v 0.189653 0.024042 0.034507
v 0.183232 0.027778 0.029035
v 0.184958 0.025907 0.037305
v 0.178497 0.030000 0.032279
v 0.180143 0.027623 0.040267
v 0.173969 0.032489 0.035609
v 0.175269 0.029099 0.043249
v 0.166163 0.042950 0.021840
v 0.170505 0.039977 0.018171
v 0.172388 0.036187 0.027208
v 0.167681 0.038544 0.030591
v 0.161238 0.045187 0.025166
v 0.162705 0.040480 0.033664
v 0.156335 0.047367 0.028204
v 0.157802 0.042499 0.036520
v 0.151260 0.049445 0.030926
v 0.152770 0.044462 0.039096
v 0.145664 0.051036 0.033131
v 0.147239 0.045883 0.041149
v 0.139565 0.052226 0.034759
v 0.141279 0.046995 0.042710
v 0.132976 0.052422 0.035340
v 0.134906 0.047460 0.043475
v 0.126416 0.050929 0.034488
v 0.128383 0.046618 0.043128
v 0.120617 0.047831 0.032456
v 0.122452 0.043911 0.041618
v 0.115805 0.043593 0.029765
v 0.117444 0.039970 0.039522
v 0.111946 0.038511 0.026824
v 0.113707 0.034950 0.037048
v 0.108818 0.032973 0.023985
v 0.110798 0.029538 0.034540
v 0.108380 0.027185 0.021093
v 0.109658 0.023951 0.031942
v 0.109775 0.022185 0.018502
v 0.110905 0.018959 0.029398
v 0.112787 0.018326 0.016239
v 0.114103 0.015173 0.027131
v 0.126380 0.011018 0.010957
v 0.128348 0.007682 0.021623
v 0.131696 0.010296 0.009786
v 0.133919 0.007289 0.020507
v 0.146849 0.008515 0.006603
v 0.149569 0.006284 0.017271
v 0.151747 0.007780 0.005251
v 0.154496 0.005429 0.015761
v 0.156655 0.006826 0.003645
v 0.159544 0.004928 0.014094
v 0.161706 0.005902 0.001948
v 0.164745 0.004250 0.012318
v 0.167025 0.005437 0.000332
v 0.170220 0.003568 0.010591
v 0.172575 0.005815 -0.001050
v 0.176036 0.003769 0.009101
v 0.184832 0.020344 0.001000
v 0.184560 0.015511 -0.000971
v 0.189307 0.013679 0.008830
v 0.189577 0.018755 0.010824
v 0.183481 0.025025 0.003702
v 0.187880 0.023388 0.013549
v 0.181041 0.029367 0.006983
v 0.185108 0.027537 0.016666
v 0.178387 0.033668 0.010633
v 0.181515 0.031104 0.020111
v 0.174909 0.037208 0.014497
v 0.176728 0.033318 0.023623
v 0.147321 0.008320 0.114617
v 0.143173 0.007879 0.116058
v 0.144026 0.011682 0.118929
v 0.147921 0.012109 0.117509
v 0.150616 0.012733 0.114801
v 0.150576 0.009386 0.112680
v 0.151783 0.012928 0.111313
v 0.151926 0.010536 0.110760
v 0.151856 0.012778 0.106649
v 0.152388 0.009316 0.107106
v 0.151365 0.013284 0.100803
v 0.152031 0.008589 0.100924
v 0.149797 0.014330 0.094928
v 0.150231 0.009039 0.094347
v 0.147007 0.015144 0.090249
v 0.147558 0.010025 0.089139
v 0.145275 0.016202 0.086076
v 0.145546 0.010946 0.084921
v 0.144767 0.017296 0.082288
v 0.144608 0.011495 0.081228
v 0.145867 0.017859 0.078891
v 0.145861 0.011377 0.078194
v 0.149675 0.017803 0.080263
v 0.150564 0.010987 0.078212
v 0.151413 0.017122 0.084597
v 0.153337 0.012118 0.083334
v 0.152640 0.015892 0.088912
v 0.154652 0.011381 0.087066
v 0.154227 0.014229 0.092966
v 0.155994 0.010036 0.090751
v 0.155370 0.012263 0.097137
v 0.157300 0.008162 0.094792
v 0.156329 0.010445 0.101219
v 0.158284 0.005993 0.099097
v 0.157762 0.009196 0.104876
v 0.159418 0.004461 0.103539
v 0.159494 0.008491 0.107989
v 0.161414 0.004672 0.107282
v 0.162226 0.008340 0.109431
v 0.163568 0.006333 0.109001
v 0.164387 0.008693 0.109494
v 0.164730 0.007490 0.109265
v 0.166327 0.008881 0.108999
v 0.166344 0.007381 0.108793
v 0.168174 0.008752 0.108070
v 0.167924 0.007508 0.108122
v 0.169929 0.008626 0.106522
v 0.168697 0.006462 0.107004
v 0.171267 0.009105 0.103895
v 0.169472 0.005084 0.104404
v 0.171452 0.009944 0.100473
v 0.169519 0.004590 0.100263
v 0.169640 0.011169 0.096955
v 0.167988 0.006023 0.095855
v 0.167165 0.012884 0.093639
v 0.165420 0.008717 0.092466
v 0.165496 0.014869 0.089796
v 0.163759 0.010792 0.088732
v 0.164904 0.016619 0.085454
v 0.162801 0.012058 0.084809
v 0.163877 0.017871 0.081255
v 0.161860 0.012673 0.080983
v 0.166677 0.018634 0.078723
v 0.161935 0.010788 0.076044
v 0.164981 0.018593 0.077824
v 0.165592 0.011061 0.074143
v 0.165195 0.018088 0.078803
v 0.167119 0.012941 0.076710
v 0.167351 0.016739 0.081045
v 0.168424 0.012612 0.078873
v 0.168173 0.014732 0.084131
v 0.168742 0.010620 0.081435
v 0.168218 0.012466 0.087519
v 0.168682 0.007756 0.084343
v 0.168935 0.010361 0.090832
v 0.169543 0.005216 0.088047
v 0.170473 0.008873 0.093693
v 0.171589 0.004113 0.091915
v 0.172538 0.007970 0.095914
v 0.174158 0.004639 0.094862
v 0.175074 0.007476 0.097394
v 0.176279 0.005713 0.096601
v 0.177307 0.007565 0.097483
v 0.177459 0.006646 0.097071
v 0.178706 0.007718 0.096921
v 0.178589 0.006691 0.096436
v 0.179792 0.007720 0.095927
v 0.179547 0.006953 0.095670
v 0.180740 0.007726 0.094363
v 0.179892 0.006451 0.094483
v 0.181572 0.008255 0.092064
v 0.180100 0.005892 0.092149
v 0.182083 0.009344 0.089390
v 0.180150 0.005754 0.088865
v 0.181823 0.010912 0.086431
v 0.179701 0.006711 0.085089
v 0.180561 0.012833 0.083479
v 0.178328 0.008988 0.081966
v 0.178816 0.014797 0.080519
v 0.176931 0.011199 0.079174
v 0.177605 0.016483 0.077041
v 0.175859 0.012691 0.076176
v 0.176268 0.017626 0.073190
v 0.174791 0.013414 0.072915
v 0.175409 0.018055 0.068855
v 0.174439 0.011872 0.068130
v 0.178577 0.017606 0.071190
v 0.177523 0.010790 0.066277
v 0.177809 0.017436 0.069293
v 0.177890 0.012345 0.067962
v 0.178580 0.016164 0.071679
v 0.178772 0.011896 0.069715
v 0.179084 0.014232 0.074527
v 0.178492 0.009798 0.071971
v 0.179502 0.012085 0.077439
v 0.178553 0.007174 0.074805
v 0.180622 0.010152 0.079911
v 0.180204 0.005577 0.077941
v 0.182173 0.008656 0.081834
v 0.182502 0.005387 0.080490
v 0.183767 0.007679 0.083377
v 0.184471 0.005960 0.082198
v 0.185484 0.007478 0.083973
v 0.185784 0.006533 0.083209
v 0.186503 0.007492 0.083989
v 0.186476 0.006851 0.083613
v 0.187431 0.007518 0.083620
v 0.187305 0.006764 0.083209
v 0.188379 0.007498 0.083067
v 0.188157 0.006899 0.082774
v 0.189240 0.007501 0.082114
v 0.188571 0.006450 0.081869
v 0.190306 0.007639 0.080369
v 0.188937 0.005905 0.080077
v 0.191182 0.008520 0.078159
v 0.189253 0.005447 0.077588
v 0.191574 0.009702 0.075879
v 0.189339 0.005638 0.074633
v 0.191735 0.010832 0.073099
v 0.188948 0.006419 0.071342
v 0.191542 0.012121 0.069749
v 0.187854 0.008116 0.068344
v 0.190103 0.013697 0.066703
v 0.186386 0.010487 0.066514
v 0.188282 0.015132 0.063761
v 0.185325 0.011940 0.064094
v 0.197942 0.011546 0.051690
v 0.198695 0.015316 0.052373
v 0.196802 0.015522 0.045662
v 0.195979 0.011850 0.044803
v 0.195759 0.015850 0.038027
v 0.195527 0.011553 0.036787
v 0.180996 0.022403 -0.009658
v 0.180612 0.017336 -0.011580
v 0.167395 0.027414 -0.043264
v 0.166941 0.021853 -0.044845
v 0.162439 0.027873 -0.055142
v 0.162192 0.022378 -0.056294
v 0.158623 0.027610 -0.067484
v 0.157906 0.022179 -0.067858
v 0.154932 0.026792 -0.079448
v 0.154631 0.021217 -0.079357
v 0.150615 0.025906 -0.090308
v 0.150205 0.020284 -0.089619
v 0.145366 0.025316 -0.099432
v 0.144771 0.019608 -0.098094
v 0.138425 0.025186 -0.105860
v 0.138072 0.019449 -0.104189
v 0.131020 0.025295 -0.110413
v 0.130898 0.019452 -0.108475
v 0.123350 0.025532 -0.112995
v 0.123428 0.019964 -0.110578
v 0.116092 0.026228 -0.113034
v 0.116493 0.020919 -0.110428
v 0.109939 0.027410 -0.110117
v 0.110594 0.021906 -0.108341
v 0.098523 0.029578 -0.094685
v 0.099311 0.023880 -0.094676
v 0.096808 0.030282 -0.087113
v 0.097188 0.024416 -0.087510
v 0.096736 0.031220 -0.077997
v 0.096758 0.025295 -0.078512
v 0.098304 0.032370 -0.067512
v 0.098500 0.026588 -0.068018
v 0.100463 0.033463 -0.055869
v 0.101250 0.027873 -0.056481
v 0.101717 0.033900 -0.043214
v 0.103420 0.028445 -0.044137
v 0.103755 0.033444 -0.030176
v 0.106437 0.028586 -0.031648
v 0.135877 0.008998 0.116258
v 0.135595 0.011671 0.117216
v 0.139801 0.011598 0.118888
v 0.138972 0.008100 0.116745
v 0.141462 0.004438 0.111332
v 0.136789 0.005098 0.112601
v 0.133211 0.007564 0.113193
v 0.131756 0.011313 0.113364
v 0.139083 0.002105 0.105053
v 0.133880 0.003075 0.106751
v 0.129693 0.006211 0.108056
v 0.128087 0.011069 0.108253
v 0.136552 0.001306 0.098227
v 0.130977 0.002165 0.100134
v 0.126373 0.005610 0.101860
v 0.125058 0.011210 0.102334
v 0.134308 0.001685 0.091849
v 0.128630 0.002447 0.093576
v 0.124104 0.006033 0.095300
v 0.123248 0.011701 0.096054
v 0.132275 0.002685 0.085796
v 0.126800 0.003645 0.087250
v 0.123073 0.007440 0.088802
v 0.122404 0.012542 0.089733
v 0.130418 0.004617 0.079649
v 0.125499 0.005841 0.080853
v 0.122073 0.009067 0.082207
v 0.120791 0.013539 0.083327
v 0.128031 0.003788 0.072630
v 0.123147 0.006233 0.073784
v 0.119814 0.009831 0.075194
v 0.118482 0.014452 0.076465
v 0.116861 0.010178 0.067530
v 0.115739 0.015384 0.069026
v 0.114821 0.011577 0.037494
v 0.111352 0.021463 0.004935
v 0.108427 0.025459 0.007120
v 0.181009 0.020752 0.072836
v 0.181713 0.018356 0.076144
v 0.182047 0.009533 0.067591
v 0.182393 0.007078 0.069241
v 0.190798 0.018712 0.068874
v 0.190945 0.016815 0.072665
v 0.186555 0.021758 0.071511
v 0.186793 0.019086 0.075044
v 0.168990 0.021461 0.082352
v 0.169951 0.019139 0.086055
v 0.172027 0.010758 0.076780
v 0.172917 0.009338 0.079439
v 0.177473 0.020631 0.078814
v 0.178431 0.018587 0.082812
v 0.173904 0.023195 0.081219
v 0.174824 0.020651 0.085259
v 0.154157 0.021291 0.090060
v 0.159292 0.023941 0.089330
v 0.160687 0.020968 0.093895
v 0.155771 0.019098 0.094633
v 0.158742 0.009887 0.085418
v 0.159957 0.008611 0.089022
v 0.164050 0.021671 0.087197
v 0.164888 0.019152 0.091783
v 0.137021 0.023112 0.093266
v 0.132584 0.022389 0.094267
v 0.128584 0.020040 0.095104
v 0.125278 0.016547 0.095806
v 0.139932 0.002285 0.090365
v 0.144925 0.005013 0.089215
v 0.144663 0.019073 0.091395
v 0.141234 0.021848 0.092269
v 0.138846 0.020616 0.109835
v 0.143253 0.021026 0.108520
v 0.135834 0.019686 0.101541
v 0.140017 0.020669 0.100182
v 0.135755 0.018790 0.110694
v 0.134881 0.018627 0.106758
v 0.132096 0.015023 0.112780
v 0.129372 0.015441 0.107151
v 0.146235 0.004741 0.109887
v 0.144444 0.002312 0.103453
v 0.150451 0.006142 0.108426
v 0.149477 0.004125 0.101916
v 0.150590 0.015930 0.106418
v 0.149431 0.017312 0.100642
v 0.146596 0.019545 0.107256
v 0.144614 0.019745 0.103416
v 0.162737 0.012710 0.106938
v 0.159413 0.013949 0.104862
v 0.163697 0.014980 0.102832
v 0.164692 0.013568 0.105903
v 0.158037 0.015466 0.102410
v 0.162986 0.016790 0.100971
v 0.165540 0.003173 0.105746
v 0.164349 0.002009 0.101554
v 0.162804 0.002671 0.096561
v 0.167078 0.013107 0.105413
v 0.168242 0.014046 0.101731
v 0.167605 0.015537 0.099104
v 0.106165 0.083329 -0.027164
v 0.105316 0.090964 -0.029728
v 0.114651 0.088030 -0.019173
v 0.114404 0.094830 -0.022854
v 0.106448 0.075408 -0.023552
v 0.114727 0.080941 -0.014413
v 0.105589 0.067125 -0.018572
v 0.110283 0.063563 -0.003817
v 0.104523 0.058801 -0.012580
v 0.114629 0.064951 0.001748
v 0.113925 0.047716 0.019835
v 0.109984 0.042467 0.016232
v 0.118689 0.052152 0.023166
v 0.121451 0.032404 0.065242
v 0.116905 0.028029 0.064113
v 0.127306 0.034980 0.065863
v 0.123877 0.029681 0.072061
v 0.119458 0.025836 0.071364
v 0.129400 0.031892 0.072435
v 0.126109 0.027940 0.078675
v 0.122092 0.024095 0.078105
v 0.131509 0.029658 0.078680
v 0.128409 0.026271 0.084719
v 0.124346 0.022820 0.084520
v 0.133582 0.027560 0.084335
v 0.130765 0.023985 0.089756
v 0.126660 0.021311 0.090083
v 0.135407 0.024858 0.089061
v 0.134231 0.021053 0.098183
v 0.130635 0.018723 0.099779
v 0.138587 0.021937 0.096949
v 0.140927 0.020375 0.114455
v 0.137707 0.019027 0.114414
v 0.145101 0.020604 0.113248
v 0.143584 0.017835 0.119088
v 0.140302 0.017001 0.119104
v 0.147129 0.017995 0.117567
v 0.144108 0.015197 0.119693
v 0.139979 0.014751 0.119627
v 0.147762 0.015593 0.118279
v 0.142128 0.001815 0.096550
v 0.137898 0.003251 0.084747
v 0.135832 0.004903 0.079075
v 0.134215 0.002812 0.072189
v 0.143217 0.024416 0.077373
v 0.150044 0.024364 0.077871
v 0.144583 0.000614 0.061590
v 0.138329 0.000512 0.062807
v 0.141566 0.029698 0.071260
v 0.147787 0.028075 0.070015
v 0.139943 0.034373 0.065087
v 0.145936 0.032664 0.063613
v 0.137989 0.057587 0.026649
v 0.131105 0.057582 0.027021
v 0.137860 0.072442 0.003624
v 0.128194 0.072884 0.003410
v 0.128049 0.078180 -0.004698
v 0.127677 0.084035 -0.012202
v 0.127010 0.090149 -0.018019
v 0.126286 0.096570 -0.022097
v 0.116639 0.020823 0.070328
v 0.119477 0.019427 0.077363
v 0.189898 0.019955 0.064572
v 0.190325 0.014765 0.075624
v 0.189528 0.012811 0.077668
v 0.188595 0.011153 0.081092
v 0.188859 0.010033 0.082162
v 0.188704 0.009231 0.083241
v 0.188456 0.007981 0.083508
v 0.187541 0.008104 0.083908
v 0.186725 0.008063 0.084034
v 0.186525 0.009347 0.084326
v 0.185876 0.010186 0.083640
v 0.185589 0.011320 0.082590
v 0.183313 0.013386 0.080371
v 0.182524 0.015702 0.078597
v 0.180349 0.022479 0.069245
v 0.179590 0.023417 0.065379
v 0.174978 0.022956 0.067708
v 0.176320 0.022154 0.074096
v 0.179533 0.016609 0.086140
v 0.180195 0.014651 0.088747
v 0.180449 0.012854 0.090838
v 0.179365 0.011431 0.093959
v 0.179661 0.010302 0.095248
v 0.179560 0.009418 0.096518
v 0.178646 0.009720 0.097284
v 0.177410 0.009847 0.097662
v 0.176294 0.010863 0.096756
v 0.175655 0.012056 0.095418
v 0.172866 0.013016 0.093606
v 0.171634 0.014836 0.092061
v 0.170645 0.016921 0.089485
v 0.167612 0.023643 0.078537
v 0.166087 0.025425 0.074061
v 0.162029 0.025694 0.076195
v 0.163151 0.023828 0.082185
v 0.166226 0.017064 0.095831
v 0.169030 0.010692 0.106366
v 0.167643 0.011345 0.108333
v 0.166122 0.011484 0.109199
v 0.164571 0.011004 0.109349
v 0.163443 0.011663 0.108425
v 0.156843 0.017200 0.098975
v 0.152431 0.023071 0.084877
v 0.142727 0.022489 0.082733
v 0.143174 0.020519 0.087140
v 0.147158 0.018349 0.095663
v 0.150864 0.015680 0.111688
v 0.150096 0.015720 0.115483
v 0.135881 0.014825 0.117243
v 0.127248 0.015858 0.101378
v 0.123703 0.017337 0.090110
v 0.121743 0.018353 0.084039
v 0.153447 0.003800 0.069644
v 0.160682 0.001133 0.056926
v 0.112007 0.011493 -0.092475
v 0.108501 0.012109 -0.090304
v 0.168043 0.005073 0.063596
v 0.165414 0.001377 0.054888
v 0.180616 0.006524 0.056040
v 0.170058 0.001627 0.052777
v 0.184625 0.024086 0.061594
v 0.178280 0.024801 0.057708
v 0.183005 0.024515 0.054909
v 0.173619 0.025755 0.060575
v 0.171240 0.026470 0.070507
v 0.169245 0.027455 0.063437
v 0.164335 0.028109 0.065984
v 0.159330 0.029130 0.068316
v 0.155833 0.028061 0.077476
v 0.153822 0.029243 0.069662
v 0.137262 0.028472 0.078138
v 0.135525 0.031752 0.072217
v 0.149147 0.017508 0.115580
v 0.192146 0.022759 0.049951
v 0.191136 0.023405 0.042427
v 0.194561 0.020140 0.039994
v 0.195993 0.019853 0.047520
v 0.179601 0.027368 -0.006734
v 0.177258 0.032067 -0.002866
v 0.166553 0.034254 -0.039879
v 0.164638 0.042743 -0.033515
v 0.159883 0.044515 -0.047642
v 0.161510 0.034922 -0.052549
v 0.155346 0.043417 -0.062971
v 0.157439 0.034528 -0.065896
v 0.153712 0.033655 -0.078599
v 0.151523 0.041922 -0.076859
v 0.149446 0.032931 -0.089769
v 0.147182 0.041066 -0.088211
v 0.144212 0.032615 -0.098941
v 0.142192 0.040936 -0.097278
v 0.137922 0.032658 -0.106015
v 0.136341 0.041180 -0.104394
v 0.130706 0.032854 -0.110967
v 0.130039 0.041718 -0.110018
v 0.123220 0.032946 -0.114405
v 0.123099 0.042235 -0.113765
v 0.115927 0.033517 -0.114406
v 0.115902 0.042743 -0.113654
v 0.109720 0.034594 -0.110788
v 0.109694 0.043170 -0.110507
v 0.098899 0.036369 -0.094144
v 0.099691 0.044099 -0.093319
v 0.097645 0.037008 -0.086441
v 0.098864 0.044533 -0.085656
v 0.097631 0.037858 -0.077428
v 0.098860 0.045283 -0.076904
v 0.098812 0.038908 -0.067104
v 0.099622 0.046359 -0.066913
v 0.100222 0.040011 -0.055481
v 0.100038 0.047718 -0.055554
v 0.100714 0.040710 -0.042438
v 0.100249 0.049162 -0.042361
v 0.101269 0.050781 -0.025199
v 0.101732 0.040190 -0.028347
v 0.106901 0.036620 0.012870
v 0.106575 0.030546 0.009746
v 0.113290 0.016682 0.060814
v 0.114039 0.022551 0.062612
v 0.114237 0.011064 0.058960
v 0.100092 0.079077 -0.036885
v 0.098285 0.087055 -0.038409
v 0.101075 0.070745 -0.034475
v 0.100794 0.061778 -0.030786
v 0.146007 0.011471 -0.076497
v 0.142693 0.011604 -0.084648
v 0.105529 0.012668 -0.069877
v 0.103951 0.012632 -0.079360
v 0.108559 0.014000 -0.058758
v 0.149579 0.011663 -0.066716
v 0.138653 0.026043 0.083465
v 0.141305 0.006586 0.079629
v 0.147594 0.019625 0.111393
v 0.183203 0.002911 0.038052
v 0.130302 0.004162 0.031926
v 0.124302 0.013922 -0.000134
v 0.168874 0.008020 -0.011490
v 0.153177 0.012142 -0.055945
v 0.157142 0.011817 -0.044781
v 0.116599 0.018333 -0.035553
v 0.112527 0.016208 -0.047241
v 0.103443 0.013370 -0.085155
v 0.105585 0.012735 -0.087675
v 0.116204 0.010971 -0.093913
v 0.121090 0.010646 -0.094473
v 0.126451 0.010584 -0.094140
v 0.131891 0.010884 -0.093028
v 0.136850 0.011503 -0.091393
v 0.140310 0.011986 -0.089843
v 0.147174 0.004258 0.095056
v 0.142932 0.005955 0.084339
v 0.139831 0.023650 0.088126
v 0.133707 0.035643 0.065921
v 0.143108 0.020773 0.096201
v 0.124473 0.055531 0.025681
v 0.119290 0.069221 0.002224
v 0.114467 0.072710 -0.007260
v 0.151564 0.071221 -0.074610
v 0.151937 0.080942 -0.075254
v 0.144799 0.068748 -0.084832
v 0.144188 0.077973 -0.084890
v 0.149954 0.061565 -0.074306
v 0.145306 0.059576 -0.085554
v 0.150249 0.051590 -0.075182
v 0.145972 0.050250 -0.086756
v 0.141732 0.009935 -0.076156
v 0.137035 0.008966 -0.076237
v 0.132100 0.008430 -0.076379
v 0.127150 0.008200 -0.076255
v 0.122394 0.008263 -0.075639
v 0.109768 0.010625 -0.071329
v 0.099528 0.054537 -0.066989
v 0.099377 0.053267 -0.076499
v 0.098836 0.062779 -0.067447
v 0.099607 0.061070 -0.076372
v 0.098254 0.070947 -0.068417
v 0.100073 0.068356 -0.077228
v 0.098082 0.079647 -0.069435
v 0.096412 0.073023 -0.058463
v 0.095112 0.081516 -0.059461
v 0.097673 0.064641 -0.057299
v 0.099080 0.056161 -0.056245
v 0.112904 0.011576 -0.060157
v 0.126105 0.008522 -0.064457
v 0.130834 0.008261 -0.065347
v 0.135679 0.008437 -0.065837
v 0.140496 0.008985 -0.066080
v 0.145180 0.009963 -0.066313
v 0.153721 0.054349 -0.060076
v 0.153655 0.065287 -0.059997
v 0.153914 0.075147 -0.060843
v 0.152820 0.084721 -0.061880
v 0.172472 0.001076 0.041390
v 0.177742 0.001757 0.039555
v 0.167442 0.000585 0.043382
v 0.162524 0.000434 0.045356
v 0.157590 0.000542 0.047182
v 0.141448 0.000507 0.051307
v 0.129292 0.012562 -0.001405
v 0.143964 0.010066 -0.004555
v 0.148848 0.009712 -0.005754
v 0.158594 0.008089 -0.008769
v 0.163650 0.007581 -0.010251
v 0.153720 0.009043 -0.007203
v 0.134229 0.011413 -0.040196
v 0.138839 0.010665 -0.041354
v 0.143430 0.010281 -0.042434
v 0.139527 0.009181 -0.054365
v 0.144204 0.009532 -0.054978
v 0.134822 0.009218 -0.053527
v 0.148007 0.010158 -0.043355
v 0.152600 0.010592 -0.044132
v 0.120779 0.015872 -0.036767
v 0.130150 0.009703 -0.052429
v 0.116746 0.013579 -0.048482
v 0.148788 0.010503 -0.055477
v 0.187043 0.006044 0.082356
v 0.186509 0.005264 0.080829
v 0.184623 0.003733 0.075440
v 0.183303 0.004448 0.071857
v 0.181712 0.010388 0.065589
v 0.185696 0.004249 0.078562
v 0.178241 0.005568 0.095348
v 0.177421 0.004332 0.093118
v 0.174926 0.003924 0.085438
v 0.173798 0.006507 0.081981
v 0.171117 0.011281 0.074181
v 0.176245 0.003428 0.089657
v 0.166187 0.005498 0.108062
v 0.161333 0.006368 0.092794
v 0.157512 0.010585 0.081793
v 0.146971 0.085001 -0.033433
v 0.144970 0.092550 -0.036837
v 0.149714 0.077320 -0.028482
v 0.153631 0.069716 -0.020868
v 0.157771 0.062352 -0.008944
v 0.160189 0.049837 0.016709
v 0.155144 0.052092 0.019785
v 0.162352 0.030458 0.058652
v 0.167384 0.029501 0.056262
v 0.185837 0.023409 0.066952
v 0.187671 0.009339 0.084001
v 0.187391 0.010372 0.083018
v 0.187100 0.011631 0.081736
v 0.186709 0.014026 0.078969
v 0.186638 0.016088 0.077196
v 0.172743 0.025258 0.076344
v 0.178038 0.011111 0.096047
v 0.177233 0.013144 0.093443
v 0.176728 0.014109 0.092007
v 0.176226 0.015940 0.090561
v 0.175624 0.018253 0.088503
v 0.157670 0.026382 0.083926
v 0.165389 0.012591 0.107723
v 0.161922 0.018489 0.097873
v 0.171976 0.027867 0.053442
v 0.176656 0.026453 0.050512
v 0.186384 0.024779 0.044984
v 0.187183 0.023014 0.052111
v 0.181536 0.025716 0.047715
v 0.157362 0.031918 0.060944
v 0.151854 0.032116 0.062342
v 0.175081 0.036598 0.001598
v 0.172969 0.040619 0.005889
v 0.169237 0.043870 0.009370
v 0.164985 0.047183 0.013095
v 0.150022 0.054459 0.022650
v 0.144268 0.056183 0.024939
v 0.099320 0.058304 -0.044085
v 0.099563 0.052488 -0.084796
v 0.100285 0.052280 -0.092163
v 0.109806 0.052270 -0.109473
v 0.115987 0.052133 -0.112427
v 0.123130 0.051734 -0.112452
v 0.129877 0.051059 -0.108759
v 0.135347 0.050254 -0.102595
v 0.140564 0.049867 -0.095347
v 0.162925 0.053211 -0.023560
v 0.158476 0.059043 -0.039541
v 0.148576 0.068216 -0.001003
v 0.143563 0.069640 0.004400
v 0.142679 0.075627 -0.007417
v 0.098334 0.067139 -0.046118
v 0.096849 0.075564 -0.047705
v 0.100145 0.059962 -0.083805
v 0.100680 0.065502 -0.082898
v 0.101049 0.060202 -0.090335
v 0.101711 0.067717 -0.087243
v 0.110098 0.061343 -0.107679
v 0.110219 0.070434 -0.105869
v 0.116269 0.061284 -0.110469
v 0.116649 0.070309 -0.108398
v 0.123378 0.060945 -0.110567
v 0.123661 0.069578 -0.107690
v 0.129665 0.059971 -0.106567
v 0.129493 0.068097 -0.103643
v 0.134770 0.059024 -0.100683
v 0.134174 0.066901 -0.098543
v 0.139786 0.058810 -0.093794
v 0.138863 0.067237 -0.092371
v 0.153298 0.070580 -0.043637
v 0.151124 0.079973 -0.046521
v 0.140531 0.082334 -0.017300
v 0.138787 0.088947 -0.023205
v 0.094598 0.083713 -0.048784
v 0.101496 0.076519 -0.080738
v 0.110377 0.079629 -0.104076
v 0.117161 0.079285 -0.106239
v 0.124283 0.078036 -0.104417
v 0.130082 0.075587 -0.099909
v 0.133632 0.072659 -0.096769
v 0.137125 0.075165 -0.091794
v 0.149450 0.088659 -0.048794
v 0.137282 0.095651 -0.027173
v 0.115220 0.007899 0.047394
v 0.132550 0.001331 0.042155
v 0.186811 0.016074 0.059827
v 0.184734 0.011820 0.059496
v 0.189483 0.015614 0.059098
v 0.186787 0.010647 0.058609
v 0.121247 0.012658 0.012441
v 0.119986 0.005660 0.065950
v 0.116933 0.005778 0.057070
v 0.116708 0.015273 0.014244
v 0.135237 0.000000 0.052466
v 0.187791 0.020320 0.058821
v 0.192166 0.020708 0.057441
v 0.174692 0.002165 0.050557
v 0.179539 0.003000 0.048427
v 0.107556 0.011128 -0.080849
v 0.119152 0.009208 -0.085468
v 0.123914 0.009031 -0.085928
v 0.128990 0.009141 -0.085772
v 0.134073 0.009606 -0.085207
v 0.138786 0.010387 -0.084610
v 0.147803 0.004017 0.071210
v 0.141889 0.004237 0.073306
v 0.163638 0.004744 0.066135
v 0.158956 0.004195 0.068177
v 0.172477 0.005363 0.061422
v 0.176490 0.005602 0.058960
v 0.185081 0.007632 0.054127
v 0.155792 0.008970 0.076676
v 0.169796 0.009972 0.070060
v 0.181289 0.009705 0.061986
v 0.195440 0.008156 0.052105
v 0.184545 0.004530 0.046692
v 0.193075 0.007528 0.036510
v 0.188584 0.004655 0.037019
v 0.099475 0.021248 -0.068466
v 0.101798 0.016366 -0.068972
v 0.130544 0.015464 -0.104796
v 0.130726 0.012756 -0.099675
v 0.100842 0.019170 -0.093884
v 0.102992 0.015271 -0.091811
v 0.105831 0.023880 -0.045147
v 0.108837 0.019779 -0.046161
v 0.118210 0.012074 0.025076
v 0.122971 0.009344 0.023168
v 0.185100 0.003838 0.017973
v 0.190745 0.006789 0.017468
v 0.165728 0.012843 -0.034129
v 0.169633 0.016037 -0.034311
v 0.187214 0.003796 0.027767
v 0.192570 0.006535 0.027325
v 0.109359 0.024633 -0.032995
v 0.112720 0.021219 -0.034286
v 0.169876 0.011446 -0.023077
v 0.174023 0.014519 -0.023276
v 0.123696 0.015738 -0.106857
v 0.124625 0.012774 -0.101355
v 0.178201 0.012796 -0.012476
v 0.173933 0.009688 -0.012312
v 0.098730 0.019513 -0.087381
v 0.100998 0.015559 -0.086549
v 0.156166 0.017859 -0.067716
v 0.153414 0.014262 -0.067281
v 0.148432 0.016138 -0.088019
v 0.145785 0.013397 -0.086052
v 0.177933 0.007633 -0.001934
v 0.182274 0.010969 -0.002016
v 0.181824 0.005459 0.008073
v 0.186867 0.008693 0.007744
v 0.164914 0.017306 -0.045395
v 0.161443 0.013940 -0.045275
v 0.102493 0.022702 -0.057078
v 0.104908 0.017914 -0.057766
v 0.122087 0.001994 0.055207
v 0.128581 0.000239 0.053674
v 0.117201 0.016330 -0.107177
v 0.118754 0.013093 -0.101766
v 0.097857 0.019998 -0.078818
v 0.100338 0.015541 -0.078928
v 0.143258 0.015671 -0.095617
v 0.141438 0.013339 -0.092476
v 0.120046 0.004072 0.045271
v 0.126160 0.001959 0.043512
v 0.119187 0.008183 0.035375
v 0.124492 0.005627 0.033469
v 0.111469 0.023268 -0.020625
v 0.115296 0.020275 -0.022105
v 0.153003 0.016704 -0.078626
v 0.149843 0.013586 -0.077449
v 0.160284 0.017986 -0.056554
v 0.157145 0.014594 -0.056358
v 0.115085 0.018316 0.003033
v 0.119476 0.015819 0.001346
v 0.113297 0.021010 -0.008596
v 0.117505 0.018383 -0.010193
v 0.111593 0.017217 -0.105701
v 0.113529 0.013552 -0.100899
v 0.137140 0.015576 -0.101022
v 0.136482 0.013063 -0.096764
v 0.189538 0.006414 0.045598
v 0.193450 0.008977 0.044873
v 0.131525 0.001072 0.063455
v 0.125119 0.002546 0.064479
v 0.117249 0.010098 -0.061697
v 0.121588 0.009103 -0.063184
v 0.101834 0.052339 -0.098916
v 0.104997 0.052365 -0.104816
v 0.125590 0.010579 -0.051158
v 0.121141 0.011817 -0.049819
v 0.096903 0.191469 -0.093689
v 0.091513 0.191583 -0.082205
v 0.103758 0.078427 -0.090579
v 0.105543 0.079343 -0.098497
v 0.102267 0.060855 -0.096966
v 0.105172 0.061259 -0.103105
v 0.100733 0.108528 -0.086272
v 0.104593 0.108667 -0.094380
v 0.098554 0.177360 -0.093084
v 0.093621 0.177569 -0.082303
v 0.152515 0.000864 0.048745
v 0.147171 0.000915 0.050087
v 0.104807 0.035242 -0.106213
v 0.101205 0.035809 -0.100731
v 0.150329 0.000777 0.060167
v 0.155703 0.000955 0.058673
v 0.103028 0.069332 -0.094025
v 0.105298 0.070190 -0.100885
v 0.102345 0.098531 -0.087242
v 0.105667 0.098653 -0.095175
v 0.128628 0.014531 -0.025904
v 0.133326 0.013631 -0.026969
v 0.098299 0.129588 -0.084609
v 0.102495 0.129617 -0.093070
v 0.104884 0.043475 -0.105853
v 0.101510 0.043813 -0.100082
v 0.147052 0.004035 0.028733
v 0.141764 0.004462 0.029878
v 0.129689 0.012682 -0.039078
v 0.125177 0.014040 -0.037937
v 0.099751 0.164437 -0.092593
v 0.095053 0.164632 -0.082815
v 0.131416 0.012728 -0.014091
v 0.136265 0.012134 -0.015080
v 0.103509 0.118920 -0.093589
v 0.099454 0.118863 -0.085248
v 0.100660 0.152204 -0.092699
v 0.096205 0.152388 -0.083521
v 0.104921 0.028212 -0.106087
v 0.101032 0.028891 -0.101026
v 0.144337 0.002341 0.040027
v 0.149671 0.001957 0.038786
v 0.136906 0.009859 0.008758
v 0.141921 0.009134 0.007713
v 0.101532 0.140640 -0.092887
v 0.097253 0.140639 -0.084071
v 0.117975 0.008694 -0.074496
v 0.113848 0.009447 -0.072976
v 0.134222 0.011357 -0.002532
v 0.139109 0.010558 -0.003538
v 0.139349 0.007334 0.019561
v 0.144569 0.007051 0.018530
v 0.105767 0.022625 -0.104995
v 0.102020 0.023265 -0.100459
v 0.103614 0.088454 -0.088339
v 0.105916 0.088858 -0.096514
v 0.114867 0.009585 -0.084355
v 0.111065 0.010210 -0.082713
v 0.107036 0.017946 -0.102909
v 0.103515 0.018614 -0.098959
v 0.109189 0.014133 -0.098842
v 0.105721 0.014741 -0.095782
v 0.142262 0.019703 0.117601
v 0.137578 0.017649 0.116695
v 0.146533 0.019816 0.116070
v 0.134046 0.017113 0.111410
v 0.132875 0.017663 0.105044
v 0.149201 0.018219 0.112661
v 0.148842 0.018503 0.106529
v 0.145539 0.020093 0.100830
v 0.137210 0.019917 0.105100
v 0.141332 0.020414 0.103701
v 0.177366 0.008847 0.097544
v 0.175189 0.009634 0.097226
v 0.186209 0.008493 0.084279
v 0.184515 0.009402 0.083835
v 0.187682 0.008662 0.084142
v 0.173996 0.011660 0.095114
v 0.184070 0.011480 0.082122
v 0.177531 0.012391 0.094517
v 0.164280 0.014233 0.104536
v 0.168353 0.012602 0.104061
v 0.186928 0.012656 0.080569
v 0.189515 0.011205 0.079639
v 0.189808 0.009213 0.081246
v 0.167662 0.012142 0.106890
v 0.167930 0.010136 0.108115
v 0.189107 0.008472 0.083077
v 0.166151 0.010204 0.108895
v 0.180527 0.011232 0.092742
v 0.180616 0.009190 0.094679
v 0.164431 0.010081 0.109243
v 0.179629 0.008683 0.096251
v 0.162577 0.010305 0.108769
v 0.178657 0.008754 0.097011
v 0.160856 0.012520 0.106850
v 0.189340 0.014682 0.060964
v 0.187410 0.009563 0.059404
v 0.188948 0.013685 0.062596
v 0.187428 0.008547 0.060321
v 0.188665 0.012447 0.064689
v 0.187574 0.007222 0.061692
v 0.188665 0.010863 0.067025
v 0.187753 0.005224 0.063968
v 0.189253 0.009340 0.069076
v 0.188549 0.003777 0.066979
v 0.190142 0.008018 0.070591
v 0.190379 0.003564 0.069523
v 0.191646 0.006879 0.071783
v 0.192127 0.004065 0.071233
v 0.193279 0.006568 0.072481
v 0.193442 0.004934 0.072187
v 0.194314 0.006503 0.072677
v 0.194288 0.005663 0.072572
v 0.195269 0.006385 0.072591
v 0.195229 0.005460 0.072354
v 0.196219 0.006402 0.072077
v 0.196145 0.005676 0.071957
v 0.196924 0.006543 0.071174
v 0.196601 0.005348 0.071134
v 0.197410 0.006826 0.069907
v 0.197073 0.005001 0.069805
v 0.197552 0.007366 0.068472
v 0.197516 0.004748 0.068109
v 0.197583 0.008195 0.066910
v 0.197844 0.004996 0.066083
v 0.197729 0.009220 0.065191
v 0.197961 0.005734 0.063755
v 0.198231 0.010292 0.063109
v 0.197811 0.006515 0.061176
v 0.198901 0.011163 0.060538
v 0.197353 0.006948 0.058888
v 0.199113 0.011421 0.056997
v 0.196369 0.007085 0.056399
v 0.192918 0.016428 0.063344
v 0.193085 0.014527 0.065632
v 0.191905 0.004230 0.057907
v 0.192758 0.003345 0.059379
v 0.198438 0.013718 0.061570
v 0.197599 0.012228 0.063935
v 0.196592 0.015724 0.062596
v 0.196124 0.013652 0.064739
v 0.199183 0.014867 0.057871
v 0.197098 0.010834 0.065613
v 0.197026 0.009655 0.067066
v 0.196717 0.008932 0.069989
v 0.196683 0.008284 0.070897
v 0.196259 0.007723 0.071707
v 0.196051 0.006831 0.072180
v 0.195262 0.006923 0.072551
v 0.194522 0.006965 0.072635
v 0.194459 0.007858 0.072289
v 0.194076 0.008837 0.071919
v 0.194124 0.010013 0.071171
v 0.192937 0.011717 0.069411
v 0.193048 0.012950 0.067599
v 0.192751 0.018348 0.060778
v 0.197007 0.019356 0.054315
v 0.195114 0.004320 0.071572
v 0.194915 0.003198 0.070317
v 0.194117 0.001713 0.065635
v 0.193341 0.001893 0.062141
v 0.190682 0.005013 0.056923
v 0.194574 0.002241 0.068395
v 0.197038 0.017745 0.059289
v 0.195324 0.007829 0.072195
v 0.195487 0.008888 0.071582
v 0.195621 0.009724 0.070472
v 0.195770 0.011052 0.067733
v 0.195831 0.012076 0.066175
v 0.189529 0.005958 0.054147
v 0.194096 0.007377 0.072491
v 0.192827 0.008336 0.071929
v 0.195285 0.007334 0.072417
v 0.192826 0.010422 0.070786
v 0.195742 0.010288 0.069384
v 0.197166 0.008656 0.068892
v 0.197211 0.007607 0.070284
v 0.196499 0.007167 0.071626
v 0.030805 1.544240 0.087285
v 0.029784 1.540137 0.082666
v 0.029788 1.536308 0.080542
v 0.030475 1.543096 0.100228
v 0.028625 1.544964 0.095945
v 0.027766 1.544820 0.091499
v 0.027488 1.543475 0.087813
v 0.027533 1.541589 0.084985
v 0.027758 1.539634 0.083046
v 0.028027 1.537946 0.081834
v 0.028284 1.536660 0.081124
v 0.028488 1.536049 0.080835
v 0.028639 1.536295 0.080907
v 0.026700 1.541344 0.100371
v 0.025044 1.542987 0.096276
v 0.024441 1.542917 0.091917
v 0.024617 1.541805 0.088179
v 0.025250 1.540214 0.085287
v 0.026055 1.538566 0.083296
v 0.026794 1.537157 0.082046
v 0.027365 1.536085 0.081309
v 0.027583 1.535524 0.081042
v 0.027292 1.535599 0.081248
v 0.023827 1.538769 0.100051
v 0.022292 1.540146 0.096370
v 0.021815 1.540215 0.092160
v 0.022358 1.539440 0.088386
v 0.023497 1.538287 0.085443
v 0.024785 1.537092 0.083415
v 0.025902 1.536074 0.082147
v 0.026752 1.535269 0.081382
v 0.027095 1.534753 0.081081
v 0.026632 1.534667 0.081332
v 0.022118 1.535687 0.099547
v 0.020555 1.536717 0.096296
v 0.020070 1.536875 0.092264
v 0.020823 1.536548 0.088472
v 0.022335 1.535979 0.085477
v 0.023981 1.535364 0.083419
v 0.025367 1.534826 0.082145
v 0.026429 1.534394 0.081371
v 0.026965 1.534139 0.081031
v 0.026733 1.534159 0.081168
v 0.021556 1.532503 0.099265
v 0.019908 1.532929 0.096227
v 0.019336 1.533130 0.092276
v 0.020129 1.533304 0.088471
v 0.021820 1.533428 0.085411
v 0.023660 1.533491 0.083326
v 0.025181 1.533499 0.082058
v 0.026303 1.533488 0.081318
v 0.026821 1.533552 0.081040
v 0.026396 1.533773 0.081321
v 0.033027 1.531965 0.079634
v 0.022010 1.529521 0.099327
v 0.020447 1.529092 0.096186
v 0.019726 1.529273 0.092202
v 0.020386 1.529925 0.088347
v 0.022034 1.530776 0.085233
v 0.023860 1.531566 0.083137
v 0.025361 1.532147 0.081893
v 0.026426 1.532521 0.081202
v 0.026845 1.532683 0.080988
v 0.026396 1.532627 0.081277
v 0.032699 1.533497 0.079752
v 0.023518 1.526812 0.099618
v 0.022066 1.525591 0.096159
v 0.021243 1.525628 0.092012
v 0.021649 1.526660 0.088052
v 0.023032 1.528209 0.084912
v 0.024616 1.529706 0.082845
v 0.025934 1.530849 0.081648
v 0.026883 1.531596 0.081002
v 0.027317 1.531795 0.080788
v 0.027081 1.531256 0.080988
v 0.031620 1.535440 0.080121
v 0.026023 1.524318 0.100017
v 0.024709 1.522555 0.096056
v 0.023871 1.522499 0.091629
v 0.023960 1.523845 0.087565
v 0.024837 1.525977 0.084443
v 0.025945 1.528080 0.082447
v 0.026903 1.529715 0.081328
v 0.027641 1.530846 0.080737
v 0.028078 1.531253 0.080504
v 0.028053 1.530573 0.080626
v 0.030501 1.536478 0.080491
v 0.029512 1.522483 0.100114
v 0.028363 1.520394 0.095700
v 0.027478 1.520279 0.091005
v 0.027154 1.521870 0.086909
v 0.027354 1.524408 0.083860
v 0.027790 1.526918 0.081970
v 0.028225 1.528894 0.080958
v 0.028577 1.530325 0.080459
v 0.028741 1.531018 0.080279
v 0.028624 1.530703 0.080373
v 0.031965 1.530835 0.079812
v 0.033624 1.521721 0.099624
v 0.032679 1.519514 0.095006
v 0.031686 1.519358 0.090211
v 0.030864 1.521049 0.086138
v 0.030291 1.523772 0.083219
v 0.029950 1.526424 0.081470
v 0.029762 1.528523 0.080585
v 0.029629 1.530022 0.080201
v 0.029411 1.530698 0.080139
v 0.029016 1.530175 0.080358
v 0.031236 1.532543 0.079950
v 0.037743 1.522123 0.098574
v 0.037039 1.520049 0.094067
v 0.035968 1.519891 0.089335
v 0.034624 1.521549 0.085349
v 0.033245 1.524166 0.082599
v 0.032123 1.526669 0.081009
v 0.031307 1.528654 0.080255
v 0.030736 1.530031 0.079965
v 0.030388 1.530571 0.079936
v 0.030252 1.530043 0.080093
v 0.029993 1.534896 0.080416
v 0.041163 1.523588 0.097180
v 0.040882 1.521900 0.093044
v 0.039833 1.521781 0.088517
v 0.037980 1.523266 0.084678
v 0.035864 1.525490 0.082090
v 0.034045 1.527591 0.080649
v 0.032671 1.529251 0.080001
v 0.031722 1.530418 0.079774
v 0.031341 1.530946 0.079737
v 0.031694 1.530705 0.079775
v 0.029032 1.536322 0.080882
v 0.043549 1.525865 0.095805
v 0.043704 1.524801 0.092114
v 0.042804 1.524835 0.087923
v 0.040578 1.525960 0.084262
v 0.037919 1.527550 0.081783
v 0.035566 1.529044 0.080427
v 0.033746 1.530231 0.079838
v 0.032448 1.531112 0.079651
v 0.031881 1.531632 0.079620
v 0.032377 1.531651 0.079618
v 0.029875 1.529782 0.080292
v 0.044945 1.528669 0.094812
v 0.045337 1.528399 0.091516
v 0.044536 1.528648 0.087641
v 0.042183 1.529320 0.084138
v 0.039247 1.530162 0.081710
v 0.036584 1.530929 0.080364
v 0.034471 1.531535 0.079777
v 0.032902 1.531990 0.079597
v 0.032075 1.532237 0.079580
v 0.032261 1.532182 0.079582
v 0.028815 1.531320 0.080521
v 0.045513 1.531813 0.094434
v 0.045906 1.532381 0.091427
v 0.045050 1.532792 0.087694
v 0.042683 1.533008 0.084268
v 0.039719 1.533098 0.081849
v 0.036984 1.533113 0.080467
v 0.034773 1.533087 0.079832
v 0.033128 1.533037 0.079620
v 0.032295 1.532900 0.079590
v 0.032630 1.532596 0.079596
v 0.027622 1.533743 0.081002
v 0.045360 1.535137 0.094750
v 0.045414 1.536481 0.091843
v 0.044322 1.536937 0.088069
v 0.042011 1.536680 0.084641
v 0.039239 1.536070 0.082192
v 0.036667 1.535379 0.080736
v 0.034563 1.534743 0.080016
v 0.033016 1.534230 0.079739
v 0.032289 1.533913 0.079681
v 0.032578 1.533803 0.079703
v 0.027059 1.535376 0.081395
v 0.044320 1.538361 0.095660
v 0.043731 1.540300 0.092611
v 0.042343 1.540651 0.088681
v 0.040228 1.539940 0.085216
v 0.037833 1.538734 0.082706
v 0.035622 1.537441 0.081148
v 0.033811 1.536278 0.080319
v 0.032463 1.535369 0.079958
v 0.031774 1.534952 0.079876
v 0.031836 1.535192 0.079959
v 0.028309 1.529660 0.080714
v 0.042221 1.541184 0.096977
v 0.040828 1.543399 0.093533
v 0.039320 1.543521 0.089427
v 0.037547 1.542432 0.085910
v 0.035670 1.540775 0.083318
v 0.033973 1.539027 0.081652
v 0.032598 1.537468 0.080707
v 0.031553 1.536224 0.080243
v 0.030942 1.535607 0.080107
v 0.030852 1.535930 0.080220
v 0.027168 1.530760 0.081075
v 0.038900 1.543114 0.098385
v 0.037006 1.545344 0.094490
v 0.035604 1.545280 0.090201
v 0.034283 1.543911 0.086627
v 0.033021 1.541971 0.083953
v 0.031940 1.539950 0.082181
v 0.031098 1.538161 0.081125
v 0.030485 1.536710 0.080547
v 0.030175 1.535893 0.080307
v 0.030229 1.535967 0.080317
v 0.026186 1.532816 0.081479
v 0.034732 1.543772 0.099550
v 0.032772 1.545846 0.095356
v 0.031597 1.545707 0.090917
v 0.030205 1.542224 0.084530
v 0.029513 1.538309 0.081517
v 0.029375 1.536866 0.080853
v 0.029439 1.536102 0.080547
v 0.026018 1.534329 0.081656
v 0.005194 1.469604 0.122426
v 0.007721 1.469326 0.121700
v 0.010274 1.469150 0.120529
v 0.012679 1.469089 0.118969
v 0.014934 1.469193 0.117285
v 0.016958 1.469362 0.115593
v 0.021947 1.468327 0.110220
v 0.022852 1.467135 0.108618
v 0.023188 1.465939 0.107535
v 0.023132 1.464632 0.106990
v 0.022869 1.463295 0.106825
v 0.022454 1.462276 0.107061
v 0.021641 1.461437 0.107986
v 0.020373 1.460579 0.109614
v 0.018595 1.459697 0.111708
v 0.016337 1.458775 0.114031
v 0.013557 1.457664 0.116196
v 0.009930 1.456263 0.117392
v 0.005448 1.454217 0.118074
v 0.012095 1.462023 0.119022
v 0.004467 1.461184 0.120630
v 0.017406 1.462369 0.114373
v 0.010618 1.465338 0.122372
v 0.013036 1.465287 0.120616
v 0.015160 1.465262 0.118529
v 0.016962 1.465412 0.116467
v 0.021821 1.463886 0.110692
v 0.021026 1.463754 0.111374
v 0.017315 1.464096 0.116516
v 0.011863 1.464680 0.121496
v 0.004301 1.464779 0.123553
v 0.005231 1.465476 0.124145
v 0.008559 1.461650 0.120312
v 0.008285 1.464737 0.122985
v 0.007944 1.465433 0.123557
v 0.022256 1.464230 0.108807
v 0.021790 1.463359 0.108809
v 0.021526 1.462689 0.108648
v 0.021805 1.464862 0.110211
v 0.022415 1.465097 0.108758
v 0.020658 1.462814 0.109900
v 0.014947 1.462173 0.116834
v 0.014802 1.464410 0.119164
v 0.020934 1.465224 0.111429
v 0.019470 1.463834 0.113986
v 0.019360 1.462607 0.112012
v 0.023662 1.528850 0.104352
v 0.021324 1.529725 0.102895
v 0.018558 1.529178 0.104390
v 0.018558 1.530706 0.104381
v 0.019353 1.528707 0.104955
v 0.024286 1.527846 0.105986
v 0.030993 1.527346 0.106854
v 0.034775 1.527310 0.106363
v 0.041258 1.527894 0.103625
v 0.026257 1.535971 0.105386
v 0.039186 1.536791 0.104432
v 0.042421 1.535139 0.102202
v 0.044565 1.533502 0.099926
v 0.018089 1.528982 0.105223
v 0.034937 1.537699 0.105735
v 0.022653 1.534108 0.104721
v 0.046221 1.531298 0.097933
v 0.019315 1.528263 0.105594
v 0.030936 1.527481 0.105399
v 0.034635 1.527104 0.105079
v 0.040788 1.527820 0.102168
v 0.044310 1.529723 0.098828
v 0.026196 1.535644 0.103986
v 0.038071 1.537546 0.103233
v 0.041150 1.536160 0.101140
v 0.043213 1.534634 0.098999
v 0.034055 1.538299 0.104543
v 0.044884 1.531952 0.097195
v 0.057670 1.477599 0.083347
v 0.022487 1.533216 0.103469
v 0.019207 1.527216 0.106270
v 0.017495 1.528450 0.105966
v 0.022603 1.535097 0.105398
v 0.026151 1.536951 0.106309
v 0.035651 1.538159 0.106705
v 0.040176 1.537176 0.105247
v 0.043728 1.535278 0.102774
v 0.046068 1.533654 0.100207
v 0.047623 1.530886 0.097489
v 0.041879 1.526417 0.104299
v 0.034942 1.526025 0.107567
v 0.030798 1.526163 0.107764
v 0.024639 1.526402 0.106639
v 0.045084 1.529389 0.099977
v 0.045843 1.528339 0.100041
v 0.018194 1.530908 0.104821
v 0.017556 1.531581 0.105325
v 0.007993 1.496207 0.131675
v 0.009232 1.496361 0.130081
v 0.010958 1.496272 0.127720
v 0.010920 1.494781 0.123549
v 0.005422 1.495592 0.133009
v 0.011936 1.495131 0.125361
v 0.006146 1.497290 0.131602
v 0.012029 1.495895 0.131704
v 0.008827 1.496125 0.133903
v 0.009118 1.492956 0.123644
v 0.009651 1.489387 0.124124
v 0.011831 1.492191 0.123698
v 0.013572 1.491838 0.124391
v 0.014524 1.493191 0.126512
v 0.067178 1.485102 0.038845
v 0.071980 1.521835 0.037813
v 0.073265 1.534898 0.035754
v 0.070145 1.502826 0.039968
v 0.025713 1.539445 0.106117
v 0.024494 1.433995 0.104908
v 0.030606 1.437054 0.099346
v 0.017407 1.494386 0.119206
v 0.017650 1.496925 0.122322
v 0.049345 1.595171 0.077981
v 0.073069 1.566569 0.040954
v 0.037504 1.452970 0.101579
v 0.015273 1.452257 0.120610
v 0.005630 1.451584 0.123622
v 0.017079 1.496383 0.117337
v 0.044234 1.520262 0.101683
v 0.038604 1.520986 0.104672
v 0.014944 1.454675 0.123022
v 0.005657 1.453278 0.126269
v 0.021708 1.473811 0.119814
v 0.014769 1.465464 0.123354
v 0.012063 1.465837 0.125401
v 0.006687 1.475015 0.130207
v 0.020221 1.470251 0.121672
v 0.020481 1.480467 0.118996
v 0.037197 1.598697 0.089427
v 0.060346 1.525754 0.085420
v 0.027888 1.503288 0.112369
v 0.022176 1.463159 0.112597
v 0.027410 1.438406 0.103835
v 0.027308 1.432572 0.100417
v 0.039761 1.500416 0.109265
v 0.052027 1.535233 0.095410
v 0.063629 1.514853 0.084336
v 0.022225 1.521512 0.107494
v 0.048992 1.529439 0.095966
v 0.053846 1.527260 0.091837
v 0.017181 1.491550 0.116323
v 0.016924 1.498890 0.119336
v 0.006021 1.484710 0.126704
v 0.060156 1.517538 0.088695
v 0.017115 1.464888 0.121026
v 0.042465 1.523924 0.103238
v 0.030927 1.506915 0.110254
v 0.023642 1.506750 0.112753
v 0.046134 1.544740 0.103017
v 0.037740 1.551014 0.107929
v 0.048657 1.547924 0.101913
v 0.015624 1.514389 0.115071
v 0.007875 1.523343 0.119232
v 0.007083 1.500119 0.138371
v 0.022132 1.462897 0.112809
v 0.028321 1.464486 0.113793
v 0.043023 1.463687 0.101196
v 0.018922 1.464269 0.118646
v 0.035843 1.462482 0.108088
v 0.033605 1.458516 0.108156
v 0.019347 1.441476 0.111866
v 0.013332 1.526129 0.108766
v 0.016000 1.527380 0.106808
v 0.032202 1.499983 0.111967
v 0.040158 1.510541 0.106406
v 0.035246 1.513201 0.106890
v 0.030521 1.515845 0.107344
v 0.055021 1.533258 0.091605
v 0.057687 1.534449 0.088499
v 0.060094 1.535764 0.084846
v 0.053091 1.540000 0.096042
v 0.055596 1.542724 0.093810
v 0.065951 1.550311 0.068697
v 0.075152 1.553208 0.030138
v 0.035163 1.573719 0.104773
v 0.047010 1.571087 0.095936
v 0.056161 1.564925 0.086473
v 0.019906 1.487964 0.116100
v 0.009888 1.538031 0.110391
v 0.004419 1.493817 0.134071
v 0.031626 1.552393 0.110095
v 0.034268 1.547426 0.107989
v 0.014094 1.537150 0.107553
v 0.041365 1.572804 0.100563
v 0.043405 1.597244 0.084053
v 0.066512 1.511860 0.078935
v 0.017479 1.471869 0.124300
v 0.026376 1.463802 0.114047
v 0.025561 1.462881 0.113866
v 0.024322 1.462239 0.114466
v 0.014232 1.457409 0.124435
v 0.005526 1.455796 0.128282
v 0.027663 1.456200 0.111364
v 0.054238 1.560700 0.090717
v 0.045116 1.566111 0.099419
v 0.039591 1.567574 0.103746
v 0.033460 1.568188 0.107535
v 0.057867 1.569387 0.082132
v 0.048548 1.576058 0.092547
v 0.042797 1.578019 0.097582
v 0.036562 1.579210 0.102232
v 0.017538 1.541613 0.108692
v 0.029581 1.543927 0.107558
v 0.043821 1.542349 0.103501
v 0.047939 1.540427 0.100451
v 0.050697 1.538007 0.097579
v 0.049862 1.517038 0.099161
v 0.051177 1.528265 0.094232
v 0.052495 1.532563 0.094067
v 0.019737 1.519553 0.108724
v 0.054631 1.536758 0.093228
v 0.057206 1.538860 0.090389
v 0.005440 1.447141 0.119157
v 0.015594 1.446350 0.116015
v 0.026301 1.510117 0.110510
v 0.035460 1.503795 0.109938
v 0.030175 1.478303 0.114163
v 0.021780 1.446835 0.112193
v 0.014615 1.442405 0.114905
v 0.044949 1.507438 0.105394
v 0.036282 1.496528 0.111247
v 0.027846 1.488628 0.114054
v 0.023698 1.484517 0.115651
v 0.028309 1.466285 0.114612
v 0.030827 1.467597 0.113400
v 0.033896 1.469075 0.111463
v 0.040638 1.458127 0.101270
v 0.007011 1.509651 0.133943
v 0.027599 1.549129 0.109883
v 0.013000 1.543149 0.111216
v 0.007455 1.505173 0.137400
v 0.019524 1.510442 0.113465
v 0.021829 1.513554 0.110837
v 0.015107 1.504443 0.118959
v 0.016376 1.532935 0.105792
v 0.008779 1.533239 0.110596
v 0.005684 1.533545 0.114149
v 0.023949 1.516251 0.108585
v 0.015824 1.502043 0.122573
v 0.016663 1.499553 0.125753
v 0.009913 1.484395 0.124330
v 0.010323 1.474435 0.128722
v 0.013963 1.498593 0.131568
v 0.016974 1.494688 0.124869
v 0.016366 1.492155 0.122251
v 0.015346 1.484104 0.120650
v 0.026968 1.475005 0.116287
v 0.064078 1.473915 0.036548
v 0.005911 1.496005 0.136782
v 0.020817 1.567353 0.113063
v 0.021913 1.573514 0.110971
v 0.022987 1.579583 0.109092
v 0.049228 1.503720 0.103558
v 0.054690 1.513784 0.096713
v 0.037448 1.447183 0.097645
v 0.034006 1.448088 0.102131
v 0.026858 1.451003 0.110028
v 0.022610 1.455597 0.115606
v 0.021477 1.457774 0.117742
v 0.020292 1.459970 0.118971
v 0.059248 1.541151 0.086855
v 0.057614 1.545860 0.090608
v 0.051215 1.552222 0.099482
v 0.040908 1.555673 0.106756
v 0.034997 1.556659 0.109580
v 0.029282 1.557146 0.111956
v 0.019899 1.552588 0.113793
v 0.008722 1.545950 0.114241
v 0.005904 1.466252 0.127862
v 0.010668 1.503610 0.133422
v 0.010659 1.499518 0.134995
v 0.023596 1.600213 0.097492
v 0.023982 1.492172 0.114390
v 0.019717 1.495997 0.114762
v 0.017178 1.500714 0.116009
v 0.006914 1.513906 0.129790
v 0.009974 1.507377 0.130188
v 0.010127 1.511316 0.126492
v 0.011834 1.518497 0.117199
v 0.013844 1.521053 0.112444
v 0.016083 1.522922 0.108732
v 0.022403 1.468803 0.119295
v 0.024345 1.471787 0.118093
v 0.018380 1.476006 0.121886
v 0.014335 1.478034 0.124126
v 0.006373 1.479628 0.128010
v 0.064034 1.547430 0.073989
v 0.054994 1.549495 0.095137
v 0.052692 1.545689 0.097942
v 0.050256 1.542663 0.099582
v 0.026129 1.518609 0.107609
v 0.049218 1.524260 0.096987
v 0.046995 1.526437 0.098826
v 0.065517 1.539445 0.071470
v 0.067358 1.541342 0.065688
v 0.014079 1.473412 0.126715
v 0.010332 1.456573 0.126725
v 0.010699 1.453856 0.125053
v 0.010735 1.451616 0.122550
v 0.010509 1.446568 0.118057
v 0.014519 1.423969 0.107214
v 0.015695 1.422243 0.102436
v 0.010146 1.479140 0.126423
v 0.009019 1.466072 0.126894
v 0.024190 1.477603 0.117585
v 0.027337 1.481348 0.115009
v 0.031317 1.485144 0.113375
v 0.052772 1.499437 0.101022
v 0.058735 1.509995 0.093397
v 0.056353 1.519969 0.092181
v 0.056956 1.526447 0.088854
v 0.052503 1.522176 0.094841
v 0.017483 1.458503 0.121722
v 0.018538 1.456014 0.120452
v 0.019303 1.453560 0.118147
v 0.030547 1.443219 0.102880
v 0.033977 1.441969 0.098386
v 0.010269 1.430354 0.115122
v 0.008110 1.430271 0.115904
v 0.004547 1.430253 0.116662
v 0.010206 1.422060 0.107558
v 0.005352 1.421037 0.107754
v 0.024121 1.590935 0.104392
v 0.037909 1.589551 0.096405
v 0.044090 1.587939 0.091100
v 0.049867 1.585668 0.085344
v 0.059924 1.578617 0.073180
v 0.071445 1.546687 0.050878
v 0.006138 1.538868 0.113308
v 0.009580 1.565800 0.115133
v 0.009947 1.572363 0.113621
v 0.010255 1.578770 0.112055
v 0.010453 1.590559 0.107967
v 0.010310 1.600517 0.101277
v 0.060356 1.530499 0.084608
v 0.057407 1.530212 0.088146
v 0.054489 1.530048 0.091201
v 0.052014 1.530245 0.093743
v 0.010689 1.524932 0.112841
v 0.070035 1.557593 0.055859
v 0.018942 1.524860 0.106785
v 0.030719 1.540383 0.106767
v 0.041213 1.539392 0.104405
v 0.049406 1.532361 0.096712
v 0.028529 1.513118 0.108418
v 0.033265 1.510187 0.108280
v 0.037982 1.507270 0.108026
v 0.042521 1.504006 0.107260
v 0.034575 1.523909 0.107182
v 0.023274 1.554059 0.113448
v 0.027089 1.568021 0.110671
v 0.028577 1.573896 0.108268
v 0.029878 1.579663 0.106069
v 0.031246 1.590540 0.100922
v 0.030595 1.599658 0.093926
v 0.030663 1.524495 0.107547
v 0.034065 1.521886 0.106332
v 0.021867 1.540604 0.107359
v 0.027754 1.524868 0.107190
v 0.028132 1.523761 0.107088
v 0.030373 1.522963 0.107056
v 0.052745 1.556579 0.095241
v 0.043215 1.561033 0.103361
v 0.037553 1.562156 0.107106
v 0.031510 1.562497 0.110215
v 0.025548 1.562156 0.112746
v 0.019801 1.561291 0.114528
v 0.009173 1.559258 0.115970
v 0.017672 1.517270 0.111563
v 0.012943 1.508027 0.122615
v 0.021759 1.463271 0.113619
v 0.018195 1.464000 0.118345
v 0.015753 1.463867 0.121375
v 0.012746 1.463653 0.124062
v 0.009071 1.463508 0.126085
v 0.004742 1.463462 0.126944
v 0.030510 1.454789 0.108661
v 0.013484 1.438504 0.114975
v 0.009356 1.439552 0.116861
v 0.004972 1.440454 0.118186
v 0.017469 1.437173 0.112271
v 0.011434 1.428661 0.113734
v 0.008574 1.427453 0.114372
v 0.004758 1.426823 0.114965
v 0.009932 1.443163 0.116894
v 0.005168 1.443941 0.118049
v 0.014232 1.489854 0.121364
v 0.070029 1.522995 0.063296
v 0.068033 1.523498 0.070174
v 0.065091 1.494337 0.077467
v 0.040859 1.452638 0.097104
v 0.064901 1.485658 0.068706
v 0.066898 1.483742 0.046849
v 0.046263 1.464742 0.096742
v 0.052378 1.467400 0.086872
v 0.062608 1.471819 0.066585
v 0.064595 1.471890 0.046590
v 0.050016 1.459671 0.086617
v 0.059338 1.460727 0.066601
v 0.060129 1.459106 0.047934
v 0.043555 1.445939 0.087734
v 0.035594 1.434921 0.089512
v 0.031317 1.430456 0.090400
v 0.016862 1.421314 0.092365
v 0.068562 1.508755 0.072270
v 0.069800 1.505969 0.064404
v 0.039693 1.440076 0.088606
v 0.047071 1.452458 0.087013
v 0.054795 1.451512 0.067947
v 0.049559 1.443966 0.069764
v 0.044168 1.437691 0.071623
v 0.038776 1.432628 0.073325
v 0.033514 1.428500 0.074901
v 0.017884 1.419879 0.078381
v 0.071893 1.522565 0.046495
v 0.071751 1.534329 0.047367
v 0.068700 1.531958 0.063873
v 0.066882 1.531274 0.070252
v 0.070255 1.503087 0.047251
v 0.026274 1.464905 0.114786
v 0.021713 1.463256 0.113003
v 0.055881 1.482349 0.090947
v 0.074833 1.539711 0.025928
v 0.027068 1.618863 0.072011
v 0.011928 1.625953 0.067900
v 0.014796 1.632779 0.049403
v 0.028734 1.626203 0.054762
v 0.028622 1.632433 0.028768
v 0.058946 1.579829 -0.041216
v 0.037320 1.627149 0.033381
v 0.034962 1.621387 0.058392
v 0.019412 1.636083 0.025227
v 0.027828 1.553078 -0.067198
v 0.044724 1.586500 -0.051032
v 0.029220 1.590614 -0.057084
v 0.029262 1.620437 -0.033769
v 0.044110 1.615792 -0.027676
v 0.057432 1.608176 -0.018568
v 0.059389 1.475996 0.023378
v 0.075956 1.537398 0.008095
v 0.021821 1.630077 0.051696
v 0.053071 1.545642 -0.051622
v 0.041246 1.549898 -0.060627
v 0.044928 1.620623 0.038734
v 0.022735 1.621756 0.070169
v 0.013169 1.629676 0.059387
v 0.019363 1.627387 0.061039
v 0.030686 1.620268 0.066124
v 0.066674 1.598684 -0.008118
v 0.068926 1.571577 -0.029091
v 0.037723 1.500196 -0.044995
v 0.066600 1.502623 -0.002060
v 0.025353 1.624202 0.063287
v 0.044993 1.498209 -0.037202
v 0.062549 1.540584 -0.040582
v 0.062164 1.607858 0.003902
v 0.053301 1.617123 -0.005021
v 0.041408 1.624483 -0.012836
v 0.027883 1.629178 -0.018448
v 0.071685 1.520407 -0.001036
v 0.051136 1.511189 -0.040213
v 0.075250 1.532732 0.009639
v 0.071782 1.518532 0.002283
v 0.067743 1.503217 0.002040
v 0.065100 1.495854 0.004161
v 0.043202 1.513860 -0.049438
v 0.033889 1.516170 -0.057371
v 0.023064 1.517938 -0.063169
v 0.053929 1.448659 0.051157
v 0.047616 1.440934 0.054735
v 0.042118 1.434722 0.058087
v 0.037114 1.429609 0.061197
v 0.032076 1.425671 0.063859
v 0.017168 1.418431 0.068934
v 0.060370 1.588257 0.064246
v 0.017666 1.419333 0.073828
v 0.033029 1.427494 0.069527
v 0.038187 1.431603 0.067431
v 0.043637 1.436612 0.065049
v 0.049347 1.442802 0.062453
v 0.055341 1.450465 0.059818
v 0.060657 1.460225 0.057629
v 0.064252 1.471887 0.056716
v 0.066335 1.484021 0.056778
v 0.070262 1.504063 0.055760
v 0.071370 1.522727 0.055334
v 0.070427 1.533064 0.056360
v 0.069365 1.543849 0.058896
v 0.068002 1.553798 0.062655
v 0.059111 1.574010 0.077660
v 0.049480 1.580945 0.089008
v 0.043728 1.583087 0.094459
v 0.037501 1.584534 0.099502
v 0.030816 1.585288 0.103777
v 0.023773 1.585456 0.107080
v 0.010417 1.584852 0.110296
v 0.038652 1.523559 0.105614
v 0.016188 1.496931 0.128103
v 0.013208 1.504886 0.126221
v 0.005430 1.489957 0.127101
v 0.014098 1.501884 0.129484
v 0.022586 1.550720 0.112158
v 0.026381 1.553458 0.112195
v 0.073326 1.549709 0.041550
v 0.071837 1.561630 0.048424
v 0.060350 1.583295 0.068731
v 0.049824 1.590401 0.081678
v 0.043981 1.592626 0.087623
v 0.037775 1.594229 0.093002
v 0.031110 1.595285 0.097562
v 0.024022 1.595813 0.101135
v 0.010385 1.595758 0.104886
v 0.008825 1.552926 0.115843
v 0.019253 1.555994 0.114692
v 0.024169 1.556920 0.113674
v 0.043566 1.496618 0.107936
v 0.039814 1.492766 0.109979
v 0.046630 1.500253 0.105769
v 0.049950 1.496006 0.103515
v 0.049313 1.465995 0.091946
v 0.046905 1.459050 0.091850
v 0.044007 1.452514 0.092220
v 0.040600 1.446499 0.092810
v 0.037019 1.440925 0.093616
v 0.033284 1.435919 0.094512
v 0.029502 1.431422 0.095455
v 0.016286 1.421777 0.097271
v 0.046584 1.492435 0.105923
v 0.042586 1.488741 0.108193
v 0.034061 1.481681 0.112325
v 0.052650 1.479733 0.094771
v 0.049222 1.477278 0.098631
v 0.045449 1.474969 0.102466
v 0.037481 1.470800 0.109013
v 0.054394 1.475130 0.088308
v 0.051298 1.473010 0.092863
v 0.033688 1.465736 0.110876
v 0.037104 1.466667 0.108370
v 0.044654 1.469413 0.101533
v 0.048116 1.471112 0.097300
v 0.030723 1.465068 0.112761
v 0.032548 1.462401 0.110499
v 0.029699 1.462565 0.112208
v 0.027403 1.462847 0.113249
v 0.030423 1.459221 0.110444
v 0.027796 1.460165 0.112177
v 0.025821 1.461287 0.113540
v 0.025395 1.457883 0.113489
v 0.023887 1.459640 0.115326
v 0.022650 1.461397 0.116361
v 0.020257 1.463555 0.115608
v 0.013922 1.494794 0.129101
v 0.004722 1.494606 0.125711
v 0.016836 1.634910 0.037924
v 0.024871 1.631812 0.040807
v 0.032707 1.627277 0.044689
v 0.039745 1.621628 0.049157
v 0.055010 1.592222 0.071309
v 0.055346 1.587367 0.075359
v 0.055219 1.582671 0.079348
v 0.054689 1.578013 0.083373
v 0.053659 1.573255 0.087358
v 0.052018 1.568504 0.091208
v 0.050026 1.563828 0.095029
v 0.048319 1.559160 0.099344
v 0.046448 1.554227 0.103395
v 0.043627 1.549610 0.105274
v 0.040822 1.546143 0.105864
v 0.038301 1.543483 0.105882
v 0.036436 1.540220 0.106460
v 0.040840 1.538352 0.105173
v 0.036132 1.539268 0.106976
v 0.030746 1.539419 0.107267
v 0.026060 1.538282 0.106402
v 0.048813 1.531586 0.096951
v 0.050042 1.530746 0.095588
v 0.050484 1.532342 0.095696
v 0.047452 1.535570 0.099155
v 0.046856 1.534466 0.099974
v 0.045007 1.537587 0.101719
v 0.044526 1.536400 0.102570
v 0.017478 1.624179 0.068833
v 0.016551 1.600436 0.099936
v 0.016772 1.595875 0.103555
v 0.016852 1.590842 0.106734
v 0.016651 1.585178 0.109193
v 0.016189 1.579141 0.111039
v 0.015561 1.572875 0.112724
v 0.014909 1.566488 0.114436
v 0.014310 1.560213 0.115468
v 0.014099 1.554502 0.115473
v 0.014899 1.550034 0.114190
v 0.017768 1.547372 0.111919
v 0.022618 1.545641 0.109424
v 0.018096 1.536667 0.106486
v 0.012501 1.532920 0.107112
v 0.024668 1.617836 0.075537
v 0.021190 1.619169 0.075596
v 0.016276 1.620785 0.075475
v 0.011065 1.622066 0.075263
v 0.011810 1.493897 0.124262
v 0.008026 1.497170 0.124102
v 0.009321 1.498888 0.126960
v 0.006971 1.499057 0.126210
v 0.003543 1.497292 0.130583
v 0.002902 1.494909 0.130372
v 0.003524 1.492419 0.130522
v 0.005595 1.449615 0.121269
v 0.010747 1.449257 0.120168
v 0.015609 1.449577 0.118151
v 0.020248 1.450829 0.115483
v 0.024298 1.453310 0.113121
v 0.035564 1.488886 0.111839
v 0.041385 1.472787 0.105984
v 0.040858 1.467914 0.105269
v 0.039465 1.462914 0.105000
v 0.037139 1.458125 0.105091
v 0.033958 1.453683 0.105459
v 0.030330 1.449296 0.106241
v 0.026663 1.444725 0.107266
v 0.023673 1.439970 0.108029
v 0.021162 1.435597 0.108845
v 0.012986 1.426314 0.111017
v 0.009392 1.424582 0.111618
v 0.005059 1.423589 0.112051
v 0.007123 1.518198 0.125042
v 0.010521 1.515032 0.122040
v 0.013936 1.511271 0.118866
v 0.017162 1.507380 0.116132
v 0.020659 1.503502 0.114650
v 0.024227 1.499698 0.114069
v 0.028218 1.496089 0.113621
v 0.032158 1.492538 0.112965
v 0.022659 1.536372 0.105670
v 0.022898 1.537646 0.105772
v 0.062370 1.489032 0.007969
v 0.062980 1.493197 -0.000505
v 0.029329 1.501880 -0.051635
v 0.019805 1.503221 -0.056495
v 0.030623 1.538108 0.107232
v 0.027557 1.526322 0.107229
v 0.038638 1.525993 0.106375
v 0.030364 1.537398 0.106031
v 0.029834 1.537530 0.104652
v 0.027514 1.527627 0.106574
v 0.027427 1.528238 0.105032
v 0.038277 1.527384 0.105343
v 0.038078 1.527145 0.104029
v 0.003965 1.498955 0.128111
v 0.009599 1.495207 0.123187
v 0.010551 1.497055 0.124359
v 0.007373 1.498706 0.129666
v 0.028176 1.472489 0.101750
v 0.025479 1.478282 0.105003
v 0.015265 1.478375 0.115512
v 0.029670 1.467712 0.098362
v 0.016499 1.445119 0.106047
v 0.025636 1.456949 0.100596
v 0.007375 1.478376 0.120183
v 0.011544 1.477893 0.118266
v 0.028055 1.462524 0.099076
v 0.032825 1.479016 0.092641
v 0.034292 1.470229 0.089446
v 0.037604 1.472646 0.075751
v 0.036657 1.484436 0.078849
v 0.037614 1.462181 0.075004
v 0.033698 1.462141 0.088594
v 0.021763 1.451251 0.103219
v 0.020355 1.456221 0.108079
v 0.007372 1.445595 0.113329
v 0.022110 1.458213 0.106229
v 0.018348 1.454369 0.109941
v 0.015648 1.451946 0.111941
v 0.005666 1.474135 0.121670
v 0.007992 1.473759 0.120935
v 0.010553 1.473559 0.119728
v 0.012761 1.473527 0.118418
v 0.015072 1.473613 0.116835
v 0.017021 1.473825 0.115310
v 0.023557 1.472318 0.108383
v 0.024588 1.467175 0.105606
v 0.024354 1.465296 0.104997
v 0.024251 1.463651 0.104523
v 0.023309 1.459956 0.104974
v 0.024664 1.469641 0.106463
v 0.024203 1.461950 0.104208
v 0.026232 1.468129 0.103551
v 0.026344 1.466153 0.102624
v 0.025960 1.464179 0.102414
v 0.014288 1.438742 0.092228
v 0.024517 1.446774 0.090619
v 0.030820 1.454209 0.089398
v 0.033789 1.453051 0.075860
v 0.031867 1.453271 0.060528
v 0.035854 1.462678 0.058858
v 0.036678 1.474106 0.059030
v 0.036093 1.486349 0.061397
v 0.030004 1.494921 0.064557
v 0.030359 1.495069 0.082087
v 0.011086 1.482501 0.117145
v 0.012989 1.483960 0.114898
v 0.026048 1.488256 0.097980
v 0.012648 1.449046 0.113610
v 0.019300 1.497097 0.065942
v 0.016977 1.497795 0.097258
v 0.023664 1.447520 0.050288
v 0.014395 1.448586 0.045487
v 0.020086 1.492302 0.051110
v 0.027966 1.492610 0.052372
v 0.027377 1.452715 0.045936
v 0.030846 1.462623 0.042897
v 0.032248 1.475108 0.043129
v 0.032038 1.487228 0.046051
v 0.009493 1.487077 0.114981
v 0.024967 1.446347 0.061303
v 0.014721 1.441243 0.058951
v 0.025602 1.445937 0.076225
v 0.014502 1.439236 0.074892
v 0.009691 1.439928 0.103490
v 0.019079 1.501244 0.083284
v 0.006332 1.470216 0.129582
v 0.009760 1.469854 0.128385
v 0.013196 1.469222 0.126763
v 0.016319 1.468220 0.124705
v 0.018921 1.467187 0.122275
v 0.020948 1.466261 0.119781
v 0.023668 1.463455 0.114283
v 0.023849 1.463070 0.113905
v 0.023470 1.462613 0.113992
v 0.022865 1.462764 0.114596
v 0.021212 1.462641 0.116334
v 0.019027 1.462137 0.119020
v 0.016533 1.461212 0.122069
v 0.013471 1.460519 0.124854
v 0.009757 1.459892 0.127142
v 0.005169 1.459541 0.128485
v 0.038251 1.485124 0.110320
v 0.043861 1.458494 0.096759
v 0.022603 1.524819 0.106562
v 0.021745 1.526615 0.106266
v 0.021391 1.527897 0.105662
v 0.019751 1.534822 0.105448
v 0.019703 1.533292 0.105246
v 0.019860 1.532375 0.104743
v 0.061292 1.480709 0.077338
v 0.055727 1.468910 0.081355
v 0.025327 1.524859 0.106805
v 0.049953 1.534359 0.096658
v 0.048672 1.536712 0.098380
v 0.046017 1.539020 0.100842
v 0.042046 1.540987 0.103477
v 0.036927 1.541869 0.105635
v 0.030412 1.541891 0.106558
v 0.024409 1.540194 0.106458
v 0.021038 1.537214 0.105952
v 0.008208 1.483849 0.117954
v 0.020834 1.528718 0.104673
v 0.019840 1.529390 0.103544
v 0.019819 1.531614 0.104036
v 0.059444 1.470531 0.074839
v 0.050106 1.452383 0.081380
v 0.052792 1.452140 0.075084
v 0.016435 1.416019 0.063163
v 0.030586 1.422703 0.057347
v 0.035483 1.426261 0.054301
v 0.040221 1.431079 0.050746
v 0.045109 1.437125 0.046943
v 0.050516 1.444800 0.042674
v 0.056843 1.456344 0.037098
v 0.057047 1.466274 0.019025
v 0.058484 1.480940 0.002372
v 0.039331 1.486451 -0.033726
v 0.032715 1.488175 -0.040149
v 0.025223 1.489657 -0.045387
v 0.016965 1.490934 -0.049021
v 0.033421 1.301167 0.060373
v 0.063360 1.310647 0.047922
v 0.072510 1.315482 0.042271
v 0.080968 1.320658 0.035978
v 0.089048 1.325691 0.028948
v 0.097013 1.329974 0.020866
v 0.107322 1.334067 0.011086
v 0.114149 1.360584 -0.014768
v 0.110401 1.371842 -0.039106
v 0.074170 1.362242 -0.079607
v 0.061992 1.356263 -0.086513
v 0.047480 1.345767 -0.090367
v 0.029159 1.345488 -0.086651
v 0.052377 1.370801 -0.074485
v 0.063467 1.374152 -0.068711
v 0.096175 1.378129 -0.034801
v 0.092414 1.347836 0.009080
v 0.086559 1.342949 0.018112
v 0.064162 1.329939 0.037940
v 0.056098 1.325709 0.042943
v 0.029571 1.316550 0.054092
v 0.098985 1.366327 -0.015499
v 0.039654 1.366965 -0.078137
v 0.071998 1.334345 0.032522
v 0.026020 1.364824 -0.078278
v 0.033482 1.382212 -0.065520
v 0.053928 1.385474 -0.057589
v 0.082550 1.384524 -0.030395
v 0.085312 1.374156 -0.014301
v 0.078434 1.356895 0.004840
v 0.074042 1.352038 0.012353
v 0.062357 1.344555 0.026267
v 0.055790 1.341391 0.031786
v 0.048935 1.338377 0.036688
v 0.026487 1.330404 0.047183
v 0.044238 1.383918 -0.062153
v 0.022332 1.381167 -0.067469
v 0.068450 1.348045 0.019561
v 0.079585 1.338700 0.026131
v 0.069756 1.391376 -0.025373
v 0.024422 1.409703 -0.046625
v 0.029244 1.417252 0.050125
v 0.042560 1.349119 0.030697
v 0.044113 1.363997 0.025595
v 0.072843 1.382376 -0.012222
v 0.061515 1.391351 -0.009022
v 0.058535 1.399914 -0.019755
v 0.038582 1.408829 -0.040025
v 0.031829 1.409464 -0.043651
v 0.016591 1.409788 -0.048744
v 0.045535 1.396874 -0.047865
v 0.037280 1.396685 -0.051735
v 0.018978 1.396083 -0.057549
v 0.059476 1.358611 0.015840
v 0.052989 1.371708 0.016114
v 0.043683 1.429779 0.039630
v 0.049013 1.384586 0.019379
v 0.050351 1.410732 -0.013815
v 0.033829 1.421576 -0.034259
v 0.028205 1.422717 -0.037866
v 0.015037 1.423699 -0.042579
v 0.023706 1.341346 0.039277
v 0.021590 1.353127 0.036630
v 0.019844 1.366113 0.038245
v 0.016156 1.410203 0.057286
v 0.036056 1.373558 0.031957
v 0.051317 1.388537 0.014363
v 0.053548 1.402579 -0.003415
v 0.052647 1.392317 0.009554
v 0.048632 1.351904 0.026413
v 0.041235 1.376901 0.028478
v 0.033984 1.420535 0.046896
v 0.028374 1.396287 -0.055099
v 0.021904 1.423394 -0.040726
v 0.067443 1.367598 0.003790
v 0.058005 1.379460 0.005414
v 0.051162 1.443035 0.030107
v 0.055369 1.454742 0.014989
v 0.014906 1.479132 -0.042627
v 0.022197 1.477981 -0.040062
v 0.028843 1.476468 -0.035999
v 0.034699 1.474823 -0.030667
v 0.053240 1.465863 0.000131
v 0.038581 1.360626 0.029399
v 0.063860 1.362749 0.009899
v 0.056007 1.375580 0.010840
v 0.047922 1.436226 0.035242
v 0.054320 1.355087 0.021399
v 0.049027 1.367806 0.021116
v 0.045629 1.380636 0.024225
v 0.038871 1.424595 0.043425
v 0.000116 1.282921 0.072422
v 0.037668 1.285573 0.068778
v 0.071501 1.295086 0.055308
v 0.081480 1.300232 0.049222
v 0.090743 1.305927 0.042039
v 0.098819 1.312055 0.033936
v 0.106688 1.317735 0.025285
v 0.115209 1.321654 0.017916
v 0.123288 1.330666 0.010272
v 0.123158 1.323501 0.014695
v 0.130227 1.357137 -0.012583
v 0.125229 1.365343 -0.043278
v 0.085776 1.348808 -0.087989
v 0.073604 1.341555 -0.095092
v 0.055725 1.322288 -0.098264
v 0.030514 1.324935 -0.091469
v 0.010837 1.420463 0.102660
v 0.005598 1.419643 0.102766
v 0.011520 1.419783 0.092741
v 0.005917 1.418885 0.092938
v 0.006571 1.417345 0.079009
v 0.012413 1.418256 0.078882
v 0.006977 1.416233 0.069449
v 0.012253 1.417095 0.069458
v 0.012411 1.417892 0.074359
v 0.006836 1.417074 0.074406
v 0.011160 1.420251 0.097554
v 0.005744 1.419472 0.097718
v 0.006951 1.412676 0.064562
v 0.012017 1.414328 0.064011
v 0.011266 1.298567 0.063406
v 0.022481 1.299489 0.062356
v 0.019953 1.314658 0.055409
v 0.010171 1.313491 0.055289
v 0.009565 1.326252 0.046163
v 0.018367 1.327891 0.047383
v 0.016709 1.339114 0.040039
v 0.008834 1.337445 0.039423
v 0.011982 1.408179 0.058686
v 0.006948 1.406146 0.059728
v 0.014293 1.363880 0.038949
v 0.007605 1.361974 0.038686
v 0.008175 1.349523 0.036741
v 0.015395 1.351187 0.037366
v 0.012656 1.283427 0.072222
v 0.025400 1.284253 0.071046
v 0.018544 1.465646 0.114640
v 0.019909 1.465585 0.112957
v 0.028954 1.472534 0.115169
v 0.030220 1.470085 0.114193
v 0.024062 1.467588 0.117364
v 0.025395 1.466269 0.115944
v 0.026281 1.469911 0.116675
v 0.027631 1.468082 0.115574
v 0.022359 1.465296 0.117529
v 0.023102 1.464064 0.115498
v 0.052106 1.491220 0.100627
v 0.052960 1.485844 0.097485
v 0.065880 1.524230 0.076132
v 0.063367 1.525034 0.081213
v 0.021406 1.480140 0.108856
v 0.018151 1.480048 0.112255
v 0.065008 1.530935 0.075743
v 0.062877 1.530745 0.080481
v 0.019124 1.474292 0.113266
v 0.021435 1.473907 0.110873
v 0.020126 1.463646 0.116406
v 0.020949 1.463274 0.114340
v 0.032169 1.475311 0.113205
v 0.033381 1.472270 0.112257
v 0.062414 1.545158 0.078677
v 0.060916 1.543220 0.082931
v 0.019138 1.486744 0.106704
v 0.015590 1.485419 0.111384
v 0.056192 1.488842 0.094285
v 0.055192 1.494498 0.097854
v 0.018835 1.469437 0.113881
v 0.020551 1.469141 0.112064
v 0.011286 1.489300 0.110990
v 0.013742 1.492172 0.105593
v 0.063877 1.538067 0.076451
v 0.062145 1.536953 0.080846
v 0.048554 1.487889 0.103365
v 0.049407 1.482891 0.100758
v 0.064275 1.500502 0.083975
v 0.061951 1.505629 0.089153
v 0.041113 1.477249 0.107141
v 0.040075 1.481290 0.108639
v 0.035963 1.478231 0.111092
v 0.037092 1.474653 0.109938
v 0.044430 1.484521 0.106058
v 0.045355 1.480020 0.104017
v 0.042576 1.625788 0.021194
v 0.048105 1.622738 0.008391
v 0.069725 1.575959 0.049337
v 0.065358 1.582989 0.056956
v 0.022468 1.636044 0.011481
v 0.025456 1.634033 -0.002954
v 0.059491 1.560267 0.081877
v 0.062113 1.554452 0.077618
v 0.068856 1.570883 0.055348
v 0.064897 1.577928 0.062071
v 0.065805 1.562098 0.067204
v 0.062817 1.568790 0.072228
v 0.061286 1.564379 0.077158
v 0.063960 1.558051 0.072629
v 0.067463 1.566382 0.061397
v 0.064007 1.573276 0.067173
v 0.032965 1.631835 0.015721
v 0.037385 1.629497 0.001895
v 0.056574 1.614264 0.015817
v 0.050600 1.618283 0.027500
v 0.058962 1.548748 0.086583
v 0.056296 1.553158 0.090942
v 0.060338 1.551436 0.082213
v 0.057610 1.556591 0.086383
v 0.048861 1.533659 0.097532
v 0.044326 1.533216 0.097617
v 0.047218 1.532301 0.098511
v 0.045718 1.532257 0.098451
v 0.048167 1.532901 0.098209
v 0.029523 1.521737 0.106718
v 0.028066 1.520426 0.106976
v 0.033369 1.520091 0.106103
v 0.032206 1.518176 0.106610
v 0.048324 1.444839 0.076359
v 0.046221 1.445427 0.082308
v 0.038066 1.518514 0.104891
v 0.036927 1.516001 0.105777
v 0.053338 1.510536 0.099082
v 0.051526 1.507141 0.101389
v 0.033425 1.429123 0.080138
v 0.032691 1.429688 0.085302
v 0.057233 1.506359 0.095977
v 0.055238 1.502832 0.098541
v 0.048530 1.513977 0.101281
v 0.047008 1.510767 0.103421
v 0.043509 1.438580 0.077694
v 0.041946 1.439331 0.083334
v 0.026807 1.523346 0.106906
v 0.024760 1.522653 0.106976
v 0.038501 1.433391 0.078939
v 0.037389 1.434111 0.084334
v 0.017825 1.420249 0.082948
v 0.017467 1.420650 0.087617
v 0.043232 1.516672 0.103032
v 0.041954 1.513636 0.104647
v 0.056653 1.460669 0.074366
v 0.053356 1.460235 0.080919
v 0.062247 1.489146 0.082204
v 0.059078 1.485386 0.086842
v 0.006346 1.417669 0.083555
v 0.006131 1.418103 0.088225
v 0.011938 1.419037 0.088046
v 0.012257 1.418603 0.083408
v 0.060143 1.501541 0.092015
v 0.057864 1.497855 0.094967
v 0.061986 1.495883 0.087422
v 0.059237 1.492101 0.090956
v 0.053324 1.395930 0.005001
v 0.061170 1.394536 -0.012570
v 0.061741 1.472553 0.030428
v 0.059446 1.383367 0.000033
v 0.068835 1.494197 0.039703
v 0.071133 1.511778 0.039232
v 0.071191 1.497689 0.028894
v 0.075426 1.493734 0.025950
v 0.075862 1.489055 0.026231
v 0.072994 1.482237 0.021272
v 0.059501 1.479408 0.018879
v 0.048563 1.529070 -0.052056
v 0.053266 1.447900 0.024603
v 0.075722 1.537898 0.016918
v 0.075700 1.479795 0.026057
v 0.070351 1.516509 0.018582
v 0.073458 1.508926 0.026521
v 0.073733 1.515860 0.024371
v 0.077517 1.494377 0.022450
v 0.078985 1.517129 0.003081
v 0.082418 1.518272 -0.000162
v 0.072865 1.484452 0.019486
v 0.075334 1.483059 0.018196
v 0.079352 1.482799 0.020716
v 0.077973 1.489986 0.021975
v 0.075406 1.496575 0.007269
v 0.074097 1.491575 0.011141
v 0.078927 1.495520 0.006478
v 0.084922 1.494966 0.007907
v 0.077597 1.489843 0.010058
v 0.083474 1.489805 0.011994
v 0.073450 1.514669 0.021671
v 0.071736 1.508361 0.025106
v 0.072072 1.503425 0.027039
v 0.075093 1.502367 0.028160
v 0.081724 1.362801 -0.002196
v 0.076757 1.522178 0.023357
v 0.075103 1.524594 0.019282
v 0.076768 1.521299 0.020111
v 0.074757 1.521878 0.013813
v 0.087861 1.515315 0.001959
v 0.079313 1.524927 0.005180
v 0.079895 1.531545 0.015783
v 0.082995 1.498023 0.011665
v 0.083187 1.512784 0.005620
v 0.081001 1.494409 0.014294
v 0.069798 1.510816 0.001484
v 0.078804 1.509114 0.003383
v 0.081687 1.509548 -0.000084
v 0.087905 1.508790 0.001009
v 0.084145 1.507273 0.006261
v 0.071996 1.500859 0.009779
v 0.070045 1.511470 0.018199
v 0.085412 1.378483 -0.019579
v 0.076131 1.483344 0.027567
v 0.079271 1.485693 0.021761
v 0.082192 1.491678 0.013151
v 0.083895 1.496237 0.009612
v 0.085482 1.507761 0.003115
v 0.084714 1.513857 0.002259
v 0.079011 1.528370 0.020879
v 0.038026 1.532296 -0.060715
v 0.081158 1.526369 0.018930
v 0.083261 1.526390 0.003052
v 0.083473 1.530844 0.015191
v 0.074127 1.524387 0.016397
v 0.079226 1.527438 0.015789
v 0.082924 1.527892 0.011581
v 0.086915 1.521364 0.004386
v 0.077864 1.526492 0.013618
v 0.083620 1.519956 0.003312
v 0.080666 1.526876 0.010178
v 0.081704 1.518169 0.006375
v 0.079645 1.524769 0.009842
v 0.077977 1.524018 0.011766
v 0.080824 1.516700 0.009176
v 0.084095 1.502188 0.008655
v 0.084949 1.501501 0.006156
v 0.086205 1.501223 0.004188
v 0.080515 1.501946 0.003032
v 0.077283 1.502314 0.004915
v 0.082189 1.511723 0.008613
v 0.073543 1.526021 0.004853
v 0.074017 1.523936 0.006821
v 0.075944 1.533077 0.016023
v 0.075056 1.532591 0.022471
v 0.073933 1.527716 0.027972
v 0.072300 1.519549 0.031219
v 0.071513 1.510969 0.033504
v 0.071316 1.502794 0.034760
v 0.070105 1.495137 0.034328
v 0.069008 1.487792 0.033493
v 0.068503 1.481313 0.032774
v 0.066098 1.479793 0.029980
v 0.063104 1.482638 0.026522
v 0.062678 1.485946 0.022540
v 0.065732 1.493013 0.011144
v 0.067660 1.497768 0.006757
v 0.069555 1.503670 0.004532
v 0.071244 1.510180 0.004115
v 0.072702 1.517170 0.004898
v 0.069805 1.513972 0.019275
v 0.070594 1.513001 0.019011
v 0.079602 1.496859 0.014557
v 0.080644 1.499344 0.011976
v 0.082630 1.506815 0.008793
v 0.081817 1.502660 0.010258
v 0.075942 1.502598 0.008456
v 0.078146 1.499552 0.010763
v 0.078859 1.502421 0.009487
v 0.075277 1.524315 0.025009
v 0.076993 1.497479 0.013177
v 0.073975 1.496075 0.020292
v 0.072420 1.494846 0.023346
v 0.070639 1.498465 0.028297
v 0.073796 1.512602 0.011805
v 0.077958 1.514410 0.012058
v 0.074566 1.509340 0.009358
v 0.078639 1.510005 0.010277
v 0.075478 1.505881 0.008329
v 0.079097 1.506014 0.009189
v 0.071103 1.507174 0.025766
v 0.071308 1.503871 0.027011
v 0.070464 1.509656 0.022452
v 0.071220 1.501447 0.027817
v 0.071656 1.504022 0.026892
v 0.071386 1.507766 0.025410
v 0.071335 1.511213 0.022010
v 0.072223 1.519719 0.020324
v 0.072209 1.520076 0.017592
v 0.073380 1.518350 0.015569
v 0.074499 1.496978 0.011466
v 0.076432 1.523434 0.006995
v 0.070160 1.501953 0.011061
v 0.066353 1.501579 0.015608
v 0.069402 1.507817 0.010561
v 0.069228 1.506264 0.012738
v 0.067485 1.504548 0.016410
v 0.069006 1.513161 0.018150
v 0.069700 1.509248 0.020687
v 0.069667 1.508426 0.023622
v 0.068747 1.507878 0.019653
v 0.069150 1.506923 0.025649
v 0.067224 1.507363 0.022270
v 0.069443 1.503328 0.027772
v 0.065881 1.503706 0.018159
v 0.071425 1.494773 0.018002
v 0.069203 1.499959 0.028563
v 0.068528 1.493546 0.025298
v 0.070755 1.505263 0.009245
v 0.069682 1.504202 0.011422
v 0.067516 1.503256 0.015104
v 0.071102 1.509431 0.008703
v 0.072683 1.506085 0.008021
v 0.069949 1.512413 0.011044
v 0.071251 1.515813 0.015879
v 0.073509 1.503011 0.008313
v 0.068372 1.494852 0.015897
v 0.071988 1.497855 0.010541
v 0.066533 1.498071 0.015149
v 0.070743 1.499854 0.010929
v 0.067990 1.511846 0.015934
v 0.068831 1.508447 0.022267
v 0.065746 1.506314 0.025687
v 0.064464 1.502048 0.020227
v 0.065101 1.500509 0.017966
v 0.065225 1.497817 0.018482
v 0.064243 1.498870 0.022097
v 0.066895 1.494543 0.019674
v 0.065390 1.495175 0.023705
v 0.070020 1.493761 0.021450
v 0.075731 1.516387 0.005656
v 0.074624 1.509272 0.005169
v 0.073017 1.503039 0.005389
v 0.071187 1.497541 0.007359
v 0.069628 1.492872 0.011597
v 0.068722 1.486742 0.022453
v 0.068891 1.483360 0.024860
v 0.071158 1.479069 0.029142
v 0.072487 1.483277 0.030970
v 0.072195 1.489886 0.029520
v 0.072877 1.493852 0.027356
v 0.071030 1.494407 0.026183
v 0.068440 1.496306 0.028455
v 0.072948 1.517434 0.027138
v 0.063994 1.504266 0.023104
v 0.064483 1.496656 0.028114
v 0.062549 1.500686 0.026091
v 0.070084 1.514261 0.014027
v 0.068123 1.510101 0.013014
v 0.069063 1.508147 0.014697
v 0.065486 1.503099 0.029128
v 0.066414 1.499660 0.029666
v 0.077045 1.531227 0.015807
v 0.025864 1.534700 -0.067021
v 0.075230 1.529646 0.010434
v 0.079801 1.530468 0.009747
v 0.083941 1.531363 0.008935
v 0.085476 1.525990 0.007727
v 0.082432 1.524700 0.006421
v 0.080504 1.522578 0.008135
v 0.079217 1.520999 0.010260
v 0.076542 1.518518 0.012910
v 0.073935 1.515708 0.014605
v 0.067904 1.506214 0.018239
v 0.065981 1.505588 0.020444
v 0.071725 1.502704 0.009311
v 0.069320 1.509884 0.016707
v 0.075632 1.499568 0.009523
v 0.073326 1.500232 0.009319
v 0.071458 1.496300 0.030739
v 0.072833 1.509991 0.029553
v 0.077004 1.528940 0.010503
v 0.073552 1.502749 0.031388
v 0.076252 1.529609 0.020996
v 0.070677 1.515701 0.020019
v 0.067323 1.501373 0.074244
v 0.067720 1.497118 0.065825
v 0.043538 1.528592 0.101744
v 0.059695 1.513715 0.090917
v 0.051362 1.519691 0.096923
v 0.055695 1.516875 0.094355
v 0.047504 1.522357 0.099062
v 0.042878 1.528688 0.100382
v 0.110497 1.345393 0.001459
v 0.068068 1.494766 0.056339
v 0.045266 1.525069 0.100873
v 0.044271 1.527312 0.102058
v 0.068460 1.493921 0.047255
v 0.063135 1.510095 0.086561
v 0.065818 1.505959 0.081117
v 0.070223 1.372803 -0.002042
v 0.050287 1.526226 0.095335
v 0.045125 1.530804 0.097721
v 0.056664 1.523099 0.090257
v 0.060286 1.521496 0.086819
v 0.070703 1.514455 0.063616
v 0.046883 1.529497 0.098446
v 0.071670 1.512340 0.046876
v 0.045963 1.530288 0.098549
v 0.068734 1.516091 0.070938
v 0.048159 1.527966 0.097154
v 0.053216 1.524669 0.093052
v 0.071645 1.513180 0.055369
v 0.066448 1.517932 0.077259
v 0.063634 1.519791 0.082534
v 0.076312 1.545351 0.017027
v 0.069082 1.586335 -0.019536
v 0.029308 1.607189 -0.046962
v 0.045047 1.602829 -0.040885
v 0.059433 1.595559 -0.031221
v 0.073870 1.529084 0.002237
v 0.057183 1.525405 -0.041659
v 0.056644 1.562814 -0.048001
v 0.066447 1.556213 -0.036273
v 0.028861 1.572199 -0.063835
v 0.043534 1.568343 -0.057455
v 0.056780 1.460737 0.028708
v 0.125700 1.339995 0.003946
v 0.072594 1.385967 -0.016692
v 0.095600 1.353857 -0.000261
v 0.099171 1.371325 -0.021693
v 0.052957 1.405420 -0.006763
v 0.055332 1.458243 0.010455
v 0.057691 1.469672 0.014292
v 0.114326 1.365768 -0.022637
v 0.130488 1.362584 -0.022574
v 0.069385 1.511563 -0.002334
v 0.019437 1.530635 0.103374
v 0.017673 1.529819 0.104882
v 0.018235 1.530074 0.104271
v 0.012069 1.529397 0.108130
v 0.020928 1.531304 0.102646
v 0.009017 1.529020 0.111819
v 0.016825 1.529870 0.105479
v 0.015109 1.529857 0.106489
v 0.006352 1.529051 0.116380
v 0.024384 1.528522 0.102172
v 0.022127 1.529874 0.101776
v 0.030456 1.525509 0.103475
v 0.034306 1.524847 0.103246
v 0.040943 1.526033 0.100272
v 0.044192 1.529270 0.097084
v 0.025394 1.536856 0.102362
v 0.036723 1.540072 0.101711
v 0.040314 1.539089 0.100087
v 0.042840 1.537436 0.098266
v 0.032627 1.540262 0.102898
v 0.044783 1.533331 0.096204
v 0.023411 1.534088 0.101581
v 0.028583 1.539154 0.103062
v 0.027085 1.526910 0.102915
v 0.038025 1.525054 0.102055
v 0.044261 1.535448 0.096895
v 0.042946 1.527526 0.098478
v 0.044722 1.531231 0.096289
v 0.021838 1.531827 0.101577
v 0.000005 1.417756 0.088243
v 0.000011 1.418550 0.092995
v 0.000018 1.419244 0.097776
v 0.000129 1.417058 0.078933
v 0.000705 1.416774 0.074194
v 0.000959 1.415908 0.069245
v 0.000022 1.419466 0.102762
v 0.000017 1.420810 0.107734
v 0.000068 1.423449 0.112061
v 0.000176 1.426783 0.115091
v 0.000115 1.430312 0.116951
v 0.000022 1.440896 0.118761
v -0.000000 1.444371 0.118562
v 0.000011 1.447608 0.119490
v 0.000014 1.450145 0.121397
v 0.000014 1.452015 0.123693
v -0.000034 1.453244 0.126351
v -0.000067 1.455327 0.128595
v 0.000053 1.459640 0.128711
v 0.000113 1.463558 0.127011
v 0.000091 1.464722 0.123458
v 0.000039 1.460792 0.120526
v 0.000028 1.453055 0.118303
v 0.000042 1.444270 0.112415
v 0.000036 1.437451 0.101494
v 0.000034 1.433696 0.088412
v 0.000032 1.436180 0.073344
v 0.000037 1.441010 0.056769
v 0.000057 1.450626 0.042217
v 0.000114 1.491803 0.050450
v 0.000105 1.497944 0.066012
v 0.000050 1.505056 0.083715
v 0.000035 1.503024 0.096864
v 0.000012 1.489508 0.115407
v -0.000013 1.485504 0.118923
v -0.000049 1.480480 0.121131
v -0.000079 1.475189 0.122235
v -0.000087 1.470090 0.122810
v -0.000082 1.465459 0.124178
v -0.000123 1.466272 0.128712
v -0.000202 1.470503 0.130817
v -0.000239 1.475469 0.130520
v -0.000110 1.479506 0.127964
v -0.000077 1.484442 0.127412
v -0.000192 1.488209 0.128647
v -0.000073 1.490212 0.131655
v 0.000070 1.492173 0.135549
v 0.000139 1.495514 0.138945
v 0.000084 1.500390 0.141297
v 0.000023 1.506272 0.140375
v -0.000046 1.515814 0.132310
v -0.000028 1.520545 0.128032
v 0.000057 1.525398 0.123895
v 0.000080 1.534046 0.116903
v 0.000046 1.539146 0.115502
v 0.000038 1.545430 0.115828
v 0.000066 1.551980 0.116469
v 0.000032 1.558540 0.116320
v -0.000037 1.565258 0.115323
v -0.000115 1.571993 0.113926
v -0.000194 1.578539 0.112579
v -0.000265 1.584681 0.110885
v -0.000299 1.590428 0.108608
v -0.000301 1.595807 0.105590
v -0.000271 1.600819 0.101912
v -0.000040 1.623198 0.074907
v 0.000020 1.627437 0.067026
v 0.000083 1.631506 0.057992
v 0.000208 1.634895 0.047516
v 0.000372 1.637324 0.035260
v 0.000551 1.638909 0.021885
v 0.000451 1.632061 -0.022661
v 0.000155 1.623385 -0.038050
v -0.000228 1.593290 -0.061217
v -0.000354 1.555589 -0.072202
v -0.000320 1.519481 -0.067428
v -0.000260 1.504351 -0.060105
v 0.000185 1.411763 0.064867
v -0.000177 1.491779 -0.051945
v 0.000063 1.298145 0.063739
v 0.013968 1.344523 -0.084576
v -0.000022 1.404922 0.060356
v -0.000053 1.361140 0.038560
v 0.000050 1.348728 0.036264
v 0.000042 1.336959 0.038732
v 0.000160 1.326408 0.044850
v 0.000162 1.313173 0.054745
v -0.000059 1.479932 -0.044438
v 0.000124 1.423820 -0.043634
v 0.000057 1.409786 -0.050456
v -0.000438 1.395758 -0.059266
v -0.000074 1.380583 -0.068661
v 0.000205 1.363347 -0.077215
v 0.015004 1.324604 -0.090274
v 0.000026 1.491968 0.110835
v 0.000030 1.495553 0.105062
v 0.000639 1.637165 -0.006977
v 0.000672 1.639320 0.007864
v 0.000020 1.417353 0.083536
v -0.000363 1.536748 -0.071951
v -0.000139 1.610025 -0.051180
v -0.000354 1.574871 -0.068364
v 0.000031 1.529814 0.119981
v 0.013629 1.456137 0.039185
v 0.019271 1.464025 0.037225
v 0.022578 1.476161 0.035679
v 0.022050 1.486668 0.040018
v 0.000094 1.455867 0.037625
v -0.000037 1.465527 0.036014
v -0.000093 1.476177 0.033884
v -0.000016 1.485539 0.038753
v -0.000012 1.256712 -0.094581
v 0.000080 1.231190 -0.091816
v 0.000204 1.205263 -0.086440
v 0.000062 1.179543 -0.080688
v -0.000023 1.130984 -0.066650
v -0.000001 1.107537 -0.060594
v 0.000046 1.084480 -0.055539
v -0.000184 1.060808 -0.051358
v 0.000236 1.034759 -0.050943
v 0.000293 1.008644 -0.057398
v 0.000194 0.983637 -0.066692
v -0.000031 0.961014 -0.082360
v 0.000030 0.938044 -0.097036
v 0.000031 0.911557 -0.107211
v 0.000113 0.882628 -0.113107
v 0.000032 0.851548 -0.111424
v 0.000576 0.818923 -0.108014
v -0.000092 1.154711 -0.073743
v 0.251791 1.067452 -0.078280
v 0.265015 1.077571 -0.041091
v 0.240597 1.101070 -0.083355
v 0.253108 1.108469 -0.039580
v 0.230483 1.136268 -0.083413
v 0.244523 1.141745 -0.034838
v 0.281170 1.049211 -0.033296
v 0.270433 1.036091 -0.075556
v 0.279696 1.020616 -0.072267
v 0.288744 1.034486 -0.029382
v 0.296757 0.989991 -0.063517
v 0.301849 1.003562 -0.022443
v 0.312436 0.961257 -0.053848
v 0.314022 0.973241 -0.015326
v 0.295534 1.019035 -0.025837
v 0.288265 1.005176 -0.067965
v 0.273064 1.063291 -0.037629
v 0.248728 1.124842 -0.037076
v 0.319528 0.947559 -0.048356
v 0.304840 0.975356 -0.058800
v 0.260372 1.051452 -0.076741
v 0.235441 1.118446 -0.083605
v 0.246154 1.084280 -0.082036
v 0.258405 1.092704 -0.041274
v 0.308050 0.988267 -0.018941
v 0.319688 0.958551 -0.011634
v 0.184774 1.114009 -0.078937
v 0.189826 1.097216 -0.078960
v 0.195937 1.080537 -0.078500
v 0.203176 1.064029 -0.077381
v 0.210186 1.047000 -0.076979
v 0.218272 1.029778 -0.076727
v 0.228419 1.013400 -0.075293
v 0.239472 0.997974 -0.072191
v 0.250166 0.982610 -0.069463
v 0.260544 0.967880 -0.066245
v 0.270714 0.954099 -0.062558
v 0.280748 0.941169 -0.058640
v 0.290550 0.929388 -0.054639
v 0.281776 0.937138 -0.009441
v 0.273208 0.950081 -0.011399
v 0.264524 0.963999 -0.013281
v 0.255904 0.978307 -0.015709
v 0.247732 0.993402 -0.018404
v 0.239888 1.008534 -0.021549
v 0.232635 1.023797 -0.024317
v 0.225692 1.039348 -0.025963
v 0.218951 1.055101 -0.026082
v 0.212886 1.070879 -0.025688
v 0.207703 1.087087 -0.025284
v 0.202795 1.103313 -0.024546
v 0.197351 1.118975 -0.022968
v 0.150762 1.219053 -0.022826
v 0.237026 1.064110 -0.028037
v 0.228673 1.059703 -0.025231
v 0.209517 1.050628 -0.031995
v 0.202622 1.046859 -0.042034
v 0.200902 1.045046 -0.054938
v 0.203170 1.044821 -0.067204
v 0.229143 1.053864 -0.090751
v 0.218016 1.050128 -0.084952
v 0.241807 1.061279 -0.086321
v 0.261955 1.072860 -0.072903
v 0.268139 1.076810 -0.064974
v 0.268588 1.078743 -0.047677
v 0.252793 1.072020 -0.032209
v 0.245018 1.068231 -0.030193
v 0.226342 1.095290 -0.021170
v 0.217111 1.091165 -0.021665
v 0.199186 1.083653 -0.032211
v 0.192488 1.080804 -0.042192
v 0.189487 1.079031 -0.054524
v 0.190482 1.078842 -0.067404
v 0.216691 1.089736 -0.091074
v 0.204951 1.084288 -0.086941
v 0.229525 1.095548 -0.089613
v 0.248787 1.105315 -0.074665
v 0.253911 1.108289 -0.065293
v 0.255371 1.109508 -0.047223
v 0.242667 1.103107 -0.027231
v 0.234986 1.099318 -0.023405
v 0.215947 1.127115 -0.015347
v 0.206559 1.122991 -0.017444
v 0.189125 1.115431 -0.031212
v 0.182634 1.112622 -0.041726
v 0.178810 1.110962 -0.054169
v 0.179285 1.111232 -0.067302
v 0.194741 1.118904 -0.087482
v 0.207008 1.124745 -0.091060
v 0.219477 1.130936 -0.089522
v 0.238847 1.140057 -0.074409
v 0.244208 1.142491 -0.064330
v 0.246763 1.143158 -0.043913
v 0.233272 1.135514 -0.020168
v 0.225049 1.131414 -0.016251
v 0.285686 1.049956 -0.041502
v 0.266488 1.043264 -0.024453
v 0.258518 1.038930 -0.023327
v 0.250368 1.034321 -0.022818
v 0.241742 1.029364 -0.022817
v 0.223229 1.017826 -0.029473
v 0.216395 1.012466 -0.039857
v 0.215596 1.009983 -0.053268
v 0.220284 1.010390 -0.065748
v 0.250339 1.023740 -0.084293
v 0.238879 1.017973 -0.081391
v 0.261442 1.030193 -0.082004
v 0.277814 1.041367 -0.068001
v 0.283689 1.045749 -0.060402
v 0.286346 1.025725 -0.065030
v 0.291325 1.029991 -0.056917
v 0.271275 1.014755 -0.077748
v 0.249695 1.002683 -0.077768
v 0.260890 1.008601 -0.079777
v 0.231063 0.994782 -0.063233
v 0.225589 0.993986 -0.051301
v 0.225299 0.996377 -0.038125
v 0.231167 1.002168 -0.027463
v 0.257513 1.019459 -0.018279
v 0.249010 1.014296 -0.018966
v 0.273803 1.028590 -0.020000
v 0.265719 1.024169 -0.018643
v 0.293099 1.034781 -0.037922
v 0.302384 0.994883 -0.056505
v 0.306051 0.999004 -0.048435
v 0.289191 0.984424 -0.068471
v 0.270348 0.972950 -0.070185
v 0.280099 0.978574 -0.070779
v 0.251644 0.964335 -0.058276
v 0.245902 0.963846 -0.046620
v 0.244720 0.966124 -0.033736
v 0.248889 0.971560 -0.022919
v 0.271987 0.990083 -0.009636
v 0.263906 0.984485 -0.011518
v 0.288093 0.998934 -0.011868
v 0.280085 0.994950 -0.009671
v 0.305879 1.003497 -0.030531
v 0.316901 0.965539 -0.046558
v 0.319036 0.968901 -0.038529
v 0.305832 0.956345 -0.058908
v 0.289542 0.946060 -0.061474
v 0.298023 0.951217 -0.061443
v 0.272486 0.937656 -0.051524
v 0.267012 0.936844 -0.040770
v 0.265245 0.938849 -0.029052
v 0.267910 0.944008 -0.018834
v 0.286776 0.961584 -0.003311
v 0.279584 0.956050 -0.006371
v 0.301949 0.969794 -0.005123
v 0.294515 0.966352 -0.002912
v 0.317583 0.972966 -0.022576
v 0.177342 1.251167 0.005446
v 0.140362 1.222252 -0.059746
v 0.142085 1.219544 -0.048243
v 0.143241 1.218104 -0.039726
v 0.145938 1.217289 -0.031636
v 0.157135 1.224066 -0.012129
v 0.165882 1.233696 -0.001661
v 0.276957 0.931192 -0.017114
v 0.274926 0.926384 -0.027342
v 0.258566 0.957475 -0.020782
v 0.255260 0.952134 -0.031300
v 0.239800 0.986744 -0.025024
v 0.234855 0.980967 -0.035909
v 0.216025 1.033988 -0.031080
v 0.208415 1.029287 -0.040843
v 0.203883 1.067140 -0.032360
v 0.197557 1.064110 -0.042469
v 0.187896 1.096957 -0.042450
v 0.194440 1.099694 -0.032112
v 0.308540 0.955809 -0.001926
v 0.295154 0.984264 -0.008317
v 0.281122 1.013862 -0.015788
v 0.259336 1.057517 -0.029585
v 0.247365 1.087374 -0.030592
v 0.237994 1.119078 -0.023270
v 0.282822 0.925839 -0.048236
v 0.262069 0.950526 -0.054960
v 0.241356 0.979179 -0.061006
v 0.210032 1.026796 -0.066812
v 0.197329 1.062102 -0.067262
v 0.184423 1.094873 -0.067425
v 0.323201 0.951383 -0.041398
v 0.324838 0.954444 -0.033695
v 0.309912 0.980071 -0.051675
v 0.312777 0.983893 -0.043623
v 0.294508 1.010166 -0.061168
v 0.298900 1.014414 -0.052977
v 0.269556 1.057073 -0.070420
v 0.276056 1.061483 -0.063188
v 0.255102 1.088955 -0.074378
v 0.260490 1.092299 -0.065422
v 0.243520 1.122436 -0.074623
v 0.248710 1.125024 -0.064899
v 0.313707 0.943091 -0.053622
v 0.297726 0.970156 -0.063839
v 0.280375 0.999525 -0.073042
v 0.251150 1.045578 -0.085166
v 0.235256 1.078323 -0.088305
v 0.224514 1.113100 -0.089803
v 0.298703 0.933835 -0.057042
v 0.306523 0.938459 -0.056505
v 0.280073 0.959018 -0.065849
v 0.289138 0.964627 -0.066160
v 0.260197 0.987571 -0.074135
v 0.270821 0.993294 -0.075407
v 0.239167 1.038855 -0.088422
v 0.227997 1.033779 -0.084223
v 0.222368 1.072132 -0.090033
v 0.211219 1.067239 -0.085484
v 0.211815 1.107007 -0.091318
v 0.199404 1.101576 -0.087459
v 0.299703 1.019203 -0.034266
v 0.272938 1.009621 -0.013838
v 0.264575 1.004834 -0.013527
v 0.256262 0.999464 -0.014978
v 0.235924 0.978586 -0.049088
v 0.256449 0.949747 -0.043659
v 0.195184 1.062328 -0.054709
v 0.277190 1.064410 -0.045025
v 0.277207 0.924692 -0.038511
v 0.221245 1.111313 -0.018142
v 0.212117 1.107377 -0.019686
v 0.250920 1.126077 -0.045492
v 0.287352 0.980471 -0.006039
v 0.230039 1.115239 -0.019392
v 0.184041 1.095118 -0.054566
v 0.206700 1.026877 -0.054069
v 0.294229 0.947951 -0.000544
v 0.287625 0.942672 -0.003992
v 0.243400 1.048920 -0.027232
v 0.235073 1.044371 -0.025445
v 0.261188 1.093764 -0.048049
v 0.279378 0.975633 -0.006164
v 0.271717 0.970063 -0.008608
v 0.301502 0.952591 0.000131
v 0.251425 1.053462 -0.028268
v 0.311913 0.988097 -0.026600
v 0.323050 0.958143 -0.018528
v 0.231676 1.079282 -0.024810
v 0.222616 1.075046 -0.023399
v 0.239717 1.083538 -0.027452
v 0.212894 1.278093 -0.016263
v 0.203547 1.281753 -0.067440
v 0.139320 1.226997 -0.077128
v 0.193435 1.261750 0.002162
v 0.216513 1.283201 -0.029281
v 0.211423 1.285143 -0.056160
v 0.180349 1.266410 -0.085906
v 0.151513 1.242876 -0.084149
v 0.166020 1.255115 -0.088545
v 0.165560 1.253656 0.007591
v 0.122747 1.210006 -0.082362
v 0.131286 1.198992 -0.064911
v 0.137341 1.195274 -0.048822
v 0.138769 1.196093 -0.035914
v 0.138023 1.202956 -0.024517
v 0.137043 1.214287 -0.014532
v 0.140499 1.229225 -0.007470
v 0.150514 1.243875 0.002197
v 0.193999 1.302398 -0.066326
v 0.207191 1.300375 -0.011975
v 0.128557 1.246010 -0.093844
v 0.188267 1.281867 0.007540
v 0.203099 1.306821 -0.055044
v 0.170058 1.285918 -0.084581
v 0.142538 1.261102 -0.092589
v 0.210159 1.305749 -0.026453
v 0.156436 1.274509 -0.090107
v 0.164486 1.264882 0.014965
v 0.111507 1.231736 -0.095562
v 0.153410 1.255292 0.017432
v 0.147074 1.354655 -0.009910
v 0.135220 1.356343 -0.057359
v 0.084783 1.325064 -0.099238
v 0.055846 1.270744 0.073531
v 0.042323 1.268854 0.077057
v 0.080281 1.278566 0.063436
v 0.068592 1.274099 0.068961
v 0.140234 1.335791 0.008777
v 0.141235 1.358778 -0.046370
v 0.119194 1.347473 -0.076904
v 0.097448 1.333455 -0.092807
v 0.136172 1.325580 0.014001
v 0.148103 1.361502 -0.022156
v 0.060048 1.309174 -0.100754
v 0.047171 1.306047 -0.096675
v 0.109007 1.341048 -0.085371
v 0.131236 1.316716 0.018138
v 0.000110 1.303699 -0.093813
v 0.014326 1.266957 0.080154
v 0.016021 1.304018 -0.094677
v 0.032027 1.304733 -0.095794
v 0.109242 1.297016 0.039428
v 0.100655 1.290355 0.048496
v 0.090985 1.284097 0.056606
v 0.028403 1.267817 0.079427
v 0.116842 1.303743 0.030396
v 0.071935 1.316565 -0.103234
v 0.124383 1.310053 0.022992
v 0.165462 1.349796 -0.006971
v 0.151681 1.347614 -0.061930
v 0.166900 1.335106 -0.064310
v 0.181250 1.320045 -0.064991
v 0.183417 1.340631 -0.004510
v 0.198480 1.322601 -0.006510
v 0.095051 1.307189 -0.099448
v 0.105704 1.288315 -0.099141
v 0.116660 1.268023 -0.098578
v 0.132234 1.200783 -0.001425
v 0.130947 1.186022 0.015065
v 0.132173 1.170349 0.034957
v 0.131544 1.157799 0.058723
v 0.124301 1.149962 0.082894
v 0.109333 1.146939 0.103326
v 0.088254 1.148303 0.116033
v 0.064274 1.154288 0.119048
v 0.041661 1.159675 0.115863
v 0.019490 1.162142 0.112928
v 0.062937 1.253926 0.085127
v 0.047525 1.252403 0.088043
v 0.071206 1.238181 0.100014
v 0.052960 1.236832 0.101731
v 0.079260 1.221797 0.115415
v 0.057479 1.221018 0.115635
v 0.060958 1.203498 0.126190
v 0.063281 1.184776 0.130246
v 0.089347 1.182507 0.131293
v 0.064401 1.167640 0.126991
v 0.090078 1.163242 0.126831
v 0.062689 1.142784 0.108840
v 0.083961 1.139090 0.101594
v 0.061492 1.125750 0.106047
v 0.079905 1.123441 0.092328
v 0.080731 1.105595 0.089411
v 0.062315 1.108068 0.104598
v 0.081861 1.086361 0.085540
v 0.064715 1.088053 0.102354
v 0.066519 1.064300 0.097402
v 0.084331 1.063985 0.082260
v 0.069565 1.031471 0.091743
v 0.089682 1.034624 0.079991
v 0.072892 0.994613 0.091213
v 0.095700 1.001047 0.081588
v 0.074138 0.968935 0.091042
v 0.099098 0.973708 0.083775
v 0.074550 0.944075 0.088700
v 0.099392 0.946990 0.081914
v 0.075759 0.916553 0.085954
v 0.101781 0.918288 0.080871
v 0.076159 0.889757 0.081274
v 0.102273 0.891653 0.076654
v 0.075838 0.863122 0.072724
v 0.102251 0.865512 0.070824
v 0.076173 0.834746 0.065898
v 0.102854 0.838094 0.069518
v 0.089796 1.260597 0.071989
v 0.077176 1.256544 0.079695
v 0.100718 1.241966 0.082568
v 0.087654 1.239518 0.093371
v 0.112638 1.224270 0.094730
v 0.085462 1.202933 0.127139
v 0.128977 1.185115 0.103925
v 0.112671 1.182513 0.122474
v 0.129533 1.165720 0.096320
v 0.113222 1.162550 0.115690
v 0.100604 1.137625 0.087502
v 0.110830 1.140125 0.067294
v 0.095680 1.122172 0.077272
v 0.108157 1.121521 0.059289
v 0.108500 1.103110 0.055173
v 0.096579 1.103960 0.073314
v 0.107951 1.083650 0.051690
v 0.096784 1.085111 0.069107
v 0.098015 1.063138 0.065824
v 0.107280 1.061561 0.048778
v 0.102657 1.036308 0.064247
v 0.110688 1.035690 0.047856
v 0.110744 1.006284 0.066412
v 0.119766 1.008308 0.049088
v 0.117654 0.977970 0.070316
v 0.129280 0.980393 0.051214
v 0.119967 0.949360 0.070785
v 0.134940 0.950937 0.052239
v 0.124180 0.920987 0.072186
v 0.140006 0.922829 0.053055
v 0.125807 0.893723 0.069210
v 0.143362 0.896128 0.052627
v 0.126262 0.867710 0.066284
v 0.145707 0.869849 0.052091
v 0.127348 0.840794 0.066606
v 0.148010 0.843257 0.053614
v 0.085651 1.126811 -0.066809
v 0.080060 1.103185 -0.061670
v 0.063960 1.126978 -0.073824
v 0.059810 1.102837 -0.070416
v 0.105596 1.127171 -0.054661
v 0.099018 1.104444 -0.049387
v 0.119587 1.130948 -0.035861
v 0.114204 1.108624 -0.031316
v 0.127036 1.138033 -0.013219
v 0.122384 1.115426 -0.009087
v 0.122722 1.121177 0.015368
v 0.124765 1.149375 0.015736
v 0.122922 1.205629 0.103599
v 0.119764 1.098616 0.015170
v 0.117641 1.093060 -0.006833
v 0.093127 1.082757 -0.045172
v 0.075595 1.080803 -0.058550
v 0.087670 1.061336 -0.041754
v 0.070936 1.059897 -0.053413
v 0.068751 1.037798 -0.050772
v 0.085957 1.039462 -0.041883
v 0.088418 1.016932 -0.046347
v 0.070269 1.014439 -0.055009
v 0.092926 0.993825 -0.053052
v 0.073486 0.990376 -0.061292
v 0.100159 0.970935 -0.062500
v 0.078969 0.967346 -0.072287
v 0.107941 0.947069 -0.072860
v 0.085833 0.945125 -0.086558
v 0.115852 0.922075 -0.081882
v 0.093729 0.921878 -0.100291
v 0.124324 0.896510 -0.089737
v 0.102291 0.896437 -0.112469
v 0.131818 0.869204 -0.095063
v 0.109572 0.866971 -0.120188
v 0.138880 0.839739 -0.096475
v 0.116677 0.834428 -0.122672
v 0.112309 1.053027 0.014453
v 0.115590 1.028160 0.011999
v 0.107344 1.047011 -0.004836
v 0.113507 1.023779 -0.010014
v 0.099123 1.042103 -0.025191
v 0.104581 1.020107 -0.031424
v 0.051492 1.036877 -0.056283
v 0.052320 1.012777 -0.060321
v 0.057696 0.964071 -0.076902
v 0.062898 0.942711 -0.093741
v 0.118737 0.974246 -0.044790
v 0.126623 0.948929 -0.051443
v 0.131565 0.977318 -0.021547
v 0.140096 0.951196 -0.025080
v 0.135781 0.979234 0.004306
v 0.145670 0.952756 0.003055
v 0.180382 1.300896 0.012433
v 0.175961 1.272481 0.012255
v 0.168884 1.317007 0.015736
v 0.154371 1.328710 0.013758
v 0.191265 1.325931 -0.054412
v 0.176180 1.341286 -0.053093
v 0.158924 1.351931 -0.049800
v 0.158226 1.303488 -0.083691
v 0.145649 1.319825 -0.083105
v 0.132524 1.334598 -0.081272
v 0.131506 1.280619 -0.096556
v 0.119846 1.299105 -0.095922
v 0.108518 1.316554 -0.094668
v 0.147846 1.317012 0.017823
v 0.167348 1.355811 -0.022016
v 0.066247 1.290872 -0.102951
v 0.050875 1.285866 -0.100161
v 0.159604 1.304890 0.018449
v 0.169194 1.290048 0.015965
v 0.073380 1.269619 -0.104742
v 0.081662 1.245441 -0.104329
v 0.055295 1.263245 -0.102850
v 0.060386 1.238390 -0.103521
v 0.186487 1.345095 -0.022193
v 0.201363 1.327541 -0.023575
v 0.116184 1.076723 0.014755
v 0.111884 1.070695 -0.005261
v 0.090455 1.218618 -0.098531
v 0.066163 1.211115 -0.099859
v 0.099885 1.187366 -0.084907
v 0.069676 1.182276 -0.090813
v 0.056319 1.080503 -0.065945
v 0.053079 1.059524 -0.059115
v 0.107886 1.086853 -0.027851
v 0.101840 1.064934 -0.024697
v 0.125854 1.004342 0.007577
v 0.122706 1.001390 -0.016477
v 0.110687 0.997615 -0.037777
v 0.054129 0.987786 -0.065120
v 0.152461 0.925029 0.002528
v 0.158722 0.898381 0.001758
v 0.145999 0.923746 -0.027211
v 0.152332 0.897127 -0.029898
v 0.132768 0.922207 -0.056261
v 0.139874 0.896228 -0.061072
v 0.068822 0.919979 -0.110051
v 0.074971 0.894123 -0.125490
v 0.163576 0.872229 0.001202
v 0.157628 0.871124 -0.031845
v 0.146506 0.869914 -0.064355
v 0.080590 0.862548 -0.136295
v 0.086345 0.826373 -0.138842
v 0.152246 0.842370 -0.064982
v 0.161586 0.844513 -0.032005
v 0.167786 0.845938 0.001790
v 0.121084 1.325961 -0.088665
v 0.133182 1.310052 -0.090446
v 0.145275 1.292903 -0.091537
v 0.158993 1.280051 0.019366
v 0.150901 1.294166 0.020932
v 0.140842 1.306634 0.020805
v 0.000084 1.281181 -0.095096
v 0.021120 0.856066 0.078422
v 0.021086 0.885988 0.088332
v 0.021224 0.912617 0.097069
v 0.021963 0.938226 0.105423
v 0.023008 0.964081 0.110809
v 0.020962 1.027638 0.111051
v 0.020021 1.065049 0.116363
v 0.019397 1.093400 0.118746
v 0.019047 1.115646 0.119110
v 0.019130 1.133651 0.117781
v 0.019226 1.148608 0.115118
v 0.020256 1.175413 0.111350
v 0.020575 1.189065 0.110680
v 0.019812 1.202980 0.108522
v 0.018758 1.217935 0.103334
v 0.017416 1.233779 0.095955
v 0.015737 1.250427 0.088303
v 0.017196 1.281687 -0.097028
v 0.034411 1.282964 -0.099293
v 0.018633 1.257339 -0.097061
v 0.037136 1.259265 -0.101077
v 0.020059 1.231699 -0.095701
v 0.040074 1.233866 -0.100682
v 0.021501 1.205314 -0.092056
v 0.043252 1.207185 -0.096986
v 0.022338 1.179024 -0.086277
v 0.045191 1.180011 -0.089680
v 0.020715 1.128807 -0.073658
v 0.041860 1.127439 -0.077011
v 0.019222 1.105480 -0.067898
v 0.039097 1.103493 -0.072667
v 0.018196 1.083123 -0.061885
v 0.036813 1.081380 -0.066907
v 0.017473 1.060397 -0.056643
v 0.035132 1.059856 -0.060515
v 0.017331 1.035318 -0.054839
v 0.034397 1.036237 -0.058038
v 0.017264 1.009765 -0.060220
v 0.034575 1.011396 -0.062339
v 0.017634 0.984758 -0.068668
v 0.035572 0.986382 -0.068706
v 0.018563 0.961755 -0.082653
v 0.037730 0.962884 -0.081372
v 0.020181 0.938687 -0.097188
v 0.041050 0.940485 -0.096845
v 0.021752 0.913156 -0.109492
v 0.044386 0.916541 -0.112060
v 0.023090 0.886142 -0.123510
v 0.047618 0.889995 -0.128019
v 0.023805 0.853037 -0.132649
v 0.049944 0.857381 -0.140204
v 0.024468 0.812472 -0.131263
v 0.052656 0.817694 -0.141199
v 0.047960 0.829480 0.062972
v 0.047728 0.859263 0.076424
v 0.047871 0.887655 0.085308
v 0.047714 0.914574 0.091718
v 0.048142 0.940891 0.098193
v 0.048964 0.965883 0.103034
v 0.048768 0.992490 0.104591
v 0.046207 1.029177 0.104877
v 0.044212 1.064245 0.110906
v 0.042979 1.090315 0.116009
v 0.041077 1.111615 0.116363
v 0.040267 1.129137 0.115593
v 0.040496 1.145044 0.113273
v 0.118978 1.281593 0.043753
v 0.127467 1.264852 0.045828
v 0.132551 1.247423 0.044032
v 0.134110 1.230950 0.041048
v 0.137183 1.216347 0.036584
v 0.135971 1.201213 0.027772
v 0.130140 1.170807 -0.001784
v 0.130818 1.159097 -0.021433
v 0.125393 1.152816 -0.041591
v 0.112423 1.151271 -0.060658
v 0.091897 1.152803 -0.075148
v 0.067951 1.153476 -0.080699
v 0.044371 1.153075 -0.082245
v 0.021923 1.153375 -0.079413
v 0.110444 1.273694 0.053608
v 0.118991 1.254910 0.056842
v 0.126915 1.235571 0.059128
v 0.134552 1.218901 0.060941
v 0.140202 1.202430 0.057762
v 0.140140 1.185860 0.048596
v 0.162390 0.845022 0.031780
v 0.158641 0.871536 0.030191
v 0.154645 0.897932 0.029862
v 0.149717 0.924623 0.029816
v 0.143137 0.952545 0.029250
v 0.134225 0.980411 0.028818
v 0.124605 1.007314 0.029676
v 0.114829 1.032720 0.031205
v 0.112092 1.058144 0.031968
v 0.114348 1.081090 0.033568
v 0.116447 1.101729 0.035926
v 0.117119 1.122318 0.038440
v 0.118019 1.143587 0.044661
v 0.138138 1.173463 0.072457
v 0.137588 1.191718 0.081273
v 0.131143 1.210322 0.082502
v 0.121470 1.227972 0.077262
v 0.110748 1.246896 0.069812
v 0.100771 1.266407 0.063117
v 0.031661 1.251594 0.089419
v 0.034720 1.235483 0.100073
v 0.036949 1.219575 0.110412
v 0.038792 1.203678 0.117781
v 0.040344 1.187963 0.120385
v 0.041898 1.173426 0.119257
v 0.126490 1.289578 0.033962
v 0.135605 1.274567 0.035658
v 0.142493 1.259123 0.034000
v 0.142337 1.244521 0.026475
v 0.136117 1.231301 0.018213
v 0.131578 1.216067 0.009811
v 0.134586 1.187727 -0.014636
v 0.134635 1.178581 -0.029927
v 0.131045 1.174597 -0.046380
v 0.120856 1.176728 -0.065031
v 0.107247 1.204145 0.121207
v 0.098492 1.222717 0.108323
v 0.022316 0.991493 0.112525
v 0.000024 0.987013 0.104670
v 0.080973 1.298279 -0.103406
v 0.090228 1.278049 -0.102766
v 0.100216 1.255817 -0.101280
v 0.150342 1.269729 0.024920
v 0.142845 1.284170 0.026603
v 0.133676 1.297693 0.025866
v 0.013827 0.760757 0.003066
v 0.013406 0.754589 -0.027155
v 0.019744 0.762325 -0.057657
v 0.095854 0.762849 -0.113875
v 0.098712 0.735085 -0.096052
v 0.102013 0.702891 -0.090631
v 0.104552 0.670726 -0.088968
v 0.106868 0.638354 -0.088887
v 0.108941 0.605486 -0.087402
v 0.110426 0.572640 -0.083600
v 0.111164 0.540835 -0.080116
v 0.112401 0.510548 -0.079969
v 0.113539 0.482460 -0.083910
v 0.114052 0.456336 -0.085863
v 0.114152 0.432588 -0.091590
v 0.114705 0.409246 -0.098021
v 0.115743 0.385018 -0.104213
v 0.116767 0.359580 -0.110302
v 0.117348 0.332436 -0.114675
v 0.117935 0.304205 -0.116386
v 0.118015 0.276365 -0.115498
v 0.118892 0.250283 -0.113198
v 0.119999 0.226403 -0.110557
v 0.120797 0.205559 -0.108453
v 0.115583 0.208975 -0.032522
v 0.114995 0.228082 -0.029326
v 0.114104 0.249731 -0.025653
v 0.113466 0.272626 -0.021982
v 0.112448 0.296808 -0.018563
v 0.110870 0.321841 -0.015202
v 0.108329 0.347217 -0.011483
v 0.105413 0.372305 -0.007796
v 0.102605 0.397397 -0.003076
v 0.097452 0.421004 0.005726
v 0.091053 0.445423 0.016245
v 0.087327 0.473632 0.023334
v 0.084874 0.504274 0.028445
v 0.081671 0.536144 0.035900
v 0.079246 0.570021 0.043632
v 0.078090 0.605107 0.050536
v 0.077654 0.640922 0.056738
v 0.076507 0.676356 0.062536
v 0.075603 0.710851 0.066403
v 0.075489 0.743655 0.067609
v 0.075498 0.774496 0.067276
v 0.066136 0.756208 -0.106996
v 0.072924 0.730245 -0.091615
v 0.076143 0.698630 -0.088173
v 0.078999 0.668047 -0.087252
v 0.081743 0.636717 -0.086452
v 0.084827 0.604865 -0.084756
v 0.087918 0.572692 -0.082285
v 0.090033 0.541237 -0.080070
v 0.091835 0.511045 -0.080078
v 0.093318 0.482410 -0.082424
v 0.095181 0.455795 -0.082311
v 0.095553 0.431271 -0.085924
v 0.095273 0.407712 -0.092639
v 0.095492 0.383623 -0.098967
v 0.095982 0.358218 -0.104385
v 0.096489 0.331338 -0.108619
v 0.097580 0.303481 -0.110359
v 0.099250 0.276153 -0.109842
v 0.101741 0.250623 -0.107962
v 0.104378 0.227324 -0.105766
v 0.106303 0.206995 -0.104265
v 0.105151 0.209941 -0.038776
v 0.103768 0.228900 -0.035758
v 0.102032 0.250457 -0.032510
v 0.100642 0.273439 -0.029127
v 0.099578 0.297805 -0.026070
v 0.097975 0.323071 -0.022936
v 0.095245 0.348336 -0.019469
v 0.092168 0.373320 -0.015795
v 0.089265 0.397984 -0.011451
v 0.085847 0.422675 -0.004853
v 0.078374 0.447241 0.004188
v 0.075246 0.476087 0.009170
v 0.070152 0.505907 0.015622
v 0.065499 0.537612 0.023104
v 0.062816 0.571113 0.029681
v 0.061038 0.605951 0.034835
v 0.059405 0.640755 0.039980
v 0.056778 0.674205 0.045238
v 0.054350 0.706536 0.049155
v 0.052232 0.737425 0.051628
v 0.050261 0.766798 0.053249
v 0.018833 0.743614 0.004345
v 0.021293 0.721904 0.003987
v 0.026013 0.697214 0.001848
v 0.030763 0.669035 -0.001252
v 0.037691 0.638611 -0.005097
v 0.042825 0.606270 -0.008417
v 0.044771 0.572987 -0.011629
v 0.046820 0.539943 -0.015509
v 0.050864 0.508657 -0.020814
v 0.055748 0.479050 -0.025497
v 0.059698 0.450870 -0.028841
v 0.065855 0.425189 -0.032894
v 0.070338 0.400535 -0.037445
v 0.074048 0.375940 -0.041285
v 0.075634 0.350456 -0.043237
v 0.075251 0.324468 -0.044345
v 0.075728 0.298405 -0.045967
v 0.077896 0.273381 -0.049023
v 0.081637 0.249802 -0.052269
v 0.086380 0.228067 -0.054992
v 0.090643 0.208957 -0.056604
v 0.167823 0.789081 0.035077
v 0.167564 0.757086 0.035786
v 0.165366 0.721948 0.035385
v 0.163275 0.683804 0.034362
v 0.161327 0.644434 0.032214
v 0.157989 0.605909 0.027717
v 0.153268 0.569518 0.021378
v 0.149200 0.535607 0.014520
v 0.145474 0.504271 0.006203
v 0.142577 0.475405 -0.002015
v 0.145746 0.448342 -0.007171
v 0.149184 0.422667 -0.012446
v 0.154644 0.397802 -0.016252
v 0.159520 0.373118 -0.020186
v 0.162080 0.347908 -0.024960
v 0.163199 0.322485 -0.029561
v 0.163402 0.296614 -0.033780
v 0.162397 0.271399 -0.037632
v 0.160549 0.247123 -0.040733
v 0.158169 0.223990 -0.043051
v 0.155832 0.204081 -0.045137
v 0.160863 0.202942 -0.057928
v 0.163507 0.223501 -0.056760
v 0.166128 0.247341 -0.055324
v 0.168302 0.272554 -0.053123
v 0.170446 0.298454 -0.049649
v 0.170768 0.324629 -0.045692
v 0.169618 0.350613 -0.041154
v 0.166743 0.375831 -0.036534
v 0.160898 0.400067 -0.032189
v 0.155882 0.424415 -0.027467
v 0.153726 0.449906 -0.021963
v 0.152202 0.476739 -0.016502
v 0.153043 0.505494 -0.010067
v 0.156543 0.536551 -0.003862
v 0.161309 0.570413 0.000951
v 0.166800 0.606616 0.004675
v 0.170999 0.644978 0.006550
v 0.174427 0.684316 0.007022
v 0.177279 0.722663 0.006631
v 0.179337 0.758290 0.006056
v 0.178567 0.790254 0.004729
v 0.031263 0.756032 0.030906
v 0.033237 0.729755 0.030782
v 0.036551 0.701615 0.028005
v 0.040659 0.671680 0.023740
v 0.045825 0.639983 0.018787
v 0.049176 0.606331 0.014425
v 0.051131 0.572214 0.010490
v 0.054081 0.538935 0.005631
v 0.059364 0.507619 -0.001708
v 0.067075 0.478694 -0.008779
v 0.069389 0.449781 -0.012406
v 0.075143 0.424191 -0.018336
v 0.078170 0.399173 -0.023389
v 0.081045 0.374637 -0.027588
v 0.083960 0.349481 -0.030289
v 0.085700 0.323920 -0.032261
v 0.086456 0.298224 -0.034352
v 0.088054 0.273447 -0.037463
v 0.090484 0.250353 -0.040878
v 0.093573 0.228815 -0.044111
v 0.096603 0.209796 -0.046553
v 0.094764 0.207711 -0.094436
v 0.091575 0.227513 -0.095245
v 0.087913 0.250199 -0.096776
v 0.084355 0.275323 -0.097402
v 0.081679 0.301951 -0.096988
v 0.080392 0.329083 -0.095027
v 0.080178 0.355549 -0.091311
v 0.080481 0.381009 -0.086559
v 0.080424 0.405352 -0.081251
v 0.079713 0.429675 -0.076966
v 0.076434 0.454685 -0.077402
v 0.072454 0.481876 -0.078940
v 0.070529 0.511030 -0.076205
v 0.069531 0.541507 -0.073101
v 0.067728 0.572959 -0.072578
v 0.064102 0.604534 -0.073262
v 0.059570 0.635515 -0.074725
v 0.055163 0.665706 -0.076216
v 0.051087 0.695056 -0.077107
v 0.048580 0.724936 -0.078990
v 0.044316 0.753468 -0.083515
v 0.088550 0.207718 -0.081958
v 0.135108 0.225666 -0.109086
v 0.136340 0.249841 -0.111485
v 0.137362 0.276235 -0.113384
v 0.138865 0.304144 -0.113688
v 0.072506 0.378641 -0.071196
v 0.071421 0.353355 -0.075072
v 0.071127 0.376982 -0.055801
v 0.070847 0.351501 -0.058345
v 0.071493 0.300123 -0.080178
v 0.074788 0.274191 -0.081456
v 0.069911 0.298930 -0.062025
v 0.072751 0.273544 -0.064278
v 0.071799 0.403391 -0.067035
v 0.137028 0.385620 -0.102151
v 0.138353 0.359951 -0.108240
v 0.168574 0.301873 -0.086832
v 0.165791 0.274516 -0.088416
v 0.156631 0.303418 -0.103280
v 0.154381 0.275683 -0.103786
v 0.162141 0.248122 -0.088622
v 0.158580 0.223578 -0.088087
v 0.151609 0.249218 -0.102901
v 0.149027 0.224600 -0.101422
v 0.166791 0.247729 -0.071899
v 0.163613 0.223236 -0.072478
v 0.170079 0.273607 -0.070588
v 0.172840 0.300320 -0.067879
v 0.168711 0.356168 -0.079658
v 0.156953 0.358549 -0.097140
v 0.165683 0.381594 -0.074213
v 0.155179 0.384492 -0.091383
v 0.161983 0.405956 -0.067617
v 0.152303 0.408613 -0.084184
v 0.135108 0.409459 -0.094539
v 0.079585 0.249623 -0.082052
v 0.084459 0.227288 -0.081758
v 0.077763 0.249479 -0.066467
v 0.083034 0.227277 -0.067810
v 0.087613 0.207883 -0.068749
v 0.134191 0.204704 -0.107019
v 0.155156 0.202712 -0.087329
v 0.160342 0.202488 -0.072893
v 0.146470 0.203560 -0.099789
v 0.016931 0.736939 -0.026669
v 0.019537 0.717260 -0.027057
v 0.101047 0.714405 0.075167
v 0.100584 0.678447 0.070878
v 0.126851 0.717333 0.071973
v 0.125340 0.680331 0.068572
v 0.148564 0.719879 0.057916
v 0.146882 0.682152 0.055838
v 0.150326 0.754993 0.058868
v 0.181458 0.756721 -0.027906
v 0.180084 0.721067 -0.025387
v 0.178062 0.788780 -0.030184
v 0.171190 0.752051 -0.058887
v 0.166793 0.784462 -0.061865
v 0.150901 0.746033 -0.080821
v 0.147880 0.778293 -0.086516
v 0.170694 0.717256 -0.054202
v 0.150386 0.786795 0.057692
v 0.128729 0.784077 0.072580
v 0.102341 0.780149 0.075355
v 0.128180 0.752200 0.073450
v 0.101849 0.748546 0.076727
v 0.176202 0.683171 -0.022615
v 0.168430 0.680552 -0.049648
v 0.165939 0.643492 -0.046359
v 0.171863 0.644716 -0.020799
v 0.168033 0.606897 -0.020232
v 0.142843 0.605103 0.045773
v 0.145164 0.643224 0.052292
v 0.163497 0.606854 -0.044516
v 0.148747 0.572308 -0.062817
v 0.151718 0.606682 -0.065765
v 0.159425 0.571656 -0.043315
v 0.162953 0.571147 -0.021214
v 0.152287 0.642016 -0.067734
v 0.151626 0.677413 -0.070316
v 0.151540 0.712566 -0.074604
v 0.127569 0.707726 -0.086222
v 0.125492 0.740117 -0.093098
v 0.129326 0.674067 -0.083067
v 0.124011 0.642015 0.063900
v 0.100124 0.641311 0.065639
v 0.099920 0.604676 0.057855
v 0.122620 0.604579 0.056272
v 0.120877 0.568988 0.046979
v 0.100119 0.569270 0.049338
v 0.120420 0.534661 0.039141
v 0.101034 0.535126 0.041434
v 0.139246 0.569010 0.037515
v 0.137054 0.534866 0.029576
v 0.102247 0.502760 0.035473
v 0.103473 0.472311 0.030320
v 0.120860 0.502268 0.032939
v 0.121345 0.472411 0.027392
v 0.128139 0.422268 0.010268
v 0.124205 0.445468 0.020265
v 0.112405 0.421235 0.011868
v 0.106805 0.445043 0.021024
v 0.046753 0.509403 -0.041231
v 0.049043 0.479432 -0.044538
v 0.044592 0.573452 -0.034526
v 0.045972 0.541140 -0.037588
v 0.036638 0.636935 -0.030510
v 0.030426 0.666726 -0.028620
v 0.044552 0.635678 -0.054410
v 0.038334 0.665092 -0.055047
v 0.050169 0.604944 -0.054589
v 0.042550 0.605574 -0.032243
v 0.053210 0.573358 -0.055417
v 0.132541 0.606142 -0.080816
v 0.131944 0.572600 -0.077156
v 0.131546 0.640172 -0.082573
v 0.054438 0.541588 -0.057416
v 0.029488 0.718951 -0.056489
v 0.032494 0.692832 -0.055864
v 0.028517 0.744069 -0.055465
v 0.024677 0.693843 -0.027852
v 0.124277 0.770931 -0.105165
v 0.133449 0.370948 -0.003480
v 0.129901 0.396784 0.000464
v 0.119267 0.371467 -0.003899
v 0.116441 0.397104 0.001418
v 0.143164 0.396589 -0.004982
v 0.147801 0.371503 -0.008414
v 0.163566 0.402889 -0.049531
v 0.169015 0.378605 -0.055107
v 0.157078 0.451723 -0.037477
v 0.159277 0.426718 -0.043596
v 0.139321 0.421967 -0.000281
v 0.138243 0.447166 0.008868
v 0.172672 0.353400 -0.060033
v 0.151070 0.346118 -0.012515
v 0.153117 0.295449 -0.021622
v 0.152668 0.270686 -0.025777
v 0.126822 0.271472 -0.018187
v 0.140414 0.270746 -0.019214
v 0.126012 0.295611 -0.014254
v 0.140222 0.294980 -0.014878
v 0.137032 0.345535 -0.006610
v 0.122400 0.346090 -0.007046
v 0.062653 0.426503 -0.048939
v 0.055177 0.451773 -0.046914
v 0.068422 0.401890 -0.052447
v 0.061784 0.453329 -0.064677
v 0.068237 0.428145 -0.064257
v 0.055784 0.480777 -0.064698
v 0.054147 0.510362 -0.061443
v 0.131469 0.481813 -0.076021
v 0.130255 0.509797 -0.072614
v 0.133002 0.432330 -0.086896
v 0.131504 0.455922 -0.079941
v 0.127372 0.226835 -0.026794
v 0.139095 0.225973 -0.028631
v 0.126981 0.248538 -0.022885
v 0.139634 0.247668 -0.024283
v 0.147751 0.205572 -0.036551
v 0.149438 0.225126 -0.033653
v 0.151225 0.247259 -0.030097
v 0.138626 0.206532 -0.031771
v 0.127731 0.207550 -0.029992
v 0.130516 0.540329 -0.073238
v 0.154824 0.538660 -0.042574
v 0.144725 0.539404 -0.059532
v 0.152795 0.507553 -0.044236
v 0.156128 0.506618 -0.027160
v 0.152529 0.479295 -0.047836
v 0.156302 0.477987 -0.032204
v 0.157955 0.537728 -0.023263
v 0.158116 0.429425 -0.060506
v 0.148458 0.431389 -0.075838
v 0.154080 0.453303 -0.053124
v 0.143738 0.454490 -0.066956
v 0.141976 0.480351 -0.061468
v 0.142317 0.508609 -0.058831
v 0.135381 0.502874 0.021447
v 0.134343 0.473873 0.014299
v 0.152651 0.320747 -0.017251
v 0.173935 0.327145 -0.064408
v 0.169686 0.329347 -0.084082
v 0.157409 0.331142 -0.101119
v 0.138947 0.332455 -0.112016
v 0.070597 0.326915 -0.078160
v 0.069395 0.325208 -0.060117
v 0.124566 0.320629 -0.010650
v 0.139171 0.320090 -0.010692
v 0.056852 0.780735 -0.127619
v 0.026146 0.771576 -0.102936
v 0.122058 0.801554 -0.117377
v 0.091596 0.791075 -0.131265
v -0.000610 0.786448 -0.088809
v 0.144027 0.809257 -0.093085
v 0.158602 0.814073 -0.063729
v 0.169278 0.817435 -0.031597
v 0.174178 0.819155 0.003010
v 0.166126 0.818053 0.033678
v 0.102906 0.809696 0.072618
v 0.128537 0.813254 0.069830
v 0.149653 0.815883 0.055652
v 0.075904 0.804558 0.066120
v 0.050231 0.797565 0.052038
v -0.001054 0.769209 -0.058026
v -0.000299 0.761903 -0.028245
v 0.000034 0.760796 0.005009
v 0.021236 0.821209 0.064759
v 0.021267 0.783350 0.037514
v 0.000034 0.781146 0.040135
v 0.000034 0.854993 0.079103
v -0.000024 0.938012 0.106806
v 0.000033 0.885356 0.089540
v 0.000043 0.912078 0.098588
v 0.000033 0.818011 0.065542
v 0.000034 0.963559 0.110484
v -0.000079 1.231839 0.091473
v -0.001696 1.095796 0.116633
v -0.001217 1.135711 0.115131
v -0.000510 1.201227 0.100241
v -0.000762 1.026138 0.109843
v 0.000088 1.266216 0.079484
v -0.000212 1.215985 0.096661
v -0.001508 1.066717 0.116214
v -0.001493 1.117945 0.116863
v -0.000064 1.249152 0.085939
v -0.000917 1.150363 0.112120
v -0.000749 1.163615 0.109113
v -0.000530 1.188018 0.103067
v -0.000527 1.175895 0.105928
v 0.156772 1.327977 -0.074130
v 0.192890 1.275533 -0.077783
v 0.169924 1.312365 -0.073938
v 0.127941 1.352631 -0.067627
v 0.142765 1.341719 -0.072484
v 0.182519 1.295202 -0.075784
v 0.239625 1.160409 -0.063280
v 0.234693 1.178971 -0.062081
v 0.228870 1.198195 -0.060325
v 0.224380 1.218564 -0.059073
v 0.221071 1.240047 -0.058520
v 0.217000 1.262411 -0.057633
v 0.241979 1.160766 -0.042378
v 0.236513 1.178924 -0.040871
v 0.230595 1.197560 -0.039152
v 0.226403 1.217461 -0.037102
v 0.223923 1.238550 -0.034778
v 0.221216 1.260547 -0.032121
v 0.217059 1.256150 -0.020191
v 0.220291 1.234938 -0.023953
v 0.223634 1.214568 -0.027235
v 0.228181 1.195188 -0.029547
v 0.234126 1.176942 -0.031195
v 0.239734 1.159186 -0.032958
v 0.228079 1.152362 -0.017606
v 0.222379 1.169353 -0.015466
v 0.216416 1.186665 -0.013306
v 0.210597 1.204579 -0.010769
v 0.204613 1.223000 -0.007688
v 0.198685 1.242150 -0.003130
v 0.219566 1.148014 -0.013837
v 0.213612 1.164428 -0.011353
v 0.207366 1.181027 -0.009186
v 0.200934 1.197967 -0.006789
v 0.194013 1.215037 -0.004033
v 0.186243 1.232497 -0.000033
v 0.210214 1.143294 -0.013227
v 0.203934 1.159083 -0.010952
v 0.197375 1.175023 -0.009050
v 0.190598 1.190829 -0.007419
v 0.183036 1.206406 -0.005282
v 0.174664 1.221235 -0.003110
v 0.200673 1.138618 -0.015747
v 0.194145 1.153887 -0.014276
v 0.187613 1.169233 -0.012878
v 0.180922 1.184266 -0.012395
v 0.173829 1.198734 -0.011663
v 0.166186 1.211696 -0.011275
v 0.191358 1.134231 -0.021793
v 0.185066 1.149170 -0.020756
v 0.178999 1.163937 -0.020225
v 0.173021 1.178521 -0.020514
v 0.166775 1.192346 -0.020929
v 0.159921 1.204602 -0.021444
v 0.183330 1.130391 -0.030660
v 0.177634 1.145236 -0.030156
v 0.171849 1.159642 -0.029854
v 0.166469 1.173897 -0.030191
v 0.161053 1.187577 -0.030835
v 0.154816 1.199705 -0.031299
v 0.151107 1.198632 -0.040709
v 0.156407 1.185236 -0.041101
v 0.161379 1.171558 -0.040995
v 0.166442 1.157066 -0.040964
v 0.171957 1.142505 -0.041167
v 0.177299 1.127710 -0.041355
v 0.173885 1.126452 -0.053862
v 0.168518 1.141612 -0.053869
v 0.163038 1.156727 -0.053686
v 0.157877 1.171381 -0.053418
v 0.153051 1.185665 -0.052754
v 0.148481 1.201167 -0.051124
v 0.174049 1.127164 -0.067327
v 0.168708 1.143149 -0.067397
v 0.163009 1.158734 -0.067240
v 0.158045 1.174351 -0.066891
v 0.152836 1.189456 -0.065963
v 0.145997 1.206930 -0.063525
v 0.179481 1.130645 -0.079391
v 0.174049 1.147246 -0.079565
v 0.168576 1.163840 -0.079326
v 0.163460 1.180487 -0.078723
v 0.157472 1.196838 -0.077718
v 0.148428 1.214080 -0.075654
v 0.189625 1.136202 -0.087668
v 0.184408 1.153569 -0.087672
v 0.178923 1.171125 -0.087285
v 0.173325 1.188690 -0.086678
v 0.167111 1.206390 -0.085935
v 0.159203 1.224016 -0.085301
v 0.173692 1.235591 -0.088444
v 0.180283 1.216662 -0.088704
v 0.186348 1.197824 -0.089316
v 0.191956 1.179192 -0.089845
v 0.197332 1.160802 -0.090439
v 0.202318 1.142718 -0.090899
v 0.214799 1.149072 -0.089011
v 0.210068 1.167619 -0.088107
v 0.204804 1.186505 -0.087027
v 0.199369 1.205892 -0.086414
v 0.193865 1.225851 -0.085611
v 0.188034 1.246131 -0.085961
v 0.225887 1.154294 -0.082537
v 0.221058 1.173063 -0.081421
v 0.215752 1.192231 -0.079963
v 0.210509 1.212026 -0.078973
v 0.205827 1.232870 -0.078572
v 0.200499 1.254308 -0.078662
v 0.210165 1.259646 -0.068774
v 0.215034 1.237604 -0.069192
v 0.218999 1.216276 -0.069515
v 0.223884 1.196030 -0.070631
v 0.229488 1.176831 -0.072371
v 0.234386 1.158164 -0.073425
v 0.018282 1.426657 0.106684
v 0.021551 1.430063 0.105904
v 0.023897 1.428488 0.101363
v 0.020074 1.424952 0.102035
v 0.013670 1.430667 0.113330
v 0.015670 1.433581 0.112877
v 0.023188 1.422137 0.077496
v 0.028362 1.425007 0.076303
v 0.016049 1.428701 0.110420
v 0.018725 1.431841 0.109684
v 0.021105 1.424143 0.096851
v 0.025506 1.427446 0.096260
v 0.000015 1.437399 0.118665
v 0.000035 1.433861 0.118091
v 0.053768 1.306610 0.052830
v 0.043798 1.303537 0.057105
v 0.030500 1.370728 0.034699
v 0.025015 1.368318 0.036784
v 0.024676 1.414538 0.052985
v 0.020337 1.412252 0.055383
v 0.012328 1.435073 0.115267
v 0.011136 1.432188 0.115295
v 0.036394 1.346321 0.034175
v 0.030114 1.343678 0.037147
v 0.022109 1.420233 0.067813
v 0.027095 1.422600 0.066090
v 0.034336 1.332795 0.044886
v 0.041728 1.335364 0.041132
v 0.023180 1.422580 0.082209
v 0.028347 1.425543 0.081249
v 0.008766 1.436205 0.116942
v 0.008250 1.433086 0.116656
v 0.032902 1.357842 0.032306
v 0.027231 1.355338 0.034663
v 0.022754 1.422991 0.086975
v 0.027828 1.425989 0.086190
v 0.025731 1.419962 0.059878
v 0.020986 1.417791 0.061831
v 0.004724 1.437034 0.118102
v 0.004542 1.433644 0.117642
v 0.021979 1.423568 0.091837
v 0.026822 1.426625 0.091177
v 0.038851 1.319054 0.051313
v 0.047677 1.321991 0.047468
v 0.022828 1.421412 0.072789
v 0.027951 1.424104 0.071334
v 0.049599 1.287688 0.065124
v 0.060882 1.290922 0.060504
v 0.034290 1.411603 0.040557
v 0.036040 1.400901 0.035666
v 0.038731 1.389220 0.032103
v -0.000017 1.373090 0.043612
v 0.000003 1.384463 0.049811
v -0.000041 1.396048 0.054512
v 0.016265 1.401471 0.051387
v 0.016915 1.390716 0.045900
v 0.018132 1.378866 0.041107
v 0.046993 1.396836 0.024011
v 0.045395 1.408636 0.028690
v 0.044247 1.419779 0.033755
v 0.052928 1.445651 0.006915
v 0.051433 1.432510 0.003072
v 0.051173 1.419035 -0.001272
v 0.020528 1.437580 -0.037914
v 0.019565 1.451395 -0.035944
v 0.020107 1.465080 -0.036656
v 0.029338 1.408586 0.043564
v 0.030857 1.397951 0.038406
v 0.033576 1.386073 0.035143
v 0.049757 1.452032 -0.002315
v 0.047937 1.438216 -0.005296
v 0.047926 1.424305 -0.008983
v 0.031866 1.435375 -0.031593
v 0.030428 1.448917 -0.029191
v 0.031157 1.462338 -0.028596
v 0.052037 1.409157 0.010428
v 0.052433 1.422006 0.015424
v 0.053057 1.434817 0.020098
v 0.039398 1.415287 0.037359
v 0.041037 1.404470 0.032483
v 0.043291 1.392838 0.028342
v 0.049607 1.401046 0.019356
v 0.048867 1.413170 0.024444
v 0.048244 1.424980 0.029548
v 0.026486 1.436721 -0.035264
v 0.025233 1.450347 -0.033040
v 0.025943 1.463833 -0.033170
v 0.051995 1.416066 0.002343
v 0.052413 1.429322 0.006969
v 0.053716 1.442242 0.011077
v 0.013123 1.376370 0.042632
v 0.012558 1.388158 0.047956
v 0.012044 1.399283 0.053060
v -0.000011 1.466436 -0.038791
v -0.000014 1.452486 -0.037421
v 0.000058 1.438326 -0.039240
v 0.014069 1.438045 -0.039431
v 0.013389 1.452046 -0.037725
v 0.013598 1.465932 -0.038598
v 0.051218 1.430261 0.024879
v 0.051210 1.417764 0.019896
v 0.051175 1.405232 0.014738
v 0.007162 1.374096 0.043447
v 0.007169 1.385718 0.049308
v 0.006909 1.397181 0.054147
v 0.020417 1.403672 0.049126
v 0.021192 1.393109 0.043430
v 0.022894 1.381141 0.039320
v 0.024737 1.405984 0.046481
v 0.025802 1.395441 0.040915
v 0.028113 1.383423 0.037464
v 0.054057 1.597395 0.067146
v 0.052304 1.603061 0.062852
v 0.049490 1.609168 0.058375
v 0.045361 1.615435 0.053781
v -0.000071 1.618981 0.081812
v -0.000105 1.614663 0.087815
v -0.000152 1.610184 0.093055
v -0.000209 1.605574 0.097727
v 0.051175 1.496096 -0.029177
v 0.055748 1.494311 -0.021199
v 0.058933 1.493028 -0.013729
v 0.061133 1.492477 -0.006709
v 0.063092 1.521893 -0.031093
v 0.066381 1.518605 -0.021535
v 0.068062 1.515592 -0.013600
v 0.068903 1.513146 -0.007259
v 0.096719 1.354672 -0.079987
v 0.106089 1.359193 -0.071293
v 0.113938 1.362447 -0.062196
v 0.120220 1.364497 -0.052831
v 0.015795 1.617211 0.081320
v 0.015778 1.613288 0.086657
v 0.015977 1.609115 0.091543
v 0.016264 1.604807 0.095975
v 0.092588 1.379425 -0.041829
v 0.087420 1.379406 -0.048831
v 0.080900 1.378407 -0.055754
v 0.072888 1.376597 -0.062338
v 0.044447 1.407687 -0.036040
v 0.049349 1.406124 -0.031917
v 0.053300 1.404307 -0.027743
v 0.056303 1.402254 -0.023672
v 0.010558 1.618110 0.081784
v 0.010320 1.613913 0.087567
v 0.010245 1.609540 0.092673
v 0.010256 1.605072 0.097242
v 0.072079 1.549760 -0.024639
v 0.074489 1.543752 -0.014772
v 0.075035 1.538121 -0.007157
v 0.074566 1.533147 -0.001626
v 0.022986 1.604426 0.093613
v 0.022283 1.608601 0.089458
v 0.021564 1.612585 0.084984
v 0.021032 1.616164 0.080341
v 0.042335 1.601889 0.080426
v 0.040611 1.606575 0.076709
v 0.038170 1.611285 0.072980
v 0.034926 1.615904 0.069399
v 0.074202 1.577124 -0.008458
v 0.076423 1.568737 0.000945
v 0.077142 1.560936 0.008374
v 0.077052 1.553275 0.013885
v 0.071878 1.588959 0.001834
v 0.074413 1.579873 0.010585
v 0.075599 1.571451 0.018084
v 0.075806 1.563249 0.024354
v 0.036183 1.603070 0.085794
v 0.034693 1.607390 0.082069
v 0.032735 1.611588 0.078360
v 0.030240 1.615487 0.074871
v 0.048254 1.600059 0.074176
v 0.046470 1.605232 0.070252
v 0.043757 1.610622 0.066241
v 0.039983 1.616066 0.062260
v 0.084426 1.366306 -0.072018
v 0.093142 1.369272 -0.064094
v 0.100366 1.371333 -0.055867
v 0.106103 1.372205 -0.047492
v 0.069598 1.581872 0.043321
v 0.068531 1.588789 0.037100
v 0.066390 1.596638 0.030439
v 0.062558 1.605216 0.023274
v 0.052757 1.396640 -0.043586
v 0.058759 1.396054 -0.039101
v 0.063542 1.394950 -0.034440
v 0.067147 1.393389 -0.029833
v 0.050723 1.468105 -0.005891
v 0.047528 1.469797 -0.012026
v 0.043955 1.471424 -0.018325
v 0.039757 1.473090 -0.024669
v 0.074253 1.563620 -0.017448
v 0.076511 1.556343 -0.007772
v 0.077021 1.549517 -0.000379
v 0.076710 1.543137 0.004850
v 0.038657 1.419932 -0.030207
v 0.042730 1.417913 -0.026017
v 0.045971 1.415646 -0.021797
v 0.048408 1.413235 -0.017714
v 0.073291 1.573288 0.034325
v 0.072633 1.580958 0.027714
v 0.070978 1.589277 0.020512
v 0.067811 1.598273 0.012581
v 0.056742 1.610246 0.033980
v 0.060970 1.602361 0.040246
v 0.063553 1.595051 0.046167
v 0.064940 1.588611 0.051700
v 0.029758 1.603889 0.090175
v 0.028628 1.608023 0.086273
v 0.027272 1.611974 0.082277
v 0.025812 1.615438 0.078451
v 0.079483 1.386311 -0.035957
v 0.075130 1.387169 -0.041630
v 0.069484 1.387261 -0.047322
v 0.062392 1.386597 -0.052627
v 0.071791 1.523170 -0.005471
v 0.071797 1.526842 -0.011456
v 0.071019 1.531127 -0.019379
v 0.068422 1.535677 -0.029292
v 0.045016 1.484619 -0.026845
v 0.049502 1.483042 -0.019729
v 0.052949 1.481841 -0.012686
v 0.055746 1.481045 -0.005610
v 0.050968 1.613594 0.044265
v 0.055273 1.606511 0.049655
v 0.058062 1.599759 0.054795
v 0.059659 1.593666 0.059628
v 0.065541 1.502978 -0.007522
v 0.063961 1.504293 -0.014216
v 0.061355 1.506249 -0.021955
v 0.057267 1.508589 -0.030772
v 0.045488 1.426675 -0.013072
v 0.042641 1.428978 -0.017381
v 0.039606 1.431309 -0.022083
v 0.036148 1.433512 -0.026963
v 0.045433 1.440654 -0.009845
v 0.042485 1.442912 -0.014643
v 0.039049 1.445090 -0.019627
v 0.035065 1.447138 -0.024604
v 0.047290 1.454489 -0.007452
v 0.044049 1.456611 -0.012698
v 0.040173 1.458642 -0.018017
v 0.035902 1.460590 -0.023431
v 0.060901 1.387517 -0.004850
v 0.097646 1.360356 -0.008529
v 0.054690 1.451442 0.019604
v 0.070280 1.510407 0.018788
v 0.082857 1.493980 0.005487
v 0.071560 1.388909 -0.020970
v 0.098298 1.375336 -0.027951
v 0.070859 1.511533 0.019462
v 0.075500 1.523295 0.019864
v 0.068408 1.501448 0.013057
v 0.070207 1.496087 0.012805
v 0.087350 1.529038 0.008772
v 0.081459 1.488437 0.009839
v 0.069303 1.507135 0.016107
v 0.076536 1.485640 0.014241
v 0.064439 1.480697 0.028653
v 0.081704 1.485878 0.016268
v 0.077787 1.482154 0.019014
v 0.068661 1.503515 0.013507
v 0.087624 1.524574 0.003380
v 0.071777 1.513822 0.019764
v 0.051917 1.408119 -0.010113
v 0.069772 1.508864 0.017538
v 0.084484 1.500822 0.001401
v 0.063869 1.489406 0.016914
v 0.080979 1.488357 0.017357
v 0.079103 1.491658 0.017755
v 0.054670 1.462122 0.005585
v 0.072609 1.518155 0.020678
v 0.068749 1.498883 0.012704
v 0.084911 1.528687 0.013487
v 0.112624 1.354069 -0.006518
v 0.087243 1.517528 -0.000499
v 0.068949 1.489829 0.017393
v 0.075559 1.496769 0.016660
v 0.060145 1.397312 -0.016022
v 0.056671 1.463497 0.023519
v 0.084516 1.381925 -0.024810
v 0.058208 1.474114 0.008928
v 0.068822 1.505439 0.014503
v 0.086105 1.509263 -0.001546
v 0.053636 1.399374 0.000559
v 0.074354 1.480273 0.022904
v 0.113254 1.369738 -0.030682
v 0.128219 1.349055 -0.004015
v 0.060313 1.473745 0.026813
v 0.079772 1.526763 0.016656
v 0.128942 1.365258 -0.033063
v 0.073361 1.487621 0.015695
v 0.072966 1.495760 0.014607
v 0.078435 1.495023 0.018054
v 0.069506 1.480527 0.026087
v 0.060675 1.483617 0.013351
v 0.072056 1.377861 -0.007375
v 0.084088 1.368810 -0.008554
v 0.266819 1.060871 -0.032484
v 0.307272 1.001926 -0.039494
v 0.248939 1.106248 -0.032760
v 0.293954 1.033225 -0.047651
v 0.308619 0.972181 -0.009300
v 0.240034 1.139048 -0.026687
v 0.183578 1.345642 -0.039054
v 0.205184 1.270838 -0.005255
v 0.199381 1.291918 -0.000280
v 0.164441 1.355540 -0.036624
v 0.281789 1.032191 -0.023347
v 0.145925 1.361437 -0.034932
v 0.262200 1.093779 -0.056257
v 0.246701 1.143480 -0.053952
v 0.215992 1.285631 -0.043081
v 0.253882 1.090547 -0.035244
v 0.198593 1.328763 -0.040267
v 0.286649 1.048771 -0.051150
v 0.313428 0.986555 -0.035069
v 0.255881 1.109591 -0.055939
v 0.300892 1.017567 -0.043721
v 0.208742 1.307951 -0.041455
v 0.278503 1.063910 -0.054036
v 0.250978 1.126166 -0.055009
v 0.314691 0.957797 -0.005979
v 0.190857 1.312856 0.005696
v 0.324676 0.956700 -0.025987
v 0.270038 1.078654 -0.055964
v 0.160122 1.340325 0.005536
v 0.143965 1.345481 0.000488
v 0.288948 1.017185 -0.019554
v 0.319231 0.971363 -0.030422
v 0.274344 1.046848 -0.027496
v 0.302268 0.986892 -0.012672
v 0.175614 1.330877 0.008890
v 0.259660 1.075269 -0.035847
v 0.295670 1.001962 -0.016030
v 0.244401 1.122443 -0.029482
v 0.235017 1.156266 -0.024404
v 0.229375 1.173640 -0.022403
v 0.223546 1.191509 -0.020580
v 0.218297 1.210248 -0.018165
v 0.213542 1.229648 -0.014726
v 0.209394 1.249979 -0.010275
v 0.242028 1.161224 -0.052706
v 0.236805 1.179628 -0.051364
v 0.230970 1.198673 -0.049613
v 0.226752 1.218827 -0.048019
v 0.224230 1.240390 -0.046705
v 0.221042 1.262801 -0.045119
v 0.049843 1.421776 -0.005036
v 0.049959 1.435490 -0.000990
v 0.051586 1.448992 0.002512
v 0.053843 1.438693 0.015459
v 0.052788 1.425840 0.011087
v 0.052284 1.412779 0.006247
v 0.079891 1.484807 0.014629
v 0.405604 0.707428 -0.001743
v 0.406926 0.706834 -0.000011
v 0.406888 0.710602 -0.000190
v 0.405479 0.710469 -0.002246
v 0.405558 0.713956 -0.002120
v 0.406424 0.714655 -0.000182
v 0.406294 0.714220 0.002066
v 0.406723 0.710860 0.002502
v 0.406994 0.707657 0.002319
v 0.414445 0.704827 0.043445
v 0.413438 0.703186 0.041132
v 0.413163 0.699183 0.042420
v 0.414580 0.700103 0.045193
v 0.414120 0.696007 0.046832
v 0.413340 0.695763 0.044288
v 0.413783 0.705128 0.046426
v 0.413665 0.701099 0.048135
v 0.413814 0.697411 0.048909
v 0.420687 0.707924 0.075610
v 0.420372 0.706205 0.073211
v 0.420469 0.702117 0.074309
v 0.421116 0.703299 0.077339
v 0.420890 0.699138 0.078736
v 0.420482 0.698817 0.075986
v 0.419760 0.708056 0.078509
v 0.419881 0.704099 0.080292
v 0.420125 0.700462 0.080907
v 0.410848 0.722063 0.107126
v 0.410204 0.721649 0.104175
v 0.410134 0.724693 0.102324
v 0.410792 0.725958 0.105483
v 0.409889 0.729895 0.103526
v 0.410211 0.728299 0.101071
v 0.408855 0.730439 0.106374
v 0.409213 0.727287 0.108491
v 0.409731 0.723926 0.109487
v 0.356130 0.793136 0.117397
v 0.359107 0.793054 0.114818
v 0.358441 0.796032 0.110692
v 0.354654 0.796636 0.112939
v 0.356876 0.799612 0.107496
v 0.353100 0.800334 0.108638
v 0.349694 0.798375 0.109564
v 0.350353 0.795572 0.113561
v 0.352151 0.793116 0.117235
v 0.414528 0.709419 0.041778
v 0.412930 0.708924 0.046857
v 0.412127 0.701888 0.049662
v 0.412497 0.696574 0.050359
v 0.412526 0.693935 0.047640
v 0.411939 0.694493 0.044055
v 0.411668 0.698744 0.041093
v 0.412586 0.705639 0.038528
v 0.412906 0.714252 0.035089
v 0.414753 0.716472 0.039336
v 0.412957 0.717505 0.043888
v 0.408424 0.712811 0.033585
v 0.408386 0.704529 0.036944
v 0.408466 0.697989 0.040536
v 0.408732 0.717471 0.045728
v 0.408595 0.709338 0.048575
v 0.408562 0.701933 0.050455
v 0.405494 0.701020 0.048374
v 0.405063 0.708067 0.046459
v 0.404869 0.716208 0.043910
v 0.404414 0.713027 0.035944
v 0.404977 0.704960 0.039301
v 0.405781 0.698571 0.042481
v 0.404521 0.699604 0.045334
v 0.404036 0.706341 0.042920
v 0.403737 0.714446 0.040097
v 0.404310 0.724787 0.041209
v 0.408224 0.721762 0.030382
v 0.413241 0.723023 0.031560
v 0.408699 0.726139 0.042720
v 0.402878 0.723008 0.037115
v 0.403838 0.721725 0.032676
v 0.413347 0.726352 0.040966
v 0.415625 0.725075 0.036224
v 0.399879 0.758862 0.033512
v 0.404615 0.761552 0.030166
v 0.406369 0.761979 0.023392
v 0.402719 0.759278 0.018019
v 0.397444 0.756289 0.017445
v 0.393358 0.755139 0.020774
v 0.392448 0.755628 0.026854
v 0.394368 0.756556 0.032955
v 0.400910 0.723125 -0.006322
v 0.396809 0.722102 -0.006002
v 0.395169 0.722097 -0.001963
v 0.396635 0.722802 0.002218
v 0.399761 0.723743 0.004956
v 0.403718 0.724685 0.003841
v 0.405702 0.725160 0.000286
v 0.404393 0.724333 -0.003838
v 0.402190 0.742726 -0.006843
v 0.403671 0.743871 -0.000993
v 0.400228 0.742884 0.003393
v 0.395583 0.740874 0.004584
v 0.392457 0.739265 0.001315
v 0.390854 0.738380 -0.002877
v 0.392308 0.738802 -0.007152
v 0.396769 0.740490 -0.009018
v 0.383186 0.759837 -0.007588
v 0.386940 0.762188 -0.009782
v 0.391345 0.765254 -0.008543
v 0.394229 0.767508 -0.003435
v 0.393280 0.766899 0.004229
v 0.390724 0.760322 0.007919
v 0.383217 0.759174 0.006504
v 0.381100 0.758706 -0.002053
v 0.418889 0.718017 0.066435
v 0.408005 0.717414 0.069742
v 0.408626 0.719533 0.074525
v 0.417881 0.721762 0.075613
v 0.415020 0.716182 0.064506
v 0.410336 0.715871 0.065496
v 0.412741 0.721384 0.077352
v 0.420055 0.720523 0.070737
v 0.400612 0.760226 0.042438
v 0.405969 0.764262 0.042159
v 0.408119 0.769092 0.047875
v 0.403587 0.769700 0.054052
v 0.398130 0.767326 0.057143
v 0.393946 0.763559 0.054965
v 0.393647 0.760527 0.049818
v 0.395829 0.758663 0.044839
v 0.406637 0.742438 0.037961
v 0.401743 0.740170 0.036375
v 0.400785 0.738433 0.031783
v 0.403512 0.742285 0.103568
v 0.398823 0.740703 0.102514
v 0.404605 0.735465 0.091448
v 0.408578 0.737562 0.093155
v 0.409787 0.740280 0.096968
v 0.401565 0.737261 0.027172
v 0.405898 0.737772 0.024093
v 0.412083 0.739840 0.023762
v 0.416055 0.743164 0.029571
v 0.407772 0.742010 0.101332
v 0.397645 0.737779 0.097970
v 0.399801 0.735507 0.093351
v 0.412820 0.744224 0.036383
v 0.389489 0.783859 0.077199
v 0.394918 0.786101 0.074132
v 0.399806 0.785536 0.068069
v 0.399343 0.780034 0.060690
v 0.394156 0.771986 0.061333
v 0.385782 0.770720 0.063933
v 0.383550 0.775070 0.071824
v 0.385181 0.779637 0.076460
v 0.405530 0.771400 0.077826
v 0.403666 0.767110 0.072373
v 0.397971 0.763630 0.071760
v 0.392119 0.761602 0.074210
v 0.389515 0.764150 0.080056
v 0.390495 0.768414 0.085039
v 0.395470 0.772179 0.086348
v 0.401685 0.773436 0.083777
v 0.410192 0.748739 0.091509
v 0.408139 0.745686 0.087384
v 0.403575 0.743545 0.086254
v 0.398598 0.743259 0.088250
v 0.396487 0.745576 0.092975
v 0.397340 0.748773 0.097505
v 0.402127 0.751017 0.098790
v 0.407323 0.750950 0.096347
v 0.416774 0.732911 0.071171
v 0.411216 0.731937 0.072614
v 0.407172 0.729582 0.070136
v 0.406509 0.727301 0.065604
v 0.408565 0.725856 0.061154
v 0.413510 0.726421 0.059483
v 0.418512 0.728538 0.061095
v 0.420206 0.731469 0.066194
v 0.411762 0.752566 0.026448
v 0.408387 0.749507 0.020894
v 0.402464 0.746990 0.020892
v 0.397875 0.746009 0.023926
v 0.396592 0.746895 0.029217
v 0.398124 0.748625 0.034560
v 0.403573 0.751006 0.035455
v 0.409168 0.752998 0.032942
v 0.415650 0.733974 0.032911
v 0.412932 0.731548 0.027915
v 0.407519 0.729958 0.027130
v 0.403129 0.729702 0.029826
v 0.402541 0.730908 0.034339
v 0.403751 0.732645 0.038391
v 0.408168 0.734418 0.039927
v 0.413510 0.735307 0.038415
v 0.401854 0.733563 0.003346
v 0.397809 0.732307 0.004608
v 0.394467 0.731025 0.001832
v 0.393021 0.730245 -0.002532
v 0.394773 0.730449 -0.006655
v 0.399180 0.731726 -0.007485
v 0.403394 0.733280 -0.004858
v 0.404476 0.734108 -0.000158
v 0.400361 0.752376 -0.002170
v 0.397486 0.751205 0.002685
v 0.393118 0.748700 0.005363
v 0.389247 0.746628 0.001935
v 0.387760 0.745790 -0.002940
v 0.389480 0.746610 -0.007388
v 0.393524 0.748679 -0.009312
v 0.398245 0.751089 -0.007511
v 0.418889 0.711898 0.079332
v 0.420466 0.712497 0.073919
v 0.419435 0.708675 0.070542
v 0.418939 0.701671 0.072806
v 0.419420 0.697605 0.075324
v 0.419733 0.696577 0.079341
v 0.418973 0.699525 0.082191
v 0.418179 0.704410 0.081687
v 0.408945 0.694101 0.044337
v 0.407007 0.695257 0.044877
v 0.406787 0.695400 0.046911
v 0.406754 0.696643 0.048864
v 0.409112 0.696152 0.050257
v 0.405228 0.716921 0.003676
v 0.406127 0.718593 0.000025
v 0.404650 0.716506 -0.003312
v 0.404018 0.710573 -0.003018
v 0.404673 0.706848 -0.002131
v 0.405783 0.704442 0.000297
v 0.405963 0.706754 0.003701
v 0.405505 0.711076 0.004496
v 0.409279 0.730191 0.098064
v 0.410024 0.733788 0.101293
v 0.407961 0.733826 0.106125
v 0.407391 0.728084 0.109361
v 0.408277 0.723433 0.110716
v 0.409073 0.719779 0.108022
v 0.409077 0.720263 0.103563
v 0.408893 0.724090 0.100456
v 0.404309 0.734548 0.107743
v 0.404929 0.728407 0.110182
v 0.400288 0.733269 0.106448
v 0.402076 0.727378 0.108591
v 0.405403 0.728527 0.095747
v 0.405814 0.723455 0.099758
v 0.400960 0.728764 0.097804
v 0.402436 0.723842 0.101549
v 0.398877 0.730739 0.102208
v 0.400868 0.725336 0.105206
v 0.405634 0.723388 0.110571
v 0.403523 0.723706 0.109279
v 0.403417 0.721867 0.106909
v 0.403889 0.721263 0.104079
v 0.406190 0.720273 0.103560
v 0.416098 0.707442 0.068284
v 0.411727 0.707206 0.069049
v 0.409245 0.708540 0.073187
v 0.409983 0.710356 0.077956
v 0.413849 0.711856 0.080871
v 0.414773 0.704174 0.082521
v 0.411577 0.703203 0.079938
v 0.410763 0.701764 0.075750
v 0.413362 0.701051 0.072314
v 0.416773 0.700955 0.071343
v 0.416991 0.696670 0.074503
v 0.414417 0.697629 0.074642
v 0.413153 0.697574 0.077678
v 0.413152 0.699179 0.080518
v 0.415785 0.698896 0.082146
v 0.401852 0.715784 -0.005314
v 0.398626 0.714918 -0.004794
v 0.396921 0.714812 -0.001249
v 0.398009 0.715430 0.002834
v 0.401214 0.716359 0.005398
v 0.402329 0.710611 0.005329
v 0.399362 0.709857 0.003335
v 0.398734 0.709370 -0.000266
v 0.400108 0.709565 -0.003181
v 0.402357 0.710186 -0.003815
v 0.402717 0.706293 -0.002409
v 0.401029 0.706679 -0.001857
v 0.400571 0.706141 0.000544
v 0.400728 0.706870 0.003098
v 0.402996 0.706528 0.004079
v 0.358158 0.801015 0.104350
v 0.360100 0.795113 0.109310
v 0.360047 0.791559 0.114689
v 0.356349 0.790144 0.118057
v 0.350859 0.791004 0.117712
v 0.347923 0.793963 0.112921
v 0.346680 0.799748 0.107496
v 0.352018 0.803842 0.105684
v 0.357419 0.806909 0.098849
v 0.351122 0.809181 0.101807
v 0.344459 0.806323 0.102061
v 0.346255 0.848921 0.038894
v 0.358673 0.823087 0.066733
v 0.363831 0.822141 0.064094
v 0.369125 0.816934 0.064101
v 0.383285 0.807021 0.060825
v 0.351256 0.786413 0.112879
v 0.358254 0.787540 0.111314
v 0.361424 0.792360 0.108035
v 0.353589 0.787069 0.106776
v 0.345903 0.790517 0.111658
v 0.345990 0.791046 0.102180
v 0.358023 0.792070 0.099792
v 0.361057 0.796669 0.101693
v 0.359502 0.801545 0.095435
v 0.356812 0.796475 0.092797
v 0.350166 0.794905 0.093018
v 0.343426 0.796002 0.095080
v 0.340834 0.800988 0.099293
v 0.356069 0.820542 0.071343
v 0.354616 0.829062 0.072867
v 0.347289 0.834130 0.075296
v 0.338277 0.831981 0.075453
v 0.333819 0.824900 0.073009
v 0.334959 0.816580 0.069822
v 0.343417 0.811006 0.067130
v 0.353170 0.812530 0.069584
v 0.339206 0.813946 0.085614
v 0.340512 0.808651 0.081618
v 0.346327 0.805845 0.078839
v 0.353063 0.807421 0.078915
v 0.355515 0.812652 0.082232
v 0.354251 0.817695 0.085809
v 0.349008 0.820218 0.088519
v 0.342494 0.818818 0.088740
v 0.343539 0.812565 0.095808
v 0.340065 0.807505 0.092540
v 0.341863 0.802386 0.088206
v 0.348362 0.800987 0.086174
v 0.354578 0.802409 0.086169
v 0.357166 0.807073 0.088947
v 0.356037 0.812269 0.092579
v 0.350314 0.814829 0.095830
v 0.345326 0.838492 0.064735
v 0.355107 0.834442 0.061779
v 0.363496 0.831350 0.052123
v 0.371970 0.822169 0.054425
v 0.377925 0.803589 0.067049
v 0.350399 0.787973 0.115876
v 0.354975 0.786353 0.112334
v 0.359808 0.789159 0.113317
v 0.358551 0.788943 0.106615
v 0.348592 0.787396 0.108635
v 0.342853 0.795105 0.105734
v 0.351944 0.790291 0.100076
v 0.387465 0.808800 0.053469
v 0.375143 0.824740 0.044490
v 0.368310 0.833259 0.040037
v 0.390053 0.806787 0.037861
v 0.379004 0.824776 0.028589
v 0.374629 0.834230 0.024549
v 0.391170 0.805416 0.030663
v 0.380378 0.823913 0.021829
v 0.375664 0.833122 0.017924
v 0.388629 0.798848 0.011703
v 0.378191 0.817687 0.004117
v 0.374045 0.827124 0.000283
v 0.385918 0.793455 -0.001789
v 0.376218 0.812124 -0.008318
v 0.371036 0.821295 -0.011437
v 0.383578 0.790491 -0.008307
v 0.372975 0.808319 -0.013688
v 0.367992 0.817479 -0.016502
v 0.378262 0.786581 -0.011844
v 0.368101 0.804019 -0.016989
v 0.363406 0.813063 -0.019762
v 0.373029 0.782710 -0.013280
v 0.362830 0.799653 -0.017835
v 0.357894 0.808529 -0.020059
v 0.368018 0.779311 -0.011259
v 0.357594 0.795752 -0.015358
v 0.352367 0.804445 -0.017245
v 0.365045 0.778073 -0.004552
v 0.353574 0.793338 -0.008610
v 0.347703 0.801372 -0.010609
v 0.365668 0.779462 0.004019
v 0.353079 0.793556 0.000640
v 0.346607 0.800688 -0.001139
v 0.367610 0.781587 0.012652
v 0.355206 0.795439 0.009410
v 0.348615 0.801938 0.007864
v 0.369283 0.783428 0.020864
v 0.357638 0.797438 0.017432
v 0.351139 0.803609 0.015949
v 0.359551 0.812631 0.066486
v 0.356100 0.813460 0.068331
v 0.364024 0.808823 0.065273
v 0.372506 0.797873 0.067629
v 0.337006 0.836167 0.065637
v 0.339910 0.849029 0.043918
v 0.333943 0.843672 0.044922
v 0.337087 0.856210 0.032727
v 0.332438 0.851020 0.032485
v 0.333792 0.868125 0.024080
v 0.330265 0.863330 0.021683
v 0.312258 0.890876 -0.039135
v 0.321108 0.878129 -0.035128
v 0.329555 0.865084 -0.030555
v 0.300234 0.917971 -0.050674
v 0.310069 0.906322 -0.046685
v 0.319357 0.894091 -0.042112
v 0.331923 0.829373 0.064809
v 0.328961 0.836913 0.045502
v 0.329309 0.842985 0.030678
v 0.328236 0.857773 0.018179
v 0.327921 0.881545 -0.037492
v 0.335900 0.868780 -0.032891
v 0.347159 0.875889 -0.030158
v 0.332201 0.820489 0.062734
v 0.327450 0.826591 0.045565
v 0.326230 0.828867 0.035167
v 0.339498 0.888695 -0.034989
v 0.331542 0.901330 -0.040460
v 0.370446 0.793144 0.062862
v 0.370327 0.790343 0.056442
v 0.370496 0.788389 0.049193
v 0.370968 0.787167 0.041786
v 0.394518 0.800085 0.050543
v 0.390386 0.785213 0.000323
v 0.359274 0.799339 0.039901
v 0.358603 0.799408 0.047220
v 0.358183 0.800014 0.054718
v 0.359773 0.802628 0.062054
v 0.354263 0.805732 0.063123
v 0.349401 0.808686 0.064210
v 0.391449 0.787587 0.007930
v 0.337530 0.813166 0.060232
v 0.344355 0.809115 0.057469
v 0.350761 0.804989 0.054053
v 0.352095 0.804042 0.046190
v 0.338471 0.810939 0.044557
v 0.331635 0.817128 0.045021
v 0.352786 0.804356 0.038951
v 0.337750 0.811909 0.037001
v 0.330547 0.818568 0.036374
v 0.343142 0.859370 0.030998
v 0.339085 0.871651 0.024744
v 0.323364 0.913856 -0.045831
v 0.315054 0.926293 -0.051249
v 0.326352 0.934212 -0.042576
v 0.366010 0.853213 0.016753
v 0.361103 0.863736 0.012307
v 0.367171 0.852053 0.010516
v 0.362136 0.862611 0.006400
v 0.355991 0.875532 0.007553
v 0.332719 0.921020 -0.036721
v 0.339118 0.907774 -0.030963
v 0.345259 0.894530 -0.025290
v 0.356948 0.874350 0.001781
v 0.351499 0.881350 -0.020117
v 0.324165 0.852944 -0.014999
v 0.367091 0.846468 -0.007096
v 0.363739 0.857626 -0.011178
v 0.358012 0.869102 -0.015559
v 0.321870 0.854594 -0.007894
v 0.320765 0.857900 0.001037
v 0.322239 0.860622 0.007664
v 0.364181 0.840743 -0.018961
v 0.361144 0.851834 -0.023734
v 0.354847 0.863607 -0.027016
v 0.307850 0.922078 -0.052326
v 0.317039 0.909973 -0.047351
v 0.325784 0.897680 -0.042292
v 0.359635 0.836877 -0.022910
v 0.354801 0.847947 -0.025937
v 0.349000 0.859889 -0.028921
v 0.334081 0.885168 -0.037282
v 0.342028 0.872408 -0.032716
v 0.328577 0.881655 0.018517
v 0.388039 0.782694 -0.006429
v 0.383282 0.779057 -0.010607
v 0.376800 0.791938 0.069765
v 0.371023 0.772170 0.005449
v 0.372593 0.774016 0.014290
v 0.322268 0.895341 0.013977
v 0.315518 0.908742 0.009658
v 0.353780 0.832731 -0.024004
v 0.348546 0.844148 -0.025412
v 0.342824 0.856240 -0.028457
v 0.308633 0.921898 0.005574
v 0.301539 0.934804 0.002010
v 0.347924 0.828616 -0.022915
v 0.342990 0.840341 -0.023696
v 0.337264 0.852567 -0.026142
v 0.341954 0.824435 -0.020023
v 0.337604 0.836356 -0.020301
v 0.331628 0.848216 -0.021954
v 0.336433 0.820487 -0.013718
v 0.332897 0.832566 -0.013755
v 0.328906 0.844441 -0.013932
v 0.334222 0.817731 -0.004309
v 0.334998 0.815746 0.005150
v 0.336714 0.814590 0.013524
v 0.331025 0.821465 0.012692
v 0.330467 0.824916 0.004896
v 0.330310 0.829083 -0.004441
v 0.327195 0.842324 -0.002693
v 0.328301 0.833423 0.007233
v 0.328761 0.827921 0.012657
v 0.416496 0.696102 0.078922
v 0.409367 0.693911 0.047582
v 0.402895 0.704578 0.000729
v 0.406067 0.720195 0.107705
v 0.355822 0.787740 0.115961
v 0.302717 0.903192 -0.042615
v 0.292824 0.914759 -0.045405
v 0.286916 0.913220 -0.036487
v 0.296122 0.901657 -0.034521
v 0.305120 0.889124 -0.032010
v 0.313807 0.875863 -0.028290
v 0.322563 0.860922 -0.023116
v 0.333875 0.885161 0.019793
v 0.328015 0.898864 0.015294
v 0.321749 0.912315 0.010834
v 0.315076 0.925680 0.006756
v 0.308357 0.938920 0.003031
v 0.316049 0.864927 -0.013194
v 0.308589 0.877049 -0.017971
v 0.300668 0.890108 -0.021686
v 0.292699 0.902805 -0.024083
v 0.284234 0.914820 -0.025792
v 0.374167 0.775762 0.022605
v 0.375707 0.780046 0.043188
v 0.375039 0.781643 0.050855
v 0.374262 0.783732 0.058642
v 0.350525 0.888254 0.002708
v 0.345005 0.901717 -0.001856
v 0.339396 0.915513 -0.006229
v 0.333784 0.929463 -0.010338
v 0.328388 0.943737 -0.014335
v 0.329957 0.942344 -0.021345
v 0.335322 0.928142 -0.016876
v 0.340705 0.914182 -0.012406
v 0.346130 0.900486 -0.007839
v 0.351447 0.887081 -0.003119
v 0.320700 0.870939 0.009069
v 0.312571 0.886147 0.003301
v 0.304818 0.899400 -0.001493
v 0.297354 0.912100 -0.005020
v 0.289739 0.924437 -0.007640
v 0.295301 0.929961 -0.001623
v 0.302700 0.917358 0.001536
v 0.309830 0.904419 0.005456
v 0.317319 0.891117 0.010083
v 0.324632 0.877426 0.015088
v 0.354891 0.863741 0.024126
v 0.350315 0.875875 0.019107
v 0.344813 0.888961 0.014272
v 0.339351 0.902627 0.009513
v 0.333145 0.916231 0.005193
v 0.326777 0.929886 0.001300
v 0.320767 0.943718 -0.002438
v 0.358496 0.852600 0.029048
v 0.349312 0.862073 0.028421
v 0.345021 0.874320 0.023157
v 0.339715 0.887635 0.018229
v 0.334138 0.901386 0.013652
v 0.327905 0.914936 0.009155
v 0.321370 0.928337 0.005160
v 0.314963 0.941932 0.001332
v 0.352346 0.850717 0.034194
v 0.387569 0.768701 0.055793
v 0.395314 0.771852 0.058293
v 0.399829 0.778341 0.052914
v 0.385748 0.760038 0.015817
v 0.392194 0.762180 0.012531
v 0.396444 0.768410 0.012861
v 0.353904 0.876153 0.013478
v 0.372475 0.834586 0.031803
v 0.378502 0.826075 0.036230
v 0.389580 0.808500 0.045617
v 0.404836 0.777900 0.044140
v 0.401437 0.771420 0.020381
v 0.387294 0.796234 0.005142
v 0.377222 0.815092 -0.001884
v 0.373468 0.824675 -0.005833
v 0.366466 0.843945 -0.013207
v 0.363636 0.855116 -0.017624
v 0.357361 0.866669 -0.021507
v 0.350274 0.878848 -0.025567
v 0.343220 0.891905 -0.030671
v 0.336099 0.904800 -0.036489
v 0.328765 0.917571 -0.042162
v 0.321436 0.930388 -0.048002
v 0.358737 0.864164 0.018350
v 0.348393 0.888957 0.008658
v 0.342910 0.902555 0.004049
v 0.336945 0.916293 -0.000229
v 0.330984 0.930167 -0.004092
v 0.325279 0.944235 -0.007896
v 0.363035 0.853360 0.023009
v 0.385850 0.790514 0.073494
v 0.385922 0.761359 0.025559
v 0.391806 0.793393 0.069827
v 0.380961 0.785796 0.073014
v 0.375760 0.764318 -0.002130
v 0.382788 0.768560 -0.010664
v 0.387110 0.765974 0.047331
v 0.387600 0.772084 -0.009501
v 0.378278 0.765638 -0.008484
v 0.378600 0.780803 0.068548
v 0.397315 0.793819 0.063407
v 0.401845 0.787608 0.040029
v 0.399272 0.789050 0.047831
v 0.391667 0.775207 -0.004808
v 0.397691 0.781070 0.017647
v 0.394857 0.778836 0.010131
v 0.392899 0.776740 0.002344
v 0.398878 0.791153 0.055583
v 0.376476 0.765197 0.006393
v 0.378952 0.777013 0.061258
v 0.380099 0.774749 0.052976
v 0.377942 0.766546 0.015545
v 0.379397 0.768009 0.024246
v 0.380960 0.772806 0.045056
v 0.388082 0.800493 0.065321
v 0.382004 0.797126 0.069938
v 0.373208 0.772077 -0.009562
v 0.378043 0.775332 -0.011398
v 0.392946 0.801622 0.058458
v 0.396737 0.796673 0.035281
v 0.395460 0.798252 0.042730
v 0.393404 0.790058 0.014909
v 0.374349 0.787083 0.065467
v 0.370457 0.770902 -0.003034
v 0.377959 0.814188 0.057303
v 0.373644 0.810152 0.065149
v 0.381665 0.816561 0.048837
v 0.384260 0.815512 0.033110
v 0.385635 0.814527 0.026157
v 0.383380 0.808086 0.008018
v 0.381119 0.802548 -0.004785
v 0.378519 0.799156 -0.010922
v 0.373164 0.795033 -0.014243
v 0.367902 0.790915 -0.015632
v 0.362740 0.787284 -0.013363
v 0.359308 0.785578 -0.006515
v 0.359507 0.786580 0.002395
v 0.361693 0.788769 0.011005
v 0.363687 0.790688 0.019139
v 0.368572 0.803541 0.065457
v 0.365288 0.793517 0.040762
v 0.364648 0.794060 0.048075
v 0.364438 0.795414 0.055331
v 0.365783 0.798603 0.061441
v 0.381602 0.805222 0.002111
v 0.384295 0.817237 0.040792
v 0.392568 0.778078 0.081672
v 0.402257 0.778261 0.073113
v 0.401067 0.773462 0.067223
v 0.395184 0.769307 0.067180
v 0.389374 0.766947 0.069774
v 0.386974 0.769729 0.075852
v 0.388086 0.774042 0.080574
v 0.398275 0.779762 0.078923
v 0.404735 0.752624 0.046278
v 0.412821 0.760433 0.051996
v 0.408664 0.761657 0.058155
v 0.402483 0.759544 0.060392
v 0.397552 0.755827 0.058758
v 0.397182 0.752628 0.053607
v 0.399678 0.751122 0.048733
v 0.410422 0.756066 0.046476
v 0.386565 0.753553 -0.007432
v 0.397102 0.760031 -0.002976
v 0.395199 0.758968 0.003000
v 0.390961 0.755686 0.006368
v 0.386372 0.753450 0.003020
v 0.384635 0.752540 -0.002625
v 0.390302 0.755775 -0.009539
v 0.394778 0.758466 -0.008104
v 0.401409 0.744375 0.057760
v 0.405690 0.736515 0.061687
v 0.405682 0.738596 0.065798
v 0.401706 0.747084 0.062734
v 0.409381 0.741493 0.068327
v 0.406612 0.750380 0.064574
v 0.420385 0.742034 0.061436
v 0.417557 0.751343 0.056626
v 0.414928 0.747137 0.050578
v 0.417954 0.738152 0.055229
v 0.411532 0.735676 0.054544
v 0.408609 0.744124 0.050322
v 0.406864 0.735122 0.057380
v 0.403478 0.742922 0.052958
v 0.413118 0.752634 0.062974
v 0.416002 0.743665 0.067635
v 0.395781 0.755953 0.092958
v 0.393506 0.762379 0.088983
v 0.400521 0.757486 0.076257
v 0.402321 0.750950 0.081074
v 0.410747 0.757059 0.086519
v 0.408748 0.764513 0.082118
v 0.398175 0.765845 0.090791
v 0.400305 0.759138 0.095098
v 0.392635 0.758635 0.084197
v 0.395214 0.752603 0.088389
v 0.397346 0.750430 0.083577
v 0.395036 0.756320 0.078847
v 0.406237 0.760364 0.076870
v 0.408063 0.753161 0.081418
v 0.404668 0.766822 0.088261
v 0.406686 0.759549 0.092411
v 0.326793 0.829352 0.025543
v 0.328094 0.828928 0.017795
v 0.327005 0.838159 0.012879
v 0.328129 0.841144 0.020526
v 0.324665 0.848151 0.006031
v 0.325762 0.852731 0.013062
v 0.370384 0.784854 0.028186
v 0.370969 0.786059 0.034943
v 0.358920 0.798564 0.025182
v 0.359539 0.799253 0.032609
v 0.352686 0.804662 0.023813
v 0.353105 0.804810 0.031517
v 0.330865 0.820033 0.019907
v 0.330277 0.819249 0.027752
v 0.337591 0.812808 0.029089
v 0.337519 0.813714 0.021292
v 0.376063 0.778725 0.036365
v 0.375687 0.777436 0.029742
v 0.285619 0.919112 -0.015701
v 0.293536 0.906856 -0.013500
v 0.301116 0.894079 -0.010536
v 0.308651 0.881154 -0.006526
v 0.315545 0.868620 -0.002195
v 0.389181 0.761450 0.033843
v 0.389371 0.762420 0.039729
v 0.397840 0.763404 0.034720
v 0.397628 0.764221 0.037373
v 0.402553 0.772195 0.036385
v 0.400848 0.770472 0.029205
v 0.390820 0.803413 0.024035
v 0.389832 0.801187 0.017822
v 0.379657 0.820182 0.009725
v 0.379970 0.822049 0.015652
v 0.375022 0.829414 0.006003
v 0.375350 0.831297 0.011833
v 0.366998 0.848473 -0.001143
v 0.367066 0.850294 0.004624
v 0.362848 0.859758 -0.005050
v 0.362406 0.861147 0.000696
v 0.357884 0.871113 -0.009637
v 0.357418 0.872830 -0.003880
v 0.351922 0.883532 -0.014526
v 0.351891 0.885398 -0.008845
v 0.346235 0.896755 -0.019590
v 0.346434 0.898783 -0.013772
v 0.340680 0.910284 -0.024844
v 0.341089 0.912394 -0.018642
v 0.335019 0.923904 -0.030251
v 0.335772 0.926261 -0.023552
v 0.329271 0.937593 -0.035837
v 0.330347 0.940311 -0.028615
v 0.401688 0.784731 0.032052
v 0.399506 0.782522 0.024978
v 0.381146 0.770430 0.038238
v 0.380791 0.769036 0.031680
v 0.396441 0.794514 0.028107
v 0.395393 0.792337 0.021354
v 0.365506 0.792981 0.033734
v 0.364677 0.791862 0.026707
v 0.384548 0.810490 0.013841
v 0.385084 0.812505 0.019856
v 0.354912 0.817059 0.076459
v 0.353558 0.823139 0.079496
v 0.347822 0.826360 0.081801
v 0.340927 0.824933 0.081842
v 0.336792 0.819681 0.079437
v 0.338436 0.813414 0.075724
v 0.344599 0.809307 0.072931
v 0.352232 0.810924 0.073356
v 0.371169 0.842178 0.014243
v 0.370908 0.840339 0.008292
v 0.363615 0.826801 -0.019410
v 0.347188 0.813932 -0.018723
v 0.352966 0.818095 -0.021497
v 0.370338 0.838324 0.002596
v 0.340089 0.808438 -0.002893
v 0.356469 0.841262 0.042095
v 0.367203 0.830643 -0.014906
v 0.369333 0.833840 -0.009273
v 0.358544 0.822483 -0.021621
v 0.366894 0.843205 0.027203
v 0.362348 0.842249 0.034337
v 0.341827 0.810209 -0.012427
v 0.370010 0.843305 0.020635
v 0.350256 0.842509 0.049436
v 0.369998 0.836279 -0.003252
v 0.330310 0.833060 0.055806
v 0.333835 0.815211 0.052960
v 0.342734 0.843411 0.054230
v 0.340386 0.809936 0.051288
v 0.335351 0.839833 0.055798
v 0.329530 0.823720 0.054671
v 0.345515 0.807412 0.049963
v 0.345397 0.807278 0.044839
v 0.345300 0.807653 0.037826
v 0.345391 0.808508 0.030314
v 0.345214 0.809213 0.022606
v 0.343989 0.809078 0.014712
v 0.341688 0.808422 0.006431
v 0.061998 1.331878 -0.098830
v 0.000216 1.324312 -0.090056
v 0.045412 1.324579 -0.093996
v 0.007548 1.459098 0.036378
v -0.007358 1.459258 0.036567
v -0.012589 1.631637 -0.021872
v -0.013669 1.536236 -0.070978
v 0.004969 1.584709 0.110811
v 0.014270 1.609350 -0.050173
v -0.014307 1.609473 -0.050230
v -0.005665 1.584791 0.110732
v 0.000156 1.344160 -0.084235
v 0.000048 1.458918 0.036029
v -0.002358 1.490720 0.131344
v -0.005625 1.622951 0.074899
v -0.003639 1.510892 0.135942
v -0.005698 1.600935 0.101559
v -0.003543 1.475313 0.130614
v -0.005419 1.618851 0.081623
v -0.003313 1.479672 0.128229
v -0.003773 1.506055 0.139650
v -0.002984 1.484601 0.127462
v -0.006436 1.631108 0.058271
v -0.004411 1.558722 0.116187
v -0.008312 1.409840 -0.049887
v -0.010344 1.503977 -0.059405
v -0.012313 1.364101 -0.078032
v -0.004045 1.552199 0.116264
v -0.009131 1.465229 0.035819
v -0.005763 1.590539 0.108428
v -0.005945 1.627095 0.067193
v -0.002836 1.470081 0.122692
v -0.014583 1.554981 -0.071238
v -0.003845 1.525045 0.122906
v -0.008983 1.497563 0.065994
v -0.014907 1.574263 -0.067444
v -0.002827 1.533945 0.116268
v -0.003130 1.474949 0.122050
v -0.004915 1.488734 0.115326
v -0.010567 1.475975 0.034291
v -0.004773 1.565413 0.115297
v -0.003796 1.520116 0.127257
v -0.007696 1.636870 0.035762
v -0.005787 1.491353 0.110879
v -0.003267 1.466318 0.128255
v -0.007120 1.634428 0.047894
v -0.002806 1.495669 0.138399
v -0.009931 1.638683 0.008438
v -0.010631 1.485728 0.038493
v -0.002973 1.539120 0.114994
v 0.012956 1.536203 -0.070762
v -0.014921 1.592659 -0.060288
v -0.003668 1.480031 0.120895
v -0.008685 1.504197 0.083544
v 0.004923 1.600663 0.101846
v -0.008577 1.638369 0.022436
v -0.005117 1.572144 0.113921
v -0.008796 1.491503 -0.051248
v 0.003158 1.475312 0.130661
v -0.003287 1.529596 0.119124
v -0.007594 1.479722 -0.044027
v -0.007453 1.423906 -0.043402
v -0.009835 1.395679 -0.058549
v -0.011329 1.636642 -0.006294
v -0.006894 1.494922 0.105215
v 0.002325 1.490557 0.131377
v -0.005770 1.595931 0.105323
v -0.005430 1.578670 0.112482
v -0.009597 1.491613 0.050506
v -0.006884 1.438345 -0.039634
v -0.008127 1.502297 0.096959
v -0.003464 1.470440 0.130045
v -0.002724 1.488668 0.128385
v -0.002468 1.492367 0.135314
v -0.003682 1.515427 0.131669
v -0.013750 1.622860 -0.037178
v -0.012184 1.519001 -0.066641
v -0.003659 1.545543 0.115468
v -0.003474 1.500363 0.140548
v -0.004272 1.484972 0.118733
v -0.002821 1.465628 0.124127
v -0.011140 1.380742 -0.068451
v -0.006508 1.452419 -0.037940
v 0.005526 1.622910 0.075045
v -0.006638 1.466367 -0.039020
v -0.005375 1.614635 0.087515
v -0.005433 1.610238 0.092686
v 0.003855 1.506054 0.139683
v -0.005551 1.605671 0.097348
v 0.013937 1.631524 -0.021692
v 0.003048 1.479589 0.128133
v 0.002761 1.484567 0.127419
v 0.006617 1.631077 0.058353
v 0.004460 1.558708 0.116190
v 0.008433 1.409775 -0.049976
v 0.009862 1.504102 -0.059244
v 0.012507 1.363755 -0.077481
v 0.004174 1.552173 0.116171
v 0.009194 1.465209 0.035611
v 0.004966 1.590423 0.108502
v 0.005982 1.627068 0.067287
v 0.002607 1.469911 0.122742
v 0.013859 1.555013 -0.071047
v 0.003934 1.524992 0.122962
v 0.009225 1.497638 0.066103
v 0.014223 1.574258 -0.067310
v 0.002972 1.533875 0.116206
v 0.002939 1.474907 0.122078
v 0.004940 1.488780 0.115272
v 0.010473 1.476025 0.034551
v 0.004660 1.565382 0.115337
v 0.003683 1.520010 0.127255
v 0.008528 1.636735 0.036000
v 0.005835 1.491361 0.110859
v 0.002947 1.466242 0.128521
v 0.007542 1.634362 0.048002
v 0.003096 1.495626 0.138409
v 0.011513 1.638485 0.008824
v 0.010728 1.485823 0.038697
v 0.003062 1.539072 0.114875
v 0.014418 1.592655 -0.060198
v 0.003557 1.480079 0.120883
v 0.008804 1.504185 0.083534
v 0.009848 1.638192 0.022804
v 0.004807 1.572066 0.113926
v 0.008476 1.491665 -0.051155
v 0.003392 1.529647 0.119202
v 0.007428 1.479772 -0.043882
v 0.007685 1.423771 -0.043348
v 0.009386 1.395963 -0.058855
v 0.012979 1.636495 -0.005938
v 0.006938 1.494858 0.105188
v 0.007035 1.438243 -0.039565
v 0.004938 1.595725 0.105473
v 0.004926 1.578585 0.112490
v 0.009855 1.491739 0.050755
v 0.003530 1.515406 0.131719
v 0.008186 1.502226 0.096932
v 0.003067 1.470460 0.130463
v 0.002441 1.488475 0.128456
v 0.002550 1.492437 0.135187
v 0.005210 1.618716 0.081899
v 0.014488 1.622760 -0.037078
v 0.011528 1.519093 -0.066424
v 0.003740 1.545524 0.115329
v 0.003711 1.500343 0.140597
v 0.004239 1.485067 0.118647
v 0.002575 1.465440 0.124255
v 0.011038 1.380851 -0.068273
v 0.006515 1.452354 -0.037909
v 0.006548 1.466311 -0.038918
v 0.005043 1.614394 0.087866
v 0.004966 1.609927 0.093075
v 0.004933 1.605353 0.097714
v 0.003608 1.510925 0.136014
s 0
f 6 1131 1119 5
f 54 56 1 3
f 122 1144 1122 123
f 123 162 141 122
f 5 1119 1148 65
f 9 7 8 10
f 10 12 11 9
f 50 140 138 85
f 93 95 138 127
f 15 17 47 49
f 19 59 47 17
f 59 19 21 68
f 23 67 68 21
f 922 921 993 1003
f 147 150 153 146
f 66 43 45 79
f 630 631 687 686
f 157 161 100 101
f 31 32 34 33
f 35 33 34 36
f 42 30 28 44
f 30 42 41 32
f 629 631 630 628
f 686 687 1003 993
f 108 116 117 109
f 31 33 56 37
f 34 32 41 46
f 99 100 161 156
f 98 97 119 118
f 39 43 27 29
f 502 504 1067 1091
f 523 525 526 524
f 111 143 142 110
f 857 858 874 875
f 501 499 774 775
f 58 881 1002 76
f 853 851 852 854
f 816 860 1019 817
f 51 52 850 848
f 526 525 527 528
f 121 1150 1144 122
f 55 80 56 54
f 135 126 163 164
f 14 75 52 16
f 9 11 62 63
f 7 9 63 64
f 71 1167 1131 6
f 857 856 1023 1022
f 25 27 43 66
f 147 114 144 148
f 23 24 26 25
f 34 46 70 36
f 139 48 60 145
f 4 6 5 3
f 120 121 142 143
f 8 1132 1168 72
f 8 72 73 10
f 10 73 74 12
f 15 13 14 16
f 89 91 128 163
f 795 796 798 797
f 21 22 24 23
f 152 160 161 157
f 78 86 148 144
f 45 154 149 79
f 501 775 777 503
f 120 143 55 81
f 122 141 142 121
f 64 82 1136 1147
f 63 83 82 64
f 62 84 83 63
f 95 84 85 138
f 128 129 164 163
f 165 166 134 133
f 87 88 90 89
f 117 118 110 109
f 93 91 92 94
f 93 94 96 95
f 95 96 83 84
f 630 686 685 633
f 41 42 631 629
f 31 37 39 29
f 40 45 43 39
f 102 103 90 88
f 87 89 163 126
f 104 105 94 92
f 105 106 96 94
f 96 106 82 83
f 633 685 684 846
f 38 119 97 40
f 28 30 29 27
f 155 98 99 156
f 847 848 850 849
f 48 50 49 47
f 132 137 136 130
f 526 528 1045 1075
f 899 874 873 903
f 199 1090 1098 200
f 130 136 166 165
f 168 167 925 967
f 67 66 79 86
f 923 921 991 990
f 923 924 971 992
f 991 921 922 1002
f 110 118 119 111
f 13 15 49 61
f 103 104 92 90
f 107 115 116 108
f 38 80 111 119
f 1 56 33 35
f 106 1157 1136 82
f 975 977 995 866
f 1149 1157 106 105
f 123 1122 1114 124
f 104 1143 1149 105
f 55 54 65 81
f 67 86 78 68
f 685 686 993 992
f 1135 1158 120 81
f 5 65 54 3
f 164 129 130 165
f 1135 81 65 1148
f 55 143 111 80
f 800 871 958 802
f 91 89 90 92
f 17 18 20 19
f 13 11 12 14
f 123 124 125 162
f 130 129 131 132
f 776 853 854 778
f 499 501 502 500
f 796 862 861 798
f 61 62 11 13
f 999 1000 1001 75
f 78 144 145 60
f 141 162 108 109
f 139 132 131 140
f 861 862 864 863
f 851 853 878 879
f 524 526 1075 1039
f 858 857 1022 1021
f 44 687 631 42
f 16 52 51 18
f 876 875 897 898
f 523 521 795 797
f 160 153 156 161
f 26 77 44 28
f 77 69 922 1003
f 969 971 924 925
f 127 131 129 128
f 138 140 131 127
f 38 37 56 80
f 104 103 1121 1143
f 49 50 85 61
f 149 150 147 148
f 100 116 115 101
f 159 146 153 160
f 24 69 77 26
f 79 149 148 86
f 25 26 28 27
f 828 1074 1094 827
f 113 158 166 136
f 133 135 164 165
f 120 1158 1150 121
f 84 62 61 85
f 74 75 14 12
f 501 503 504 502
f 870 972 958 871
f 856 857 875 876
f 777 775 776 778
f 868 865 867 869
f 167 168 169 170
f 167 170 172 171
f 171 172 174 173
f 173 174 176 175
f 175 176 178 177
f 177 178 180 179
f 179 180 182 181
f 181 182 184 183
f 183 184 186 185
f 186 188 187 185
f 187 188 190 189
f 189 190 192 191
f 191 192 194 193
f 195 193 194 196
f 195 196 198 197
f 829 830 1046 1056
f 199 200 202 201
f 201 202 1145 1133
f 203 204 206 205
f 205 206 208 207
f 207 208 210 209
f 211 209 210 212
f 211 212 214 213
f 745 744 1173 1174
f 215 216 217 218
f 218 220 219 215
f 221 219 220 222
f 168 221 222 223
f 141 109 110 142
f 225 226 227 228
f 229 225 228 230
f 229 230 232 231
f 233 231 232 234
f 235 233 234 236
f 237 235 236 238
f 237 238 240 239
f 239 240 242 241
f 243 241 242 244
f 245 243 244 246
f 247 245 246 248
f 247 248 250 249
f 249 250 252 251
f 255 1153 1140 254
f 257 253 256 258
f 259 257 258 260
f 259 260 262 261
f 261 262 264 263
f 264 266 265 263
f 267 268 269 270
f 271 267 270 272
f 271 272 274 273
f 273 274 276 275
f 277 275 276 278
f 279 277 278 280
f 226 279 280 227
f 281 282 283 284
f 281 284 286 285
f 287 285 286 288
f 287 288 290 289
f 289 290 292 291
f 293 291 292 294
f 295 293 294 296
f 295 296 298 297
f 298 300 299 297
f 301 299 300 302
f 301 302 304 303
f 303 304 306 305
f 305 306 308 307
f 309 307 308 310
f 311 309 310 312
f 816 817 1082 1040
f 313 314 316 315
f 315 316 1163 1155
f 318 320 319 317
f 321 319 320 322
f 321 322 324 323
f 323 324 326 325
f 327 325 326 328
f 824 314 1048 1088
f 329 330 331 332
f 329 332 334 333
f 335 333 334 336
f 335 336 338 337
f 337 338 340 339
f 282 339 340 283
f 342 343 344 341
f 341 344 345 346
f 345 347 348 346
f 543 547 548 544
f 349 351 352 350
f 351 353 354 352
f 547 551 552 548
f 355 598 734 357
f 358 357 359 360
f 359 361 362 360
f 361 363 364 362
f 364 363 365 366
f 365 367 368 366
f 367 369 370 368
f 369 371 372 370
f 372 371 373 374
f 373 375 376 374
f 375 377 378 376
f 378 377 379 380
f 380 379 381 382
f 381 383 384 382
f 383 385 386 384
f 386 385 387 388
f 388 387 389 390
f 391 392 390 389
f 391 393 394 392
f 394 393 395 396
f 396 395 397 398
f 399 400 398 397
f 399 401 402 400
f 401 403 404 402
f 403 405 406 404
f 405 407 408 406
f 407 409 410 408
f 409 411 412 410
f 411 413 414 412
f 413 415 416 414
f 415 417 418 416
f 417 419 420 418
f 420 419 421 422
f 421 423 424 422
f 424 423 425 426
f 426 425 427 428
f 428 427 429 430
f 429 431 432 430
f 431 433 434 432
f 434 433 435 436
f 436 435 437 438
f 437 439 440 438
f 439 441 442 440
f 442 441 443 444
f 443 445 446 444
f 445 447 448 446
f 448 447 449 450
f 449 451 452 450
f 451 453 454 452
f 453 455 456 454
f 455 457 458 456
f 457 459 460 458
f 459 461 462 460
f 461 463 464 462
f 463 465 466 464
f 465 467 468 466
f 467 469 470 468
f 469 471 472 470
f 472 471 473 474
f 474 473 475 476
f 475 477 478 476
f 477 479 480 478
f 479 481 482 480
f 482 481 483 484
f 484 483 485 486
f 488 489 490 487
f 490 489 491 492
f 270 269 492 491
f 331 268 267 332
f 329 493 494 330
f 217 494 493 218
f 215 495 496 216
f 496 495 497 498
f 497 772 774 499
f 879 990 991 880
f 503 505 506 504
f 506 505 507 508
f 507 509 510 508
f 511 512 510 509
f 511 513 514 512
f 514 513 515 516
f 515 1151 1165 516
f 519 520 518 517
f 520 519 521 522
f 868 973 972 870
f 523 797 799 525
f 1005 1086 1078 1014
f 527 529 530 528
f 529 195 197 530
f 531 532 533 534
f 341 346 610 608
f 531 534 536 537
f 342 341 608 535
f 539 540 536 535
f 537 541 542 538
f 539 543 544 540
f 541 545 546 542
f 612 349 347 736
f 598 735 843 599
f 547 596 669 551
f 552 553 549 548
f 551 555 556 552
f 554 553 557 558
f 559 560 556 555
f 557 561 562 558
f 563 564 562 561
f 312 310 251 565
f 566 567 309 311
f 198 196 567 566
f 568 569 453 451
f 570 910 450 452
f 486 910 570 484
f 483 481 573 572
f 573 575 574 572
f 568 574 575 569
f 411 409 576 577
f 579 412 414 915
f 914 915 414 416
f 439 581 580 441
f 580 581 583 582
f 577 576 582 583
f 584 585 586 587
f 584 587 369 367
f 370 372 919 589
f 588 400 402 920
f 590 399 397 591
f 586 585 590 591
f 606 738 532 538
f 546 550 595 739
f 601 661 659 600
f 593 594 654 653
f 556 560 561 557
f 347 349 350 348
f 597 356 358 840
f 658 592 599 843
f 592 655 841 599
f 356 355 357 358
f 597 840 669 596
f 614 822 661 601
f 600 1183 1184 601
f 547 543 668 596
f 600 604 605 1183
f 1178 606 607 1179
f 550 554 740 595
f 538 542 607 606
f 546 545 549 550
f 354 356 597 839
f 535 608 609 539
f 612 736 1180 1181
f 609 608 610 611
f 561 560 1011 563
f 540 544 545 541
f 604 600 659 660
f 351 349 612 613
f 654 594 595 740
f 1181 1182 613 612
f 594 593 656 657
f 615 614 601 1184
f 617 618 1193 1208
f 617 620 621 618
f 377 375 617 1208
f 375 373 620 617
f 623 624 374 376
f 623 392 394 624
f 396 919 624 394
f 391 389 1194 626
f 393 391 626 627
f 618 626 1194 1193
f 621 627 626 618
f 628 630 633 632
f 29 30 32 31
f 635 846 845 637
f 635 636 634 846
f 169 168 223 224
f 189 636 635 187
f 187 635 637 185
f 188 638 639 190
f 188 186 640 638
f 638 301 303 639
f 299 301 638 640
f 243 245 304 302
f 300 241 243 302
f 244 641 642 246
f 242 643 641 244
f 644 645 642 641
f 644 641 643 646
f 645 644 647 648
f 646 649 647 644
f 647 650 651 648
f 647 649 652 650
f 651 650 653 654
f 653 650 652 655
f 592 658 656 593
f 353 355 356 354
f 602 1179 657 656
f 656 658 603 602
f 662 663 1176 1175
f 662 1175 1177 664
f 665 666 663 662
f 665 662 664 667
f 343 533 666 665
f 343 665 667 344
f 533 343 342 534
f 738 606 1178 1176
f 543 539 609 668
f 353 735 598 355
f 669 670 555 551
f 559 555 670 671
f 363 361 672 673
f 674 675 1026 1025
f 673 672 676 677
f 678 679 677 676
f 678 238 236 679
f 235 237 296 294
f 180 680 681 182
f 295 681 680 293
f 682 683 684 971
f 179 181 683 682
f 149 154 155 150
f 688 689 562 564
f 572 690 485 483
f 481 479 691 573
f 477 692 691 479
f 692 477 475 1196
f 1196 475 473 1197
f 1197 473 471 1200
f 471 469 696 1200
f 467 697 696 469
f 465 698 697 467
f 463 1187 698 465
f 461 1188 1187 463
f 1188 461 459 1191
f 459 457 702 1191
f 457 455 703 702
f 455 453 569 703
f 568 451 449 704
f 447 705 704 449
f 705 447 445 706
f 445 443 707 706
f 441 580 707 443
f 581 439 437 708
f 708 437 435 709
f 709 435 433 710
f 431 1202 710 433
f 1202 431 429 1203
f 429 427 1205 1203
f 1205 427 425 1207
f 425 423 1185 1207
f 1185 423 421 1186
f 421 419 1190 1186
f 419 417 718 1190
f 417 415 719 718
f 413 720 719 415
f 411 577 720 413
f 407 721 576 409
f 405 722 721 407
f 722 405 403 723
f 401 724 723 403
f 399 590 724 401
f 397 395 725 591
f 395 393 627 725
f 726 1194 389 387
f 385 1199 726 387
f 383 1201 1199 385
f 1201 383 381 1204
f 1204 381 379 1206
f 1206 379 377 1208
f 371 731 620 373
f 369 587 731 371
f 365 732 584 367
f 363 673 732 365
f 672 361 359 733
f 357 734 733 359
f 597 596 668 839
f 351 613 735 353
f 347 345 737 736
f 344 667 737 345
f 532 738 666 533
f 607 542 546 739
f 598 599 841 734
f 740 554 558 741
f 689 741 558 562
f 648 689 688 645
f 742 1028 1128 1127
f 1099 516 1165 1171
f 1171 1173 1100 1099
f 743 886 1123 1128
f 746 1029 749 747
f 746 747 743 1027
f 487 490 1104 1035
f 750 705 751 752
f 706 753 751 705
f 706 754 755 753
f 755 754 722 756
f 756 722 723 757
f 758 759 757 723
f 673 677 759 758
f 676 672 760 761
f 649 646 761 760
f 664 762 737 667
f 663 666 738 1176
f 657 1179 607 739
f 348 350 610 346
f 651 654 740 741
f 648 651 741 689
f 464 466 468 906
f 482 484 570 571
f 480 482 571 909
f 478 480 909 908
f 763 764 765 766
f 489 766 765 491
f 764 274 272 765
f 270 491 765 272
f 334 271 273 336
f 271 334 332 267
f 333 335 768 767
f 333 767 493 329
f 767 768 222 220
f 220 218 493 767
f 221 770 769 219
f 219 769 495 215
f 769 770 771 772
f 495 769 772 497
f 771 968 878 773
f 879 878 968 990
f 881 880 991 1002
f 2 1 35 36
f 855 856 876 877
f 779 777 778 780
f 505 503 777 779
f 780 782 781 779
f 505 779 781 507
f 781 782 784 783
f 509 507 781 783
f 784 786 785 783
f 511 509 783 785
f 787 785 786 788
f 511 785 787 513
f 788 790 789 787
f 513 787 789 515
f 789 790 1137 1125
f 1126 791 517 1152
f 791 792 794 793
f 517 791 793 519
f 793 794 796 795
f 519 793 795 521
f 814 855 877 819
f 521 523 524 522
f 1039 1081 522 524
f 20 22 21 19
f 113 136 137 114
f 859 1020 1169 1159
f 801 802 803 804
f 529 527 801 804
f 193 804 803 191
f 193 195 529 804
f 192 805 806 194
f 567 196 194 806
f 307 806 805 305
f 307 309 567 806
f 247 249 308 306
f 249 251 310 308
f 807 250 248 808
f 807 809 252 250
f 807 808 688 564
f 564 563 809 807
f 629 628 810 811
f 628 632 812 810
f 634 813 812 632
f 634 636 803 813
f 189 191 803 636
f 190 639 805 192
f 303 305 805 639
f 245 247 306 304
f 246 642 808 248
f 645 688 808 642
f 853 776 773 878
f 4 2 57 53
f 816 818 872 860
f 855 1024 1023 856
f 760 672 733 820
f 1069 327 328 1071
f 652 649 760 820
f 664 1177 1180 762
f 214 1057 1051 213
f 1068 815 814 1092
f 815 1068 1084 838
f 314 313 1010 1048
f 1080 1100 833 834
f 313 825 1096 1010
f 818 1076 1046 830
f 823 1036 1103 1038
f 825 200 1098 1096
f 816 1040 1076 818
f 819 827 1094 1066
f 265 1049 1071 328
f 1060 1080 834 835
f 837 1102 1042 836
f 1049 265 266 1053
f 327 1069 1062 826
f 814 819 1066 1092
f 199 829 1056 1090
f 1014 1078 1105 675
f 671 1026 675 1105
f 877 905 827 819
f 404 1028 742 1032
f 594 657 739 595
f 668 609 611 839
f 821 670 669 840
f 733 734 841 820
f 761 842 678 676
f 643 842 761 646
f 240 842 643 242
f 737 762 1180 736
f 545 544 548 549
f 549 553 554 550
f 613 1182 843 735
f 603 658 843 1182
f 820 841 655 652
f 238 678 842 240
f 237 239 298 296
f 239 241 300 298
f 182 681 844 184
f 681 295 297 844
f 184 844 640 186
f 297 299 640 844
f 683 845 846 684
f 181 183 845 683
f 637 845 183 185
f 634 632 633 846
f 98 155 154 97
f 117 99 98 118
f 847 849 852 851
f 51 58 20 18
f 57 2 36 70
f 859 873 874 858
f 70 994 869 57
f 58 76 22 20
f 134 166 158 112
f 125 107 108 162
f 830 904 872 818
f 868 869 994 973
f 799 800 802 801
f 868 870 863 865
f 876 898 905 877
f 53 867 995 71
f 847 851 879 880
f 51 848 881 58
f 873 1108 1111 903
f 772 771 773 774
f 213 1051 1074 828
f 137 132 139 145
f 855 814 815 1024
f 71 995 1115 1167
f 3 1 2 4
f 556 557 553 552
f 536 540 541 537
f 262 882 883 264
f 266 264 883 823
f 260 884 882 262
f 884 260 258 885
f 258 256 886 885
f 887 1124 1153 255
f 1155 1161 888 315
f 204 889 890 206
f 891 892 212 210
f 326 263 265 328
f 261 324 322 259
f 261 263 326 324
f 325 327 826 892
f 891 323 325 892
f 253 257 320 318
f 257 259 322 320
f 321 323 891 893
f 208 893 891 210
f 890 893 208 206
f 890 319 321 893
f 317 319 890 889
f 253 318 1164 1139
f 314 824 254 316
f 202 200 825 888
f 315 888 825 313
f 1146 1162 889 204
f 203 205 895 894
f 205 207 896 895
f 897 875 874 899
f 114 137 145 144
f 895 896 897 899
f 896 900 898 897
f 207 209 900 896
f 209 211 901 900
f 214 212 892 826
f 199 201 902 829
f 203 894 1141 1134
f 1111 1141 894 903
f 894 895 899 903
f 47 59 60 48
f 15 16 18 17
f 898 900 901 905
f 901 828 827 905
f 213 828 901 211
f 902 904 830 829
f 460 462 907 911
f 352 354 839 611
f 470 472 906 468
f 476 911 907 474
f 906 472 474 907
f 908 909 456 458
f 478 908 911 476
f 460 911 908 458
f 570 452 454 571
f 420 913 917 418
f 440 579 915 438
f 422 424 426 912
f 912 913 420 422
f 913 432 434 917
f 578 442 444 916
f 428 430 912 426
f 914 917 434 436
f 430 432 913 912
f 440 442 578 579
f 578 410 412 579
f 438 915 914 436
f 622 623 376 378
f 368 370 589 588
f 384 386 388 918
f 622 390 392 623
f 366 368 588 920
f 374 624 919 372
f 398 589 919 396
f 380 382 384 918
f 408 410 578 916
f 531 537 538 532
f 350 352 611 610
f 592 593 653 655
f 22 76 69 24
f 172 926 927 174
f 926 285 287 927
f 225 229 288 286
f 229 231 290 288
f 228 929 928 230
f 755 756 928 929
f 750 930 704 705
f 698 1187 1189 697
f 700 932 931 699
f 932 700 701 933
f 1191 702 934 1195
f 934 702 703 935
f 569 575 935 703
f 568 704 930 574
f 696 697 1189 1200
f 695 931 932 694
f 693 694 932 933
f 1195 934 692 1196
f 692 934 935 691
f 575 573 691 935
f 572 574 930 690
f 722 754 936 721
f 716 937 714 715
f 716 717 1192 937
f 938 1190 718 939
f 718 719 940 939
f 719 720 941 940
f 583 941 720 577
f 721 936 582 576
f 706 707 936 754
f 712 713 714 937
f 712 937 1192 711
f 938 939 710 1202
f 710 939 940 709
f 709 940 941 708
f 583 581 708 941
f 707 580 582 936
f 732 673 758 942
f 728 729 730 943
f 730 616 619 943
f 731 944 621 620
f 731 587 586 944
f 732 942 585 584
f 724 942 758 723
f 727 728 943 1198
f 625 1198 943 619
f 725 627 621 944
f 591 725 944 586
f 724 590 585 942
f 227 280 946 945
f 751 753 945 946
f 764 763 948 947
f 752 949 947 948
f 751 946 949 752
f 753 755 929 945
f 928 756 757 950
f 950 757 759 951
f 677 679 951 759
f 276 947 949 278
f 946 280 278 949
f 274 764 947 276
f 232 950 951 234
f 234 951 679 236
f 228 227 945 929
f 230 928 950 232
f 231 233 292 290
f 292 233 235 294
f 336 273 275 338
f 338 275 277 340
f 277 279 283 340
f 226 284 283 279
f 226 225 286 284
f 768 335 337 952
f 339 953 952 337
f 282 954 953 339
f 954 282 281 955
f 926 172 170 955
f 281 285 926 955
f 174 927 956 176
f 287 289 956 927
f 178 176 956 957
f 956 289 291 957
f 180 178 957 680
f 291 293 680 957
f 768 952 223 222
f 223 952 953 224
f 169 224 953 954
f 169 954 955 170
f 48 139 140 50
f 862 796 794 959
f 792 960 959 794
f 1109 960 792 1138
f 961 790 788 962
f 962 788 786 963
f 784 964 963 786
f 782 965 964 784
f 782 780 966 965
f 854 966 780 778
f 770 221 168 967
f 113 146 159 158
f 167 171 173 925
f 925 924 968 967
f 175 969 925 173
f 969 175 177 970
f 682 970 177 179
f 812 972 973 810
f 812 813 958 972
f 865 863 864 866
f 866 864 974 975
f 864 862 959 974
f 976 977 975 974
f 959 960 976 974
f 1117 1129 977 976
f 1110 961 978 1118
f 978 980 981 979
f 961 962 980 978
f 982 983 981 980
f 962 963 982 980
f 984 985 983 982
f 964 984 982 963
f 985 984 986 987
f 965 986 984 964
f 987 986 988 989
f 965 966 988 986
f 849 989 988 852
f 852 988 966 854
f 57 869 867 53
f 847 880 881 848
f 923 990 968 924
f 114 147 146 113
f 23 25 66 67
f 923 992 993 921
f 44 77 1003 687
f 684 685 992 971
f 810 973 994 811
f 797 798 800 799
f 91 93 127 128
f 1116 1130 979 996
f 979 981 997 996
f 981 983 998 997
f 998 983 985 999
f 999 985 987 1000
f 987 989 1001 1000
f 850 1001 989 849
f 1065 1093 498 500
f 922 69 76 1002
f 770 967 968 771
f 813 803 802 958
f 99 117 116 100
f 150 155 156 153
f 41 629 811 46
f 37 38 40 39
f 865 866 995 867
f 497 499 500 498
f 214 826 1062 1057
f 46 811 994 70
f 6 4 53 71
f 72 996 997 73
f 73 997 998 74
f 998 999 75 74
f 75 1001 850 52
f 799 801 527 525
f 158 159 151 112
f 151 159 160 152
f 1089 197 198 1097
f 1013 311 312 1047
f 1007 1009 1283 1031
f 398 400 588 589
f 390 622 918 388
f 360 362 1026 821
f 416 418 917 914
f 456 909 571 454
f 462 464 906 907
f 217 1058 1061 494
f 1073 496 498 1093
f 859 1159 1108 873
f 870 871 861 863
f 774 773 776 775
f 831 1064 1082 817
f 68 78 60 59
f 1020 859 858 1021
f 311 1013 1095 566
f 360 821 840 358
f 252 1004 565 251
f 1044 1064 831 832
f 255 254 824 1005
f 486 485 1006 1007
f 1008 1009 1007 1006
f 559 1106 1011 560
f 809 1012 1004 252
f 838 1084 1102 837
f 1006 1015 1016 1008
f 1006 485 690 1015
f 490 492 1037 1104
f 674 1025 742 1127
f 1027 743 1128 1028
f 763 1016 1015 948
f 948 1015 750 752
f 1086 1005 824 1088
f 1005 1014 887 255
f 690 930 750 1015
f 565 1004 1085 1087
f 746 1033 446 1029
f 1012 1077 1085 1004
f 378 380 918 622
f 831 817 1019 832
f 1020 833 744 1169
f 833 1020 1021 834
f 835 834 1021 1022
f 835 1022 1023 836
f 836 1023 1024 837
f 815 838 837 1024
f 406 1033 746 1027
f 404 406 1027 1028
f 920 1032 364 366
f 920 402 404 1032
f 446 1033 916 444
f 916 1033 406 408
f 748 1034 1007 1031
f 364 1032 742 1025
f 910 486 1007 1034
f 910 1034 448 450
f 748 1030 448 1034
f 446 448 1030 1029
f 1011 1106 1077 1012
f 836 1042 1060 835
f 559 671 1105 1106
f 1077 1106 1105 1078
f 1011 1012 809 563
f 823 1038 1053 266
f 887 1014 675 674
f 887 674 1127 1124
f 743 747 885 886
f 747 749 884 885
f 749 1017 882 884
f 882 1017 1018 883
f 823 883 1018 1036
f 535 536 534 342
f 798 861 871 800
f 1172 1174 1173 1171
f 1037 1038 1103 1104
f 1085 1077 1078 1086
f 1087 1085 1086 1088
f 1095 1097 198 566
f 1096 1098 1097 1095
f 1095 1013 1010 1096
f 312 565 1087 1047
f 1048 1047 1087 1088
f 530 197 1089 1055
f 1089 1090 1056 1055
f 1045 528 530 1055
f 1055 1056 1046 1045
f 522 1081 1063 520
f 1063 1081 1082 1064
f 518 520 1063 1043
f 1063 1064 1044 1043
f 518 1043 1172 1166
f 1043 1044 1174 1172
f 1079 514 516 1099
f 1079 1099 1100 1080
f 1059 512 514 1079
f 1079 1080 1060 1059
f 510 512 1059 1041
f 1059 1060 1042 1041
f 508 510 1041 1101
f 1042 1102 1101 1041
f 508 1101 1083 506
f 1083 1101 1102 1084
f 504 506 1083 1067
f 1068 1067 1083 1084
f 1073 1093 1094 1074
f 216 496 1073 1052
f 1073 1074 1051 1052
f 1057 1062 1061 1058
f 330 494 1061 1070
f 1062 1069 1070 1061
f 268 331 1072 1050
f 1050 1072 1071 1049
f 269 1054 1037 492
f 1038 1037 1054 1053
f 1070 1072 331 330
f 1070 1069 1071 1072
f 1013 1047 1048 1010
f 268 1050 1054 269
f 1049 1053 1054 1050
f 216 1052 1058 217
f 1051 1057 1058 1052
f 1089 1097 1098 1090
f 1065 1066 1094 1093
f 1065 500 502 1091
f 1065 1091 1092 1066
f 1039 1040 1082 1081
f 1039 1075 1076 1040
f 1046 1076 1075 1045
f 1067 1068 1092 1091
f 1166 1172 1171 1165
f 1123 1124 1127 1128
f 745 832 1019 1170
f 745 1170 1169 744
f 1044 832 745 1174
f 872 1107 1160 860
f 1107 1108 1159 1160
f 1116 996 72 1168
f 1115 1116 1168 1167
f 977 1129 1115 995
f 1129 1130 1116 1115
f 960 1109 1117 976
f 1109 1110 1118 1117
f 1118 978 979 1130
f 1117 1118 1130 1129
f 790 961 1110 1137
f 1109 1138 1137 1110
f 902 1142 1112 904
f 1112 1142 1141 1111
f 902 201 1133 1142
f 1141 1142 1133 1134
f 202 888 1161 1145
f 1146 1145 1161 1162
f 1140 1163 316 254
f 1163 1140 1139 1164
f 317 889 1162 1156
f 1161 1155 1156 1162
f 1123 886 256 1154
f 1123 1154 1153 1124
f 904 1112 1107 872
f 1107 1112 1111 1108
f 860 1160 1170 1019
f 1159 1169 1170 1160
f 789 1125 1151 515
f 1125 1126 1152 1151
f 791 1126 1138 792
f 1125 1137 1138 1126
f 1152 517 518 1166
f 1165 1151 1152 1166
f 1156 1164 318 317
f 1155 1163 1164 1156
f 256 253 1139 1154
f 1139 1140 1153 1154
f 1134 1146 204 203
f 1133 1145 1146 1134
f 1143 1121 1122 1144
f 102 1113 1121 103
f 1121 1113 1114 1122
f 1144 1150 1149 1143
f 1149 1150 1158 1157
f 1157 1158 1135 1136
f 1135 1148 1147 1136
f 1131 1167 1168 1132
f 7 64 1147 1120
f 1119 1120 1147 1148
f 7 1120 1132 8
f 1131 1132 1120 1119
f 1100 1173 744 833
f 1031 1036 1018 748
f 1017 749 1029 1030
f 748 1018 1017 1030
f 1175 1176 660 659
f 661 1177 1175 659
f 604 1178 1179 605
f 661 822 1180 1177
f 1181 614 615 1182
f 1180 822 614 1181
f 602 603 1184 1183
f 602 1183 605 1179
f 603 1182 615 1184
f 1176 1178 604 660
f 716 715 1185 1186
f 699 1187 1188 700
f 699 931 1189 1187
f 716 1186 1190 717
f 700 1188 1191 701
f 717 1190 938 1192
f 619 1193 1194 625
f 933 701 1191 1195
f 693 933 1195 1196
f 693 1196 1197 694
f 726 1199 727 1198
f 1197 1200 695 694
f 727 1199 1201 728
f 711 1202 1203 712
f 711 1192 938 1202
f 695 1200 1189 931
f 729 728 1201 1204
f 713 712 1203 1205
f 729 1204 1206 730
f 713 1205 1207 714
f 726 1198 625 1194
f 616 730 1206 1208
f 616 1208 1193 619
f 1185 715 714 1207
f 1211 1213 1214 1212
f 1209 1211 1212 1210
f 1008 1209 1210 1009
f 1213 1215 1216 1214
f 1215 1217 1218 1216
f 1217 1219 1220 1218
f 1219 1221 1222 1220
f 1221 1223 1224 1222
f 1223 1225 1226 1224
f 1225 1227 1228 1226
f 1227 1229 1230 1228
f 1229 1231 1232 1230
f 1231 1233 1234 1232
f 1233 1235 1236 1234
f 1235 1237 1238 1236
f 1237 1239 1240 1238
f 1239 1241 1242 1240
f 1241 1243 1244 1242
f 1244 1243 1245 1246
f 1211 1247 1248 1213
f 1212 1249 1275 1210
f 1244 1246 1275 1249
f 1243 1241 1252 1251
f 1253 1251 1252 1254
f 1247 1253 1254 1248
f 1245 1243 1251 1255
f 1239 1256 1252 1241
f 1237 1257 1256 1239
f 1235 1289 1257 1237
f 1233 1290 1289 1235
f 1231 1291 1290 1233
f 1231 1229 1261 1291
f 1227 1262 1261 1229
f 1262 1227 1225 1263
f 1225 1223 1284 1263
f 1221 1285 1284 1223
f 1219 1287 1285 1221
f 1217 1267 1287 1219
f 1215 1268 1267 1217
f 1248 1268 1215 1213
f 1209 1269 1247 1211
f 1008 1016 1269 1209
f 763 766 1270 1016
f 1224 1226 1228 1271
f 1249 1250 1242 1244
f 1250 1274 1240 1242
f 1240 1274 1273 1238
f 1272 1276 1220 1222
f 1228 1230 1232 1271
f 1236 1276 1272 1234
f 1232 1234 1272 1271
f 1216 1218 1273 1274
f 1236 1238 1273 1276
f 1273 1218 1220 1276
f 1249 1212 1214 1250
f 1016 1270 1277 1269
f 1263 1284 1286 1262
f 1264 1265 1279 1278
f 1279 1265 1266 1280
f 1267 1281 1288 1287
f 1268 1282 1281 1267
f 1248 1254 1282 1268
f 1247 1269 1277 1253
f 1261 1262 1286 1291
f 1259 1260 1278 1279
f 1258 1259 1279 1280
f 1281 1257 1289 1288
f 1256 1257 1281 1282
f 1256 1282 1254 1252
f 1253 1277 1255 1251
f 1214 1216 1274 1250
f 1222 1224 1271 1272
f 1245 487 1035 1246
f 488 487 1245 1255
f 488 1270 766 489
f 488 1255 1277 1270
f 1035 1283 1275 1246
f 1275 1283 1009 1210
f 1284 1285 1265 1264
f 1278 1286 1284 1264
f 1265 1285 1287 1266
f 1266 1287 1288 1280
f 1288 1289 1258 1280
f 1289 1290 1259 1258
f 1259 1290 1291 1260
f 1260 1291 1286 1278
f 1025 1026 362 364
f 670 821 1026 671
f 1103 1283 1035 1104
f 1031 1283 1103 1036
f 682 971 969 970
f 45 40 97 154
f 1301 1300 1293 1504
f 1301 1504 1505 1302
f 1302 1505 1506 1303
f 1500 1501 1296 1295
f 1303 1506 1294 1304
f 1296 1501 1502 1297
f 1292 1298 1297 1502
f 1299 1298 1292 1503
f 1293 1300 1299 1503
f 1301 1302 1312 1311
f 1302 1303 1313 1312
f 1296 1306 1305 1295
f 1313 1303 1304 1314
f 1306 1296 1297 1307
f 1297 1298 1308 1307
f 1308 1298 1299 1309
f 1299 1300 1310 1309
f 1301 1311 1310 1300
f 1312 1313 1323 1322
f 1306 1316 1315 1305
f 1323 1313 1314 1324
f 1316 1306 1307 1317
f 1308 1318 1317 1307
f 1318 1308 1309 1319
f 1309 1310 1320 1319
f 1310 1311 1321 1320
f 1311 1312 1322 1321
f 1322 1323 1333 1332
f 1315 1316 1326 1325
f 1323 1324 1334 1333
f 1316 1317 1327 1326
f 1327 1317 1318 1328
f 1319 1329 1328 1318
f 1319 1320 1330 1329
f 1320 1321 1331 1330
f 1321 1322 1332 1331
f 1325 1326 1336 1335
f 1333 1334 1344 1343
f 1326 1327 1337 1336
f 1328 1338 1337 1327
f 1329 1339 1338 1328
f 1330 1340 1339 1329
f 1340 1330 1331 1341
f 1331 1332 1342 1341
f 1332 1333 1343 1342
f 1343 1344 1355 1354
f 1336 1337 1348 1347
f 1348 1337 1338 1349
f 1349 1338 1339 1350
f 1340 1351 1350 1339
f 1340 1341 1352 1351
f 1341 1342 1353 1352
f 1342 1343 1354 1353
f 1335 1336 1347 1346
f 1348 1349 1360 1359
f 1432 1345 1454 1443
f 1349 1350 1361 1360
f 1361 1350 1351 1362
f 1352 1363 1362 1351
f 1363 1352 1353 1364
f 1354 1365 1364 1353
f 1357 1346 1347 1358
f 1354 1355 1366 1365
f 1347 1348 1359 1358
f 1359 1360 1371 1370
f 1389 1421 1410 1433
f 1371 1360 1361 1372
f 1361 1362 1373 1372
f 1363 1374 1373 1362
f 1374 1363 1364 1375
f 1375 1364 1365 1376
f 1357 1358 1369 1368
f 1365 1366 1377 1376
f 1358 1359 1370 1369
f 1345 1432 1421 1389
f 1377 1477 1399 1388
f 1371 1372 1383 1382
f 1372 1373 1384 1383
f 1373 1374 1385 1384
f 1374 1375 1386 1385
f 1376 1387 1386 1375
f 1368 1369 1380 1379
f 1387 1376 1377 1388
f 1369 1370 1381 1380
f 1399 1477 1433 1410
f 1381 1370 1371 1382
f 1382 1383 1394 1393
f 1383 1384 1395 1394
f 1384 1385 1396 1395
f 1385 1386 1397 1396
f 1397 1386 1387 1398
f 1379 1380 1391 1390
f 1387 1388 1399 1398
f 1391 1380 1381 1392
f 1356 1465 1454 1345
f 1381 1382 1393 1392
f 1345 1389 1400 1356
f 1395 1406 1405 1394
f 1395 1396 1407 1406
f 1407 1396 1397 1408
f 1398 1409 1408 1397
f 1401 1390 1391 1402
f 1398 1399 1410 1409
f 1391 1392 1403 1402
f 1389 1433 1444 1400
f 1403 1392 1393 1404
f 1433 1477 1488 1444
f 1404 1393 1394 1405
f 1407 1418 1417 1406
f 1408 1419 1418 1407
f 1408 1409 1420 1419
f 1412 1401 1402 1413
f 1410 1421 1420 1409
f 1403 1414 1413 1402
f 1477 1377 1366 1488
f 1403 1404 1415 1414
f 1465 1356 1367 1476
f 1415 1404 1405 1416
f 1405 1406 1417 1416
f 1428 1417 1418 1429
f 1419 1430 1429 1418
f 1430 1419 1420 1431
f 1423 1412 1413 1424
f 1420 1421 1432 1431
f 1414 1425 1424 1413
f 1400 1411 1367 1356
f 1425 1414 1415 1426
f 1400 1444 1455 1411
f 1415 1416 1427 1426
f 1416 1417 1428 1427
f 1430 1441 1440 1429
f 1431 1442 1441 1430
f 1434 1423 1424 1435
f 1431 1432 1443 1442
f 1435 1424 1425 1436
f 1444 1488 1499 1455
f 1426 1437 1436 1425
f 1355 1499 1488 1366
f 1426 1427 1438 1437
f 1427 1428 1439 1438
f 1428 1429 1440 1439
f 1451 1440 1441 1452
f 1452 1441 1442 1453
f 1434 1435 1446 1445
f 1453 1442 1443 1454
f 1435 1436 1447 1446
f 1378 1487 1476 1367
f 1436 1437 1448 1447
f 1378 1367 1411 1422
f 1438 1449 1448 1437
f 1438 1439 1450 1449
f 1439 1440 1451 1450
f 1452 1453 1464 1463
f 1445 1446 1457 1456
f 1454 1465 1464 1453
f 1446 1447 1458 1457
f 1455 1466 1422 1411
f 1447 1448 1459 1458
f 1455 1499 1507 1466
f 1448 1449 1460 1459
f 1450 1461 1460 1449
f 1461 1450 1451 1462
f 1451 1452 1463 1462
f 1456 1457 1468 1467
f 1475 1464 1465 1476
f 1468 1457 1458 1469
f 1344 1507 1499 1355
f 1458 1459 1470 1469
f 1378 1294 1498 1487
f 1459 1460 1471 1470
f 1471 1460 1461 1472
f 1462 1473 1472 1461
f 1473 1462 1463 1474
f 1474 1463 1464 1475
f 1475 1476 1487 1486
f 1468 1469 1480 1479
f 1304 1294 1378 1422
f 1469 1470 1481 1480
f 1304 1422 1466 1314
f 1481 1470 1471 1482
f 1472 1483 1482 1471
f 1483 1472 1473 1484
f 1484 1473 1474 1485
f 1475 1486 1485 1474
f 1468 1479 1478 1467
f 1490 1479 1480 1491
f 1324 1314 1466 1507
f 1481 1492 1491 1480
f 1324 1507 1344 1334
f 1482 1493 1492 1481
f 1482 1483 1494 1493
f 1483 1484 1495 1494
f 1495 1484 1485 1496
f 1485 1486 1497 1496
f 1489 1478 1479 1490
f 1486 1487 1498 1497
f 1491 1492 1292 1502
f 1292 1492 1493 1503
f 1493 1494 1293 1503
f 1293 1494 1495 1504
f 1504 1495 1496 1505
f 1497 1506 1505 1496
f 1490 1501 1500 1489
f 1497 1498 1294 1506
f 1501 1490 1491 1502
f 1925 1987 2401 2398
f 2520 4012 3992 1925
f 1813 3989 3996 2038
f 1621 1828 2035 2036
f 2036 2037 1645 1621
f 2394 2404 7969 7973
f 1895 2136 7975 7976
f 1620 1644 1621 1645
f 2400 2401 1987 1985
f 2405 2416 8048 8044
f 1987 1925 3992 4028
f 1913 2036 2035 1918
f 1913 1914 2037 2036
f 2421 7511 8046 2407
f 2135 1832 1833 2136
f 2399 2405 8044 7972
f 7971 2402 2399 7972
f 2134 3994 3986 1812
f 1987 4028 4008 1985
f 1923 1989 1988 1924
f 1920 1992 1991 1921
f 1891 1897 1896 1890
f 2275 2276 2358 2328
f 1918 2515 2519 1913
f 1894 2135 2136 1895
f 1831 1895 7976 7977
f 2274 2351 2415 2406
f 1912 1918 2035 2034
f 1621 1644 1827 1828
f 2034 2035 1828 1766
f 2358 2276 2277 2377
f 2348 2321 2412 2413
f 1912 2034 2033 1919
f 1891 7978 7979 1897
f 2350 2417 4071 4037
f 1923 1922 1990 1989
f 2247 1703 7984 7985
f 2503 2515 1918 1912
f 1724 1811 1896 1897
f 2132 2133 1892 1672
f 1830 1894 1895 1831
f 1984 1988 1989 1983
f 2131 1827 1644 2132
f 1812 1832 2135 2134
f 1767 1766 1828 1827
f 1729 2122 2123 1768
f 1831 7977 9283 4023
f 2134 2135 1894 1893
f 1984 2275 4020 4009
f 1983 2276 2275 1984
f 2119 2120 1811 1724
f 2119 1724 7980 7981
f 1982 1983 1989 1990
f 1912 1919 2272 2503
f 1909 2525 2272 1919
f 1730 1896 1811 1725
f 1725 1729 1672 1730
f 1909 1919 2033 2032
f 1615 1904 2764 2540
f 1890 4014 4022 1891
f 1730 1889 1890 1896
f 1829 4005 3990 1893
f 1990 1922 1921 1991
f 1766 1902 2033 2034
f 1766 1767 1626 1902
f 2342 2377 2277 2278
f 1889 4004 4014 1890
f 1889 1730 1672 1892
f 1893 1894 1830 1829
f 2031 1905 2051 2047
f 1704 2123 1769 2059
f 1671 2128 2129 1888
f 2275 2328 4002 4020
f 2276 1983 1982 2277
f 2277 1982 1981 2278
f 1628 2119 7981 7982
f 1633 1628 7982 7983
f 2031 2047 2046 1906
f 1906 1909 2032 2031
f 1626 1767 2130 2129
f 1767 1827 2131 2130
f 1980 1981 1991 1992
f 2131 2132 1672 1729
f 1768 1888 2129 2130
f 2278 1981 1980 2279
f 1738 1626 2129 2128
f 2130 2131 1729 1768
f 1902 2249 2032 2033
f 1982 1990 1991 1981
f 1703 1633 7983 7984
f 1906 2046 1582 2257
f 1920 1910 1993 1992
f 1903 1995 1994 1907
f 2031 2032 2249 1905
f 1627 2121 2120 1810
f 1670 2127 2128 1671
f 1738 2249 1902 1626
f 1704 1888 1768 2123
f 1738 1668 1905 2249
f 1826 1769 2123 2122
f 1627 1826 2122 2121
f 1628 1633 1809 1810
f 2319 2305 2306 2320
f 2342 2278 2279 2373
f 1907 1994 1993 1910
f 1582 2046 1933 2527
f 1633 1703 1808 1809
f 1632 1627 1810 1809
f 1702 1632 1809 1808
f 2042 2047 2051 2043
f 1671 1888 1704 2056
f 1729 1725 2121 2122
f 1668 2050 2051 1905
f 2279 1980 1911 2280
f 1933 2046 2047 2042
f 1904 1995 2761 2764
f 1668 1738 2128 2127
f 2434 2451 1933 2042
f 1824 1702 2245 2244
f 2043 2044 2468 2460
f 2043 2051 2050 2044
f 2433 2459 2039 2030
f 1651 1822 2770 2778
f 1770 2060 2059 1769
f 1908 1911 1993 1994
f 1824 2244 2243 1771
f 2280 2363 2373 2279
f 1903 2753 2761 1995
f 1648 1655 2771 2781
f 1887 7986 7987 1538
f 1703 2247 2246 1808
f 1916 1917 2753 2752
f 1904 1908 1994 1995
f 1917 2772 2779 1996
f 1933 2451 2535 2527
f 1764 1819 2030 2029
f 1702 1808 2246 2245
f 1887 1886 2246 2247
f 1886 1885 2245 2246
f 1825 1826 1627 1632
f 1632 1702 1824 1825
f 1668 2127 2126 2050
f 2244 2245 1885 1884
f 2050 2126 2125 2044
f 1670 2053 2048 2049
f 1769 1826 1825 1770
f 1704 2059 2057 2056
f 1911 1908 1759 2280
f 1770 1825 1824 1771
f 2027 2029 2030 2039
f 2053 1670 1671 2056
f 2538 4262 4253 2793
f 1670 2049 2126 2127
f 1764 2507 2511 1819
f 1798 2476 2482 1684
f 8042 8043 10453 10504
f 1541 1886 1887 1538
f 2125 2126 2049 2045
f 1818 2124 2248 2041
f 1737 2045 2049 2048
f 2054 2057 2058 2055
f 1658 1857 1858 1727
f 1681 2458 2440 1846
f 1615 1759 1908 1904
f 2281 1950 2546 2800
f 1646 1859 2029 2027
f 2060 1770 1771 2061
f 2463 2468 2044 2125
f 2363 2280 2793 2548
f 1540 1541 1538 1528
f 1901 2461 2766 2752
f 2045 1737 2446 2466
f 2774 2779 1997 1926
f 1916 2776 2772 1917
f 1899 1928 1998 1997
f 1524 1527 1540 1525
f 1764 2029 1859 1731
f 1618 1930 2774 2541
f 1641 2771 2770 1822
f 1900 1929 1928 1899
f 1821 2757 2756 1823
f 1528 1538 7987 7988
f 2028 2124 2144 1732
f 1676 1731 1859 1858
f 1885 1886 1541 1537
f 1978 1979 2150 2149
f 1675 1642 1658 1727
f 1976 2148 2282 2147
f 2027 2028 1732 1646
f 2048 2052 1736 1737
f 1727 1858 1859 1646
f 1700 2055 2058 1701
f 2053 2056 2057 2054
f 1883 2243 2244 1884
f 2048 2053 2054 2052
f 1963 2148 1976 1975
f 2365 2286 10485 10488
f 2286 2150 10453 10485
f 1928 1929 1805 1806
f 2755 1820 1765 2757
f 1527 1549 1550 1537
f 1839 1927 1998 1999
f 1526 1528 7988 7989
f 1927 1926 1997 1998
f 1630 1718 2512 2522
f 1998 1928 1806 1999
f 8012 10441 10500 8011
f 2181 7990 7991 2230
f 2181 2230 2168 2214
f 2756 2758 1803 1823
f 1525 1540 1528 1526
f 1540 1527 1537 1541
f 2058 2060 2061 1701
f 2052 2054 2055 1667
f 2241 1701 2061 2242
f 1536 1883 1884 1550
f 1963 4201 4096 2148
f 2365 2366 2285 2286
f 2324 2317 2304 2325
f 2364 2281 2800 2799
f 1851 2000 2479 2483
f 1617 1616 1926 1927
f 1846 2440 2436 1641
f 1822 1847 1846 1641
f 1525 1526 2181 2214
f 1684 1806 1805 1798
f 2181 1526 7989 7990
f 1962 1977 1978 2149
f 1978 1977 2547 2597
f 1803 1804 2777 2768
f 1598 1804 2762 2763
f 1677 1676 1858 1857
f 1550 1884 1885 1537
f 1523 1549 1527 1524
f 1675 1727 1646 1732
f 2143 1675 1732 2144
f 2124 1818 1733 2144
f 2040 2248 2124 2028
f 1736 2052 1667 1735
f 1736 2426 2446 1737
f 1667 2055 1700 1699
f 1552 2062 1883 1536
f 1726 1856 1857 1658
f 1536 1550 1549 1529
f 1882 2241 2242 2062
f 8042 10504 10434 8066
f 1523 1522 1529 1549
f 1733 1818 1817 1734
f 2149 2285 2284 1962
f 2283 1965 1962 2284
f 2582 1974 1971 2803
f 2283 2368 4164 4193
f 1798 1805 2457 2447
f 1749 1802 1678 1856
f 1617 1927 1839 2015
f 1999 1806 1684 2000
f 1684 2482 2479 2000
f 2001 1709 2073 2072
f 1679 1680 1847 1848
f 1822 1651 1848 1847
f 1676 1677 2505 2523
f 1681 1846 1847 1680
f 1522 1523 2183 2180
f 1803 2768 2778 1823
f 1678 1677 1857 1856
f 1868 2500 2498 1872
f 2501 2505 1677 1678
f 2158 2159 1574 1562
f 1525 2214 2184 1524
f 1954 1953 2789 2792
f 2201 2229 2228 2202
f 1733 1784 2143 2144
f 2597 2730 1979 1978
f 1758 1816 1817 1728
f 8067 8040 10479 10437
f 2201 2230 7991 7992
f 2227 2229 7993 7994
f 2229 2201 7992 7993
f 1943 2065 10470 10483
f 2217 2221 2205 2226
f 1659 1726 1658 1642
f 1659 1743 1744 1726
f 1700 1701 2241 2240
f 1700 2240 2239 1699
f 1791 1792 1721 1880
f 1546 1534 1543 1547
f 1749 1856 1726 1744
f 8040 8068 10463 10479
f 1666 2240 2241 1882
f 2011 2064 1610 1611
f 1944 1954 2792 2791
f 2011 2118 2117 2064
f 2311 2323 10509 10454
f 2284 2285 2366 2367
f 4097 2788 1972 4204
f 2248 2464 2465 2041
f 1688 1705 2075 2074
f 1851 2016 2015 1839
f 1723 1772 1681 1680
f 1688 2074 2073 1709
f 2441 2442 2437 2438
f 1630 1657 2762 2758
f 1695 1711 1710 1687
f 1723 1683 1773 1772
f 8020 8021 10477 10464
f 2498 2516 1871 1872
f 1657 1630 1631 2008
f 1651 1719 1849 1848
f 1593 1657 2008 2153
f 1649 1802 1749 1721
f 2250 1852 1584 2251
f 1745 2140 2141 1786
f 2011 1654 10449 10500
f 1753 1637 1797 1814
f 1611 1898 1757 1752
f 1524 2184 2183 1523
f 1654 1797 10447 10449
f 1790 2138 2137 1664
f 8019 10461 10469 8018
f 1748 1747 2809 2812
f 2204 2228 2226 2205
f 2226 2228 2229 2227
f 2217 2226 2227 2218
f 1744 1880 1721 1749
f 2173 2176 2210 2213
f 1742 1781 1782 1665
f 1757 1796 1814 1752
f 1745 1786 1653 1750
f 1639 1734 1817 1816
f 1794 1758 2425 2429
f 1793 1794 2429 2427
f 1667 1699 1931 1735
f 1535 1882 2062 1552
f 1699 2239 2238 1931
f 1529 1553 1552 1536
f 1534 1666 1882 1535
f 1948 1969 1970 1947
f 2784 2785 1948 1947
f 2189 1512 1513 2190
f 1972 1977 1962 1965
f 1947 1970 10433 10503
f 2284 2367 2368 2283
f 2787 4124 4189 1971
f 1685 1934 1617 2015
f 1625 1685 2015 2016
f 2165 2437 2442 2191
f 1837 2018 2070 2071
f 1774 2077 2076 1873
f 2075 1705 1873 2076
f 1561 2158 2153 1594
f 1867 1860 1868 1872
f 1679 1848 1849 1720
f 1647 1722 1679 1720
f 1631 1868 1860 2008
f 1797 1654 1752 1814
f 1654 2011 1611 1752
f 1650 2777 2773 1592
f 2754 2763 1593 1562
f 2153 2158 1562 1593
f 1970 2474 10491 10433
f 1560 1561 1594 1595
f 1780 2232 2233 1815
f 1748 2812 10487 10464
f 10445 8008 8009 10447
f 1637 2232 10499 10445
f 1780 10472 10499 2232
f 10441 8012 8013 10501
f 1787 2137 2138 1789
f 8021 8022 10505 10477
f 2177 2204 2205 2206
f 2168 2179 2183 2184
f 2227 7994 7995 2218
f 1743 1659 2141 2140
f 1634 1638 1698 1795
f 1784 1785 2142 2143
f 2180 2179 2169 2182
f 1733 1734 1689 1784
f 2141 2142 1785 1786
f 1534 1546 1643 1666
f 1639 1816 1634 1795
f 1535 1552 1553 1548
f 1758 1794 1634 1816
f 1609 1760 1665 1782
f 1520 1548 1553 1521
f 1793 2427 2431 2237
f 1514 1551 1546 1515
f 1517 1543 1544 1518
f 1843 10495 10438 2007
f 1957 1937 1952 1958
f 1948 2785 2786 1949
f 2017 1838 2071 2070
f 1711 1712 2004 2003
f 2549 1934 1685 2782
f 1625 4173 4140 1685
f 1687 1710 2073 2074
f 1838 2001 2072 2071
f 1695 1707 1708 1686
f 2477 2016 1851 2483
f 1710 2002 2072 2073
f 2016 2477 2471 1625
f 1837 2071 2072 2002
f 1716 1801 1682 1717
f 8061 10471 10492 8062
f 1687 1706 1707 1695
f 2019 2020 1640 1696
f 2532 2534 2535 2533
f 1679 1722 1723 1680
f 1647 1720 2088 2259
f 1773 1683 1800 1799
f 1720 1849 2087 2088
f 1800 1801 1660 1662
f 1650 2087 1849 1719
f 1722 1682 1683 1723
f 1860 1594 2153 2008
f 1592 2086 2087 1650
f 1597 2775 2773 1598
f 2769 2775 1597 1575
f 1870 2152 1595 1867
f 1792 1852 1649 1721
f 8013 8014 10474 10501
f 1584 1585 1567 1571
f 2789 1953 1966 2790
f 1871 1870 1867 1872
f 1796 1807 1753 1814
f 1753 2233 2232 1637
f 1795 1796 1757 1639
f 1612 1613 1756 1898
f 1610 2161 1604 1612
f 2469 1941 1939 2485
f 1652 1689 1757 1898
f 1610 1612 1898 1611
f 2833 8017 10502 10443
f 2114 2115 2160 2163
f 10455 2024 1779 10505
f 1664 1850 1791 1790
f 2807 2809 1747 2107
f 2168 2184 2214
f 2107 1746 2811 2807
f 1690 1741 1713 1694
f 1744 1743 1663 1880
f 2182 2169 2195
f 2173 2174 2175 2176
f 2177 2178 2203 2204
f 2202 2203 2169 2179
f 2175 2177 2206 2207
f 2167 2172 2178 2174
f 1629 1653 1786 1785
f 2253 2145 1586 2254
f 1517 1516 1547 1543
f 1781 1742 1739 1788
f 1689 1734 1639 1757
f 2180 2182 1521 1522
f 1634 1794 1793 1638
f 1762 1761 2100 2099
f 1533 1669 2443 2423
f 1544 1545 1519 1518
f 1551 1932 1643 1546
f 1643 1932 2238 2239
f 1534 1535 1544 1543
f 1520 2195 2197 1519
f 1520 1521 2182 2195
f 1520 1519 1545 1548
f 1545 1544 1535 1548
f 1937 10473 10470 2065
f 1753 1807 2234 2233
f 2474 1970 1969 2486
f 1624 4145 4089 2069
f 8028 8029 10457 10438
f 8026 8027 10495 10484
f 1949 1960 1967 1968
f 1960 1949 2786 2783
f 2097 2006 1763 2098
f 4177 4197 1955 2488
f 2069 4089 4200 1986
f 2018 2019 1696 1624
f 1687 2074 2075 1706
f 2456 2216 10498 10492
f 1710 1711 2003 2002
f 1706 2075 2076 1874
f 1708 1876 1877 1862
f 1640 2020 2021 1866
f 1799 1800 1662 1774
f 1539 10508 10472 1780
f 2494 1579 1566 2496
f 1647 2259 2260 1717
f 1647 1717 1682 1722
f 2086 1855 2088 2087
f 1674 1852 1792 1673
f 1574 2759 2754 1562
f 1560 1572 1573 1561
f 1591 2090 2497 2495
f 1594 1860 1867 1595
f 2461 2534 2532 2462
f 1587 1586 2145 2085
f 1584 1852 1674 1585
f 2098 2099 1842 1843
f 1796 1795 1698 1807
f 1881 1789 2138 2139
f 2225 2212 2450 2455
f 1605 1609 1601 1607
f 1610 2064 2113 2161
f 1613 2112 1606 1614
f 8014 8015 10506 10474
f 2210 2209 2215 2231
f 2064 2117 2116 2160
f 2113 2162 1604 2161
f 1665 10506 10448 1742
f 1787 1789 1788 1739
f 8016 2833 10443 10448
f 1663 1790 1791 1880
f 1609 1605 1691 1760
f 2139 2140 1745 1881
f 1791 1850 1673 1792
f 1663 1743 2140 2139
f 10457 8029 8030 10494
f 1694 2107 1747 1690
f 1741 1690 1840 1779
f 1567 1585 2810 2805
f 1557 1599 2255 2270
f 1879 2024 10455 10451
f 8026 10484 10468 8025
f 2169 2172 2197 2195
f 2172 2169 2203 2178
f 1741 1779 2103 2104
f 2175 2174 2178 2177
f 2102 2103 1779 2024
f 2235 2236 1656 1635
f 1622 1629 1785 1652
f 1669 1656 2236 2237
f 1932 2444 2432 2238
f 1515 1516 2192 2196
f 1515 1546 1547 1516
f 1516 1517 2193 2192
f 2193 1517 1518 2194
f 2194 1518 1519 2197
f 2179 2180 2183
f 2099 2100 1841 1842
f 8031 9388 10516 10444
f 1624 2069 2070 2018
f 1836 1837 2002 2003
f 2066 1939 1941 2067
f 1843 2007 2097 2098
f 2094 2095 2023 1845
f 1686 1712 1711 1695
f 1986 2017 2070 2069
f 1865 1834 2022 2021
f 1835 2004 2005 1865
f 1836 2019 2018 1837
f 1682 1801 1800 1683
f 1712 1864 2005 2004
f 1874 1875 1707 1706
f 2082 2092 1590 1589
f 2076 2077 1775 1874
f 2493 2497 2090 2089
f 1566 1591 2495 2496
f 2259 2493 2089 2260
f 1588 2083 2082 1589
f 2090 1591 1590 2092
f 2158 1561 1573 2159
f 1571 2252 2251 1584
f 1559 2156 2152 1596
f 1539 1780 1815 1542
f 1870 2258 1596 2152
f 1614 1606 1603 2063
f 1508 10459 10508 1539
f 2116 2117 1605 1607
f 1807 1698 2235 2234
f 2113 2115 2114 2162
f 2009 1755 1614 2063
f 1755 1756 1613 1614
f 1512 1532 1533 1513
f 2231 10481 10498 2216
f 1862 1761 1762 1863
f 1788 1789 1881 2010
f 2103 1778 2013 2104
f 1638 2236 2235 1698
f 1694 2106 1746 2107
f 1777 2014 1861 2026
f 1741 2104 2105 1713
f 1674 2811 2810 1585
f 1746 2253 2254 1600
f 2206 2205 2221 2222
f 1861 2014 2013 1778
f 2175 2207 2208 2176
f 2199 2200 2172 2167
f 2164 2167 2174 2173
f 1622 1623 1653 1629
f 1762 2099 2098 1763
f 1878 2025 2102 2101
f 1879 2101 2102 2024
f 1861 1778 2025 2026
f 1513 1533 2423 2453
f 2191 2442 2454 1514
f 2165 2191 2196 2164
f 1879 10451 10468 1841
f 1937 1957 10450 10473
f 1694 1713 1869 2106
f 1844 2096 2097 2007
f 8033 8034 10450 10458
f 1958 1952 1938 1964
f 1942 4148 4132 1959
f 1955 1941 2469 2488
f 2067 1941 1955 2068
f 1834 2006 2097 2096
f 1686 1863 1864 1712
f 1835 1865 2021 2020
f 2261 2262 1715 1716
f 1835 2020 2019 1836
f 2003 2004 1835 1836
f 2110 4105 4117 2111
f 1661 1692 1776 1775
f 1661 1775 2077 2078
f 1956 2093 1958 1964
f 1662 2078 2077 1774
f 1693 1661 2078 2079
f 1660 2079 2078 1662
f 1660 1801 1716 1715
f 1566 1565 1590 1591
f 2260 2089 2091 2261
f 1564 1577 1580 1568
f 2089 2090 2092 2091
f 1560 2156 2157 1572
f 2152 2156 1560 1595
f 1554 2268 2269 1555
f 8003 8004 10459 10465
f 2252 1571 1558 2268
f 10465 10480 8002 8003
f 1636 1815 2233 2234
f 1569 2255 2254 1586
f 1558 1571 1567 1556
f 10462 10481 2231 2215
f 2166 2212 2211 2171
f 8001 10507 10466 8000
f 1602 1601 1609 1608
f 8001 8002 10480 10507
f 2170 2186 2187 2171
f 1622 1756 1755 1623
f 1602 1603 2114 2163
f 1511 1512 2189 2188
f 2215 2209 2220 2219
f 1606 2112 1604 2162
f 2210 2231 2216 2213
f 10462 10496 7996 7997
f 2010 2012 1781 1788
f 2102 2025 1778 2103
f 1714 1869 1713 2105
f 1556 2806 2804 2269
f 1853 2081 2083 2084
f 2263 2081 1853 2264
f 2254 2255 1599 1600
f 2185 1508 1509 2186
f 1587 2151 2154 1563
f 2506 2507 2513 2512
f 1841 2100 2101 1879
f 2172 2200 2194 2197
f 2100 1761 1878 2101
f 1750 1653 1623 1751
f 1862 1877 1878 1761
f 2170 2171 2211 2267
f 2166 2171 2188 2189
f 1750 1751 2012 2010
f 1532 1531 1635 1656
f 1781 2012 1754 1782
f 1514 1515 2196 2191
f 2164 2196 2192 2198
f 2193 2194 2200 2199
f 2198 2192 2193 2199
f 2167 2164 2198 2199
f 1863 1762 1763 1864
f 1958 2093 1936 1957
f 1844 2023 2095 2096
f 1834 1865 2005 2006
f 1938 1952 2066 2067
f 1763 2006 2005 1864
f 1707 1875 1876 1708
f 1686 1708 1862 1863
f 1716 1717 2260 2261
f 1775 1776 1875 1874
f 1875 1776 1777 1876
f 1564 1565 1578 1577
f 1854 2262 2261 2091
f 1565 1566 1579 1578
f 1588 1568 2154 2151
f 1565 1564 1589 1590
f 1588 2151 2084 2083
f 2804 2270 1583 2808
f 1596 2251 2252 1559
f 2530 2521 2520 2531
f 1925 2398 2531 2520
f 1508 1539 1542 1509
f 1542 1815 1636 1530
f 2165 2213 2449 2437
f 2166 2189 2190
f 2168 2230 2201
f 1602 1608 2063 1603
f 1608 1754 2009 2063
f 1603 1606 2162 2114
f 1623 1755 2009 1751
f 1754 2012 1751 2009
f 2264 2265 1869 1714
f 1619 2146 2266 2265
f 1619 2085 2145 2146
f 1740 2013 2014 1692
f 1869 2265 2266 2106
f 1783 4125 4181 1866
f 1619 2265 2264 1853
f 2084 2151 1587 2085
f 2805 2806 1556 1567
f 2176 2208 2209 2210
f 2165 2164 2173 2213
f 2094 1783 2022 2095
f 2187 2188 2171
f 2109 4128 4105 2110
f 2021 2022 1783 1866
f 2080 2263 2264 1714
f 1936 2093 2110 2111
f 1938 2067 2068 1942
f 1834 2096 2095 2022
f 1959 1964 1938 1942
f 4129 1696 1640 4141
f 1692 2014 1777 1776
f 2262 1854 2081 2263
f 1583 2270 2255 1569
f 1714 1693 2079 2080
f 2079 1660 1715 2080
f 1854 2091 2092 2082
f 1854 2082 2083 2081
f 1564 1568 1588 1589
f 1556 2269 2268 1558
f 1509 1542 1530 1510
f 1509 1510 2187 2186
f 1510 1511 2188 2187
f 2170 2185 2186
f 1693 1714 2105 1740
f 2408 2409 2307 2287
f 1853 2084 2085 1619
f 1820 2462 2532 2510
f 1563 2154 2155 1576
f 1715 2262 2263 2080
f 1956 2109 2110 2093
f 1956 1935 2108 2109
f 4144 4184 2108 1935
f 1777 2026 1877 1876
f 1692 1661 1693 1740
f 2318 2319 2356 2374
f 1580 2155 2154 1568
f 3998 2288 2379 4031
f 2252 2268 1554 1559
f 1569 1586 1587 1563
f 1935 1956 1964 1959
f 2528 2531 2398 2397
f 1522 1521 1553 1529
f 1771 2243 2242 2061
f 1883 2062 2242 2243
f 2057 2059 2060 2058
f 1638 1793 2237 2236
f 2463 2125 2045 2466
f 1604 2112 1613 1612
f 2532 2533 2511 2510
f 2223 2224 2208 2207
f 1511 1531 1532 1512
f 2222 2223 2207 2206
f 1906 2257 2525 1909
f 1718 1765 2506 2512
f 2250 2251 1596 2258
f 2528 2529 2530 2531
f 2253 2266 2146 2145
f 2166 2190 2441 2438
f 1754 1608 1609 1782
f 2211 2212 2225 2267
f 2396 7968 7969 2404
f 1644 1620 2133 2132
f 1914 4025 3997 2037
f 7974 7975 2136 1833
f 1620 1645 3988 3987
f 1913 2519 2509 1914
f 2328 4047 4086 4002
f 1724 1897 7979 7980
f 1893 3990 3994 2134
f 1911 1980 1992 1993
f 1725 1811 2120 2121
f 2027 2039 2040 2028
f 2149 2150 2286 2285
f 2310 2318 2324 2325
f 1965 2283 4193 4093
f 2142 1642 1675 2143
f 1728 1817 1818 2041
f 2202 2228 2204 2203
f 2168 2201 2202 2179
f 1652 1785 1784 1689
f 2782 4136 4168 1951
f 1663 2139 2138 1790
f 2137 1787 10502 10469
f 2141 1659 1642 2142
f 2239 2240 1666 1643
f 1972 2788 2547 1977
f 1605 2117 2118 1691
f 1690 1747 1748 1840
f 1948 1949 1968 1969
f 2064 2160 2115 2113
f 1652 1898 1756 1622
f 2065 1943 1939 2066
f 1952 1937 2065 2066
f 1601 1602 2163 1607
f 1607 2163 2160 2116
f 1532 1656 1669 1533
f 1746 2106 2266 2253
f 2111 10442 10458 1936
f 10466 2225 2455 10471
f 1750 2010 1881 1745
f 1740 2105 2104 2013
f 2208 2224 2220 2209
f 2023 10494 10444 1845
f 1636 2234 2235 1635
f 1877 2026 2025 1878
f 2287 2378 2422 2408
f 1635 1531 1530 1636
f 2307 2409 2412 2321
f 1510 1530 1531 1511
f 2407 8046 8053 2410
f 2396 2529 7967 7968
f 2336 2327 2360 2347
f 2289 2305 2310 2290
f 2345 4053 4065 2346
f 2293 2385 2386 2384
f 2336 2339 2359 2327
f 2292 2293 2384 2383
f 4260 4264 2802 2801
f 2291 2325 2304 2292
f 2297 2298 5132 2390
f 2302 2314 4185 4109
f 2293 2292 2304 2303
f 2298 2299 2392 5133
f 2834 2835 2392 2299
f 2293 2760 2794 2385
f 2303 2796 2760 2293
f 2299 2298 2309 2311
f 4101 4149 2296 2389
f 2296 2297 2390 2389
f 2294 2308 2797 2801
f 2295 2302 4109 4152
f 2288 3998 4027 2306
f 8049 2418 2419 8050
f 2348 2413 2420 2349
f 4032 4047 2328 2358
f 2414 8051 8050 2419
f 1628 1810 2120 2119
f 4000 2352 2370 4016
f 2375 2330 2357 2376
f 2353 4062 4079 2355
f 1910 2524 2271 1907
f 2329 2370 2330 2356
f 2377 4059 4032 2358
f 2329 4006 4016 2370
f 2324 2318 2374 2340
f 4038 2343 2376 4061
f 2375 2376 2343 2341
f 2352 2357 2330 2370
f 2321 2348 4007 4010
f 2310 2305 2319 2318
f 2330 2375 2374 2356
f 2410 8053 8052 2411
f 2290 2381 2380 2289
f 2288 2306 2305 2289
f 4010 4026 2307 2321
f 2341 2340 2374 2375
f 2343 2353 2372 2341
f 2319 2320 2329 2356
f 2343 4038 4062 2353
f 2317 2324 2340 2371
f 1887 2247 7985 7986
f 8054 9363 10512 10488
f 2381 2290 2291 2382
f 2291 2292 2383 2382
f 2371 2340 2341 2372
f 2361 2371 2372 2362
f 1731 2513 2507 1764
f 2338 2335 2327 2359
f 2355 2362 2372 2353
f 2363 2548 4058 4077
f 2536 2539 2362 2355
f 1839 1999 2000 1851
f 2290 2310 2325 2291
f 2316 2303 2304 2317
f 2799 4041 4070 2364
f 2365 4076 4046 2366
f 2537 2795 2331 2332
f 2347 10489 10452 2336
f 1971 1974 2618 2787
f 2316 2317 2371 2361
f 2323 2339 10490 10509
f 2336 10452 10490 2339
f 4055 4216 4164 2368
f 2571 2796 2303 2316
f 8071 10526 10431 8070
f 2537 2332 2354 2798
f 2589 2797 2308 2315
f 2571 2316 2361 2767
f 2326 2333 4116 4160
f 2362 2539 2767 2361
f 2334 4113 4169 2345
f 2300 2322 2312 2309
f 2334 2345 2346 2335
f 2312 2322 2338 2359
f 2312 2359 2339 2323
f 2331 2795 2589 2315
f 2309 2312 2323 2311
f 2337 2338 2322 2313
f 2313 4188 4157 2337
f 2334 2335 2338 2337
f 2300 2309 2298 2297
f 2300 2301 2313 2322
f 2300 2297 2296 2301
f 1833 2394 7973 7974
f 1915 2521 2530 2395
f 2346 4065 4044 2360
f 2038 1915 2395 2403
f 2335 2346 2360 2327
f 2414 2411 8052 8051
f 4080 2418 8049 9321
f 2349 2420 2417 2350
f 2379 2288 2289 2380
f 1985 2274 2406 2400
f 1812 1813 2393 1832
f 7970 2397 2402 7971
f 2406 2415 2416 2405
f 2401 2402 2397 2398
f 2414 2419 2420 2413
f 2400 2406 2405 2399
f 2421 2407 2408 2422
f 2415 4073 4082 2416
f 2410 2411 2412 2409
f 2413 2412 2411 2414
f 1832 2393 2394 1833
f 2419 2418 2417 2420
f 2393 2403 2404 2394
f 2403 2395 2396 2404
f 2399 2402 2401 2400
f 2407 2410 2409 2408
f 2529 2396 2395 2530
f 1813 2038 2403 2393
f 2463 2466 2465 2464
f 2166 2438 2450 2212
f 2437 2449 2450 2438
f 1513 2453 2441 2190
f 2442 2441 2453 2454
f 1551 1514 2454 2424
f 2423 2424 2454 2453
f 2431 2443 1669 2237
f 2443 2431 2432 2444
f 2213 2216 2456 2449
f 2455 2450 2449 2456
f 1551 2424 2444 1932
f 2423 2443 2444 2424
f 1931 2238 2432 2428
f 2431 2427 2428 2432
f 2428 2430 1735 1931
f 2428 2427 2429 2430
f 1735 2430 2426 1736
f 2429 2425 2426 2430
f 1772 2448 2458 1681
f 2448 2447 2457 2458
f 2425 1758 1728 2445
f 2425 2445 2446 2426
f 1900 2435 2439 1929
f 2435 2436 2440 2439
f 1728 2041 2465 2445
f 2446 2445 2465 2466
f 1820 2755 2765 2462
f 2765 2766 2461 2462
f 2248 2040 2467 2464
f 2463 2464 2467 2468
f 1805 1929 2439 2457
f 2439 2440 2458 2457
f 1819 2511 2533 2452
f 2451 2452 2533 2535
f 1697 2780 2776 1916
f 1697 1648 2781 2780
f 2042 2043 2460 2434
f 2459 2433 2434 2460
f 2039 2459 2467 2040
f 2467 2459 2460 2468
f 2433 2030 1819 2452
f 2451 2434 2433 2452
f 1968 1967 2487 2470
f 2469 2470 2487 2488
f 4153 4173 1625 2471
f 2488 2487 4156 4177
f 1943 2473 2485 1939
f 2473 2474 2486 2485
f 1968 2470 2486 1969
f 2485 2486 2470 2469
f 2472 2478 2017 1986
f 2472 2471 2477 2478
f 1838 2017 2478 2484
f 2483 2484 2478 2477
f 8037 8064 10475 10483
f 8064 8063 10491 10475
f 2480 2481 1709 2001
f 2479 2482 2481 2480
f 1838 2484 2480 2001
f 2483 2479 2480 2484
f 1688 1709 2481 2475
f 2475 2481 2482 2476
f 2448 1772 1773 2489
f 2448 2489 2491 2447
f 1798 2447 2491 2476
f 2489 1773 1799 2490
f 2489 2490 2492 2491
f 2475 2476 2491 2492
f 1873 2490 1799 1774
f 1705 2492 2490 1873
f 1688 2475 2492 1705
f 2259 2088 1855 2493
f 1855 2086 2497 2493
f 2494 2496 1570 1581
f 1592 2495 2497 2086
f 1570 2496 2495 1592
f 1559 1554 2157 2156
f 1569 1563 1576 1583
f 2271 2524 2525 2257
f 2397 7970 8065 2528
f 2528 8065 7967 2529
f 1923 1924 2508 2518
f 2509 2519 2518 2508
f 1802 1649 2517 2499
f 2516 2498 2499 2517
f 2500 1868 1631 2504
f 2500 2504 2505 2501
f 1678 1802 2499 2501
f 2499 2498 2500 2501
f 2504 1631 1630 2522
f 2505 2504 2522 2523
f 1676 2523 2513 1731
f 2522 2512 2513 2523
f 1765 1820 2510 2506
f 2510 2511 2507 2506
f 2461 1901 2526 2534
f 2534 2526 2527 2535
f 2256 2526 1901 1903
f 1582 2527 2526 2256
f 1903 1907 2271 2256
f 2256 2271 2257 1582
f 1910 1920 2273 2524
f 2272 2525 2524 2273
f 2273 1920 1921 2502
f 2272 2273 2502 2503
f 1921 1922 2514 2502
f 2503 2502 2514 2515
f 1922 1923 2518 2514
f 2514 2518 2519 2515
f 4018 2521 1915 4024
f 2521 4018 4012 2520
f 1870 1871 2516 2258
f 2250 2258 2516 2517
f 1852 2250 2517 1649
f 1648 1697 2766 2765
f 1648 2765 2755 1655
f 1575 1597 2754 2759
f 1598 2763 2754 1597
f 2758 2762 1804 1803
f 1657 1593 2763 2762
f 2756 1718 1630 2758
f 2755 2757 1821 1655
f 2756 2757 1765 1718
f 1916 2752 2766 1697
f 1901 2752 2753 1903
f 1996 2761 2753 1917
f 1930 2764 2761 1996
f 1930 1618 2540 2764
f 2780 2781 2436 2435
f 2776 2780 2435 1900
f 1581 1570 2775 2769
f 1592 2773 2775 1570
f 1804 1598 2773 2777
f 1719 1651 2778 2768
f 1719 2768 2777 1650
f 1821 2770 2771 1655
f 2541 2774 1926 1616
f 2772 2776 1900 1899
f 1996 2779 2774 1930
f 1899 1997 2779 2772
f 1641 2436 2781 2771
f 1823 2778 2770 1821
f 2783 4133 4137 1960
f 1940 1961 2783 2786
f 1951 1973 2549 2782
f 1945 1940 2786 2785
f 1946 1945 2785 2784
f 10437 2784 1947 10503
f 1951 2787 2618 1973
f 1940 2789 2790 1961
f 2790 4121 4165 1961
f 1946 2791 2792 1945
f 8068 8041 10460 10463
f 1940 1945 2792 2789
f 2331 4270 4217 2332
f 2331 2315 4271 4270
f 4218 4271 2315 2308
f 2332 4217 4258 2354
f 2536 4056 4327 4258
f 4218 2308 2294 4248
f 2760 4248 4261 2794
f 4219 2548 2793 4253
f 1759 2538 2793 2280
f 2314 4254 4222 2326
f 2589 4254 4223 2797
f 4238 4252 2537 2798
f 2333 2326 4222 4252
f 2369 4050 4324 4244
f 2797 4223 4260 2801
f 2387 2294 2801 2802
f 2282 2369 4244 4255
f 4255 2800 2546 4269
f 1953 2547 2788 1966
f 2803 1971 4189 4100
f 1944 2730 2597 1954
f 2582 2803 1963 1975
f 8041 8066 10434 10460
f 2547 1953 1954 2597
f 1557 2806 2805 1599
f 2269 2804 2808 1555
f 1557 2270 2804 2806
f 1600 2810 2811 1746
f 2805 2810 1600 1599
f 2807 2811 1674 1673
f 1673 1850 2809 2807
f 1664 10461 10487 2812
f 1664 2812 2809 1850
f 2494 1581 2824 2829
f 2157 2827 2815 1572
f 1581 2769 2831 2824
f 2159 1573 2816 2828
f 1574 2159 2828 2817
f 1576 2819 2825 1583
f 2821 1578 1579 2822
f 2155 2826 2819 1576
f 2808 1583 2825 2832
f 2823 2826 2155 1580
f 1573 1572 2815 2816
f 2808 2832 2814 1555
f 1575 2818 2831 2769
f 2494 2829 2822 1579
f 1580 1577 2820 2823
f 1554 1555 2814 2813
f 1575 2759 2830 2818
f 2759 1574 2817 2830
f 1554 2813 2827 2157
f 2820 1577 1578 2821
f 1315 2819 2826 1305
f 1315 1325 2825 2819
f 1335 2832 2825 1325
f 2814 2832 1335 1346
f 1357 2813 2814 1346
f 1357 1368 2827 2813
f 2815 2827 1368 1379
f 1379 1390 2816 2815
f 2816 1390 1401 2828
f 2817 2828 1401 1412
f 1412 1423 2830 2817
f 1423 1434 2818 2830
f 1434 1445 2831 2818
f 1445 1456 2824 2831
f 2824 1456 1467 2829
f 2822 2829 1467 1478
f 2821 2822 1478 1489
f 1500 2820 2821 1489
f 2820 1500 1295 2823
f 2823 1295 1305 2826
f 2218 2836 2221 2217
f 2218 7995 8074 2836
f 2222 2221 2836 2837
f 8075 10456 10432 10440
f 2223 2222 2837 2838
f 2837 10456 10467 2838
f 2223 2838 2839 2224
f 2838 10467 10476 2839
f 2224 2839 2219 2220
f 2219 2839 10476 10496
f 2626 2627 1615 2540
f 2659 2675 2698 2676
f 2543 2554 2560 2544
f 2554 2543 2649 2648
f 2557 2545 2558
f 2714 4268 4232 2629
f 2639 2640 2579 2581
f 2658 2661 2662 2657
f 2562 2561 2710 2711
f 2618 1974 2636 2619
f 1759 2628 2629 2538
f 2557 2558 4231 4265
f 2630 2631 2546 1950
f 2662 2663 2659 2657
f 2640 2642 2612 2579
f 2566 4233 4242 2592
f 2658 2660 2661
f 2544 2560 2591 2590
f 2626 2625 2749 2746
f 2700 2721 2741 2681
f 1616 1617 2622 2623
f 2670 4226 4246 2695
f 4237 4245 2664 2751
f 2586 2612 2642 2641
f 2717 2718 2649 2543
f 2684 2718 2650 2719
f 2553 2572 2574 2567
f 2622 2646 2720 2623
f 4232 4262 2538 2629
f 2596 2578 2600 2598
f 2583 2584 2556 2555
f 2648 4251 4267 2554
f 2550 2590 2591 2559
f 2712 2713 2545 2557
f 2640 2644 2645 2642
f 2584 4257 4249 2556
f 2603 2734 2735 2607
f 2645 2643 2655 2656
f 2642 2645 2656 2641
f 2634 2633 2710 2709
f 2631 2712 4250 4241
f 2600 2733 4228 4247
f 1615 2627 2628 1759
f 2628 2715 2714 2629
f 2697 2725 2726 2743
f 2568 2567 2663 2662
f 2554 4267 4243 2560
f 2613 2614 2564 2593
f 2732 2748 2668 2577
f 1973 2731 2620 2549
f 2575 2738 2739 2666
f 2596 2598 2574 2572
f 2575 2610 2737 2738
f 2680 2683 2660 2658
f 2563 2561 2562 2565
f 2747 2552 2570 2749
f 2731 2748 2729 2620
f 2729 2578 2596 2750
f 2669 2742 2587 2696
f 2707 2708 2583 2555
f 2671 2688 2689 2685
f 2598 2600 4247 4263
f 2588 4220 4224 2638
f 2544 2590 2715 2716
f 2679 2698 2675 2677
f 2588 2638 2637 2674
f 4230 4256 2673 2740
f 2643 2645 2644 2744
f 2632 2633 1976 2147
f 2551 2637 2638 2751
f 2565 4229 4221 2563
f 2587 2745 2694 2696
f 2655 2643 2692 2689
f 1974 2582 2635 2636
f 2732 2577 2599 2733
f 2674 2691 2724 2697
f 2647 4251 4266 2667
f 2601 2575 2666 2665
f 1616 2623 2624 2541
f 2678 2679 2699
f 2572 2646 2750 2596
f 2654 2617 2641 2656
f 2603 2607 2605 2602
f 2605 2610 2575 2601
f 2578 2732 2733 2600
f 4225 2574 2598 4263
f 2573 2602 2605 2601
f 2604 4236 4249 2576
f 2568 2569 2570 2552
f 2579 2612 2613 2593
f 2551 2665 2666 2691
f 2735 2606 2608 2736
f 2677 4239 4230 2740
f 2723 2722 2728 2727
f 2594 2595 2576 2585
f 2649 2706 2682 2648
f 2725 2671 2672 2726
f 2692 2742 2685 2689
f 2577 2668 2707 2555
f 2604 2606 2735 2734
f 2583 2708 2709 2616
f 2580 2586 2641 2617
f 2556 2599 2577 2555
f 2644 2640 2639 2647
f 2147 4269 4241 2632
f 2630 2713 2712 2631
f 2632 2711 2710 2633
f 2573 2601 2665 2664
f 2542 2570 2569 2650
f 2557 4265 4250 2712
f 2635 2708 2707 2636
f 2612 2586 2594 2613
f 2716 2717 2543 2544
f 2716 2746 2542 2717
f 2594 2586 2580 2595
f 4221 4240 2615 2563
f 2584 2615 4240 4257
f 4235 2687 2673 4256
f 2616 2709 2710 2561
f 2673 2687 2670 2681
f 2584 2583 2616 2615
f 2651 2652 2654 2653
f 2609 2610 2605 2607
f 2699 2721 2723 2727
f 2651 2739 2738 2652
f 2654 2656 2655 2653
f 2715 2628 2627 2716
f 2661 2569 2568 2662
f 2592 2581 2579 2593
f 2611 2608 2580 2617
f 2692 2643 2744 2745
f 2653 2655 2689 2688
f 2690 2724 2739 2651
f 2623 2720 2747 2624
f 2678 2680 2658 2657
f 4229 4328 4233 2566
f 2619 2668 2748 2731
f 1618 2541 2624 2625
f 2660 2683 2719 2650
f 2608 2611 2737 2736
f 2688 2690 2651 2653
f 2667 4266 4227 2694
f 2673 2681 2741 2740
f 2669 4226 4235 2686
f 2693 2682 2706 2704
f 2677 2740 2741 2679
f 2552 2747 2720 2553
f 2578 2729 2748 2732
f 2727 2728 2683 2680
f 2685 2742 2669 2686
f 2699 2679 2741 2721
f 1975 1976 2633 2634
f 2697 2724 2690 2725
f 2690 2688 2671 2725
f 2704 2706 2684 2705
f 2683 2728 2722 2719
f 2551 2691 2674 2637
f 2572 2553 2720 2646
f 2620 2729 2750 2621
f 2588 2674 2697 2743
f 2705 2684 2719 2722
f 2670 2695 2702 2701
f 2621 2750 2646 2622
f 2700 2701 2702 2703
f 2657 2659 2676 2678
f 2702 2704 2705 2703
f 2693 2704 2702 2695
f 2607 2735 2736 2609
f 2659 2663 4237 4224
f 2615 2616 2561 2563
f 2717 2542 2650 2718
f 2722 2723 2703 2705
f 4227 4246 2696 2694
f 2595 2580 2608 2606
f 2708 2635 2634 2709
f 2626 2746 2716 2627
f 2700 2703 2723 2721
f 2737 2611 2652 2738
f 2734 4228 4236 2604
f 2587 2742 2692 2745
f 2644 2647 2667 2744
f 2660 2650 2569 2661
f 2671 2685 2686 2672
f 2736 2737 2610 2609
f 2567 2574 4225 4245
f 2611 2617 2654 2652
f 2667 2694 2745 2744
f 2619 2636 2707 2668
f 2582 1975 2634 2635
f 2552 2553 2567 2568
f 2675 4220 4239 2677
f 2624 2747 2749 2625
f 2678 2699 2727 2680
f 2542 2746 2749 2570
f 2545 4259 4234 2558
f 2700 2681 2670 2701
f 2551 2751 2664 2665
f 2592 2593 2564 2566
f 1973 2618 2619 2731
f 2550 2714 2715 2590
f 1934 2549 2620 2621
f 2581 2592 4242 4243
f 4259 4268 2714 2550
f 2613 2594 2585 2614
f 1617 1934 2621 2622
f 2625 2626 2540 1618
f 2604 2576 2595 2606
f 2724 2691 2666 2739
f 2649 2718 2684 2706
f 2904 3059 2856 2841
f 2849 2854 4302 4282
f 2903 3029 4294 4299
f 2948 4289 4294 3029
f 3370 3424 3423 3371
f 3366 3364 8078 8079
f 3374 3372 8082 8083
f 3368 3366 8079 8080
f 3378 8085 8086 3380
f 8087 8088 3384 3382
f 3386 8089 8090 3388
f 8091 8092 3392 3390
f 3396 3394 8093 8094
f 3398 3870 3345 3399
f 3857 3396 8094 9119
f 9136 3345 3870 9140
f 3347 3348 3402 3401
f 3357 3358 3453 3454
f 3366 3368 3369 3367
f 8083 8084 3376 3374
f 3370 8081 8095 3424
f 3475 3562 3711 3476
f 8082 3372 3424 8095
f 3352 3353 3408 3407
f 3160 3162 3163 3161
f 3378 3379 3377 3376
f 8084 8085 3378 3376
f 3386 3387 3385 3384
f 3382 3380 8086 8087
f 3386 3384 8088 8089
f 8090 8091 3390 3388
f 3394 3392 8092 8093
f 3457 3473 3472 3458
f 3454 3455 3356 3357
f 3353 3354 3409 3408
f 3162 3200 3164 3163
f 9154 3357 3356 9155
f 3666 3520 3856 3857
f 2920 3065 3015 2919
f 2840 2862 3038 2901
f 2840 2860 3028 2902
f 2915 2842 2861 3039
f 2902 2903 3031 3030
f 3032 3033 2931 2930
f 2848 2847 2946 2951
f 2948 3029 3028 2947
f 2932 3063 2857 2845
f 3036 2951 2953 3045
f 2902 3028 3029 2903
f 2840 2902 3030 2862
f 2907 3079 3080 2908
f 2841 2863 3072 2904
f 2842 2862 3030 2916
f 2843 2857 3063 2918
f 2846 2935 2962 2849
f 2916 3030 3031 2917
f 2848 2951 3036 2855
f 4285 2931 3033 4295
f 2847 2848 2949 2947
f 2936 3013 4272 4304
f 2851 4308 4302 2854
f 2963 3026 2855 2850
f 2967 2965 3036 3045
f 2976 3077 2864 2851
f 2852 2858 3022 2977
f 2990 3078 2865 2853
f 3086 3107 4293 4286
f 2978 4303 4290 3025
f 2864 4305 4308 2851
f 2933 4277 4309 3015
f 2930 2844 2861 3032
f 2847 2947 3028 2860
f 2859 3035 2979 2852
f 2867 2866 2926 3021
f 2912 2868 2867 3021
f 3038 2915 2913 3048
f 2868 2912 3020 2869
f 2898 2870 2869 3020
f 2871 2870 2898 3019
f 2873 2874 3044 2952
f 2876 3017 2982 2877
f 2985 2880 2879 2998
f 2887 2895 3006 2888
f 2911 3066 3008 2910
f 2909 3009 2890 2889
f 2920 3081 3079 2907
f 2893 3079 3081 2906
f 2941 2942 3067 3005
f 2894 3080 3079 2893
f 2895 2896 3007 3006
f 2897 2898 3020 3058
f 2957 3002 3003 2956
f 2896 3005 3067 2897
f 2901 3038 3048 2899
f 2944 2945 2952 2953
f 2944 2953 2951 2946
f 2943 2954 2873 2872
f 2842 2915 3038 2862
f 2905 3014 4287 4307
f 2905 2906 3081 3014
f 2841 2856 4272 4307
f 2905 3013 3076 2906
f 2916 3032 2861 2842
f 2907 3061 3065 2920
f 2890 3009 2923 2891
f 2911 2912 3021 3066
f 2909 3006 3007 2910
f 2910 3007 3058 2911
f 2911 3058 3020 2912
f 2913 3050 3051 2914
f 2916 2917 3033 3032
f 4274 4309 2857 2843
f 2919 4274 4287 3014
f 3061 3062 2922 2921
f 2925 3066 3021 2926
f 2870 2900 3049 2869
f 4275 2962 2935 4289
f 2937 2938 3070 3076
f 2844 2929 3039 2861
f 2936 4304 4282 2960
f 2962 3052 2854 2849
f 2855 3036 2965 2850
f 2859 2850 2965 3035
f 2939 2938 2958 2959
f 2963 2964 3027 3026
f 2939 3071 3070 2938
f 2909 2889 2888 3006
f 2944 2946 3037 3046
f 2942 2943 3019 3067
f 2874 2875 2966 3044
f 2954 3018 2874 2873
f 2874 3018 2968 2875
f 3026 3027 2950 2949
f 2976 4273 4290 3077
f 2949 2950 2948 2947
f 2936 2937 3076 3013
f 2950 3027 4292 4275
f 3035 2965 2967 3043
f 3018 2954 2955 3056
f 2986 2987 3074 3073
f 2875 2968 3017 2876
f 2972 2975 3064 3073
f 2975 3053 3012 2974
f 2958 2961 3053 3054
f 2961 2960 3012 3053
f 2887 2886 3004 2895
f 2963 3024 3025 2964
f 4276 2853 2865 4296
f 2980 2981 3043 3042
f 2977 2978 3025 3024
f 2966 3042 3043 2967
f 2969 2968 3018 3056
f 2982 3016 2878 2877
f 2970 2971 3000 3001
f 2884 2885 2939 2959
f 2981 3041 3034 2979
f 2973 2972 3073 3074
f 2853 4276 4305 2864
f 2975 2974 3011 3064
f 2859 3024 2963 2850
f 2966 2967 3045 3044
f 2978 2977 3022 3023
f 2864 3077 2990 2853
f 3035 3043 2981 2979
f 2980 3040 3041 2981
f 3017 3057 2983 2982
f 3001 2984 2983 3057
f 2984 3001 3000 2985
f 2986 3073 3064 2989
f 3068 3069 2987 2986
f 2988 3010 3075 2989
f 2973 3074 2881 2882
f 3104 3288 3142 3100
f 3085 3103 4280 4279
f 3112 3124 3298 3139
f 3087 3104 3100 3083
f 2992 3084 3092 3093
f 2994 3095 3096 2995
f 2955 2942 2941 2956
f 2942 2955 2954 2943
f 2913 2914 3049 3048
f 2892 2995 3096 3097
f 3091 3109 3285 2991
f 2852 2979 3034 2858
f 2851 2854 3052 2976
f 2918 3072 2863 2843
f 2938 2937 2961 2958
f 2890 2891 2922 3062
f 2860 2840 2901 3037
f 2856 3059 2935 2846
f 3014 3081 2920 2919
f 2847 2860 3037 2946
f 3015 3065 2934 2933
f 2871 3019 2943 2872
f 2914 2868 2869 3049
f 2964 4273 4292 3027
f 2998 2999 2984 2985
f 2978 3023 4298 4303
f 2852 2977 3024 2859
f 2980 2877 2878 3040
f 2968 2969 3057 3017
f 2936 2960 2961 2937
f 2966 2875 2876 3042
f 2982 2983 3060 3016
f 2903 4299 4284 3031
f 2871 3047 2900 2870
f 2868 2914 3051 2867
f 2867 3051 2927 2866
f 3093 3094 2993 2992
f 3103 3284 4297 4280
f 2889 2890 3062 2908
f 3285 3109 3342 3302
f 3090 3108 3106 3089
f 2997 3099 3091 2991
f 2959 2958 3054 3055
f 2885 2940 3004 2886
f 2955 2956 3003 3056
f 2972 2973 3055 3054
f 2848 2855 3026 2949
f 2928 2927 3051 3050
f 3097 3098 2996 2892
f 2970 3003 3002 2971
f 2913 2915 3039 3050
f 3046 2899 2900 3047
f 2971 3002 2883 2882
f 2923 3009 3008 2924
f 2895 3004 3005 2896
f 3008 3009 2909 2910
f 2886 3071 2939 2885
f 2882 2883 3055 2973
f 2898 2897 3067 3019
f 3294 3106 3108 3341
f 3094 3095 2994 2993
f 2929 2928 3050 3039
f 2871 2872 2945 3047
f 2899 3048 3049 2900
f 2945 2944 3046 3047
f 3003 2970 2969 3056
f 2989 3075 3068 2986
f 2876 2877 2980 3042
f 2879 2880 2987 3069
f 2887 2888 3080 2894
f 2934 3065 3061 2921
f 2924 3008 3066 2925
f 2907 2908 3062 3061
f 2988 2989 3064 3011
f 2917 3031 4284 4291
f 2901 2899 3046 3037
f 2872 2873 2952 2945
f 4291 2918 3063 4295
f 2952 3044 3045 2953
f 2969 2970 3001 3057
f 2983 2984 2999 3060
f 2987 2880 2881 3074
f 2882 2881 3000 2971
f 2880 2985 3000 2881
f 3053 2975 2972 3054
f 2884 2959 3055 2883
f 2940 2885 2884 2957
f 2883 3002 2957 2884
f 2941 2940 2957 2956
f 2886 2887 2894 3071
f 2888 2889 2908 3080
f 2896 2897 3058 3007
f 2893 2906 3076 3070
f 2893 3070 3071 2894
f 2996 3098 3099 2997
f 3103 3085 2991 3285
f 3088 3873 3877 3105
f 3086 3082 3101 3107
f 3088 3105 3108 3090
f 3463 3095 3094 3464
f 3111 3472 3342 3109
f 2940 2941 3005 3004
f 3291 3292 3340 3341
f 3104 4293 4288 3288
f 3418 3417 3462 3463
f 3460 3099 3098 3461
f 3096 3462 3148 3097
f 3412 3457 3458 3413
f 3093 3465 3464 3094
f 3101 3144 3308 3107
f 3110 3311 3313 3092
f 3134 3449 3195 3117
f 3313 3465 3093 3092
f 3095 3463 3462 3096
f 3140 3290 3120 3113
f 3142 3874 3877 3100
f 3091 3099 3111 3109
f 3111 3099 3460 3459
f 3113 3875 3876 3140
f 3116 3115 3158 3159
f 3118 3117 3195 3196
f 3297 3301 3343 3344
f 9143 9150 3353 3352
f 3157 9153 9155 3356
f 3112 3139 4300 4301
f 3300 3305 3303 3299
f 3125 3126 3300 3299
f 9147 3129 3361 9151
f 3130 3362 3363 3131
f 3351 3350 9146 9149
f 3448 3449 3425 3426
f 3133 3425 3449 3134
f 3132 3411 3425 3133
f 9142 3360 3359 9148
f 9145 3358 3357 9154
f 3158 3160 3161 3159
f 3128 3344 3474 3138
f 3130 8385 8602 3362
f 3411 3412 3426 3425
f 3136 3456 3411 3132
f 3359 3358 9145 9148
f 3116 3159 3450 3135
f 3360 9142 9151 3361
f 3139 3298 3307 3143
f 3355 3354 9144 9152
f 3282 3436 3437 3319
f 3103 3285 3302 3284
f 3143 3307 3308 3144
f 3295 3340 3339 3296
f 3290 4281 4283 3120
f 3135 3450 3361 3129
f 3413 3458 3459 3414
f 3354 3353 9150 9144
f 3147 3146 3470 3471
f 3362 3364 3365 3363
f 3142 3288 3289 3141
f 3144 4297 4306 3143
f 3368 3370 3371 3369
f 3121 3127 3339 3293
f 3145 3114 3137 3469
f 3150 3151 3444 3430
f 3340 3295 3294 3341
f 3102 3147 3471 3110
f 3419 3464 3465 3420
f 3244 3309 3440 3441
f 3205 3207 3172 3170
f 3166 3165 3164 3200
f 3355 3157 3156 3410
f 3172 3207 3210 3173
f 3197 3198 3196 3195
f 3165 3454 3453 3164
f 3160 3198 3467 3162
f 3161 3163 3452 3451
f 3167 3165 3166 3168
f 3170 3172 3171 3169
f 3172 3173 3174 3171
f 3157 3356 3455 3156
f 3166 3202 3204 3168
f 3408 3409 3171 3174
f 3177 3178 3180 3179
f 3179 3181 3404 3405
f 3185 3187 3401 3402
f 3183 3181 3182 3184
f 3178 3213 3215 3180
f 3176 3177 3406 3407
f 3180 3215 3217 3182
f 3217 3219 3184 3182
f 3221 3223 3188 3186
f 3184 3219 3221 3186
f 3189 3191 3399 3400
f 3188 3223 3225 3190
f 3191 3193 3398 3399
f 3243 3199 3447 3446
f 3440 3211 3209 3441
f 3206 3443 3442 3208
f 3202 3466 3243 3201
f 3170 3154 3153 3205
f 3208 3442 3441 3209
f 3439 3214 3211 3440
f 3343 3473 3474 3344
f 3216 3214 3439 3438
f 3268 3309 3310 3270
f 3216 3438 3437 3218
f 3269 3438 3439 3268
f 3436 3220 3218 3437
f 3269 3271 3320 3319
f 3222 3435 3434 3224
f 3286 3301 3297 3287
f 3433 3226 3224 3434
f 3856 3859 3335 3397
f 3326 3328 3333 3332
f 8078 3364 3362 8602
f 3228 3432 3431 3230
f 3331 3324 3326 3332
f 3231 3232 3236 3235
f 3421 3422 3233 3231
f 3246 3317 3238 3236
f 3237 3419 3420 3235
f 3722 3862 3861 3724
f 3242 3241 3442 3443
f 3210 3209 3211 3212
f 3175 3178 3177 3176
f 3205 3153 3152 3206
f 3245 3310 3309 3244
f 3303 3304 3471 3470
f 3206 3208 3207 3205
f 3240 3238 3317 3245
f 3315 3316 3249 3247
f 3274 3250 3249 3316
f 3252 3254 3321 3273
f 3277 3276 3387 3389
f 3259 3261 3260 3258
f 3257 3276 3277 3259
f 3330 3329 3391 3393
f 3257 3255 3322 3276
f 3279 3258 3260 3327
f 3260 3262 3328 3327
f 3281 3325 3323 3283
f 3277 3389 3391 3329
f 3266 3267 3858 3860
f 3263 3330 3334 3265
f 3335 3859 3858 3267
f 3220 3436 3435 3222
f 3183 3184 3186 3185
f 3225 3226 3228 3227
f 3309 3268 3439 3440
f 3253 3275 3322 3255
f 3276 3322 3385 3387
f 3258 3256 3257 3259
f 3261 3329 3330 3263
f 3280 3320 3321 3278
f 3281 3279 3327 3325
f 3263 3265 3264 3262
f 3280 3282 3319 3320
f 3228 3230 3229 3227
f 3301 3302 3342 3343
f 3187 3188 3190 3189
f 3140 3141 3289 3290
f 3296 3339 3127 3122
f 3105 3291 3341 3108
f 3084 3102 3110 3092
f 3289 4278 4281 3290
f 4278 3289 3288 4288
f 3351 9149 9143 3352
f 3106 3294 3147 3102
f 3339 3340 3292 3293
f 3145 3146 3295 3296
f 3145 3469 3470 3146
f 3342 3472 3473 3343
f 3346 3345 9136 9138
f 3347 3346 9138 9139
f 3123 3297 3344 3128
f 3241 3244 3441 3442
f 3154 3155 3167 3168
f 3163 3164 3453 3452
f 3409 3410 3169 3171
f 3284 3302 3301 3286
f 3303 3305 3306 3304
f 3141 3872 3874 3142
f 3148 3462 3417 3149
f 3212 3213 3178 3175
f 3270 3272 3273 3271
f 3214 3216 3215 3213
f 3181 3183 3403 3404
f 3338 3863 3864 3431
f 3201 3203 3204 3202
f 3245 3317 3318 3310
f 3315 3377 3379 3316
f 3145 3296 3122 3114
f 3274 3275 3253 3250
f 3256 3278 3321 3254
f 3235 3236 3238 3237
f 3251 3252 3273 3272
f 3240 3245 3244 3241
f 3375 3377 3315 3234
f 3252 3253 3255 3254
f 3248 3246 3247 3249
f 3248 3251 3272 3318
f 3126 3131 3363 3300
f 3216 3218 3217 3215
f 3222 3224 3223 3221
f 3189 3400 3401 3187
f 3337 3862 3863 3338
f 3256 3258 3279 3278
f 3261 3263 3262 3260
f 3230 3867 3866 3229
f 3327 3328 3326 3325
f 3194 3865 3868 3193
f 3192 3227 3229 3194
f 3332 3337 3338 3331
f 3324 3433 3434 3323
f 3325 3326 3324 3323
f 3333 3264 3266 3336
f 3860 3861 3336 3266
f 3264 3265 3267 3266
f 3223 3224 3226 3225
f 3191 3189 3190 3192
f 3228 3226 3433 3432
f 3279 3281 3280 3278
f 3259 3277 3329 3261
f 3323 3434 3435 3283
f 3229 3866 3865 3194
f 3233 3373 3375 3234
f 3316 3379 3381 3274
f 3190 3225 3227 3192
f 3330 3393 3395 3334
f 3282 3283 3435 3436
f 3264 3333 3328 3262
f 3334 3335 3267 3265
f 3333 3336 3337 3332
f 3247 3232 3234 3315
f 3230 3431 3864 3867
f 3254 3255 3257 3256
f 3381 3383 3275 3274
f 3336 3861 3862 3337
f 3219 3217 3218 3220
f 3220 3222 3221 3219
f 3179 3405 3406 3177
f 3275 3383 3385 3322
f 3166 3200 3466 3202
f 3294 3295 3146 3147
f 3365 3367 3306 3305
f 3137 3125 3299 3469
f 3311 3304 3306 3312
f 3213 3212 3211 3214
f 3303 3470 3469 3299
f 3369 3371 3314 3312
f 3444 3445 3429 3430
f 9137 3348 3347 9139
f 3368 8080 8081 3370
f 3364 3366 3367 3365
f 3399 3345 3346 3400
f 3346 3347 3401 3400
f 3350 3351 3406 3405
f 3349 3403 3402 3348
f 3354 3355 3410 3409
f 3452 3453 3358 3359
f 3157 3355 9152 9153
f 3360 3451 3452 3359
f 3426 3427 3447 3448
f 3372 3373 3423 3424
f 3372 3374 3375 3373
f 3388 3390 3391 3389
f 3724 3861 3860 3726
f 3394 3396 3397 3395
f 3478 3520 3521 3479
f 3398 3869 3871 3870
f 3456 3457 3412 3411
f 3136 3138 3474 3456
f 3414 3428 3427 3413
f 3162 3467 3466 3200
f 3414 3415 3429 3428
f 3415 3460 3461 3416
f 3150 3242 3443 3151
f 3150 3149 3417 3242
f 3463 3464 3419 3418
f 3420 3465 3313 3421
f 3373 3233 3422 3423
f 3415 3416 3430 3429
f 3168 3204 3153 3154
f 3248 3318 3317 3246
f 3239 3242 3417 3418
f 3240 3241 3242 3239
f 3250 3253 3252 3251
f 3268 3270 3271 3269
f 3232 3231 3233 3234
f 3250 3251 3248 3249
f 3331 3338 3431 3432
f 3432 3433 3324 3331
f 3320 3271 3273 3321
f 3445 3201 3243 3446
f 3428 3446 3447 3427
f 3429 3445 3446 3428
f 3871 9135 9140 3870
f 3413 3427 3426 3412
f 3563 3712 3711 3562
f 3468 3349 9141 8727
f 3349 3468 3404 3403
f 3866 3867 3728 3729
f 3386 3388 3389 3387
f 3382 3384 3385 3383
f 3140 3876 3872 3141
f 3458 3472 3111 3459
f 3306 3367 3369 3312
f 3151 3152 3203 3444
f 3149 3416 3461 3148
f 3287 3297 3123 3119
f 3314 3371 3423 3422
f 3118 3196 3158 3115
f 3313 3314 3422 3421
f 3456 3474 3473 3457
f 3152 3153 3204 3203
f 3151 3443 3206 3152
f 3207 3208 3209 3210
f 3300 3363 3365 3305
f 3156 3455 3167 3155
f 3155 3169 3410 3156
f 3450 3159 3161 3451
f 3110 3471 3304 3311
f 3165 3167 3455 3454
f 3158 3196 3198 3160
f 3174 3173 3175 3176
f 3175 3173 3210 3212
f 3174 3176 3407 3408
f 3179 3180 3182 3181
f 3183 3185 3402 3403
f 3187 3185 3186 3188
f 3191 3192 3194 3193
f 3868 3869 3398 3193
f 3197 3199 3467 3198
f 3195 3449 3448 3197
f 3281 3283 3282 3280
f 3237 3238 3240 3239
f 3418 3419 3237 3239
f 3395 3397 3335 3334
f 3149 3150 3430 3416
f 3231 3235 3420 3421
f 3201 3445 3444 3203
f 3313 3311 3312 3314
f 3169 3155 3154 3170
f 3404 3468 3350 3405
f 3466 3467 3199 3243
f 3350 3468 8727 9146
f 3348 9137 9141 3349
f 3414 3459 3460 3415
f 3376 3377 3375 3374
f 3380 3382 3383 3381
f 3390 3392 3393 3391
f 3392 3394 3395 3393
f 3396 3857 3856 3397
f 3450 3451 3360 3361
f 3380 3381 3379 3378
f 3352 3407 3406 3351
f 3477 3786 3666 3857
f 3477 9130 9131 3476
f 3624 3863 3862 3722
f 3475 3476 9131 9132
f 3625 3562 3475 3871
f 3089 3106 3102 3084
f 3097 3148 3461 3098
f 3139 3143 4306 4300
f 3478 3788 3858 3859
f 3477 3476 3711 3786
f 3519 3868 3865 3730
f 3585 3584 3623 3622
f 3522 3523 3481 3480
f 3479 3749 3788 3478
f 3808 3807 3854 3855
f 3665 3521 3520 3666
f 3520 3478 3859 3856
f 3784 3786 3711 3712
f 3481 3482 3782 3750
f 3523 3663 3662 3524
f 3483 3525 3526 3484
f 3484 3781 3780 3483
f 3660 3526 3525 3661
f 3484 3485 3831 3781
f 3527 3659 3658 3528
f 3487 3488 3821 3818
f 3529 3657 3656 3530
f 3655 3531 3530 3656
f 3489 3820 3821 3488
f 3489 3490 3701 3820
f 3532 3531 3655 3654
f 3653 3533 3532 3654
f 3676 3852 3853 3678
f 3491 3492 3682 3681
f 3492 3493 3851 3682
f 3494 3536 3537 3495
f 3493 3494 3671 3851
f 3495 3670 3671 3494
f 3536 3650 3649 3537
f 3496 3669 3670 3495
f 3680 3813 3674 3672
f 3647 3539 3538 3648
f 3539 3647 3646 3540
f 3696 3682 3851 3850
f 3716 3715 3717 3718
f 3542 3644 3643 3543
f 3545 3546 3504 3503
f 3807 3503 3504 3854
f 3502 3503 3807 3805
f 3543 3643 3642 3544
f 3505 3506 3791 3810
f 3549 3548 3638 3637
f 3507 3508 3767 3792
f 3508 3509 3768 3767
f 3509 3510 3762 3768
f 3552 3553 3511 3510
f 3513 3514 3753 3756
f 3514 3515 3752 3753
f 3516 3714 3752 3515
f 3713 3714 3516 3517
f 3869 3561 3625 3871
f 3482 3483 3780 3782
f 3526 3660 3659 3527
f 3834 3844 3843 3836
f 3488 3530 3531 3489
f 3533 3534 3492 3491
f 3686 3689 3687 3684
f 3535 3651 3650 3536
f 3537 3649 3648 3538
f 3685 3671 3670 3686
f 3500 3542 3543 3501
f 3640 3546 3545 3641
f 3639 3547 3546 3640
f 3546 3547 3505 3504
f 3548 3547 3639 3638
f 3550 3551 3509 3508
f 3549 3637 3636 3550
f 3553 3554 3512 3511
f 3553 3552 3634 3633
f 3513 3512 3554 3555
f 3632 3554 3553 3633
f 3556 3555 3631 3630
f 3514 3556 3557 3515
f 3558 3559 3517 3516
f 3559 3627 3626 3560
f 3560 3561 3519 3518
f 3718 3739 3751 3716
f 3774 3773 3775 3776
f 3629 3630 3567 3566
f 3564 3565 3774 3787
f 3567 3630 3631 3568
f 3568 3771 3778 3567
f 3571 3770 3769 3570
f 3573 3572 3635 3636
f 3770 3816 3817 3769
f 3633 3634 3571 3570
f 3573 3574 3813 3811
f 3575 3638 3639 3576
f 3575 3576 3675 3674
f 3578 3577 3640 3641
f 3691 3693 3684 3687
f 3580 3704 3679 3579
f 3581 3582 3706 3705
f 3720 3721 3622 3623
f 3624 3583 3864 3863
f 3586 3587 3739 3718
f 3586 3585 3622 3621
f 3736 3737 3619 3620
f 3620 3621 3733 3736
f 3746 3747 3748 3750
f 3587 3588 3738 3739
f 3618 3619 3737 3744
f 3615 3592 3591 3616
f 3615 3837 3797 3614
f 3593 3800 3846 3592
f 3842 3841 3836 3843
f 3591 3592 3846 3845
f 3757 3760 3845 3763
f 3594 3593 3614 3613
f 3764 3846 3800 3766
f 3610 3597 3596 3611
f 3599 3598 3609 3608
f 3599 3600 3804 3803
f 3598 3599 3803 3847
f 3601 3600 3607 3606
f 3605 3602 3601 3606
f 3602 3603 3826 3827
f 3606 3607 3693 3691
f 3803 3808 3855 3847
f 3601 3602 3827 3828
f 3605 3692 3709 3604
f 3793 3790 3765 3799
f 3803 3804 3806 3808
f 3789 3794 3802 3809
f 3599 3608 3607 3600
f 3596 3597 3802 3794
f 3608 3609 3848 3694
f 3609 3610 3801 3848
f 3594 3595 3793 3799
f 3594 3799 3800 3593
f 3611 3596 3595 3612
f 3612 3613 3798 3795
f 3614 3797 3798 3613
f 3590 3760 3759 3589
f 3616 3617 3838 3835
f 3739 3738 3754 3751
f 3591 3590 3617 3616
f 3740 3743 3744 3737
f 3618 3589 3588 3619
f 3584 3585 3717 3719
f 3586 3621 3620 3587
f 3583 3584 3719 3728
f 3717 3585 3586 3718
f 3728 3867 3864 3583
f 3563 3626 3627 3564
f 3566 3773 3774 3565
f 3560 3626 3625 3561
f 3569 3772 3771 3568
f 3627 3559 3558 3628
f 3569 3570 3769 3772
f 3557 3558 3516 3515
f 3572 3573 3811 3812
f 3631 3555 3554 3632
f 3572 3571 3634 3635
f 3814 3812 3811 3815
f 3511 3761 3762 3510
f 3576 3577 3853 3675
f 3550 3636 3635 3551
f 3506 3548 3549 3507
f 3704 3580 3581 3705
f 3547 3548 3506 3505
f 3579 3642 3643 3580
f 3544 3545 3503 3502
f 3501 3543 3544 3502
f 3499 3541 3542 3500
f 3497 3539 3540 3498
f 3683 3849 3850 3685
f 3533 3653 3652 3534
f 3659 3660 3779 3783
f 3489 3531 3532 3490
f 3485 3527 3528 3486
f 3664 3665 3784 3785
f 3663 3664 3785 3776
f 3481 3523 3524 3482
f 3726 3860 3858 3788
f 3648 3702 3703 3647
f 3648 3649 3677 3702
f 3668 3497 3498 3707
f 3656 3657 3816 3814
f 3699 3839 3840 3700
f 3679 3704 3702 3677
f 3676 3678 3679 3677
f 3656 3814 3815 3655
f 3696 3698 3681 3682
f 3833 3831 3819 3844
f 3702 3704 3705 3703
f 3495 3537 3538 3496
f 3684 3683 3685 3686
f 3692 3688 3708 3709
f 3683 3694 3848 3849
f 3696 3850 3849 3695
f 3697 3699 3700 3698
f 3688 3690 3710 3708
f 3695 3697 3698 3696
f 3681 3698 3700 3701
f 3493 3535 3536 3494
f 3534 3652 3651 3535
f 3652 3673 3852 3651
f 3624 3722 3720 3623
f 3703 3705 3706 3667
f 3668 3690 3689 3669
f 3737 3736 3735 3740
f 3621 3622 3721 3733
f 3565 3628 3629 3566
f 3713 3715 3716 3714
f 3720 3723 3727 3721
f 3587 3620 3619 3588
f 3588 3589 3759 3738
f 3720 3722 3724 3723
f 3727 3723 3725 3747
f 3826 3829 3823 3827
f 3729 3731 3732 3730
f 3756 3755 3757 3758
f 3750 3782 3745 3746
f 3733 3734 3735 3736
f 3744 3838 3617 3618
f 3744 3743 3832 3838
f 3741 3742 3780 3781
f 3741 3743 3740 3742
f 3742 3745 3782 3780
f 3751 3754 3753 3752
f 3727 3747 3746 3734
f 3670 3669 3689 3686
f 3753 3754 3755 3756
f 3480 3481 3750 3748
f 3524 3525 3483 3482
f 3526 3527 3485 3484
f 3765 3766 3800 3799
f 3832 3833 3844 3834
f 3755 3759 3760 3757
f 3763 3845 3846 3764
f 3616 3835 3837 3615
f 3762 3761 3763 3764
f 3767 3765 3790 3792
f 3767 3768 3766 3765
f 3574 3573 3636 3637
f 3777 3778 3771 3779
f 3632 3633 3570 3569
f 3772 3783 3779 3771
f 3488 3487 3529 3530
f 3486 3528 3529 3487
f 3712 3787 3785 3784
f 3713 3732 3731 3715
f 3723 3724 3726 3725
f 3566 3567 3778 3773
f 3666 3786 3784 3665
f 3480 3748 3749 3479
f 3663 3523 3522 3664
f 3789 3790 3793 3794
f 3580 3643 3644 3581
f 3789 3791 3792 3790
f 3806 3825 3824 3805
f 3598 3597 3610 3609
f 3611 3612 3795 3796
f 3596 3794 3793 3595
f 3818 3821 3842 3843
f 3804 3600 3601 3828
f 3602 3605 3604 3603
f 3805 3807 3808 3806
f 3695 3849 3848 3801
f 3769 3817 3783 3772
f 3840 3842 3821 3820
f 3532 3533 3491 3490
f 3661 3777 3779 3660
f 3822 3824 3825 3823
f 3700 3840 3820 3701
f 3661 3525 3524 3662
f 3775 3662 3663 3776
f 3819 3831 3485 3486
f 3657 3529 3528 3658
f 3836 3841 3797 3837
f 3836 3837 3835 3834
f 3839 3841 3842 3840
f 3699 3795 3798 3839
f 3612 3595 3594 3613
f 3719 3731 3729 3728
f 3825 3806 3804 3828
f 3672 3674 3675 3673
f 3687 3688 3692 3691
f 3795 3699 3697 3796
f 3832 3834 3835 3838
f 3748 3747 3725 3749
f 3831 3833 3741 3781
f 3582 3581 3644 3645
f 3578 3579 3679 3678
f 3577 3576 3639 3640
f 3574 3575 3674 3813
f 3571 3572 3812 3770
f 3568 3631 3632 3569
f 3680 3815 3811 3813
f 3479 3521 3522 3480
f 3812 3814 3816 3770
f 3597 3598 3847 3802
f 3590 3591 3845 3760
f 3617 3590 3589 3618
f 3757 3763 3761 3758
f 3832 3743 3741 3833
f 3740 3735 3745 3742
f 3500 3822 3830 3499
f 3644 3542 3541 3645
f 3545 3544 3642 3641
f 3827 3823 3825 3828
f 3510 3509 3551 3552
f 3839 3798 3797 3841
f 3785 3787 3774 3776
f 3551 3635 3634 3552
f 3513 3555 3556 3514
f 3629 3557 3556 3630
f 3764 3766 3768 3762
f 3559 3560 3518 3517
f 3557 3629 3628 3558
f 3518 3732 3713 3517
f 3518 3519 3730 3732
f 3755 3754 3738 3759
f 3563 3564 3787 3712
f 3734 3746 3745 3735
f 3715 3731 3719 3717
f 3611 3796 3801 3610
f 3847 3855 3809 3802
f 3773 3778 3777 3775
f 3657 3658 3817 3816
f 3684 3693 3694 3683
f 3492 3534 3535 3493
f 3675 3853 3852 3673
f 3512 3758 3761 3511
f 3512 3513 3756 3758
f 3574 3637 3638 3575
f 3843 3844 3819 3818
f 3658 3659 3783 3817
f 3491 3681 3701 3490
f 3775 3777 3661 3662
f 3823 3829 3830 3822
f 3486 3487 3818 3819
f 3592 3615 3614 3593
f 3607 3608 3694 3693
f 3854 3810 3809 3855
f 3654 3655 3815 3680
f 3578 3678 3853 3577
f 3641 3642 3579 3578
f 3791 3506 3507 3792
f 3606 3691 3692 3605
f 3508 3507 3549 3550
f 3653 3654 3680 3672
f 3496 3538 3539 3497
f 3672 3673 3652 3653
f 3695 3801 3796 3697
f 3504 3505 3810 3854
f 3650 3651 3852 3676
f 3668 3669 3496 3497
f 3687 3689 3690 3688
f 3501 3502 3805 3824
f 3676 3677 3649 3650
f 3714 3716 3751 3752
f 3500 3501 3824 3822
f 3671 3685 3850 3851
f 3646 3647 3703 3667
f 3668 3707 3710 3690
f 3625 3626 3563 3562
f 3727 3734 3733 3721
f 3726 3788 3749 3725
f 3519 3561 3869 3868
f 3269 3319 3437 3438
f 3197 3448 3447 3199
f 3272 3270 3310 3318
f 3232 3247 3246 3236
f 3583 3624 3623 3584
f 3564 3627 3628 3565
f 3730 3865 3866 3729
f 3789 3809 3810 3791
f 3521 3665 3664 3522
f 9119 9130 3477 3857
f 3475 9132 9135 3871
f 3087 3883 4321 4286
f 3884 2932 2845 3895
f 3890 4315 4279 3082
f 2991 3085 3901 3907
f 2991 3907 3913 2997
f 2997 3913 3919 2996
f 2892 2996 3919 3925
f 2995 2892 3925 3931
f 2924 3937 3926 2923
f 2993 2994 3932 3943
f 2992 2993 3943 3949
f 2992 3949 3955 3084
f 3089 3084 3955 3961
f 3956 2927 2928 3967
f 3962 3973 3088 3090
f 3293 3292 3872 3876
f 3872 3292 3291 3874
f 3121 3293 3876 3875
f 3105 3877 3874 3291
f 3083 3100 3877 3873
f 3088 3973 3979 3873
f 3974 2844 2930 3985
f 2930 2931 3878 3985
f 3083 3980 3883 3087
f 3882 3883 3980 3981
f 3881 3882 3981 3982
f 3880 3881 3982 3983
f 3879 3880 3983 3984
f 3984 3985 3878 3879
f 3873 3979 3980 3083
f 3978 3981 3980 3979
f 3978 3977 3982 3981
f 3976 3983 3982 3977
f 3975 3984 3983 3976
f 3975 3974 3985 3984
f 3968 2929 2844 3974
f 3969 3968 3974 3975
f 3969 3975 3976 3970
f 3971 3970 3976 3977
f 3972 3971 3977 3978
f 3973 3972 3978 3979
f 3967 2928 2929 3968
f 3968 3969 3966 3967
f 3965 3966 3969 3970
f 3964 3965 3970 3971
f 3963 3964 3971 3972
f 3962 3963 3972 3973
f 3961 3962 3090 3089
f 3960 3963 3962 3961
f 3963 3960 3959 3964
f 3958 3965 3964 3959
f 3957 3966 3965 3958
f 3957 3956 3967 3966
f 3950 2866 2927 3956
f 3950 3956 3957 3951
f 3951 3957 3958 3952
f 3953 3952 3958 3959
f 3954 3953 3959 3960
f 3955 3954 3960 3961
f 2926 2866 3950 3944
f 3945 3944 3950 3951
f 3946 3945 3951 3952
f 3946 3952 3953 3947
f 3953 3954 3948 3947
f 3949 3948 3954 3955
f 2925 2926 3944 3938
f 3938 3944 3945 3939
f 3939 3945 3946 3940
f 3940 3946 3947 3941
f 3941 3947 3948 3942
f 3942 3948 3949 3943
f 3937 2924 2925 3938
f 3938 3939 3936 3937
f 3935 3936 3939 3940
f 3934 3935 3940 3941
f 3933 3934 3941 3942
f 3932 3933 3942 3943
f 3931 3932 2994 2995
f 3931 3930 3933 3932
f 3933 3930 3929 3934
f 3928 3935 3934 3929
f 3935 3928 3927 3936
f 3936 3927 3926 3937
f 2923 3926 3920 2891
f 3921 3920 3926 3927
f 3921 3927 3928 3922
f 3922 3928 3929 3923
f 3924 3923 3929 3930
f 3924 3930 3931 3925
f 3914 2922 2891 3920
f 3915 3914 3920 3921
f 3921 3922 3916 3915
f 3917 3916 3922 3923
f 3917 3923 3924 3918
f 3918 3924 3925 3919
f 3908 2921 2922 3914
f 3914 3915 3909 3908
f 3909 3915 3916 3910
f 3910 3916 3917 3911
f 3912 3911 3917 3918
f 3913 3912 3918 3919
f 2934 2921 3908 3902
f 3902 3908 3909 3903
f 3903 3909 3910 3904
f 3904 3910 3911 3905
f 3906 3905 3911 3912
f 3907 3906 3912 3913
f 2934 3902 3896 2933
f 3902 3903 3897 3896
f 3898 3897 3903 3904
f 3899 3898 3904 3905
f 3899 3905 3906 3900
f 3900 3906 3907 3901
f 3895 2845 4277 4310
f 3895 4310 4311 3894
f 3893 3894 4311 4312
f 3892 3893 4312 4313
f 3891 3892 4313 4314
f 3890 3891 4314 4315
f 3086 3889 3890 3082
f 3890 3889 3888 3891
f 3888 3887 3892 3891
f 3887 3886 3893 3892
f 3893 3886 3885 3894
f 3894 3885 3884 3895
f 3878 2931 4285 4316
f 3878 4316 4317 3879
f 3879 4317 4318 3880
f 3880 4318 4319 3881
f 3881 4319 4320 3882
f 3882 4320 4321 3883
f 2421 3129 9147 7511
f 3119 3123 2385 2794
f 3123 3128 2386 2385
f 2384 2386 3128 3138
f 2383 2384 3138 3136
f 3132 2382 2383 3136
f 2381 2382 3132 3133
f 3133 3134 2380 2381
f 4019 4025 1914 2509
f 4018 4019 4013 4012
f 4013 4019 2509 2508
f 4024 4025 4019 4018
f 2320 2306 4027 4011
f 4011 4027 4026 4010
f 4006 2329 2320 4011
f 4010 4007 4006 4011
f 2348 2349 4017 4007
f 4007 4017 4016 4006
f 4001 4017 2349 2350
f 4000 4016 4017 4001
f 2287 2307 4026 3999
f 3998 3999 4026 4027
f 1892 2133 3995 3991
f 3994 3990 3991 3995
f 4035 2351 4003 4083
f 4083 4003 4002 4086
f 1813 1812 3986 3989
f 3988 3989 3986 3987
f 1915 2038 3996 4024
f 3997 4025 4024 3996
f 2287 3999 4030 2378
f 3999 3998 4031 4030
f 2274 4021 4003 2351
f 4003 4021 4020 4002
f 4005 1829 1830 4015
f 4005 4015 4014 4004
f 1889 1892 3991 4004
f 3991 3990 4005 4004
f 1830 1831 4023 4015
f 4014 4015 4023 4022
f 1985 4008 4021 2274
f 4009 4020 4021 4008
f 4022 9282 7978 1891
f 9282 4022 4023 9283
f 1984 4009 4029 1988
f 4008 4028 4029 4009
f 1620 3987 3995 2133
f 3986 3994 3995 3987
f 3993 1924 1988 4029
f 4028 3992 3993 4029
f 2037 3997 3988 1645
f 3989 3988 3997 3996
f 1924 3993 4013 2508
f 4012 4013 3993 3992
f 2379 2380 3134 3117
f 3117 3118 4031 2379
f 4030 4031 3118 3115
f 3115 3116 2378 4030
f 2422 2378 3116 3135
f 3129 2421 2422 3135
f 4000 4001 4085 4088
f 4087 4088 4085 4084
f 4084 4083 4086 4087
f 4037 4085 4001 2350
f 4037 4036 4084 4085
f 4083 4084 4036 4035
f 2344 4238 4322 4052
f 4052 4322 4323 4051
f 4050 4051 4323 4324
f 2548 4219 4325 4058
f 4057 4058 4325 4326
f 4056 4057 4326 4327
f 2417 2418 4080 4071
f 4080 4081 4072 4071
f 4072 4081 4082 4073
f 2416 4082 9323 8048
f 4081 9322 9323 4082
f 9321 9322 4081 4080
f 2367 2366 4046 4067
f 4066 4067 4046 4045
f 4065 4066 4045 4044
f 2345 4169 4208 4053
f 4208 4212 4054 4053
f 4054 4212 4216 4055
f 2347 2360 4044 4074
f 4045 4075 4074 4044
f 4075 4045 4046 4076
f 4043 2798 2354 4068
f 4042 4043 4068 4069
f 4041 4042 4069 4070
f 4056 2536 2355 4079
f 4056 4079 4078 4057
f 4057 4078 4077 4058
f 9365 8055 10489 10497
f 9365 10497 10510 9364
f 9363 9364 10510 10512
f 4040 2342 2373 4064
f 4039 4040 4064 4063
f 4038 4039 4063 4062
f 2342 4040 4059 2377
f 4040 4039 4060 4059
f 4038 4061 4060 4039
f 2357 4034 4061 2376
f 4033 4060 4061 4034
f 4032 4059 4060 4033
f 4064 2373 2363 4077
f 4064 4077 4078 4063
f 4062 4063 4078 4079
f 2352 4049 4034 2357
f 4033 4034 4049 4048
f 4032 4033 4048 4047
f 2368 2367 4067 4055
f 4055 4067 4066 4054
f 4053 4054 4066 4065
f 2352 4000 4088 4049
f 4048 4049 4088 4087
f 4048 4087 4086 4047
f 4035 4073 2415 2351
f 4072 4073 4035 4036
f 4036 4037 4071 4072
f 2387 3112 4301 4261
f 2802 3124 3112 2387
f 2388 3120 4283 4264
f 4209 4051 4050 4213
f 4209 4213 4214 4210
f 4211 4210 4214 4215
f 4211 4215 4216 4212
f 4052 4051 4209 4205
f 4206 4205 4209 4210
f 4206 4210 4211 4207
f 4207 4211 4212 4208
f 2344 4052 4205 4172
f 4171 4172 4205 4206
f 4170 4171 4206 4207
f 4170 4207 4208 4169
f 2788 4097 4192 1966
f 4098 4191 4192 4097
f 4099 4190 4191 4098
f 4100 4189 4190 4099
f 4124 2787 1951 4168
f 4123 4124 4168 4167
f 4122 4123 4167 4166
f 4121 4122 4166 4165
f 2782 1685 4140 4136
f 4135 4136 4140 4139
f 4135 4139 4138 4134
f 4137 4133 4134 4138
f 4153 2471 2472 4180
f 4153 4180 4179 4154
f 4154 4179 4178 4155
f 4155 4178 4177 4156
f 4156 2487 1967 4176
f 4175 4155 4156 4176
f 4154 4155 4175 4174
f 4154 4174 4173 4153
f 2326 4160 4185 2314
f 4159 4186 4185 4160
f 4186 4159 4158 4187
f 4158 4157 4188 4187
f 2344 4172 4116 2333
f 4115 4116 4172 4171
f 4114 4115 4171 4170
f 4113 4114 4170 4169
f 2334 2337 4157 4113
f 4114 4113 4157 4158
f 4158 4159 4115 4114
f 4159 4160 4116 4115
f 4050 2369 4161 4213
f 4162 4214 4213 4161
f 4162 4163 4215 4214
f 4164 4216 4215 4163
f 2296 4149 4112 2301
f 4111 4112 4149 4150
f 4110 4111 4150 4151
f 4109 4110 4151 4152
f 2388 2295 4152 4104
f 4103 4104 4152 4151
f 4102 4103 4151 4150
f 4102 4150 4149 4101
f 2313 2301 4112 4188
f 4112 4111 4187 4188
f 4110 4186 4187 4111
f 4109 4185 4186 4110
f 4133 2783 1961 4165
f 4133 4165 4166 4134
f 4134 4166 4167 4135
f 4135 4167 4168 4136
f 2148 4096 4196 2282
f 4095 4195 4196 4096
f 4194 4195 4095 4094
f 4093 4193 4194 4094
f 1640 1866 4181 4141
f 4142 4141 4181 4182
f 4143 4142 4182 4183
f 4144 4143 4183 4184
f 1935 1959 4132 4144
f 4143 4144 4132 4131
f 4142 4143 4131 4130
f 4141 4142 4130 4129
f 1783 2094 4108 4125
f 4125 4108 4107 4126
f 4126 4107 4106 4127
f 4127 4106 4105 4128
f 2109 2108 4184 4128
f 4183 4127 4128 4184
f 4126 4127 4183 4182
f 4125 4126 4182 4181
f 2094 1845 4120 4108
f 4107 4108 4120 4119
f 4106 4107 4119 4118
f 4105 4106 4118 4117
f 1696 4129 4145 1624
f 4145 4129 4130 4146
f 4130 4131 4147 4146
f 4147 4131 4132 4148
f 9385 8032 10442 10446
f 9385 10446 10513 9386
f 9387 9386 10513 10514
f 9387 10514 10516 9388
f 4092 2068 1955 4197
f 4197 4198 4091 4092
f 4090 4091 4198 4199
f 4090 4199 4200 4089
f 1986 4200 4180 2472
f 4179 4180 4200 4199
f 4178 4179 4199 4198
f 4177 4178 4198 4197
f 1942 2068 4092 4148
f 4092 4091 4147 4148
f 4090 4146 4147 4091
f 4145 4146 4090 4089
f 1967 1960 4137 4176
f 4175 4176 4137 4138
f 4138 4139 4174 4175
f 4139 4140 4173 4174
f 1966 4192 4121 2790
f 4122 4121 4192 4191
f 4123 4122 4191 4190
f 4123 4190 4189 4124
f 1963 2803 4100 4201
f 4100 4099 4202 4201
f 4098 4203 4202 4099
f 4097 4204 4203 4098
f 4161 2369 2282 4196
f 4162 4161 4196 4195
f 4162 4195 4194 4163
f 4163 4194 4193 4164
f 4093 4204 1972 1965
f 4094 4203 4204 4093
f 4095 4202 4203 4094
f 4096 4201 4202 4095
f 4264 4283 3124 2802
f 2794 4261 4301 3119
f 4068 4327 4326 4069
f 4069 4326 4325 4070
f 4219 2364 4070 4325
f 4041 4324 4323 4042
f 4322 4043 4042 4323
f 4238 2798 4043 4322
f 3889 4321 4320 3888
f 3888 4320 4319 3887
f 4318 3886 3887 4319
f 3885 3886 4318 4317
f 3885 4317 4316 3884
f 3884 4316 4285 2932
f 4314 3900 3901 4315
f 3900 4314 4313 3899
f 3899 4313 4312 3898
f 4311 3897 3898 4312
f 3896 3897 4311 4310
f 4277 2933 3896 4310
f 4279 4315 3901 3085
f 4286 4321 3889 3086
f 3286 3287 4300 4306
f 3307 4278 4288 3308
f 4278 3307 3298 4281
f 3284 3286 4306 4297
f 4281 3298 3124 4283
f 3119 4301 4300 3287
f 3107 3308 4288 4293
f 2917 4291 4295 3033
f 2918 4291 4284 3072
f 4280 4297 3144 3101
f 2904 3072 4284 4299
f 4298 3078 2990 4303
f 3052 4292 4273 2976
f 3101 3082 4279 4280
f 2988 3011 4305 4276
f 3010 2988 4276 4296
f 2962 4275 4292 3052
f 4273 2964 3025 4290
f 4282 4304 2846 2849
f 2948 2950 4275 4289
f 4274 2843 2863 4287
f 2919 3015 4309 4274
f 4272 3013 2905 4307
f 2863 2841 4307 4287
f 4277 2845 2857 4309
f 2974 4308 4305 3011
f 2990 3077 4290 4303
f 3104 3087 4286 4293
f 3012 4302 4308 2974
f 2856 2846 4304 4272
f 4285 4295 3063 2932
f 4289 2935 3059 4294
f 2904 4299 4294 3059
f 2960 4282 4302 3012
f 2545 2713 4268 4259
f 4242 2591 2560 4243
f 2550 2559 4234 4259
f 2743 4239 4220 2588
f 2573 2664 4245 4225
f 4228 2733 2599 4236
f 2693 2695 4246 4227
f 4224 4237 2751 2638
f 4226 2670 2687 4235
f 2682 2693 4227 4266
f 2565 4231 4328 4229
f 4231 2558 4234 4328
f 4234 2559 4233 4328
f 2672 2686 4235 4256
f 2585 4257 4240 2614
f 2564 2614 4240 4221
f 2562 2711 4250 4265
f 2546 2631 4241 4269
f 4230 4239 2743 2726
f 2599 2556 4249 4236
f 2602 2573 4225 4263
f 4251 2648 2682 4266
f 4221 4229 2566 2564
f 2726 2672 4256 4230
f 4220 2675 2659 4224
f 2603 2602 4263 4247
f 4243 4267 2639 2581
f 2603 4247 4228 2734
f 2632 4241 4250 2711
f 2585 2576 4249 4257
f 2639 4267 4251 2647
f 2630 1950 4262 4232
f 2567 4245 4237 2663
f 2669 2696 4246 4226
f 4233 2559 2591 4242
f 2565 2562 4265 4231
f 4232 4268 2713 2630
f 2282 4255 4269 2147
f 2800 4255 4244 2799
f 2302 2295 4260 4223
f 4041 2799 4244 4324
f 2795 2537 4252 4222
f 2344 2333 4252 4238
f 2314 2302 4223 4254
f 2589 2795 4222 4254
f 2364 4219 4253 2281
f 2294 2387 4261 4248
f 2760 2796 4218 4248
f 4068 2354 4258 4327
f 4217 2539 2536 4258
f 2571 4271 4218 2796
f 4270 4271 2571 2767
f 2767 2539 4217 4270
f 2295 2388 4264 4260
f 1950 2281 4253 4262
f 4331 4332 4329 4330
f 4332 4331 4334 4333
f 4335 4334 4331 4336
f 4336 4331 4330 4337
f 4338 4339 4340 4341
f 4341 4340 4343 4342
f 4338 4341 4345 4344
f 4342 4346 4345 4341
f 4347 4348 4349 4350
f 4349 4352 4351 4350
f 4347 4350 4354 4353
f 4351 4355 4354 4350
f 4356 4359 4358 4357
f 4360 4361 4358 4359
f 4359 4363 4362 4360
f 4356 4364 4363 4359
f 4365 4368 4367 4366
f 4368 4370 4369 4367
f 4370 4368 4372 4371
f 4372 4368 4365 4373
f 4374 4338 4344 4375
f 4375 4344 4345 4376
f 4345 4346 4377 4376
f 4377 4346 4342 4378
f 4342 4343 4379 4378
f 4379 4343 4340 4380
f 4340 4339 4381 4380
f 4374 4381 4339 4338
f 4382 4381 4374 4383
f 4383 4374 4375 4384
f 4381 4382 4385 4386
f 4386 4387 4380 4381
f 4388 4384 4375 4389
f 4375 4376 4390 4389
f 4389 4390 4391 4392
f 4389 4392 4393 4388
f 4394 4395 4386 4385
f 4386 4395 4396 4387
f 4397 4396 4395 4398
f 4398 4395 4394 4399
f 4393 4392 4398 4399
f 4397 4398 4392 4391
f 4467 4512 4519 4471
f 4467 4466 4513 4512
f 4513 4466 4465 4514
f 4514 4465 4464 4515
f 4458 4516 4515 4464
f 4458 4457 4517 4516
f 4456 4518 4517 4457
f 4456 4471 4519 4518
f 5008 5015 4987 4986
f 4510 4408 4409 4511
f 4409 4410 4504 4511
f 4410 4411 4505 4504
f 4412 4506 4505 4411
f 4506 4412 4413 4507
f 4507 4413 4414 4508
f 4415 4509 4508 4414
f 4423 4422 4527 4526
f 4421 4520 4527 4422
f 4420 4521 4520 4421
f 4419 4522 4521 4420
f 4418 4523 4522 4419
f 4417 4524 4523 4418
f 4416 4525 4524 4417
f 4416 4423 4526 4525
f 4431 4534 4533 4430
f 4534 4431 4424 4535
f 4528 4535 4424 4425
f 4425 4426 4529 4528
f 4426 4427 4530 4529
f 4428 4531 4530 4427
f 4429 4532 4531 4428
f 4429 4430 4533 4532
f 4502 4440 4447 4503
f 4443 4496 4503 4447
f 4446 4497 4496 4443
f 4442 4498 4497 4446
f 4441 4499 4498 4442
f 4445 4500 4499 4441
f 4444 4501 4500 4445
f 4440 4502 4501 4444
f 4500 4501 5011 5013
f 4496 5016 5007 4503
f 4502 4503 5007 5010
f 4497 5005 5016 4496
f 4497 4498 5003 5005
f 4499 5002 5003 4498
f 4488 5021 5030 4489
f 4487 4480 5022 5031
f 4480 4481 5029 5022
f 5019 4482 4483 5028
f 4464 4507 4508 4458
f 4494 4493 5017 5024
f 4485 5018 5025 4484
f 5025 5028 4483 4484
f 4486 4977 4984 4487
f 4978 4480 4487 4984
f 4480 4978 4979 4481
f 4481 4979 4980 4482
f 4482 4980 4981 4483
f 4484 4483 4981 4982
f 4484 4982 4983 4485
f 4485 4983 4977 4486
f 4495 5032 5021 4488
f 4490 5020 5027 4491
f 5020 4490 4489 5030
f 4492 4491 5027 5026
f 4481 4482 5019 5029
f 4492 5026 5017 4493
f 5024 5032 4495 4494
f 5023 4486 4487 5031
f 4462 4463 4488 4489
f 4461 4462 4489 4490
f 4470 4461 4490 4491
f 4469 4470 4491 4492
f 4460 4469 4492 4493
f 4459 4460 4493 4494
f 4459 4494 4495 4468
f 4488 4463 4468 4495
f 4988 5006 5004 4989
f 5001 4990 4989 5004
f 5001 5014 4991 4990
f 4985 4991 5014 5012
f 5009 4992 4985 5012
f 4992 5009 5008 4986
f 5006 4988 4987 5015
f 4502 5010 5011 4501
f 4457 4458 4508 4509
f 4415 4408 4510 4509
f 4471 4511 4504 4467
f 4466 4467 4504 4505
f 4465 4466 4505 4506
f 4465 4506 4507 4464
f 4471 4456 4510 4511
f 4402 4407 4512 4513
f 4401 4402 4513 4514
f 4405 4401 4514 4515
f 4404 4405 4515 4516
f 4400 4404 4516 4517
f 4400 4517 4518 4403
f 4403 4518 4519 4406
f 4406 4519 4512 4407
f 4520 4521 4427 4426
f 4427 4521 4522 4428
f 4429 4428 4522 4523
f 4430 4429 4523 4524
f 4431 4430 4524 4525
f 4424 4431 4525 4526
f 4424 4526 4527 4425
f 4520 4426 4425 4527
f 4528 4529 4995 4994
f 4995 4529 4530 4996
f 4531 4997 4996 4530
f 4997 4531 4532 4998
f 4533 4993 4998 4532
f 4993 4533 4534 4999
f 4999 4534 4535 5000
f 4535 4528 4994 5000
f 4536 4537 4347 4353
f 4347 4537 4538 4348
f 4538 4539 4349 4348
f 4349 4539 4540 4352
f 4351 4352 4540 4541
f 4351 4541 4542 4355
f 4354 4355 4542 4543
f 4354 4543 4536 4353
f 4380 4387 4544 4379
f 4396 4545 4544 4387
f 4397 4546 4545 4396
f 4391 4547 4546 4397
f 4390 4548 4547 4391
f 4390 4376 4377 4548
f 4440 4538 4537 4447
f 4447 4537 4536 4443
f 4383 4384 4406 4407
f 4384 4388 4403 4406
f 4382 4383 4407 4402
f 4382 4402 4401 4385
f 4385 4401 4405 4394
f 4393 4400 4403 4388
f 4399 4404 4400 4393
f 4399 4394 4405 4404
f 4413 4412 4895 4894
f 4411 4896 4895 4412
f 4549 4550 4334 4335
f 4421 4422 4550 4549
f 4333 4334 4550 4551
f 4422 4423 4551 4550
f 4332 4333 4551 4552
f 4552 4553 4329 4332
f 4329 4553 4554 4330
f 4554 4555 4337 4330
f 4336 4337 4555 4556
f 4335 4336 4556 4549
f 4361 4360 4558 4557
f 4362 4559 4558 4360
f 4559 4362 4363 4560
f 4363 4364 4561 4560
f 4561 4364 4356 4562
f 4357 4563 4562 4356
f 4358 4564 4563 4357
f 4557 4564 4358 4361
f 4462 4557 4558 4463
f 4468 4463 4558 4559
f 4559 4565 4459 4468
f 4565 4559 4560 4566
f 4565 4567 4460 4459
f 4565 4566 4568 4567
f 4461 4569 4557 4462
f 4557 4569 4570 4564
f 4470 4571 4569 4461
f 4569 4571 4572 4570
f 4571 4470 4469 4573
f 4469 4460 4567 4573
f 4572 4571 4573 4574
f 4567 4568 4574 4573
f 4566 4560 4561 4575
f 4568 4566 4575 4576
f 4568 4576 4577 4574
f 4572 4574 4577 4578
f 4572 4578 4579 4570
f 4563 4564 4570 4579
f 4440 4444 4580 4538
f 4445 4581 4580 4444
f 4441 4582 4581 4445
f 4582 4441 4442 4583
f 4583 4442 4446 4584
f 4536 4584 4446 4443
f 4536 4543 4585 4584
f 4583 4584 4585 4586
f 4582 4583 4586 4587
f 4582 4587 4588 4581
f 4580 4581 4588 4589
f 4538 4580 4589 4539
f 4589 4590 4540 4539
f 4588 4591 4590 4589
f 4591 4588 4587 4592
f 4587 4586 4593 4592
f 4585 4594 4593 4586
f 4542 4594 4585 4543
f 4416 4595 4551 4423
f 4595 4416 4417 4596
f 4596 4417 4418 4597
f 4597 4418 4419 4598
f 4420 4599 4598 4419
f 4549 4599 4420 4421
f 4549 4556 4600 4599
f 4598 4599 4600 4601
f 4597 4598 4601 4602
f 4597 4602 4603 4596
f 4595 4596 4603 4604
f 4551 4595 4604 4552
f 4553 4552 4604 4605
f 4603 4606 4605 4604
f 4606 4603 4602 4607
f 4601 4608 4607 4602
f 4601 4600 4609 4608
f 4555 4609 4600 4556
f 4367 4369 4610 4611
f 4366 4367 4611 4612
f 4366 4612 4613 4365
f 4373 4365 4613 4614
f 4373 4614 4615 4372
f 4371 4372 4615 4616
f 4616 4617 4370 4371
f 4369 4370 4617 4610
f 4610 4617 4619 4618
f 4619 4617 4616 4620
f 4653 4662 4655 4654
f 4652 4661 4662 4653
f 4651 4660 4661 4652
f 4659 4660 4651 4650
f 4658 4659 4650 4649
f 4648 4657 4658 4649
f 4656 4657 4648 4647
f 4655 4656 4647 4654
f 5100 4649 4650 5101
f 5099 4648 4649 5100
f 4647 4648 5099 5098
f 4654 4647 5098 5097
f 4653 4654 5097 5096
f 4652 4653 5096 5095
f 4651 4652 5095 5094
f 5094 5101 4650 4651
f 4619 4620 4655 4662
f 4619 4662 4661 4618
f 4620 4638 4656 4655
f 4638 4637 4657 4656
f 4636 4658 4657 4637
f 4636 4635 4659 4658
f 4634 4660 4659 4635
f 4618 4661 4660 4634
f 4633 4610 4618 4634
f 4632 4633 4634 4635
f 4636 4674 4632 4635
f 4631 4674 4636 4637
f 4631 4637 4638 4673
f 4616 4673 4638 4620
f 4615 4630 4673 4616
f 4631 4673 4630 4672
f 4629 4674 4631 4672
f 4632 4674 4629 4671
f 4632 4671 4628 4633
f 4611 4610 4633 4628
f 4612 4611 4628 4670
f 4627 4670 4628 4671
f 4627 4671 4629 4669
f 4629 4672 4626 4669
f 4626 4672 4630 4668
f 4614 4668 4630 4615
f 4624 4666 4955 4956
f 4623 4665 4666 4624
f 4622 4664 4665 4623
f 4622 4639 4640 4664
f 4663 5121 5117 4664
f 4641 4663 4664 4640
f 4676 4957 4955 4666
f 4676 4666 4665 4677
f 4676 4899 4976 4957
f 4679 4899 4898 4680
f 4679 4682 4959 4958
f 4679 4680 4683 4682
f 5067 4683 5102 5103
f 4959 4682 5065 5093
f 4904 4975 4960 4685
f 4688 4904 4905 4689
f 4688 4691 4962 4961
f 4691 4688 4689 4692
f 4691 4694 4963 4962
f 4694 4691 4692 4695
f 4694 4697 4964 4963
f 4697 4694 4695 4698
f 4700 4965 4964 4697
f 4697 4698 4701 4700
f 4703 4966 4965 4700
f 4700 4701 4704 4703
f 4703 4706 4967 4966
f 4706 4709 4968 4967
f 4706 4707 4710 4709
f 4712 4969 4968 4709
f 4709 4710 4713 4712
f 4714 4715 4622 4623
f 4622 4715 4646 4639
f 4714 4623 4624 4716
f 4667 4717 4970 4956
f 4642 4718 4663 4641
f 4663 4718 5123 5121
f 4720 4722 4721 4719
f 4721 4722 4724 4723
f 4838 4839 4726 4725
f 4726 4839 4840 4727
f 4813 4727 4840 4816
f 4643 4731 4718 4642
f 4718 4731 5119 5123
f 4722 4720 4732 4733
f 4722 4733 4734 4724
f 4845 4889 4888 4844
f 4843 4844 4888 4887
f 4843 4887 4886 4842
f 4643 4644 4738 4731
f 5119 4731 4738 5124
f 4732 4739 4740 4733
f 4823 4828 5034 5045
f 4826 5037 5035 4827
f 4841 4842 4886 4885
f 4884 4766 4841 4885
f 4713 5130 5129 5043
f 4854 4953 4930 4940
f 5042 5044 4762 4749
f 4745 4746 4971 4972
f 4750 4751 4973 4972
f 4743 4744 4973 4974
f 4716 4970 4974 4752
f 4714 4716 4752 4753
f 4714 4753 4754 4715
f 4645 4646 4715 4754
f 4762 5044 5128 5127
f 4853 4854 4940 4941
f 4644 4645 4756 4738
f 4754 4757 4756 4645
f 4757 4754 4753 4758
f 4751 4758 4753 4752
f 4751 4750 4759 4758
f 5122 5125 5126 4760
f 5120 5122 4760 4761
f 5120 5124 4738 4756
f 4712 4713 5043 5041
f 4750 4749 4762 4759
f 4760 5126 5127 4763
f 4763 4764 4761 4760
f 4739 4761 4764 4740
f 4740 5033 5036 4733
f 5049 4852 4944 5086
f 4823 5045 5048 4822
f 4621 4719 4721 4765
f 4723 4766 4765 4721
f 4867 5053 5052 4868
f 4867 4866 5054 5053
f 4455 5057 4927 4454
f 4878 4916 4915 4877
f 4876 4877 4915 4897
f 4875 4883 4884 4876
f 5102 4683 4680 5116
f 4772 4770 4771 4773
f 4771 4914 4897 4774
f 4971 4746 5040 5090
f 4711 5039 5050 4851
f 4696 4699 4947 4948
f 4774 4778 4773 4771
f 4696 4948 4800 4693
f 4675 4900 4747 4949
f 4667 4946 4801 4717
f 4686 5066 5107 5118
f 5069 4772 4773 5071
f 4782 5070 5072 4783
f 4945 4625 4675 4949
f 4860 4861 4858 4859
f 4857 4858 4861 4862
f 4686 5118 5111 4905
f 4787 4906 4907 4788
f 4783 4908 4907 4782
f 4856 4857 4862 4863
f 4856 4863 4864 4855
f 4855 4864 4778 4774
f 5104 4692 4689 5110
f 4793 4787 4788 4794
f 4788 4789 4795 4794
f 4869 4870 4871 4868
f 4871 4872 4867 4868
f 4866 4867 4872 4873
f 4827 5035 5034 4828
f 4763 5047 5046 4764
f 4925 4954 4802 4939
f 4733 5036 5038 4734
f 4873 4874 4865 4866
f 4734 4865 4874 4724
f 5104 5112 4695 4692
f 4794 4807 4806 4793
f 4794 4795 4808 4807
f 4698 4695 5112 5106
f 4811 4806 4807 4812
f 4812 4807 4808 4813
f 5105 4701 4698 5106
f 4814 4811 4812 4815
f 4813 4816 4815 4812
f 4701 5105 5115 4704
f 4814 4815 4818 4817
f 4818 4815 4816 4819
f 4703 4704 4707 4706
f 4707 5108 5131 4710
f 4822 5130 5131 4821
f 4852 4853 4941 4944
f 4849 4850 5051 5052
f 4823 4822 4821 4824
f 4821 4820 4825 4824
f 5108 5115 4817 4820
f 4824 4825 4826 4827
f 4827 4828 4823 4824
f 4851 5050 5087 4943
f 4803 4942 4939 4802
f 4726 4727 4736 4735
f 4727 4813 4808 4736
f 4836 4837 4834 4835
f 4725 4834 4837 4838
f 4803 4851 4943 4942
f 4540 4590 4829 4541
f 4590 4591 4592 4829
f 4594 4542 4541 4829
f 4593 4594 4829 4592
f 4379 4544 4830 4378
f 4377 4378 4830 4548
f 4544 4545 4546 4830
f 4547 4548 4830 4546
f 4554 4553 4605 4831
f 4555 4554 4831 4609
f 4606 4607 4831 4605
f 4607 4608 4609 4831
f 4575 4561 4562 4832
f 4576 4575 4832 4577
f 4563 4579 4832 4562
f 4577 4832 4579 4578
f 4613 4833 4668 4614
f 4670 4833 4613 4612
f 4626 4668 4833 4669
f 4627 4669 4833 4670
f 4726 4735 4730 4725
f 4725 4730 4729 4834
f 4834 4729 4728 4835
f 4784 4785 5037 4826
f 4846 4847 5054 5055
f 4847 4848 5053 5054
f 4848 4849 5052 5053
f 4869 4868 5052 5051
f 4908 4783 4779 4909
f 4909 4779 4777 4910
f 4777 4776 4911 4910
f 4776 4775 4912 4911
f 4769 4913 4912 4775
f 4784 4826 4819 4780
f 4838 4848 4847 4839
f 4848 4838 4837 4849
f 4836 4850 4849 4837
f 4816 4840 4780 4819
f 4736 4808 4795 4797
f 4735 4736 4797 4796
f 4730 4735 4796 4792
f 4729 4730 4792 4791
f 4790 4728 4729 4791
f 4723 4724 4874 4798
f 4804 4798 4874 4873
f 4805 4804 4873 4872
f 4809 4805 4872 4871
f 4809 4871 4870 4810
f 4798 4841 4766 4723
f 4841 4798 4804 4842
f 4842 4804 4805 4843
f 4809 4844 4843 4805
f 4810 4845 4844 4809
f 5074 5076 4777 4779
f 4776 4777 5076 5078
f 4776 5078 5080 4775
f 5080 5082 4769 4775
f 4935 5085 5089 4952
f 4795 4789 4737 4797
f 4741 4796 4797 4737
f 4792 4796 4741 4742
f 4767 4791 4792 4742
f 4790 4791 4767 4768
f 4879 4917 4916 4878
f 4880 4918 4917 4879
f 4881 4919 4918 4880
f 4875 4914 4920 4882
f 4677 5114 5113 4898
f 4766 4884 4883 4765
f 4877 4876 4884 4885
f 4877 4885 4886 4878
f 4886 4887 4879 4878
f 4879 4887 4888 4880
f 4881 4880 4888 4889
f 4882 4890 4883 4875
f 5109 4890 4882 5114
f 4664 5117 5109 4665
f 4621 4765 4883 4890
f 5058 5061 4409 4408
f 4449 5060 5059 4448
f 4452 4453 4891 4892
f 4451 4452 4892 4893
f 4476 4475 4893 4892
f 4477 4476 4892 4891
f 4410 4409 5061 4902
f 4414 4922 5056 4415
f 4436 4437 4895 4896
f 4437 4438 4894 4895
f 4473 4923 4931 4474
f 4472 4479 4924 4921
f 4857 4856 4916 4917
f 4858 4857 4917 4918
f 4931 4938 4475 4474
f 4433 4434 4928 4926
f 4433 4926 4929 4432
f 4918 4919 4859 4858
f 4898 5113 5116 4680
f 4450 4451 4893 4901
f 5060 4901 4932 5084
f 4896 4411 4410 4902
f 4935 4902 5061 5085
f 4770 4920 4914 4771
f 4893 4933 4932 4901
f 4860 5083 5081 4861
f 4690 4693 4800 4799
f 4436 4937 4934 4435
f 4767 4912 4913 4768
f 4911 4912 4767 4742
f 4741 4910 4911 4742
f 4737 4909 4910 4741
f 4908 4909 4737 4789
f 4789 4788 4907 4908
f 4781 4782 4907 4906
f 5110 4689 4905 5111
f 4686 4905 4904 4685
f 4961 4975 4904 4688
f 4755 4903 4687 4748
f 4896 4902 4935 4936
f 4861 5081 5079 4862
f 4863 4862 5079 5077
f 4863 5077 5075 4864
f 4778 4864 5075 5073
f 4783 5072 5074 4779
f 4778 5073 5071 4773
f 4781 5068 5070 4782
f 4685 5064 5066 4686
f 4682 4683 5067 5065
f 4450 4901 5060 4449
f 4959 5093 5062 4681
f 4702 4954 4947 4699
f 4472 4921 4923 4473
f 4876 4897 4914 4875
f 4855 4774 4897 4915
f 4855 4915 4916 4856
f 4676 4677 4898 4899
f 4679 4958 4976 4899
f 4475 4938 4933 4893
f 4717 4801 4953 4743
f 4891 4453 4454 4927
f 4415 5056 5058 4408
f 4894 4438 4939 4942
f 4927 5057 5086 4944
f 5056 4922 4943 5087
f 4413 4894 4922 4414
f 4478 4930 4924 4479
f 4747 4951 4933 4938
f 4923 4921 4946 4945
f 4439 4432 4929 4925
f 4932 4950 5088 5084
f 4935 4952 4755 4936
f 4936 4937 4436 4896
f 4748 4799 4934 4937
f 4928 4434 4435 4934
f 4932 4933 4951 4950
f 4929 4926 4948 4947
f 4800 4948 4926 4928
f 4747 4938 4931 4949
f 4921 4924 4801 4946
f 4923 4945 4949 4931
f 4894 4942 4943 4922
f 4477 4891 4941 4940
f 5057 4455 4448 5059
f 4477 4940 4930 4478
f 4439 4925 4939 4438
f 4941 4891 4927 4944
f 4817 4818 4825 4820
f 4865 4786 4785 5055
f 4840 4846 4784 4780
f 4846 5055 4785 4784
f 4785 4786 5038 5037
f 4819 4826 4825 4818
f 4786 4865 4734 5038
f 4950 4951 4678 4681
f 4687 4690 4799 4748
f 4684 4903 4755 4952
f 4950 4681 5062 5088
f 4960 4684 5063 5092
f 4625 4945 4946 4667
f 4678 4951 4747 4900
f 4801 4924 4930 4953
f 4947 4954 4925 4929
f 4755 4748 4937 4936
f 4800 4928 4934 4799
f 4803 4708 4711 4851
f 4705 4708 4803 4802
f 4711 4969 5091 5039
f 4712 5041 5091 4969
f 4745 4853 4852 4746
f 4702 4705 4802 4954
f 4853 4745 4744 4854
f 4744 4743 4953 4854
f 4678 4900 4976 4958
f 4685 4960 5092 5064
f 4687 4903 4975 4961
f 4749 4971 5090 5042
f 4717 4743 4974 4970
f 4751 4752 4974 4973
f 4744 4745 4972 4973
f 4749 4750 4972 4971
f 4852 5049 5040 4746
f 4716 4624 4956 4970
f 4708 4968 4969 4711
f 4967 4968 4708 4705
f 4966 4967 4705 4702
f 4965 4966 4702 4699
f 4696 4964 4965 4699
f 4693 4963 4964 4696
f 4962 4963 4693 4690
f 4961 4962 4690 4687
f 4684 4960 4975 4903
f 4952 5089 5063 4684
f 4681 4678 4958 4959
f 4675 4957 4976 4900
f 4955 4957 4675 4625
f 4625 4667 4956 4955
f 4479 4472 4977 4983
f 4479 4983 4982 4478
f 4478 4982 4981 4477
f 4980 4476 4477 4981
f 4979 4475 4476 4980
f 4978 4474 4475 4979
f 4473 4474 4978 4984
f 4977 4472 4473 4984
f 4986 4450 4449 4992
f 4448 4985 4992 4449
f 4985 4448 4455 4991
f 4990 4991 4455 4454
f 4989 4990 4454 4453
f 4453 4452 4988 4989
f 4987 4988 4452 4451
f 4986 4987 4451 4450
f 4994 4435 4434 5000
f 4999 5000 4434 4433
f 4433 4432 4993 4999
f 4432 4439 4998 4993
f 4997 4998 4439 4438
f 4438 4437 4996 4997
f 4995 4996 4437 4436
f 4435 4994 4995 4436
f 5013 5014 5001 5002
f 5006 5015 5016 5005
f 5011 5012 5014 5013
f 5003 5004 5006 5005
f 5008 5009 5010 5007
f 5009 5012 5011 5010
f 5003 5002 5001 5004
f 5007 5016 5015 5008
f 4500 5013 5002 4499
f 5022 5029 5030 5021
f 5017 5018 5023 5024
f 5026 5027 5028 5025
f 5019 5020 5030 5029
f 5024 5023 5031 5032
f 5017 5026 5025 5018
f 5027 5020 5019 5028
f 5031 5022 5021 5032
f 5018 4485 4486 5023
f 5033 5034 5035 5036
f 5035 5037 5038 5036
f 5041 5042 5090 5091
f 5039 5040 5049 5050
f 5041 5043 5044 5042
f 5045 5046 5047 5048
f 5045 5034 5033 5046
f 5043 5129 5128 5044
f 5086 5087 5050 5049
f 5060 5061 5058 5059
f 5056 5057 5059 5058
f 5082 5080 5081 5083
f 5080 5078 5079 5081
f 5076 5077 5079 5078
f 5076 5074 5075 5077
f 5072 5073 5075 5074
f 5070 5071 5073 5072
f 5069 5071 5070 5068
f 5103 5107 5066 5067
f 5065 5067 5066 5064
f 5064 5092 5093 5065
f 5061 5060 5084 5085
f 5084 5088 5089 5085
f 5056 5087 5086 5057
f 5062 5063 5089 5088
f 5040 5039 5091 5090
f 5092 5063 5062 5093
f 5033 4740 4764 5046
f 4646 5101 5094 4639
f 5094 5095 4640 4639
f 4640 5095 5096 4641
f 5096 5097 4642 4641
f 5097 5098 4643 4642
f 5098 5099 4644 4643
f 5099 5100 4645 4644
f 4645 5100 5101 4646
f 4713 4710 5131 5130
f 4781 5118 5107 5068
f 4770 5116 5113 4920
f 4906 5111 5118 4781
f 4882 4920 5113 5114
f 4793 5104 5110 4787
f 4665 5109 5114 4677
f 4811 5106 5112 4806
f 5069 5068 5107 5103
f 4787 5110 5111 4906
f 4817 5115 5105 4814
f 4704 5115 5108 4707
f 5109 5117 4621 4890
f 5102 4772 5069 5103
f 4793 4806 5112 5104
f 4772 5102 5116 4770
f 4811 4814 5105 5106
f 4732 4720 5123 5119
f 4739 4732 5119 5124
f 4756 4757 5122 5120
f 5120 4761 4739 5124
f 4719 4621 5117 5121
f 4758 5125 5122 4757
f 4719 5121 5123 4720
f 4822 5048 5129 5130
f 5047 5128 5129 5048
f 5047 4763 5127 5128
f 4759 4762 5127 5126
f 5125 4758 4759 5126
f 4820 4821 5131 5108
f 4509 4510 4456 4457
f 4866 4865 5055 5054
f 4846 4840 4839 4847
f 4728 2878 3016 4835
f 2878 4728 4790 3040
f 3041 3040 4790 4768
f 4768 4913 3034 3041
f 2858 3034 4913 4769
f 2858 4769 5082 3022
f 3022 5082 5083 3023
f 4298 3023 5083 4860
f 3078 4298 4860 4859
f 2865 3078 4859 4919
f 2865 4919 4881 4296
f 3010 4296 4881 4889
f 3075 3010 4889 4845
f 3068 3075 4845 4810
f 4810 4870 3069 3068
f 2879 3069 4870 4869
f 2879 4869 5051 2998
f 2998 5051 4850 2999
f 3060 2999 4850 4836
f 3016 3060 4836 4835
f 2388 4104 3113 3120
f 4103 3875 3113 4104
f 4102 3121 3875 4103
f 3121 4102 4101 3127
f 2389 3122 3127 4101
f 3114 3122 2389 2390
f 3114 2390 5132 3137
f 2391 3125 3137 5132
f 2391 5133 3126 3125
f 2392 3131 3126 5133
f 2392 2835 3130 3131
f 8385 3130 2835 10429
f 2298 5133 2391 5132
f 134 112 3603 3604
f 112 151 3826 3603
f 152 3829 3826 151
f 3829 152 157 3830
f 101 3499 3830 157
f 101 115 3541 3499
f 107 3645 3541 115
f 3582 3645 107 125
f 125 124 3706 3582
f 1114 3667 3706 124
f 1113 3646 3667 1114
f 3540 3646 1113 102
f 88 3498 3540 102
f 87 3707 3498 88
f 126 3710 3707 87
f 3708 3710 126 135
f 133 3709 3708 135
f 134 3604 3709 133
f 5138 6252 6264 5139
f 5134 5189 5187 5136
f 5255 5256 6255 6277
f 5255 5274 5295 5256
f 6252 5138 5198 6281
f 5140 5142 5143 5141
f 5142 5144 5145 5143
f 5218 5271 5273 5183
f 5228 5226 5260 5271
f 5180 5150 5148 5182
f 5152 5150 5180 5192
f 5154 5152 5192 5201
f 5156 5154 5201 5200
f 6055 6136 6126 6054
f 5279 5286 5283 5280
f 5176 5199 5212 5178
f 5764 5763 5819 5820
f 5233 5294 5290 5234
f 5166 5167 5165 5164
f 5167 5166 5168 5169
f 5161 5163 5175 5177
f 5163 5165 5174 5175
f 5761 5763 5764 5762
f 5820 5819 6126 6136
f 5242 5250 5249 5241
f 5166 5164 5170 5189
f 5174 5165 5167 5179
f 5233 5232 5289 5294
f 5230 5231 5251 5252
f 5162 5160 5176 5172
f 5635 6224 6200 5637
f 5656 5657 5659 5658
f 5243 5275 5276 5244
f 5991 5990 6008 6007
f 5632 5634 5908 5907
f 6014 5191 5209 6135
f 5984 5986 5987 5985
f 5950 6152 5993 5949
f 5185 5184 5981 5983
f 5659 5661 5660 5658
f 5254 5255 6277 6283
f 5187 5189 5213 5188
f 5259 5268 5297 5296
f 5149 5185 5208 5147
f 5142 5196 5195 5144
f 5140 5197 5196 5142
f 5139 6264 6300 5204
f 6155 6156 5989 5990
f 5158 5199 5176 5160
f 5247 5280 5281 5277
f 5156 5158 5159 5157
f 5169 5203 5179 5167
f 5193 5181 5272 5278
f 5137 5136 5138 5139
f 5253 5276 5275 5254
f 5141 5205 6301 6265
f 5205 5141 5143 5206
f 5206 5143 5145 5207
f 5146 5148 5149 5147
f 5261 5224 5222 5296
f 5928 5930 5931 5929
f 5154 5156 5157 5155
f 5293 5285 5290 5294
f 5219 5211 5277 5281
f 5212 5282 5287 5178
f 5908 5634 5636 5910
f 5188 5276 5253 5214
f 5254 5275 5274 5255
f 5197 6280 6269 5215
f 5196 5197 5215 5216
f 5196 5216 5217 5195
f 5228 5271 5218 5217
f 5296 5297 5262 5261
f 5266 5267 5299 5298
f 5222 5223 5221 5220
f 5250 5242 5243 5251
f 5225 5224 5226 5227
f 5228 5229 5227 5226
f 5216 5229 5228 5217
f 5818 5819 5763 5766
f 5174 5762 5764 5175
f 5164 5162 5172 5170
f 5176 5178 5173 5172
f 5221 5223 5236 5235
f 5222 5220 5259 5296
f 5227 5238 5237 5225
f 5227 5229 5239 5238
f 5215 5239 5229 5216
f 5766 5979 5817 5818
f 5173 5230 5252 5171
f 5160 5162 5163 5161
f 5231 5288 5289 5232
f 5981 5980 5982 5983
f 5181 5180 5182 5183
f 5265 5263 5269 5270
f 5661 5659 6208 6178
f 6007 6032 6036 6006
f 6223 5332 5333 6231
f 5263 5298 5299 5269
f 6058 5300 5301 6100
f 5199 5200 5219 5212
f 6054 6056 6123 6124
f 6104 6057 6056 6125
f 6054 6124 6135 6055
f 5251 5243 5244 5252
f 5182 5148 5146 5194
f 5223 5225 5237 5236
f 5241 5249 5248 5240
f 5213 5171 5252 5244
f 5166 5189 5134 5168
f 5215 6269 6290 5239
f 6110 6108 5999 6128
f 5239 6290 6282 5238
f 6247 6255 5256 5257
f 6276 5237 5238 6282
f 5187 5188 5214 5198
f 5211 5219 5200 5201
f 5818 6125 6126 5819
f 5253 6291 6268 5214
f 5136 5187 5198 5138
f 5297 5298 5263 5262
f 5198 5214 6268 6281
f 5188 5213 5244 5276
f 6004 5933 5935 6091
f 5224 5225 5223 5222
f 5152 5153 5151 5150
f 5144 5146 5147 5145
f 5256 5295 5258 5257
f 5263 5265 5264 5262
f 5909 5911 5987 5986
f 5634 5632 5633 5635
f 5931 5994 5995 5929
f 5194 5146 5144 5195
f 5208 6134 6133 6132
f 5193 5278 5277 5211
f 5274 5242 5241 5295
f 5264 5265 5272 5273
f 5995 5994 5996 5997
f 6011 5986 5984 6012
f 5657 6172 6208 5659
f 5991 6154 6155 5990
f 5177 5175 5764 5820
f 5149 5151 5184 5185
f 6008 6009 6031 6030
f 5654 5656 5930 5928
f 5286 5293 5294 5289
f 5177 5210 5159 5161
f 5202 5210 6136 6055
f 6102 6058 6057 6104
f 5260 5261 5262 5264
f 5260 5264 5273 5271
f 5189 5170 5171 5213
f 5236 5237 6276 6254
f 5194 5218 5183 5182
f 5282 5281 5280 5283
f 5233 5234 5248 5249
f 5292 5293 5286 5279
f 5157 5159 5210 5202
f 5281 5282 5212 5219
f 5160 5161 5159 5158
f 5960 6227 6207 5961
f 5269 5299 5291 5246
f 5266 5298 5297 5268
f 5253 5254 6283 6291
f 5195 5217 5218 5194
f 5207 5145 5147 5208
f 5634 5635 5637 5636
f 6003 6004 6091 6105
f 5990 5989 6009 6008
f 5909 5908 5910 5911
f 6000 5998 6001 6002
f 5302 5301 5300 5303
f 5304 5305 5303 5300
f 5305 5304 5306 5307
f 5308 5309 5307 5306
f 5308 5310 5311 5309
f 5310 5312 5313 5311
f 5312 5314 5315 5313
f 5315 5314 5316 5317
f 5318 5319 5317 5316
f 5320 5321 5319 5318
f 5321 5320 5322 5323
f 5322 5324 5325 5323
f 5325 5324 5326 5327
f 5326 5328 5329 5327
f 5328 5330 5331 5329
f 5963 5962 6189 6179
f 5333 5332 5334 5335
f 6266 6278 5335 5334
f 5337 5336 5338 5339
f 5338 5340 5341 5339
f 5342 5343 5341 5340
f 5342 5344 5345 5343
f 5344 5346 5347 5345
f 6306 5877 5878 6307
f 5350 5349 5348 5351
f 5348 5352 5353 5351
f 5352 5354 5355 5353
f 5301 5356 5355 5354
f 5274 5275 5243 5242
f 5358 5361 5360 5359
f 5361 5358 5362 5363
f 5362 5364 5365 5363
f 5365 5364 5366 5367
f 5366 5368 5369 5367
f 5370 5371 5369 5368
f 5370 5372 5373 5371
f 5374 5375 5373 5372
f 5374 5376 5377 5375
f 5377 5376 5378 5379
f 5378 5380 5381 5379
f 5381 5380 5382 5383
f 5384 5385 5383 5382
f 6273 6286 5388 5387
f 5386 5390 5391 5389
f 5392 5393 5391 5390
f 5392 5394 5395 5393
f 5394 5396 5397 5395
f 5397 5396 5398 5399
f 5400 5403 5402 5401
f 5403 5400 5404 5405
f 5404 5406 5407 5405
f 5408 5409 5407 5406
f 5409 5408 5410 5411
f 5411 5410 5412 5413
f 5360 5413 5412 5359
f 5414 5417 5416 5415
f 5418 5419 5417 5414
f 5419 5418 5420 5421
f 5420 5422 5423 5421
f 5422 5424 5425 5423
f 5425 5424 5426 5427
f 5427 5426 5428 5429
f 5429 5428 5430 5431
f 5430 5432 5433 5431
f 5432 5434 5435 5433
f 5435 5434 5436 5437
f 5437 5436 5438 5439
f 5438 5440 5441 5439
f 5441 5440 5442 5443
f 5443 5442 5444 5445
f 5950 5949 6173 6215
f 5446 5448 5449 5447
f 5448 6288 6296 5449
f 5450 5452 5453 5451
f 5454 5455 5453 5452
f 5456 5457 5455 5454
f 5456 5458 5459 5457
f 5459 5458 5460 5461
f 5447 5957 6221 6181
f 5462 5465 5464 5463
f 5462 5466 5467 5465
f 5467 5466 5468 5469
f 5468 5470 5471 5469
f 5472 5473 5471 5470
f 5415 5416 5473 5472
f 5476 5475 5474 5477
f 5478 5477 5474 5479
f 5478 5479 5481 5480
f 5676 5677 5681 5680
f 5483 5485 5484 5482
f 5484 5485 5487 5486
f 5684 5680 5681 5685
f 5488 5490 5867 5731
f 5490 5491 5493 5492
f 5494 5492 5493 5495
f 5494 5495 5497 5496
f 5498 5496 5497 5499
f 5500 5498 5499 5501
f 5500 5501 5503 5502
f 5502 5503 5505 5504
f 5506 5504 5505 5507
f 5508 5506 5507 5509
f 5508 5509 5511 5510
f 5510 5511 5513 5512
f 5514 5512 5513 5515
f 5516 5514 5515 5517
f 5516 5517 5519 5518
f 5518 5519 5521 5520
f 5522 5520 5521 5523
f 5522 5523 5525 5524
f 5524 5525 5527 5526
f 5526 5527 5529 5528
f 5530 5528 5529 5531
f 5530 5531 5533 5532
f 5532 5533 5535 5534
f 5534 5535 5537 5536
f 5536 5537 5539 5538
f 5539 5541 5540 5538
f 5540 5541 5543 5542
f 5542 5543 5545 5544
f 5544 5545 5547 5546
f 5548 5546 5547 5549
f 5548 5549 5551 5550
f 5551 5553 5552 5550
f 5552 5553 5555 5554
f 5556 5554 5555 5557
f 5556 5557 5559 5558
f 5558 5559 5561 5560
f 5562 5560 5561 5563
f 5564 5562 5563 5565
f 5564 5565 5567 5566
f 5566 5567 5569 5568
f 5570 5568 5569 5571
f 5572 5570 5571 5573
f 5573 5575 5574 5572
f 5574 5575 5577 5576
f 5576 5577 5579 5578
f 5578 5579 5581 5580
f 5580 5581 5583 5582
f 5582 5583 5585 5584
f 5584 5585 5587 5586
f 5588 5586 5587 5589
f 5588 5589 5591 5590
f 5590 5591 5593 5592
f 5592 5593 5595 5594
f 5596 5594 5595 5597
f 5596 5597 5599 5598
f 5598 5599 5601 5600
f 5600 5601 5603 5602
f 5603 5605 5604 5602
f 5604 5605 5607 5606
f 5607 5609 5608 5606
f 5609 5611 5610 5608
f 5611 5613 5612 5610
f 5612 5613 5615 5614
f 5615 5617 5616 5614
f 5618 5616 5617 5619
f 5620 5623 5622 5621
f 5623 5625 5624 5622
f 5624 5625 5402 5403
f 5464 5465 5400 5401
f 5463 5627 5626 5462
f 5626 5627 5350 5351
f 5628 5348 5349 5629
f 5628 5629 5631 5630
f 5905 5630 5632 5907
f 6012 6013 6124 6123
f 5636 5637 5639 5638
f 5639 5641 5640 5638
f 5640 5641 5643 5642
f 5644 5642 5643 5645
f 5645 5647 5646 5644
f 5647 5649 5648 5646
f 5649 6298 6284 5648
f 5652 5650 5651 5653
f 5652 5653 5655 5654
f 6001 6003 6105 6106
f 5656 5658 5932 5930
f 6138 6147 6211 6219
f 5661 5663 5662 5660
f 5328 5662 5663 5330
f 5664 5667 5666 5665
f 5474 5741 5743 5479
f 5669 5667 5664 5670
f 5474 5475 5668 5741
f 5668 5669 5673 5672
f 5670 5671 5675 5674
f 5672 5673 5677 5676
f 5678 5674 5675 5679
f 5480 5482 5745 5869
f 5868 5731 5732 5976
f 5729 5680 5684 5802
f 5685 5681 5682 5686
f 5685 5689 5688 5684
f 5690 5686 5687 5691
f 5692 5688 5689 5693
f 5691 5695 5694 5690
f 5695 5697 5696 5694
f 5384 5443 5445 5698
f 5444 5442 5700 5699
f 5699 5700 5329 5331
f 5584 5586 5702 5701
f 5583 6043 5703 5585
f 5703 6043 5619 5617
f 5705 5706 5614 5616
f 5707 5708 5706 5705
f 5707 5701 5702 5708
f 5709 5542 5544 5710
f 5712 6048 5547 5545
f 5549 5547 6048 6047
f 5713 5714 5572 5574
f 5715 5716 5714 5713
f 5710 5716 5715 5709
f 5717 5720 5719 5718
f 5717 5500 5502 5720
f 5505 5503 5722 6052
f 5535 5533 5721 6053
f 5530 5532 5723 5724
f 5718 5719 5724 5723
f 5665 5871 5739 5671
f 5679 5872 5728 5683
f 5792 5794 5734 5733
f 5786 5787 5727 5726
f 5689 5690 5694 5693
f 5480 5481 5483 5482
f 5491 5489 5730 5973
f 5732 5725 5791 5976
f 5788 5725 5732 5974
f 5490 5488 5489 5491
f 5802 5973 5730 5729
f 5747 5734 5794 5955
f 5733 5734 6317 6316
f 5680 5729 5801 5676
f 5733 6316 5738 5737
f 5739 6311 6312 5740
f 5683 5728 5873 5687
f 5671 5739 5740 5675
f 5678 5679 5683 5682
f 5489 5487 5972 5730
f 5741 5668 5672 5742
f 5745 6314 6313 5869
f 5743 5741 5742 5744
f 5694 5696 6144 5693
f 5673 5674 5678 5677
f 5737 5793 5792 5733
f 5484 5746 5745 5482
f 5727 5787 5873 5728
f 5745 5746 6315 6314
f 5789 5726 5727 5790
f 5747 5748 6317 5734
f 5750 6341 6326 5751
f 5750 5751 5754 5753
f 5508 5510 6341 5750
f 5506 5508 5750 5753
f 5509 5507 5757 5756
f 5756 5757 5527 5525
f 5529 5527 5757 6052
f 5524 5759 6327 5522
f 5524 5526 5760 5759
f 6326 6327 5759 5751
f 5754 5751 5759 5760
f 5761 5765 5766 5763
f 5163 5162 5164 5165
f 5768 5770 5978 5979
f 5768 5979 5767 5769
f 5301 5302 5357 5356
f 5320 5768 5769 5322
f 5318 5770 5768 5320
f 5321 5323 5772 5771
f 5771 5773 5319 5321
f 5434 5771 5772 5436
f 5434 5432 5773 5771
f 5435 5437 5378 5376
f 5374 5433 5435 5376
f 5379 5775 5774 5377
f 5774 5776 5375 5377
f 5774 5775 5778 5777
f 5777 5779 5776 5774
f 5778 5781 5780 5777
f 5779 5777 5780 5782
f 5780 5781 5784 5783
f 5782 5780 5783 5785
f 5783 5784 5787 5786
f 5785 5783 5786 5788
f 5725 5726 5789 5791
f 5487 5489 5488 5486
f 5789 5790 6312 5735
f 5789 5735 5736 5791
f 6308 6309 5796 5795
f 6308 5795 5797 6310
f 5795 5796 5799 5798
f 5797 5795 5798 5800
f 5666 5476 5798 5799
f 5798 5476 5477 5800
f 5476 5666 5667 5475
f 5871 6309 6311 5739
f 5672 5676 5801 5742
f 5731 5868 5486 5488
f 5688 5803 5802 5684
f 5688 5692 5804 5803
f 5496 5806 5805 5494
f 5808 5807 6158 6159
f 5805 5806 5810 5809
f 5811 5809 5810 5812
f 5369 5371 5811 5812
f 5370 5368 5427 5429
f 5315 5814 5813 5313
f 5426 5813 5814 5428
f 5815 6104 5817 5816
f 5314 5312 5815 5816
f 5282 5283 5288 5287
f 5697 5695 5822 5821
f 5705 5616 5618 5823
f 5612 5614 5706 5824
f 5610 5612 5824 5825
f 5610 5825 6329 5608
f 6329 6330 5606 5608
f 5604 5606 6330 6333
f 5829 5602 5604 6333
f 5829 5830 5600 5602
f 5598 5600 5830 5831
f 5596 5598 5831 6320
f 5594 5596 6320 6321
f 5592 5594 6321 6324
f 5590 5592 6324 5835
f 5588 5590 5835 5836
f 5702 5586 5588 5836
f 5582 5584 5701 5837
f 5580 5582 5837 5838
f 5578 5580 5838 5839
f 5576 5578 5839 5840
f 5574 5576 5840 5713
f 5570 5572 5714 5841
f 5570 5841 5842 5568
f 5566 5568 5842 5843
f 5843 6335 5564 5566
f 5562 5564 6335 6336
f 5560 5562 6336 6338
f 5560 6338 6340 5558
f 5556 5558 6340 6318
f 5554 5556 6318 6319
f 5552 5554 6319 6323
f 5550 5552 6323 5851
f 5851 5852 5548 5550
f 5546 5548 5852 5853
f 5544 5546 5853 5710
f 5542 5709 5854 5540
f 5538 5540 5854 5855
f 5536 5538 5855 5856
f 5534 5536 5856 5857
f 5532 5534 5857 5723
f 5528 5530 5724 5858
f 5526 5528 5858 5760
f 5520 5522 6327 5859
f 5520 5859 6332 5518
f 5518 6332 6334 5516
f 5514 5516 6334 6337
f 6337 6339 5512 5514
f 6339 6341 5510 5512
f 5504 5506 5753 5864
f 5502 5504 5864 5720
f 5498 5500 5717 5865
f 5496 5498 5865 5806
f 5492 5494 5805 5866
f 5866 5867 5490 5492
f 5801 5729 5730 5972
f 5484 5486 5868 5746
f 5478 5480 5869 5870
f 5478 5870 5800 5477
f 5665 5666 5799 5871
f 5675 5740 5872 5679
f 5732 5731 5867 5974
f 5691 5687 5873 5874
f 5691 5874 5822 5695
f 5778 5821 5822 5781
f 6161 5875 6260 6261
f 6232 6304 6298 5649
f 6232 6233 6306 6304
f 6256 6019 5876 6261
f 5879 5880 5882 6162
f 5876 5880 5879 6160
f 5623 5620 6168 6237
f 5883 5885 5884 5838
f 5884 5886 5839 5838
f 5886 5888 5887 5839
f 5887 5888 5889 5855
f 5856 5855 5889 5890
f 5891 5856 5890 5892
f 5810 5806 5891 5892
f 5809 5894 5893 5805
f 5893 5894 5779 5782
f 5797 5800 5870 5895
f 5796 6309 5871 5799
f 5740 6312 5790 5872
f 5483 5481 5479 5743
f 5787 5784 5874 5873
f 5781 5822 5874 5784
f 5597 6039 5601 5599
f 5617 5615 5704 5703
f 5613 6042 5704 5615
f 5611 6041 6042 5613
f 5896 5899 5898 5897
f 5624 5898 5899 5622
f 5407 5897 5898 5405
f 5624 5403 5405 5898
f 5404 5467 5469 5406
f 5404 5400 5465 5467
f 5468 5466 5900 5901
f 5462 5626 5900 5466
f 5353 5355 5901 5900
f 5351 5353 5900 5626
f 5354 5352 5902 5903
f 5352 5348 5628 5902
f 5903 5902 5905 5904
f 5628 5630 5905 5902
f 6011 6101 5904 5906
f 6101 6011 6012 6123
f 6013 6014 6135 6124
f 5168 5134 5135 5169
f 5988 6010 6009 5989
f 5912 5913 5911 5910
f 5636 5638 5912 5910
f 5913 5912 5914 5915
f 5638 5640 5914 5912
f 5914 5916 5917 5915
f 5640 5642 5916 5914
f 5916 5918 5919 5917
f 5916 5642 5644 5918
f 5920 5921 5919 5918
f 5644 5646 5920 5918
f 5921 5920 5922 5923
f 5646 5648 5922 5920
f 5922 6258 6270 5923
f 5650 5924 6259 6285
f 5925 5924 5926 5927
f 5652 5926 5924 5650
f 5926 5928 5929 5927
f 5652 5654 5928 5926
f 5947 5952 6010 5988
f 5654 5655 5657 5656
f 5655 6214 6172 5657
f 5152 5154 5155 5153
f 5246 5247 5270 5269
f 6153 5992 6292 6302
f 5934 5937 5936 5935
f 5660 5662 5937 5934
f 5326 5324 5936 5937
f 5326 5937 5662 5328
f 5327 5939 5938 5325
f 5700 5939 5327 5329
f 5938 5939 5440 5438
f 5442 5440 5939 5700
f 5380 5439 5441 5382
f 5382 5441 5443 5384
f 5381 5383 5940 5941
f 5940 5383 5385 5942
f 5697 5821 5941 5940
f 5940 5942 5696 5697
f 5943 5761 5762 5944
f 5943 5945 5765 5761
f 5945 5946 5767 5765
f 5769 5767 5946 5936
f 5322 5769 5936 5324
f 5323 5325 5938 5772
f 5772 5938 5438 5436
f 5437 5439 5380 5378
f 5381 5941 5775 5379
f 5775 5941 5821 5778
f 5906 5909 5986 6011
f 5135 5137 5186 5190
f 5949 5993 6005 5951
f 5988 5989 6156 6157
f 5805 5893 5953 5866
f 5461 5460 6202 6204
f 5893 5782 5785 5953
f 5895 6313 6310 5797
f 6184 6190 5347 5346
f 5947 5948 6201 6225
f 5948 5971 6217 6201
f 5446 5447 6181 6143
f 5966 6233 6213 5967
f 5446 6143 6229 5958
f 5963 6179 6209 5951
f 5956 6171 6236 6169
f 5958 6229 6231 5333
f 6173 5949 5951 6209
f 5952 6199 6227 5960
f 5461 6204 6182 5398
f 5967 6213 6193 5968
f 6175 6235 5970 5969
f 6182 6186 5399 5398
f 5959 6195 6202 5460
f 5947 6225 6199 5952
f 5332 6223 6189 5962
f 6147 5808 6238 6211
f 5804 6238 5808 6159
f 5952 5960 6038 6010
f 5875 6161 5537 6165
f 5728 5872 5790 5727
f 5742 5801 5972 5744
f 5954 5973 5802 5803
f 5866 5953 5974 5867
f 5811 5975 5894 5809
f 5779 5894 5975 5776
f 5375 5776 5975 5373
f 5869 6313 5895 5870
f 5681 5677 5678 5682
f 5683 5687 5686 5682
f 5976 6315 5746 5868
f 5976 5791 5736 6315
f 5788 5974 5953 5785
f 5811 5371 5373 5975
f 5372 5370 5429 5431
f 5431 5433 5374 5372
f 5317 5977 5814 5315
f 5814 5977 5430 5428
f 5773 5977 5317 5319
f 5430 5977 5773 5432
f 5816 5817 5979 5978
f 5314 5816 5978 5316
f 5316 5978 5770 5318
f 5765 5767 5979 5766
f 5230 5287 5288 5231
f 5250 5251 5231 5232
f 5982 5980 5984 5985
f 5184 5151 5153 5191
f 5190 5203 5169 5135
f 5991 6007 6006 5992
f 6002 6127 5203 5190
f 5191 5153 5155 5209
f 5291 5299 5267 5245
f 5240 5258 5295 5241
f 5951 6005 6037 5963
f 6001 6106 6127 6002
f 5932 5934 5935 5933
f 5996 6003 6001 5998
f 6010 6038 6031 6009
f 5186 5204 6128 6000
f 5984 5980 6013 6012
f 5184 5191 6014 5981
f 6036 6244 6241 6006
f 5906 5904 5905 5907
f 5346 5961 6207 6184
f 5270 5278 5272 5265
f 5948 5947 5988 6157
f 6128 5204 6300 6248
f 5135 5134 5136 5137
f 5685 5686 5690 5689
f 5669 5670 5674 5673
f 6015 5395 5397 6016
f 5956 6016 5397 5399
f 6015 6017 5393 5395
f 6017 6018 5391 5393
f 5389 5391 6018 6019
f 6257 6020 5388 6286
f 5448 6021 6294 6288
f 5337 5339 6023 6022
f 5345 6025 6024 5343
f 5398 5396 5459 5461
f 5392 5455 5457 5394
f 5394 5457 5459 5396
f 5458 6025 5959 5460
f 5456 6024 6025 5458
f 5390 5386 5451 5453
f 5453 5455 5392 5390
f 5454 6026 6024 5456
f 6024 6026 5341 5343
f 5341 6026 6023 5339
f 6023 6026 5454 5452
f 5452 5450 6022 6023
f 5386 6272 6297 5451
f 5387 5957 5447 5449
f 5333 5335 6021 5958
f 5958 6021 5448 5446
f 5337 6022 6295 6279
f 6027 6028 5338 5336
f 5338 6028 6029 5340
f 6007 6008 6030 6032
f 5247 5277 5278 5270
f 6028 6032 6030 6029
f 6030 6031 6033 6029
f 6029 6033 5342 5340
f 6033 6034 5344 5342
f 5345 5347 5959 6025
f 5334 5332 5962 6035
f 5336 6267 6274 6027
f 6036 6027 6274 6244
f 6032 6028 6027 6036
f 5180 5181 5193 5192
f 5148 5150 5151 5149
f 6031 6038 6034 6033
f 5961 6034 6038 5960
f 5344 6034 5961 5346
f 6035 5962 5963 6037
f 5595 5593 6044 6040
f 5487 5485 5744 5972
f 5603 5601 6039 5605
f 5609 5607 6040 6044
f 5607 5605 6039 6040
f 6041 5591 5589 6042
f 6041 5611 5609 6044
f 5591 6041 6044 5593
f 5703 5704 5587 5585
f 5553 5551 6050 6046
f 5571 6048 5712 5573
f 5559 5557 5555 6045
f 6045 5555 5553 6046
f 6046 6050 5567 5565
f 5711 6049 5577 5575
f 5563 5561 5559 6045
f 5569 5567 6050 6047
f 5563 6045 6046 5565
f 5575 5573 5712 5711
f 5545 5543 5711 5712
f 6047 6048 5571 5569
f 5511 5509 5756 5755
f 5501 5721 5722 5503
f 5521 5519 5517 6051
f 5525 5523 5755 5756
f 5499 6053 5721 5501
f 5757 5507 5505 6052
f 5722 5531 5529 6052
f 5517 5515 5513 6051
f 5541 6049 5711 5543
f 5664 5665 5671 5670
f 5483 5743 5744 5485
f 5725 5788 5786 5726
f 5155 5157 5202 5209
f 5307 6060 6059 5305
f 5420 5418 6059 6060
f 5362 5358 5419 5421
f 5362 5421 5423 5364
f 5363 6061 6062 5361
f 6061 5889 5888 6062
f 5883 5838 5837 6063
f 5830 6322 6320 5831
f 5833 5832 6064 6065
f 5833 6065 6066 5834
f 6067 5835 6324 6328
f 6067 6068 5836 5835
f 5836 6068 5708 5702
f 5707 6063 5837 5701
f 5829 6333 6322 5830
f 5827 6065 6064 5828
f 5826 6066 6065 5827
f 5825 6067 6328 6329
f 5824 6068 6067 5825
f 5706 5708 6068 5824
f 5823 6063 5707 5705
f 5854 6069 5887 5855
f 5847 6070 5849 5848
f 6070 6325 5850 5849
f 5851 6323 6071 6072
f 5851 6072 6073 5852
f 5852 6073 6074 5853
f 5716 5710 5853 6074
f 5715 6069 5854 5709
f 5887 6069 5840 5839
f 5846 5845 6070 5847
f 5844 6325 6070 5845
f 5843 6072 6071 6335
f 5842 6073 6072 5843
f 5841 6074 6073 5842
f 5716 6074 5841 5714
f 5715 5713 5840 6069
f 5806 5865 6075 5891
f 5862 5861 6076 5863
f 5749 5863 6076 5752
f 5754 6077 5864 5753
f 5720 5864 6077 5719
f 5865 5717 5718 6075
f 5857 5856 5891 6075
f 5860 6331 6076 5861
f 5752 6076 6331 5758
f 5754 5760 5858 6077
f 5724 5719 6077 5858
f 5718 5723 5857 6075
f 6078 6079 5413 5360
f 6078 5886 5884 6079
f 6080 6081 5896 5897
f 6080 6082 5885 6081
f 5885 6082 6079 5884
f 5888 5886 6078 6062
f 5889 6061 6083 5890
f 6083 6084 5892 5890
f 5810 5892 6084 5812
f 5409 5411 6082 6080
f 5411 5413 6079 6082
f 5407 5409 6080 5897
f 6083 5365 5367 6084
f 5812 6084 5367 5369
f 5360 5361 6062 6078
f 5365 6083 6061 5363
f 5364 5423 5425 5366
f 5368 5366 5425 5427
f 5408 5406 5469 5471
f 5408 5471 5473 5410
f 5412 5410 5473 5416
f 5359 5412 5416 5417
f 5359 5417 5419 5358
f 5468 5901 6085 5470
f 5472 5470 6085 6086
f 6086 6087 5415 5472
f 5415 6087 6088 5414
f 5303 5305 6059 6088
f 6059 5418 5414 6088
f 6060 5307 5309 6089
f 5420 6060 6089 5422
f 5309 5311 6090 6089
f 5422 6089 6090 5424
f 5311 5313 5813 6090
f 5424 6090 5813 5426
f 5355 5356 6085 5901
f 5356 5357 6086 6085
f 6086 5357 5302 6087
f 5303 6088 6087 5302
f 5183 5273 5272 5181
f 5927 5929 5995 6092
f 5925 5927 6092 6093
f 5925 6093 6242 6271
f 5921 5923 6094 6095
f 5919 5921 6095 6096
f 5919 6096 6097 5917
f 5915 5917 6097 6098
f 6098 6099 5913 5915
f 5911 5913 6099 5987
f 5301 5354 5903 6100
f 5246 5291 5292 5279
f 5300 6058 5306 5304
f 6100 6101 6057 6058
f 5306 6058 6102 5308
f 5308 6102 6103 5310
f 5312 5310 6103 5815
f 6105 5945 5943 6106
f 5945 6105 6091 5946
f 5998 5999 5997 5996
f 5997 5999 6108 6107
f 6092 5995 5997 6107
f 6107 6108 6110 6109
f 6092 6107 6109 6093
f 6250 6109 6110 6262
f 6094 6243 6251 6111
f 6111 6112 6114 6113
f 6111 6113 6095 6094
f 6114 6116 6115 6113
f 6095 6113 6115 6096
f 6116 6118 6117 6115
f 6115 6117 6097 6096
f 6119 6117 6118 6120
f 6097 6117 6119 6098
f 6120 6122 6121 6119
f 6099 6098 6119 6121
f 6121 6122 5982 5985
f 5985 5987 6099 6121
f 5186 6000 6002 5190
f 5980 5981 6014 6013
f 6057 6101 6123 6056
f 5279 5280 5247 5246
f 5199 5158 5156 5200
f 6125 6056 6054 6126
f 5820 6136 5210 5177
f 5817 6104 6125 5818
f 5944 6127 6106 5943
f 5930 5932 5933 5931
f 5224 5261 5260 5226
f 6129 6112 6263 6249
f 6112 6129 6130 6114
f 6114 6130 6131 6116
f 6116 6131 6132 6118
f 6118 6132 6133 6120
f 6120 6133 6134 6122
f 6122 6134 5983 5982
f 6198 5633 5631 6226
f 5202 6055 6135 5209
f 6100 5903 5904 6101
f 5946 6091 5935 5936
f 5232 5233 5249 5250
f 5283 5286 5289 5288
f 5762 5174 5179 5944
f 5171 5170 5172 5173
f 5999 5998 6000 6128
f 5630 5631 5633 5632
f 5347 6190 6195 5959
f 5179 5203 6127 5944
f 5186 5137 5139 5204
f 5205 5206 6130 6129
f 5206 5207 6131 6130
f 5207 5208 6132 6131
f 5208 5185 5983 6134
f 5658 5660 5934 5932
f 5245 5284 5292 5291
f 5284 5285 5293 5292
f 6222 6230 5331 5330
f 5444 6146 6180 5445
f 6142 6140 6164 6416
f 5533 5531 5722 5721
f 5523 5521 6051 5755
f 5493 5954 6159 5495
f 6047 6050 5551 5549
f 5704 6042 5589 5587
f 6039 5597 5595 6040
f 5350 5627 6194 6191
f 6206 6226 5631 5629
f 6241 6292 5992 6006
f 5996 5994 6004 6003
f 5907 5908 5909 5906
f 5950 6215 6197 5964
f 5192 5193 5211 5201
f 5991 5992 6153 6154
f 5444 5699 6228 6146
f 5491 5973 5954 5493
f 5384 5698 6137 5385
f 5965 5964 6197 6177
f 5388 6138 5957 5387
f 5619 6140 6139 5618
f 6139 6140 6142 6141
f 6144 6239 5692 5693
f 5385 6137 6145 5942
f 5971 5970 6235 6217
f 6148 6139 6141 6149
f 5618 6139 6148 5823
f 5625 5623 6237 6170
f 5875 6158 5807 6260
f 5876 6160 6161 6261
f 5896 6081 6148 6149
f 6081 5885 5883 6148
f 5957 6138 6219 6221
f 5388 6020 6147 6138
f 5883 6063 5823 6148
f 6137 5698 6220 6218
f 5879 6162 5579 6166
f 6137 6218 6210 6145
f 5511 5755 6051 5513
f 5950 5964 5965 6152
f 5966 6153 6302 5877
f 5966 5967 6154 6153
f 5967 5968 6155 6154
f 5969 6156 6155 5968
f 6156 5969 5970 6157
f 5948 6157 5970 5971
f 5539 6160 5879 6166
f 5537 6161 6160 5539
f 6053 5499 5497 6165
f 5537 5535 6053 6165
f 5579 5577 6049 6166
f 6049 5541 5539 6166
f 6140 6167 5881 6164
f 5875 6165 5497 6158
f 6043 6167 6140 5619
f 5581 6167 6043 5583
f 5881 6167 5581 6163
f 5579 6162 6163 5581
f 6210 6239 6144 6145
f 5968 6193 6175 5969
f 6238 5804 5692 6239
f 6210 6211 6238 6239
f 5696 5942 6145 6144
f 6171 5956 5399 6186
f 6020 5807 5808 6147
f 5807 6020 6257 6260
f 5880 5876 6019 6018
f 5880 6018 6017 5882
f 5882 6017 6015 6150
f 6150 6015 6016 6151
f 6151 6016 5956 6169
f 5668 5475 5667 5669
f 5994 5931 5933 6004
f 6304 6306 6307 6305
f 6236 6171 6170 6237
f 6210 6218 6219 6211
f 6219 6218 6220 6221
f 6228 5699 5331 6230
f 6228 6230 6231 6229
f 6146 6228 6229 6143
f 5445 6180 6220 5698
f 6181 6221 6220 6180
f 6188 6222 5330 5663
f 6222 6188 6189 6223
f 5663 5661 6178 6188
f 6178 6179 6189 6188
f 5653 6196 6214 5655
f 6196 6197 6215 6214
f 6176 6196 5653 5651
f 6176 6177 6197 6196
f 5651 6299 6305 6176
f 6305 6307 6177 6176
f 5647 6212 6232 5649
f 6212 6213 6233 6232
f 5647 5645 6192 6212
f 6212 6192 6193 6213
f 5645 5643 6174 6192
f 6174 6175 6193 6192
f 5643 5641 6234 6174
f 6174 6234 6235 6175
f 5641 5639 6216 6234
f 6217 6235 6234 6216
f 5637 6200 6216 5639
f 6200 6201 6217 6216
f 6206 6207 6227 6226
f 5349 6185 6206 5629
f 6185 6184 6207 6206
f 6190 6191 6194 6195
f 5463 6203 6194 5627
f 6202 6195 6194 6203
f 5401 6183 6205 5464
f 6182 6204 6205 6183
f 5402 5625 6170 6187
f 6170 6171 6186 6187
f 6203 5463 5464 6205
f 6203 6205 6204 6202
f 6180 6146 6143 6181
f 5402 6187 6183 5401
f 6183 6187 6186 6182
f 5350 6191 6185 5349
f 6185 6191 6190 6184
f 6222 6223 6231 6230
f 6226 6227 6199 6198
f 5633 6198 6224 5635
f 6198 6199 6225 6224
f 6214 6215 6173 6172
f 6172 6173 6209 6208
f 6178 6208 6209 6179
f 6200 6224 6225 6201
f 6299 6298 6304 6305
f 6256 6261 6260 6257
f 5965 5878 6303 6152
f 5877 6302 6303 5878
f 6177 6307 5878 5965
f 6005 5993 6293 6240
f 6241 6240 6293 6292
f 6249 6301 5205 6129
f 6249 6248 6300 6301
f 6248 6262 6110 6128
f 6262 6248 6249 6263
f 6093 6109 6250 6242
f 6243 6242 6250 6251
f 6111 6251 6263 6112
f 6251 6250 6262 6263
f 5923 6270 6243 6094
f 6243 6270 6271 6242
f 6037 6245 6275 6035
f 6274 6275 6245 6244
f 6035 6275 6266 5334
f 6266 6275 6274 6267
f 6278 6294 6021 5335
f 6279 6295 6294 6278
f 6273 5387 5449 6296
f 6272 6273 6296 6297
f 6022 5450 6289 6295
f 6288 6294 6295 6289
f 5389 6019 6256 6287
f 6256 6257 6286 6287
f 6037 6005 6240 6245
f 6240 6241 6244 6245
f 5993 6152 6303 6293
f 6292 6293 6303 6302
f 5648 6284 6258 5922
f 6259 6258 6284 6285
f 5924 5925 6271 6259
f 6270 6258 6259 6271
f 6285 6299 5651 5650
f 6298 6299 6285 6284
f 5451 6297 6289 5450
f 6288 6289 6297 6296
f 5386 5389 6287 6272
f 6272 6287 6286 6273
f 6267 5336 5337 6279
f 6266 6267 6279 6278
f 6255 6254 6276 6277
f 5235 5236 6254 6246
f 6247 6246 6254 6255
f 6282 6283 6277 6276
f 6290 6291 6283 6282
f 6268 6291 6290 6269
f 6268 6269 6280 6281
f 6264 6265 6301 6300
f 5197 5140 6253 6280
f 6253 6252 6281 6280
f 5140 5141 6265 6253
f 6252 6253 6265 6264
f 5877 6306 6233 5966
f 5881 6151 6169 6164
f 5882 6150 6163 6162
f 6150 6151 5881 6163
f 6308 5792 5793 6309
f 5794 5792 6308 6310
f 5737 5738 6312 6311
f 6310 6313 5955 5794
f 5747 6314 6315 5748
f 5955 6313 6314 5747
f 6316 6317 5736 5735
f 5738 6316 5735 6312
f 5736 6317 5748 6315
f 6309 5793 5737 6311
f 6318 5848 5849 6319
f 5833 6321 6320 5832
f 5832 6320 6322 6064
f 5850 6323 6319 5849
f 6321 5833 5834 6324
f 6071 6323 5850 6325
f 6326 5752 5758 6327
f 6066 6328 6324 5834
f 6066 5826 6329 6328
f 5826 5827 6330 6329
f 5860 6332 5859 6331
f 5828 6333 6330 5827
f 5861 6334 6332 5860
f 6335 5844 5845 6336
f 5844 6335 6071 6325
f 6064 6322 6333 5828
f 5861 5862 6337 6334
f 5845 5846 6338 6336
f 5862 5863 6339 6337
f 5846 5847 6340 6338
f 5758 6331 5859 6327
f 6339 5863 5749 6341
f 5749 5752 6326 6341
f 6318 6340 5847 5848
f 6344 6345 6347 6346
f 6343 6345 6344 6342
f 6342 6141 6142 6343
f 6348 6346 6347 6349
f 6350 6348 6349 6351
f 6350 6351 6353 6352
f 6352 6353 6355 6354
f 6355 6357 6356 6354
f 6356 6357 6359 6358
f 6358 6359 6361 6360
f 6361 6363 6362 6360
f 6364 6362 6363 6365
f 6364 6365 6367 6366
f 6366 6367 6369 6368
f 6368 6369 6371 6370
f 6371 6373 6372 6370
f 6372 6373 6375 6374
f 6374 6375 6377 6376
f 6378 6376 6377 6379
f 6344 6346 6381 6380
f 6343 6408 6382 6345
f 6377 6382 6408 6379
f 6384 6385 6374 6376
f 6384 6386 6387 6385
f 6386 6380 6381 6387
f 6376 6378 6388 6384
f 6374 6385 6389 6372
f 6370 6372 6389 6390
f 6368 6370 6390 6422
f 6366 6368 6422 6423
f 6364 6366 6423 6424
f 6362 6364 6424 6394
f 6362 6394 6395 6360
f 6358 6360 6395 6396
f 6358 6396 6417 6356
f 6356 6417 6418 6354
f 6352 6354 6418 6420
f 6350 6352 6420 6400
f 6400 6401 6348 6350
f 6346 6348 6401 6381
f 6342 6344 6380 6402
f 6141 6342 6402 6149
f 5896 6149 6403 5899
f 6357 6404 6361 6359
f 6377 6375 6383 6382
f 6373 6407 6383 6375
f 6371 6406 6407 6373
f 6405 6355 6353 6409
f 6365 6363 6361 6404
f 6405 6409 6369 6367
f 6365 6404 6405 6367
f 6349 6407 6406 6351
f 6406 6371 6369 6409
f 6351 6406 6409 6353
f 6345 6382 6383 6347
f 6402 6410 6403 6149
f 6417 6396 6395 6419
f 6397 6411 6412 6398
f 6399 6398 6412 6413
f 6414 6400 6420 6421
f 6400 6414 6415 6401
f 6387 6381 6401 6415
f 6380 6386 6410 6402
f 6394 6424 6419 6395
f 6392 6412 6411 6393
f 6391 6413 6412 6392
f 6390 6414 6421 6422
f 6389 6415 6414 6390
f 6385 6387 6415 6389
f 6384 6388 6410 6386
f 6383 6407 6349 6347
f 6357 6355 6405 6404
f 6168 5620 6378 6379
f 5620 5621 6388 6378
f 5622 5899 6403 5621
f 6403 6410 6388 5621
f 6168 6379 6408 6416
f 6142 6416 6408 6343
f 6398 6418 6417 6397
f 6397 6417 6419 6411
f 6398 6399 6420 6418
f 6420 6399 6413 6421
f 6413 6391 6422 6421
f 6391 6392 6423 6422
f 6392 6393 6424 6423
f 6411 6419 6424 6393
f 5495 6159 6158 5497
f 5804 6159 5954 5803
f 6236 6237 6168 6416
f 6169 6236 6416 6164
f 6102 6104 5815 6103
f 5173 5178 5287 5230
f 6426 6433 6434 6637
f 6435 6638 6637 6434
f 6436 6639 6638 6435
f 6428 6429 6634 6633
f 6436 6437 6427 6639
f 6430 6635 6634 6429
f 6425 6635 6430 6431
f 6425 6431 6432 6636
f 6426 6636 6432 6433
f 6434 6444 6445 6435
f 6436 6435 6445 6446
f 6429 6428 6438 6439
f 6437 6436 6446 6447
f 6439 6440 6430 6429
f 6440 6441 6431 6430
f 6441 6442 6432 6431
f 6432 6442 6443 6433
f 6434 6433 6443 6444
f 6445 6455 6456 6446
f 6439 6438 6448 6449
f 6446 6456 6457 6447
f 6439 6449 6450 6440
f 6441 6440 6450 6451
f 6451 6452 6442 6441
f 6442 6452 6453 6443
f 6443 6453 6454 6444
f 6444 6454 6455 6445
f 6465 6466 6456 6455
f 6458 6459 6449 6448
f 6457 6456 6466 6467
f 6459 6460 6450 6449
f 6450 6460 6461 6451
f 6451 6461 6462 6452
f 6453 6452 6462 6463
f 6453 6463 6464 6454
f 6454 6464 6465 6455
f 6458 6468 6469 6459
f 6466 6476 6477 6467
f 6469 6470 6460 6459
f 6461 6460 6470 6471
f 6461 6471 6472 6462
f 6472 6473 6463 6462
f 6473 6474 6464 6463
f 6465 6464 6474 6475
f 6465 6475 6476 6466
f 6487 6488 6477 6476
f 6469 6480 6481 6470
f 6470 6481 6482 6471
f 6472 6471 6482 6483
f 6472 6483 6484 6473
f 6484 6485 6474 6473
f 6475 6474 6485 6486
f 6475 6486 6487 6476
f 6479 6480 6469 6468
f 6482 6481 6492 6493
f 6565 6576 6587 6478
f 6493 6494 6483 6482
f 6494 6495 6484 6483
f 6495 6496 6485 6484
f 6485 6496 6497 6486
f 6486 6497 6498 6487
f 6490 6491 6480 6479
f 6487 6498 6499 6488
f 6481 6480 6491 6492
f 6503 6504 6493 6492
f 6543 6554 6522 6566
f 6493 6504 6505 6494
f 6505 6506 6495 6494
f 6506 6507 6496 6495
f 6507 6508 6497 6496
f 6498 6497 6508 6509
f 6490 6501 6502 6491
f 6499 6498 6509 6510
f 6502 6503 6492 6491
f 6522 6554 6565 6478
f 6532 6610 6510 6521
f 6504 6515 6516 6505
f 6516 6517 6506 6505
f 6517 6518 6507 6506
f 6518 6519 6508 6507
f 6509 6508 6519 6520
f 6512 6513 6502 6501
f 6520 6521 6510 6509
f 6502 6513 6514 6503
f 6566 6610 6532 6543
f 6514 6515 6504 6503
f 6515 6526 6527 6516
f 6517 6516 6527 6528
f 6528 6529 6518 6517
f 6529 6530 6519 6518
f 6519 6530 6531 6520
f 6513 6512 6523 6524
f 6521 6520 6531 6532
f 6524 6525 6514 6513
f 6489 6478 6587 6598
f 6514 6525 6526 6515
f 6522 6478 6489 6533
f 6527 6538 6539 6528
f 6529 6528 6539 6540
f 6540 6541 6530 6529
f 6531 6530 6541 6542
f 6523 6534 6535 6524
f 6532 6531 6542 6543
f 6525 6524 6535 6536
f 6522 6533 6577 6566
f 6536 6537 6526 6525
f 6566 6577 6621 6610
f 6537 6538 6527 6526
f 6540 6539 6550 6551
f 6541 6540 6551 6552
f 6541 6552 6553 6542
f 6534 6545 6546 6535
f 6543 6542 6553 6554
f 6535 6546 6547 6536
f 6499 6510 6610 6621
f 6537 6536 6547 6548
f 6489 6598 6609 6500
f 6538 6537 6548 6549
f 6538 6549 6550 6539
f 6561 6562 6551 6550
f 6551 6562 6563 6552
f 6552 6563 6564 6553
f 6545 6556 6557 6546
f 6553 6564 6565 6554
f 6547 6546 6557 6558
f 6533 6489 6500 6544
f 6548 6547 6558 6559
f 6544 6588 6577 6533
f 6548 6559 6560 6549
f 6560 6561 6550 6549
f 6562 6573 6574 6563
f 6564 6563 6574 6575
f 6557 6556 6567 6568
f 6565 6564 6575 6576
f 6557 6568 6569 6558
f 6588 6632 6621 6577
f 6569 6570 6559 6558
f 6488 6499 6621 6632
f 6570 6571 6560 6559
f 6571 6572 6561 6560
f 6561 6572 6573 6562
f 6584 6585 6574 6573
f 6575 6574 6585 6586
f 6567 6578 6579 6568
f 6575 6586 6587 6576
f 6579 6580 6569 6568
f 6511 6500 6609 6620
f 6570 6569 6580 6581
f 6500 6511 6555 6544
f 6581 6582 6571 6570
f 6572 6571 6582 6583
f 6573 6572 6583 6584
f 6596 6597 6586 6585
f 6578 6589 6590 6579
f 6586 6597 6598 6587
f 6579 6590 6591 6580
f 6588 6544 6555 6599
f 6591 6592 6581 6580
f 6588 6599 6640 6632
f 6592 6593 6582 6581
f 6593 6594 6583 6582
f 6583 6594 6595 6584
f 6584 6595 6596 6585
f 6600 6601 6590 6589
f 6608 6609 6598 6597
f 6601 6602 6591 6590
f 6488 6632 6640 6477
f 6591 6602 6603 6592
f 6427 6511 6620 6631
f 6603 6604 6593 6592
f 6604 6605 6594 6593
f 6595 6594 6605 6606
f 6596 6595 6606 6607
f 6597 6596 6607 6608
f 6609 6608 6619 6620
f 6602 6601 6612 6613
f 6427 6437 6555 6511
f 6603 6602 6613 6614
f 6555 6437 6447 6599
f 6614 6615 6604 6603
f 6604 6615 6616 6605
f 6605 6616 6617 6606
f 6617 6618 6607 6606
f 6608 6607 6618 6619
f 6600 6611 6612 6601
f 6623 6624 6613 6612
f 6599 6447 6457 6640
f 6624 6625 6614 6613
f 6477 6640 6457 6467
f 6614 6625 6626 6615
f 6626 6627 6616 6615
f 6617 6616 6627 6628
f 6618 6617 6628 6629
f 6629 6630 6619 6618
f 6622 6623 6612 6611
f 6630 6631 6620 6619
f 6624 6635 6425 6625
f 6425 6636 6626 6625
f 6426 6627 6626 6636
f 6426 6637 6628 6627
f 6628 6637 6638 6629
f 6638 6639 6630 6629
f 6622 6633 6634 6623
f 6630 6639 6427 6631
f 6623 6634 6635 6624
f 7058 7532 7535 7120
f 9276 9298 7654 7058
f 9273 6946 7171 9280
f 6754 7169 7168 6961
f 6778 7170 7169 6754
f 7528 7973 7969 7538
f 7028 7976 7975 7269
f 6754 6777 6753 6778
f 7120 7535 7534 7118
f 7550 7539 8044 8048
f 7120 9314 9276 7058
f 7046 7051 7168 7169
f 7046 7169 7170 7047
f 7511 7555 7541 8046
f 6965 7268 7269 6966
f 7539 7533 7972 8044
f 7536 7971 7972 7533
f 6945 9270 9278 7267
f 7118 9294 9314 7120
f 7056 7057 7121 7122
f 7053 7054 7124 7125
f 7023 7029 7030 7024
f 7461 7491 7409 7408
f 7046 7653 7649 7051
f 7027 7028 7269 7268
f 6964 7977 7976 7028
f 7540 7549 7484 7407
f 7051 7045 7167 7168
f 6960 6777 6754 6961
f 6899 6961 7168 7167
f 7409 7491 7510 7410
f 7454 7481 7547 7546
f 7166 7167 7045 7052
f 7024 7030 7979 7978
f 7483 9326 9360 7551
f 7055 7056 7122 7123
f 7984 6836 7380 7985
f 7045 7051 7649 7637
f 6857 7030 7029 6944
f 6805 7025 7266 7265
f 6963 6964 7028 7027
f 7116 7122 7121 7117
f 6960 7264 7265 6777
f 7267 7268 6965 6945
f 6960 6961 6899 6900
f 6862 6901 7256 7255
f 6964 9309 9283 7977
f 7026 7027 7268 7267
f 7408 7117 9295 9306
f 7117 7408 7409 7116
f 6944 7253 7252 6857
f 6857 7252 7981 7980
f 7122 7116 7115 7123
f 7045 7637 7405 7052
f 7042 7052 7405 7659
f 6858 6944 7029 6863
f 6858 6863 6805 6862
f 7052 7042 7165 7166
f 6748 7674 7898 7037
f 9300 7023 7024 9308
f 6863 7029 7023 7022
f 6962 7026 9274 9291
f 7054 7055 7123 7124
f 6899 7167 7166 7035
f 6759 6900 6899 7035
f 7475 7411 7410 7510
f 7023 9300 9290 7022
f 6805 6863 7022 7025
f 6962 6963 7027 7026
f 7038 7164 7180 7184
f 6902 7256 6837 7192
f 6804 7021 7262 7261
f 7408 9306 9288 7461
f 7116 7409 7410 7115
f 7410 7411 7114 7115
f 6761 7982 7981 7252
f 6766 7983 7982 6761
f 7039 7179 7180 7164
f 7164 7165 7042 7039
f 6900 6759 7262 7263
f 7263 7264 6960 6900
f 7113 7125 7124 7114
f 6805 7265 7264 6862
f 6901 7263 7262 7021
f 7411 7412 7113 7114
f 6871 7261 7262 6759
f 6862 7264 7263 6901
f 7035 7166 7165 7382
f 7114 7124 7123 7115
f 6766 6836 7984 7983
f 6715 7179 7039 7390
f 7043 7053 7125 7126
f 7127 7128 7036 7040
f 7038 7382 7165 7164
f 6760 6943 7253 7254
f 6803 6804 7261 7260
f 7035 7382 6871 6759
f 6901 7021 6837 7256
f 6871 7382 7038 6801
f 6902 6959 7255 7256
f 6760 7254 7255 6959
f 6761 6943 6942 6766
f 7452 7453 7439 7438
f 7412 7411 7475 7506
f 7043 7126 7127 7040
f 6715 7661 7066 7179
f 6941 6836 6766 6942
f 6765 6942 6943 6760
f 6835 6941 6942 6765
f 7180 7175 7176 7184
f 6804 7189 6837 7021
f 6862 7255 7254 6858
f 7038 7184 7183 6801
f 7044 7113 7412 7413
f 7175 7180 7179 7066
f 7895 7128 7037 7898
f 6871 6801 7260 7261
f 7066 7585 7568 7175
f 6957 7377 7378 6835
f 7176 7594 7602 7177
f 7176 7177 7183 7184
f 7172 7593 7567 7163
f 6955 6784 7912 7904
f 6903 6902 7192 7193
f 7041 7127 7126 7044
f 6904 7376 7377 6957
f 7496 7413 7412 7506
f 7036 7128 7895 7887
f 7905 6788 6781 7915
f 6671 7987 7986 7020
f 6836 6941 7379 7380
f 7886 7887 7050 7049
f 7127 7041 7037 7128
f 7050 7129 7913 7906
f 7066 7661 7669 7585
f 7162 7163 6952 6897
f 6835 7378 7379 6941
f 7019 7020 7380 7379
f 7378 7018 7019 7379
f 6765 6760 6959 6958
f 6765 6958 6957 6835
f 6801 7183 7259 7260
f 7017 7018 7378 7377
f 7177 7258 7259 7183
f 7181 7186 6803 7182
f 6958 6959 6902 6903
f 6837 7189 7190 7192
f 6892 7041 7044 7413
f 6903 6904 6957 6958
f 7160 7172 7163 7162
f 7186 7189 6804 6803
f 9549 9558 7672 7927
f 7259 7182 6803 7260
f 7641 6897 6952 7645
f 7610 6931 6817 7616
f 10523 10571 7112 7283
f 6671 7020 7019 6674
f 7182 7259 7258 7178
f 6951 7174 7381 7257
f 6870 7181 7182 7178
f 7190 7187 7188 7191
f 6791 6860 6991 6990
f 6814 6979 7574 7592
f 6748 7037 7041 6892
f 7083 7414 7934 7680
f 7160 7162 6992 6779
f 7193 7194 6904 6903
f 7597 7258 7177 7602
f 7413 7496 7682 7927
f 6661 6671 6674 6673
f 7886 7900 7595 7034
f 7580 6870 7178 7600
f 7130 7913 7908 7059
f 7049 7050 7906 7910
f 7061 7032 7130 7131
f 6657 6658 6673 6660
f 6864 6992 7162 6897
f 6751 7675 7908 7063
f 6774 6955 7904 7905
f 7061 7062 7033 7032
f 7890 7891 6954 6956
f 6661 7988 7987 6671
f 7257 7161 6865 7277
f 6864 6809 6991 6992
f 6670 6674 7019 7018
f 7111 7282 7283 7112
f 6775 6808 6860 6791
f 7281 7109 7280 7415
f 6779 6865 7161 7160
f 6870 6869 7185 7181
f 6991 6860 6779 6992
f 7188 6833 6834 7191
f 7189 7186 7187 7190
f 7376 7016 7017 7377
f 7186 7181 7185 7187
f 7096 7108 7109 7281
f 8054 8045 10553 10555
f 8043 10523 10553 8045
f 6938 7062 7061 6939
f 6898 6953 7889 7891
f 6660 6670 6683 6682
f 7060 6972 7132 7131
f 6659 7989 7988 6661
f 7130 7059 7060 7131
f 6851 6763 7656 7646
f 6939 7061 7131 7132
f 7144 7251 10493 10567
f 7990 7314 7363 7991
f 7314 7347 7301 7363
f 6956 6936 7892 7890
f 6658 6659 6661 6673
f 6670 6660 6673 6674
f 6834 7194 7193 7191
f 7185 6800 7188 7187
f 7194 6834 7374 7375
f 6669 6683 7017 7016
f 7281 9392 9497 7096
f 7419 7418 7499 7498
f 7457 7458 7437 7450
f 7933 7934 7414 7497
f 7133 6984 7617 7613
f 6750 7060 7059 6749
f 6774 7570 7574 6979
f 6955 6774 6979 6980
f 6659 6658 7347 7314
f 6931 6938 6939 6817
f 7989 6659 7314 7990
f 7111 7110 7095 7282
f 7681 7110 7111 7731
f 6937 6936 7902 7911
f 6937 6731 7897 7896
f 6810 6990 6991 6809
f 6670 7018 7017 6683
f 6660 6682 6656 6657
f 6779 6860 6808 6865
f 6808 7276 7277 6865
f 6866 6951 7257 7277
f 7161 7257 7381 7173
f 6800 7185 6869 6868
f 6870 7580 7560 6869
f 6832 6833 7188 6800
f 7016 7195 6685 6669
f 6791 6990 6989 6859
f 6662 6682 6683 6669
f 7374 7015 7195 7375
f 7112 10571 10478 7864
f 6655 6656 6682 6662
f 6867 6950 6951 6866
f 7282 7095 7417 7418
f 7416 7417 7095 7098
f 7107 7716 7937 7104
f 7416 9489 9460 7501
f 7581 7591 6938 6931
f 6811 6935 6882 6989
f 6750 7148 6972 7060
f 6939 7132 7133 6817
f 6817 7133 7613 7616
f 7205 7206 6842 7134
f 6812 6981 6980 6813
f 6784 6955 6980 6981
f 6809 7657 7639 6810
f 6813 6980 6979 6814
f 6655 7313 7316 6656
f 6936 6956 7912 7902
f 6810 6811 6989 6990
f 7001 7005 7632 7634
f 6810 7639 7635 6811
f 6695 6707 7292 7291
f 6658 6657 7317 7347
f 7086 7087 7926 7923
f 7335 7361 7362 7334
f 6866 7277 7276 6917
f 7111 7112 7864 7731
f 6861 6950 6949 6891
f 7079 10548 10436 7918
f 7991 7363 7334 7992
f 7993 7362 7360 7994
f 7992 7334 7362 7993
f 8036 10540 10551 8037
f 7350 7359 7338 7354
f 6775 6791 6859 6792
f 6859 6877 6876 6792
f 6833 7373 7374 6834
f 6833 6832 7372 7373
f 6854 6925 6924 7013
f 6676 6667 6679 6680
f 6877 6859 6989 6882
f 7079 7925 10533 10548
f 7015 7374 7373 6799
f 6743 7197 7144 6744
f 7077 7925 7926 7087
f 7250 7251 7144 7197
f 10524 8059 8058 10576
f 7417 7500 7499 7418
f 7105 7922 9393 9500
f 7598 7381 7174 7599
f 6838 6821 7207 7208
f 6972 7148 7149 6984
f 6813 6814 6905 6856
f 6821 6842 7206 7207
f 7572 7571 7576 7575
f 6763 7892 7896 6790
f 6843 6844 6828 6820
f 6856 6905 6906 6816
f 6881 6973 10547 10534
f 7004 7650 7632 7005
f 6764 6763 6790 7141
f 6852 6784 6981 6982
f 7141 6790 6726 7286
f 6782 6854 6882 6935
f 6717 6985 7383 7384
f 7273 6878 6919 7274
f 8010 10519 10567 8011
f 6770 6886 6947 6930
f 6744 6885 6890 7031
f 7316 7317 6657 6656
f 10518 10519 8010 8009
f 6797 7270 7271 6923
f 6797 10531 10539 7270
f 6880 6881 7946 7943
f 7337 7338 7359 7361
f 7361 7359 7360 7362
f 7359 7350 7351 7360
f 6854 7013 6877 6882
f 7306 7346 7343 7309
f 6798 6915 6914 6875
f 6885 6947 6929 6890
f 6786 6919 6878 6883
f 6772 6949 6950 6867
f 6891 6927 7563 7559
f 6926 7561 7563 6927
f 6832 6800 6868 7064
f 6668 6685 7195 7015
f 7064 7371 7372 6832
f 6662 6669 6685 6686
f 6799 6667 6668 7015
f 7081 7080 7103 7102
f 7918 7080 7081 7919
f 6645 7322 7323 6646
f 7098 7095 7110 7105
f 8038 10517 10570 8039
f 7416 7501 7500 7417
f 9420 7921 7104 9485
f 6818 7148 6750 7067
f 6758 7149 7148 6818
f 7571 7298 7324 7576
f 6970 7204 7203 7151
f 7006 7209 7210 6907
f 6838 7208 7209 7006
f 6727 7286 7291 6694
f 6993 7000 7005 7001
f 6981 6812 6853 6982
f 6780 6853 6812 6855
f 6764 7141 6993 7001
f 6885 6787 6930 6947
f 6787 6885 6744 7144
f 6725 7907 7911 6783
f 6695 6726 7897 7888
f 6695 7291 7286 6726
f 10517 8038 8063 10558
f 6693 6728 6727 6694
f 6948 7366 7365 6913
f 8020 8069 10554 10534
f 10486 10518 8009 8008
f 8007 10566 10486 8008
f 8006 10542 10566 8007
f 7251 6824 10568 10493
f 6920 6922 7271 7270
f 6912 10572 10547 6973
f 7310 7339 7338 7337
f 7301 7317 7316 7312
f 7994 7360 7351 7995
f 6876 7273 7274 6792
f 6771 6767 6928 6831
f 6917 7276 7275 6918
f 7302 7312 7313 7315
f 6866 6917 6822 6867
f 6918 7275 7274 6919
f 6679 6667 6799 6776
f 6767 6949 6772 6928
f 6668 6681 6686 6685
f 6891 6949 6767 6927
f 6798 6893 6742 6915
f 6681 6653 6654 6686
f 6926 7370 7565 7561
f 6648 6679 6684 6647
f 6676 6650 6651 6677
f 8027 10562 10435 8028
f 7070 7090 7091 7085
f 7919 7081 7082 7920
f 6971 7150 7203 7204
f 6844 7136 7137 6845
f 7067 7683 7916 6818
f 6818 9436 9469 6758
f 6820 7207 7206 6843
f 7134 6971 7204 7205
f 6819 6841 6840 6828
f 7611 7617 6984 7149
f 6843 7206 7205 7135
f 7605 7611 7149 6758
f 7204 6970 7135 7205
f 6849 6850 6815 6934
f 7590 7589 10541 10559
f 6828 6840 6839 6820
f 6829 6773 7153 7152
f 7667 7669 7668 7666
f 6812 6813 6856 6855
f 7221 6853 6780 7392
f 6816 6906 6932 6933
f 6853 7221 7220 6982
f 6933 6795 6793 6934
f 6783 6852 6982 7220
f 6855 6856 6816 6815
f 7141 7286 6727 6993
f 6783 7220 7219 6725
f 6730 6731 7907 7909
f 6708 6730 7909 7903
f 6728 7285 7003 7000
f 6782 6985 6925 6854
f 6824 6893 10544 10568
f 6700 6718 6717 6704
f 7923 7924 7099 7086
f 7000 7003 7004 7005
f 6929 6947 6886 6940
f 6886 6770 7365 7366
f 6772 6890 6929 6928
f 6889 6746 6745 7031
f 6737 7294 6743 6745
f 7072 7074 7603 7619
f 6890 6822 6785 7031
f 6745 6743 6744 7031
f 10564 10582 6872 6920
f 7247 7296 7293 7248
f 8022 10572 10525 8023
f 6923 6924 6983 6797
f 6880 7943 7941 7240
f 7301 7347 7317
f 6879 7240 7941 7945
f 6846 6874 6823 6827
f 6876 6877 7013 6796
f 7302 7315 7328
f 7308 7307 7306 7309
f 7310 7337 7336 7311
f 7312 7302 7336 7335
f 7339 7310 7308 7340
f 7300 7307 7311 7305
f 6762 6918 6919 6786
f 6719 7278 7386 7387
f 6649 6650 6676 6680
f 6914 6921 6872 6875
f 6772 6867 6822 6890
f 6654 7315 7313 6655
f 6926 6927 6767 6771
f 7232 7233 6894 6895
f 6666 7557 7577 6802
f 6651 6652 6678 6677
f 6679 6776 7065 6684
f 7065 6776 7372 7371
f 6668 6667 6676 6677
f 6652 7330 7328 6653
f 6653 7328 7315 6654
f 6652 6653 6681 6678
f 6677 6678 6681 6668
f 10540 8036 8035 10543
f 6940 6886 7366 7367
f 7608 7620 7102 7103
f 6757 7202 9381 9441
f 7140 6977 10527 10435
f 10552 10562 8027 8026
f 7100 7093 7082 7101
f 7082 7093 7917 7920
f 6896 7139 7230 7231
f 7622 7088 9493 9473
f 7202 7119 9496 9381
f 6757 6829 7152 7151
f 6820 6839 7208 7207
f 7999 10565 10559 8062
f 7135 7136 6844 6843
f 6839 7007 7209 7208
f 7009 6841 6995 7010
f 6773 6999 7154 7153
f 6932 6907 6795 6933
f 8005 10575 10542 8006
f 6712 7628 7630 6699
f 6850 7393 7392 6780
f 6815 6850 6780 6855
f 6988 7219 7220 7221
f 6806 6925 6985 6807
f 6707 6695 7888 7893
f 6693 6694 6706 6705
f 7223 6724 7629 7631
f 6727 6728 7000 6993
f 7595 7596 7666 7668
f 6720 7218 7278 6719
f 6807 6985 6717 6718
f 7231 6976 6975 7232
f 6831 6928 6929 6940
f 6922 7014 7272 7271
f 7358 7589 7584 7345
f 6738 6740 6734 6742
f 7197 6743 7294 7246
f 6739 7245 6746 6747
f 6893 6798 10573 10544
f 7343 7364 7348 7342
f 7249 7250 7197 7293
f 7246 7294 6737 7295
f 8016 8015 10573 10515
f 6872 6921 6922 6920
f 6875 6872 10582 10515
f 6796 7013 6924 6923
f 6738 6742 6893 6824
f 7014 6878 7273 7272
f 6924 6925 6806 6983
f 6796 7272 7273 6876
f 6977 7156 10561 10527
f 6827 6823 6880 7240
f 6912 6973 6823 6874
f 7939 7944 6718 6700
f 7388 6732 6690 7403
f 10521 8024 8023 10525
f 6974 6975 10552 10538
f 7302 7328 7330 7305
f 7302 7305 7311 7336
f 7236 6912 6874 7237
f 7307 7308 7310 7311
f 7235 7157 6912 7236
f 6768 6789 7369 7368
f 6755 6785 6918 6762
f 7369 6789 6802 7370
f 7371 7566 7578 7065
f 6648 7329 7325 6649
f 6648 6649 6680 6679
f 6649 7325 7326 6650
f 6650 7326 7327 6651
f 6651 7327 7330 6652
f 7313 7312 7316
f 6974 7233 7232 6975
f 6978 9416 10581 10482
f 7202 6757 7151 7203
f 7135 6970 6969 7136
f 7074 7072 7199 7200
f 7230 7140 6976 7231
f 6978 7156 7228 7227
f 6819 6828 6844 6845
f 7119 7202 7203 7150
f 6998 7154 7155 6967
f 6998 7138 7137 6968
f 6969 6970 7151 7152
f 6815 6816 6933 6934
f 6845 7137 7138 6997
f 6839 6840 7008 7007
f 6723 7225 7215 6722
f 7209 7007 6908 7210
f 7627 7222 7223 7631
f 6724 6699 7630 7629
f 7392 7393 7222 7627
f 7215 7216 6721 6722
f 6724 7223 7225 6723
f 6706 6694 7291 7292
f 6717 7384 7385 6704
f 6692 6729 7285 7289
f 6675 6948 6913 6672
f 6729 7391 7003 7285
f 6747 7196 6736 6739
f 6641 6672 10575 10529
f 6738 7250 7249 6740
f 6831 6940 7367 7368
f 7247 7248 7246 7295
f 7142 7196 6747 6888
f 6747 6746 6889 6888
f 6646 6666 6665 6645
f 7998 10550 10565 7999
f 6894 6995 6996 6895
f 6921 7143 7014 6922
f 7236 7237 7146 6911
f 7368 7369 6771 6831
f 6879 7239 6827 7240
f 6994 7147 6910 7159
f 7237 6874 6846 7238
f 6718 7944 7945 6807
f 7386 6879 6733 7387
f 7339 7355 7354 7338
f 6911 7146 7147 6994
f 7309 7341 7340 7308
f 7305 7333 7332 7300
f 7297 7306 7307 7300
f 6755 6762 6786 6756
f 6895 6896 7231 7232
f 7234 7235 7158 7011
f 7012 7157 7235 7234
f 6911 6994 7159 7158
f 6646 7587 7557 6666
f 6647 7588 7576 7324
f 7297 7329 7324 7298
f 8025 8024 10521 10538
f 10520 10543 8035 8034
f 6846 6827 7239 7002
f 6977 7140 7230 7229
f 7069 7090 10520 10528
f 7071 7085 7091 7097
f 7075 7092 9428 9444
f 7603 7074 7088 7622
f 7074 7200 7201 7088
f 7139 6967 7229 7230
f 6845 6997 6996 6819
f 6998 6968 7153 7154
f 6848 7395 7394 6849
f 6968 6969 7152 7153
f 6968 7137 7136 6969
f 7243 7244 9413 9401
f 6825 6794 6908 6909
f 7210 6908 6794 7211
f 7091 7226 7089 7097
f 6907 7210 7211 6795
f 7211 6794 6826 7212
f 6793 6795 7211 7212
f 6848 6849 6934 6793
f 6723 6698 6699 6724
f 7222 7393 7394 7224
f 6701 6713 6710 6697
f 7222 7224 7225 7223
f 6705 7290 7289 6693
f 6693 7289 7285 6728
f 6687 6688 7402 7401
f 6641 10529 10535 7318
f 6691 6704 7385 7401
f 8003 8002 10549 10535
f 7366 6948 6769 7367
f 7387 7388 6702 6719
f 6689 6700 6704 6691
f 7997 10532 10550 7998
f 7344 7345 7299 7304
f 10536 10574 8001 8000
f 6741 6742 6734 6735
f 10549 8002 8001 10574
f 7303 7304 7320 7319
f 6888 6889 6755 6756
f 7247 6736 6735 7296
f 6644 7321 7322 6645
f 7342 7348 7352 7353
f 6737 7245 6739 7295
f 7349 7364 7343 7346
f 7352 7348 10532 10563
f 6914 7145 7143 6921
f 6911 7158 7235 7236
f 6846 7002 6847 7238
f 6689 7402 7938 7940
f 6986 7217 7216 7214
f 6986 7214 7396 7397
f 6733 6732 7388 7387
f 6642 6641 7318 7319
f 7284 6720 6696 7287
f 7640 7646 7647 7641
f 6974 7012 7234 7233
f 7327 7333 7305 7330
f 7011 6894 7233 7234
f 6756 6786 6883 6884
f 7010 6995 6894 7011
f 7303 7400 7344 7304
f 7321 7304 7299 7322
f 7143 7145 6884 6883
f 6664 6665 6789 6768
f 6887 7145 6914 6915
f 7324 7329 6648 6647
f 7325 7329 7297 7331
f 7326 7332 7333 7327
f 7325 7331 7332 7326
f 7300 7332 7331 7297
f 6895 6996 6997 6896
f 7090 7069 7226 7091
f 6977 7229 7228 7156
f 6998 6967 7139 7138
f 7085 7071 7200 7199
f 6896 6997 7138 7139
f 6840 6841 7009 7008
f 6841 6819 6996 6995
f 6849 7394 7393 6850
f 6909 6908 7007 7008
f 6909 7008 7009 6910
f 6697 6710 6711 6698
f 7224 7394 7395 6987
f 6698 6711 6712 6699
f 6701 6721 7284 7287
f 6722 6697 6698 6723
f 6721 7216 7217 7284
f 7938 7942 6716 7403
f 7384 6729 6692 7385
f 7664 7665 7654 7655
f 7058 7654 7665 7532
f 6641 6642 6675 6672
f 6663 6769 6948 6675
f 7346 7298 7571 7583
f 7322 7299 7323
f 7301 7334 7363
f 6735 6736 7196 6741
f 7142 6887 6741 7196
f 6736 7247 7295 6739
f 6756 6884 7142 6888
f 6884 7145 6887 7142
f 6847 7002 7398 7397
f 6752 7398 7399 7279
f 6752 7279 7278 7218
f 6825 7147 7146 6873
f 7002 7239 7399 7398
f 9421 6916 6999 9477
f 7397 7398 6752 6986
f 7217 7218 6720 7284
f 7939 6700 6689 7940
f 7342 7341 7309 7343
f 7297 7298 7346 7306
f 6916 7227 7228 7155
f 7304 7321 7320
f 7242 7243 9401 9424
f 6999 6916 7155 7154
f 7396 7213 6847 7397
f 7069 7244 7243 7226
f 7075 7201 7200 7071
f 7228 7229 6967 7155
f 7075 7071 7097 7092
f 6773 6829 9425 9437
f 6825 6909 6910 7147
f 6987 7395 7396 7214
f 6716 6702 7388 7403
f 7212 6826 6847 7213
f 6848 6793 7212 7213
f 7215 7225 7224 6987
f 6987 7214 7216 7215
f 6701 6697 6722 6721
f 6691 7401 7402 6689
f 6643 6663 6675 6642
f 7319 7320 6643 6642
f 6643 7320 7321 6644
f 7303 7319 7318
f 6826 6873 7238 6847
f 7440 7543 7542 7420
f 6752 7218 7217 6986
f 6953 7644 7666 7596
f 7287 6696 6709 7288
f 6848 7213 7396 7395
f 7089 7226 7243 7242
f 7068 7089 7242 7241
f 7068 7241 9480 9440
f 6910 7009 7010 7159
f 6825 6873 6826 6794
f 7451 7507 7489 7452
f 7287 7288 6713 6701
f 7421 9284 9317 7513
f 6687 7401 7385 6692
f 6696 6720 6719 6702
f 7068 7092 7097 7089
f 7531 7532 7665 7662
f 6655 6662 6686 6654
f 6904 7194 7375 7376
f 7375 7195 7016 7376
f 7190 7191 7193 7192
f 6771 7369 7370 6926
f 7258 7597 7600 7178
f 6737 6745 6746 7245
f 7645 7667 7666 7644
f 7340 7341 7357 7356
f 6644 6645 6665 6664
f 7339 7340 7356 7355
f 7039 7042 7659 7390
f 7640 6898 6851 7646
f 7383 7391 6729 7384
f 7662 7665 7664 7663
f 7279 7399 7386 7278
f 7572 7575 7323 7299
f 6887 6915 6742 6741
f 7344 7400 7358 7345
f 7530 7538 7969 7968
f 6753 6777 7265 7266
f 7170 9281 9311 7047
f 6966 7269 7975 7974
f 9271 9272 6778 6753
f 7046 7047 7643 7653
f 7461 9288 9378 9336
f 7979 7030 6857 7980
f 7026 7267 9278 9274
f 7125 7113 7044 7126
f 6858 7254 7253 6944
f 7172 7160 7161 7173
f 7283 7282 7418 7419
f 7443 7458 7457 7451
f 7098 9389 9489 7416
f 6808 6775 7275 7276
f 6950 6861 7174 6951
f 7336 7337 7361 7335
f 7301 7312 7335 7334
f 6822 6917 6918 6785
f 7084 9464 9432 7916
f 6923 7271 7272 6796
f 8018 8017 10564 10539
f 6775 6792 7274 7275
f 6776 6799 7373 7372
f 7110 7681 7922 7105
f 6824 7251 7250 6738
f 6881 6880 6823 6973
f 7081 7102 7101 7082
f 7248 7293 7197 7246
f 6755 6889 7031 6785
f 7072 7076 7198 7199
f 7085 7199 7198 7070
f 6734 6740 7296 6735
f 6740 7249 7293 7296
f 6666 6802 6789 6665
f 6879 7386 7399 7239
f 8033 8032 10511 10528
f 8061 10541 10536 8000
f 7014 7143 6883 6878
f 7146 7237 7238 6873
f 7342 7353 7357 7341
f 10482 8031 8030 10561
f 6768 7368 7367 6769
f 7010 7011 7158 7159
f 7542 7556 7512 7420
f 6663 6664 6768 6769
f 7440 7454 7546 7543
f 6644 6664 6663 6643
f 7541 7544 8053 8046
f 7530 7968 7967 7663
f 7460 7469 7480 7493
f 7423 7443 7438 7422
f 7478 7479 9354 9342
f 7519 7426 7518 7520
f 7469 7460 7492 7472
f 7517 7518 7426 7425
f 7936 9560 9556 7935
f 7437 7458 7424 7425
f 7430 7524 10428 7431
f 7435 9405 9481 7447
f 7425 7426 7436 7437
f 7432 7431 10430 7526
f 7432 7526 8060 8047
f 7426 7519 7928 7894
f 7426 7894 7930 7436
f 7431 7432 7444 7442
f 7523 7429 9445 9397
f 7523 7524 7430 7429
f 7427 7935 7931 7441
f 9405 7435 7428 9448
f 7439 9313 9284 7421
f 7552 8049 8050 7553
f 7547 7481 7482 7554
f 7461 9336 9318 7491
f 7548 7553 8050 8051
f 7252 7253 6943 6761
f 9286 9302 7503 7485
f 7463 7508 7509 7490
f 9351 7486 7488 9371
f 7043 7040 7404 7658
f 7462 7489 7463 7503
f 7491 9318 9348 7510
f 9292 7462 7503 9302
f 7451 7457 7473 7507
f 7509 7476 9327 9350
f 7474 7476 7509 7508
f 7463 7490 7485 7503
f 7481 7454 9296 9293
f 7443 7451 7452 7438
f 7463 7489 7507 7508
f 7544 7545 8052 8053
f 7422 7514 7515 7423
f 7421 7422 7438 7439
f 9296 7454 7440 9312
f 7474 7508 7507 7473
f 7474 7505 7486 7476
f 7453 7452 7489 7462
f 7476 7486 9351 9327
f 7473 7457 7450 7504
f 7020 7986 7985 7380
f 9368 10578 10555 7498
f 7424 7423 7515 7516
f 7424 7516 7517 7425
f 7473 7504 7505 7474
f 7495 7505 7504 7494
f 7641 7647 6864 6897
f 7471 7492 7460 7468
f 7486 7505 7495 7488
f 7682 7496 9369 9347
f 7488 7495 7673 7670
f 7132 6972 6984 7133
f 7424 7458 7443 7423
f 7436 7449 7450 7437
f 9330 7933 7497 9359
f 9335 9368 7498 7499
f 7671 7465 7464 7929
f 8055 10556 10522 8056
f 7107 7104 7921 7752
f 7450 7449 7494 7504
f 8057 10557 10576 8058
f 8056 10522 10557 8057
f 9460 9512 9344 7501
f 7449 7436 7930 7705
f 4120 10516 10514 4119
f 7465 7671 7932 7487
f 7441 7931 7723 7448
f 7494 7449 7705 7901
f 7459 9456 9412 7466
f 7495 7494 7901 7673
f 9409 7467 7478 9465
f 7445 7455 7433 7442
f 7478 7467 7468 7479
f 7455 7445 7492 7471
f 7456 7472 7492 7445
f 7723 7929 7464 7448
f 7445 7442 7444 7456
f 7446 7455 7471 7470
f 7470 9453 9484 7446
f 7467 7470 7471 7468
f 7433 7430 7431 7442
f 7433 7455 7446 7434
f 7433 7434 7429 7430
f 7973 7528 6966 7974
f 7655 7048 7529 7664
f 7479 7493 9333 9354
f 7171 7537 7529 7048
f 7460 7493 7479 7468
f 7548 8051 8052 7545
f 7552 9372 9321 8049
f 7482 7483 7551 7554
f 7421 7513 7514 7422
f 7407 7118 7534 7540
f 6946 6945 6965 7527
f 7536 7531 7970 7971
f 7539 7550 7549 7540
f 7535 7532 7531 7536
f 7553 7548 7547 7554
f 7533 7539 7540 7534
f 7542 7541 7555 7556
f 7549 7550 9374 9362
f 7545 7544 7543 7546
f 7545 7546 7547 7548
f 6965 6966 7528 7527
f 7551 7552 7553 7554
f 7537 7527 7528 7538
f 7529 7537 7538 7530
f 7533 7534 7535 7536
f 7541 7542 7543 7544
f 7530 7663 7664 7529
f 6946 7527 7537 7171
f 7599 7600 7597 7598
f 7572 7299 7345 7584
f 7583 7571 7572 7584
f 6646 7323 7575 7587
f 7576 7588 7587 7575
f 6647 6684 7558 7588
f 7557 7587 7588 7558
f 6802 7577 7565 7370
f 7565 7577 7578 7566
f 7583 7590 7349 7346
f 7583 7584 7589 7590
f 7065 7578 7558 6684
f 7558 7578 7577 7557
f 7562 7566 7371 7064
f 7561 7565 7566 7562
f 6868 7564 7562 7064
f 7563 7561 7562 7564
f 6868 6869 7560 7564
f 7559 7563 7564 7560
f 6905 6814 7592 7582
f 7582 7592 7591 7581
f 6861 6891 7559 7579
f 7559 7560 7580 7579
f 7062 7573 7569 7033
f 7569 7573 7574 7570
f 7174 6861 7579 7599
f 7599 7579 7580 7600
f 7889 6953 7596 7899
f 7595 7900 7899 7596
f 7598 7601 7173 7381
f 7597 7602 7601 7598
f 6938 7591 7573 7062
f 7573 7591 7592 7574
f 7645 6952 7586 7667
f 7586 7585 7669 7667
f 6830 7049 7910 7914
f 7914 7915 6781 6830
f 7568 7594 7176 7175
f 7593 7594 7568 7567
f 7593 7172 7173 7601
f 7593 7601 7602 7594
f 6952 7163 7567 7586
f 7567 7568 7585 7586
f 7100 7101 7604 7621
f 7604 7603 7622 7621
f 9449 7605 6758 9469
f 7621 7622 9473 9452
f 7076 7072 7619 7607
f 7607 7619 7620 7608
f 7102 7620 7604 7101
f 7603 7604 7620 7619
f 7119 7150 7612 7606
f 7605 7606 7612 7611
f 6971 7618 7612 7150
f 7611 7612 7618 7617
f 10545 10551 7076 7607
f 7607 7608 10558 10545
f 6842 7615 7614 7134
f 7614 7615 7616 7613
f 7614 7618 6971 7134
f 7613 7617 7618 7614
f 6842 6821 7609 7615
f 7609 7610 7616 7615
f 6906 6905 7582 7623
f 7623 7582 7581 7625
f 7610 7625 7581 6931
f 6932 6906 7623 7624
f 7623 7625 7626 7624
f 7625 7610 7609 7626
f 6932 7624 7006 6907
f 7006 7624 7626 6838
f 6838 7626 7609 6821
f 6988 7221 7392 7627
f 7219 6988 7627 7631
f 6703 7630 7628 6714
f 6725 7219 7631 7629
f 7629 7630 6703 6725
f 6687 6692 7289 7290
f 6709 6696 6702 6716
f 7390 7659 7658 7404
f 7531 7662 8065 7970
f 7662 7663 7967 8065
f 7056 7652 7642 7057
f 7643 7642 7652 7653
f 6782 6935 7633 7651
f 7650 7651 7633 7632
f 6764 7001 7634 7638
f 7638 7634 7635 7639
f 6935 6811 7635 7633
f 7632 7633 7635 7634
f 6763 6764 7638 7656
f 7638 7639 7657 7656
f 7647 7657 6809 6864
f 7646 7656 7657 7647
f 7640 7644 6953 6898
f 7644 7640 7641 7645
f 7660 7034 7595 7668
f 7668 7669 7661 7660
f 7034 7660 7389 7036
f 7389 7660 7661 6715
f 7036 7389 7404 7040
f 7390 7404 7389 6715
f 7053 7043 7658 7406
f 7406 7658 7659 7405
f 7053 7406 7636 7054
f 7636 7406 7405 7637
f 7055 7054 7636 7648
f 7636 7637 7649 7648
f 7055 7648 7652 7056
f 7652 7648 7649 7653
f 7655 9304 9310 7048
f 7654 9298 9304 7655
f 7391 7650 7004 7003
f 7383 7651 7650 7391
f 6985 6782 7651 7383
f 6781 7899 7900 6830
f 6781 6788 7889 7899
f 6730 6708 7893 7888
f 6730 7888 7897 6731
f 6937 7896 7892 6936
f 6726 6790 7896 7897
f 6763 6851 7890 7892
f 6788 6954 7891 7889
f 6851 6898 7891 7890
f 6830 7900 7886 7049
f 7886 7034 7036 7887
f 7129 7050 7887 7895
f 7063 7129 7895 7898
f 6751 7063 7898 7674
f 7569 7570 7915 7914
f 7033 7569 7914 7910
f 6703 6714 7903 7909
f 6725 6703 7909 7907
f 6731 6937 7911 7907
f 6784 6852 7902 7912
f 6852 6783 7911 7902
f 6954 6788 7905 7904
f 7059 7908 7675 6749
f 7906 7032 7033 7910
f 7908 7913 7129 7063
f 7906 7913 7130 7032
f 6774 7905 7915 7570
f 6954 7904 7912 6956
f 7917 7093 9433 9429
f 7094 7073 7920 7917
f 7683 7106 7084 7916
f 7073 7078 7919 7920
f 7079 7918 7919 7078
f 8067 8039 10570 10436
f 7752 7921 7084 7106
f 7094 7924 7923 7073
f 7094 9461 9417 7924
f 7079 7078 7926 7925
f 7077 10530 10533 7925
f 7073 7923 7926 7078
f 7464 7465 9513 9566
f 9566 9567 7448 7464
f 7441 7448 9567 9514
f 9513 7465 7487 9554
f 9345 7670 9554 9623
f 7427 7441 9514 9544
f 7928 9557 9544 7894
f 9515 9549 7927 7682
f 6892 7413 7927 7672
f 7447 7459 9518 9550
f 9519 9550 7723 7931
f 7932 7671 9548 9534
f 9518 7459 7466 9548
f 7502 9540 9620 9339
f 7931 7935 9556 9519
f 7427 7521 7936 7935
f 9540 7502 7415 9551
f 7680 7934 9551 9565
f 7681 7086 7099 7922
f 7104 7937 9396 9485
f 7731 7864 7077 7087
f 7096 7937 7716 7108
f 8041 10530 10478 8066
f 7087 7086 7681 7731
f 6690 6732 7939 7940
f 6688 7942 7938 7402
f 7403 6690 7940 7938
f 6733 6879 7945 7944
f 6733 7944 7939 6732
f 6807 7945 7941 6806
f 7941 7943 6983 6806
f 7946 10554 10531 6797
f 6797 6983 7943 7946
f 6714 7628 7963 7958
f 7949 7961 7290 6705
f 7958 7965 7903 6714
f 6706 7292 7962 7950
f 6707 7951 7962 7292
f 6709 6716 7959 7953
f 6711 7955 7956 6712
f 6709 7953 7960 7288
f 7942 7966 7959 6716
f 6713 7288 7960 7957
f 6705 6706 7950 7949
f 6688 7948 7966 7942
f 7903 7965 7952 6708
f 7628 6712 7956 7963
f 6710 6713 7957 7954
f 7947 7948 6688 6687
f 6708 7952 7964 7893
f 6707 7893 7964 7951
f 6687 7290 7961 7947
f 6710 7954 7955 6711
f 6438 7960 7953 6448
f 6458 6448 7953 7959
f 7959 7966 6468 6458
f 7948 6479 6468 7966
f 6490 6479 7948 7947
f 6490 7947 7961 6501
f 6501 7961 7949 6512
f 7949 7950 6523 6512
f 6523 7950 7962 6534
f 6534 7962 7951 6545
f 6545 7951 7964 6556
f 6556 7964 7952 6567
f 7952 7965 6578 6567
f 6578 7965 7958 6589
f 6589 7958 7963 6600
f 6611 6600 7963 7956
f 6611 7956 7955 6622
f 6622 7955 7954 6633
f 6633 7954 7957 6428
f 6428 7957 7960 6438
f 7350 7354 8070 7351
f 7351 8070 8074 7995
f 7354 7355 8071 8070
f 10431 10440 8074 8070
f 7355 7356 8072 8071
f 10526 10537 8076 8075
f 7357 8073 8072 7356
f 8076 10537 10546 8077
f 7352 8073 7357 7353
f 7996 8077 10546 10563
f 6748 7761 7760 7674
f 7809 7793 7810 7832
f 7678 7694 7688 7677
f 7677 7688 7782 7783
f 7691 7692 7679
f 7763 9528 9564 7848
f 7715 7713 7774 7773
f 7791 7796 7795 7792
f 7844 7695 7696 7845
f 7753 7770 7107 7752
f 6892 7672 7763 7762
f 7691 9561 9527 7692
f 7680 7765 7764 7083
f 7791 7793 7797 7796
f 7713 7746 7776 7774
f 7726 9538 9529 7700
f 7794 7792 7795
f 7724 7725 7694 7678
f 7759 7760 7880 7883
f 7834 7815 7875 7855
f 6750 6749 7757 7756
f 7829 9542 9522 7804
f 7885 7798 9541 9533
f 7775 7776 7746 7720
f 7851 7677 7783 7852
f 7818 7853 7784 7852
f 7706 7687 7701 7708
f 7780 7756 7757 7854
f 7763 7672 9558 9528
f 7730 7732 7734 7712
f 7690 7718 7717 7689
f 7688 9563 9547 7782
f 7693 7725 7724 7684
f 7679 7847 7846 7691
f 7774 7776 7779 7778
f 9545 9553 7718 7690
f 7741 7869 7868 7737
f 7789 7777 7779 7790
f 7775 7790 7779 7776
f 7768 7843 7844 7767
f 7765 9537 9546 7846
f 7734 9543 9524 7867
f 6748 6892 7762 7761
f 7762 7763 7848 7849
f 7859 7831 7877 7860
f 7702 7796 7797 7701
f 7688 7694 9539 9563
f 7698 7748 7747 7727
f 7711 7802 7882 7866
f 7106 7683 7754 7865
f 7800 7873 7872 7709
f 7730 7706 7708 7732
f 7744 7709 7872 7871
f 7794 7817 7814 7792
f 7695 7697 7699 7696
f 7686 7881 7883 7704
f 7754 7863 7882 7865
f 7863 7884 7730 7712
f 7721 7876 7803 7830
f 7689 7717 7842 7841
f 7822 7805 7819 7823
f 7732 9559 9543 7734
f 7772 9520 9516 7722
f 7678 7850 7849 7724
f 7809 7832 7813 7811
f 7722 7808 7771 7772
f 7807 9552 9526 7874
f 7778 7779 7777 7878
f 7109 7767 7766 7280
f 7685 7885 7772 7771
f 7699 7697 9517 9525
f 7721 7830 7828 7879
f 7823 7826 7777 7789
f 7107 7770 7769 7716
f 7711 7866 7867 7733
f 7831 7858 7825 7808
f 7781 7801 9562 9547
f 7709 7735 7799 7800
f 7675 7758 7757 6749
f 7812 7833 7813
f 7780 7706 7730 7884
f 7788 7790 7775 7751
f 7737 7736 7739 7741
f 7709 7744 7739 7735
f 7734 7867 7866 7712
f 7708 9521 9559 7732
f 7707 7735 7739 7736
f 7710 9545 9532 7738
f 7686 7704 7703 7702
f 7746 7713 7727 7747
f 7800 7799 7685 7825
f 7740 7869 7870 7742
f 7811 7874 9526 9535
f 7861 7862 7856 7857
f 7710 7729 7728 7719
f 7783 7782 7816 7840
f 7805 7859 7860 7806
f 7819 7876 7826 7823
f 7689 7841 7802 7711
f 7740 7738 7868 7869
f 7717 7750 7843 7842
f 7714 7751 7775 7720
f 7689 7711 7733 7690
f 7773 7774 7778 7781
f 7280 7766 9537 9565
f 7846 7847 7764 7765
f 7844 7845 7766 7767
f 7707 7798 7799 7735
f 7703 7704 7676 7784
f 9546 9561 7691 7846
f 7770 7841 7842 7769
f 7720 7746 7747 7728
f 7677 7851 7850 7678
f 7676 7880 7850 7851
f 7720 7728 7729 7714
f 7749 9536 9517 7697
f 7749 7718 9553 9536
f 7807 7821 9531 9552
f 7750 7695 7844 7843
f 7804 7821 7807 7815
f 7717 7718 7749 7750
f 7785 7787 7788 7786
f 7741 7739 7744 7743
f 7833 7861 7857 7855
f 7785 7786 7872 7873
f 7787 7789 7790 7788
f 7761 7762 7849 7850
f 7703 7795 7796 7702
f 7713 7715 7726 7727
f 7742 7745 7751 7714
f 7878 7777 7826 7879
f 7789 7787 7822 7823
f 7785 7873 7858 7824
f 7757 7758 7881 7854
f 7792 7814 7812 7791
f 7700 9529 9624 9525
f 7753 7865 7882 7802
f 7758 7675 6751 7759
f 7784 7853 7817 7794
f 7742 7870 7871 7745
f 7785 7824 7822 7787
f 7801 7828 9523 9562
f 7807 7874 7875 7815
f 7820 9531 9522 7803
f 7816 7827 7838 7840
f 7811 7813 7875 7874
f 7854 7881 7686 7687
f 7866 7882 7863 7712
f 7814 7817 7862 7861
f 7819 7820 7803 7876
f 7855 7875 7813 7833
f 7108 7768 7767 7109
f 7824 7858 7831 7859
f 7824 7859 7805 7822
f 7818 7840 7838 7839
f 7856 7862 7817 7853
f 7808 7825 7685 7771
f 7687 7706 7780 7854
f 7754 7755 7884 7863
f 7722 7877 7831 7808
f 7818 7839 7856 7853
f 7804 7835 7836 7829
f 7756 7780 7884 7755
f 7834 7837 7836 7835
f 7810 7793 7791 7812
f 7836 7837 7839 7838
f 7829 7836 7838 7827
f 7741 7743 7870 7869
f 7793 9520 9533 7797
f 7749 7697 7695 7750
f 7676 7851 7852 7784
f 7837 7857 7856 7839
f 9523 7828 7830 9542
f 7714 7729 7740 7742
f 7842 7843 7768 7769
f 7760 7761 7850 7880
f 7834 7855 7857 7837
f 7745 7871 7872 7786
f 7738 9532 9524 7868
f 7721 7879 7826 7876
f 7801 7781 7778 7878
f 7784 7794 7795 7703
f 7805 7806 7820 7819
f 7743 7744 7871 7870
f 7701 9541 9521 7708
f 7745 7786 7788 7751
f 7828 7801 7878 7879
f 7753 7802 7841 7770
f 7716 7769 7768 7108
f 7686 7702 7701 7687
f 7809 7811 9535 9516
f 7758 7759 7883 7881
f 7814 7861 7833 7812
f 7704 7883 7880 7676
f 7692 9530 9555 7679
f 7804 7815 7834 7835
f 7798 7885 7685 7799
f 7698 7727 7726 7700
f 7752 7106 7865 7753
f 7684 7724 7849 7848
f 7754 7683 7067 7755
f 7726 7715 9539 9538
f 7684 7848 9564 9555
f 7719 7728 7747 7748
f 6750 7756 7755 7067
f 6751 7674 7760 7759
f 7738 7740 7729 7710
f 7800 7825 7858 7873
f 7783 7840 7818 7852
f 8097 8112 8315 8160
f 8105 9578 9598 8110
f 8159 9595 9590 8285
f 8285 9590 9585 8204
f 8628 8629 8681 8682
f 8078 8622 8624 8079
f 8630 8632 8083 8082
f 8079 8624 8626 8080
f 8086 8085 8636 8638
f 8087 8640 8642 8088
f 8089 8644 8646 8090
f 8092 8091 8648 8650
f 8094 8093 8652 8654
f 8603 9133 8656 8657
f 9116 9119 8094 8654
f 8603 9136 9140 9133
f 8605 8659 8660 8606
f 8616 8615 8712 8711
f 8624 8625 8627 8626
f 8083 8632 8634 8084
f 8081 8628 8682 8095
f 8734 8735 8970 8821
f 8082 8095 8682 8630
f 8665 8666 8611 8610
f 8417 8418 8420 8419
f 8634 8635 8637 8636
f 8084 8634 8636 8085
f 8642 8643 8645 8644
f 8086 8638 8640 8087
f 8088 8642 8644 8089
f 8090 8646 8648 8091
f 8092 8650 8652 8093
f 8716 8731 8732 8715
f 8614 8713 8712 8615
f 8611 8666 8667 8612
f 8421 8457 8419 8420
f 8614 8615 9154 9155
f 8925 9116 9115 8779
f 8175 8271 8321 8176
f 8096 8157 8294 8118
f 8158 8284 8116 8096
f 8098 8171 8295 8117
f 8158 8286 8287 8159
f 8288 8186 8187 8289
f 8103 8104 8207 8202
f 8203 8284 8285 8204
f 8188 8101 8113 8319
f 8209 8207 8292 8301
f 8158 8159 8285 8284
f 8158 8096 8118 8286
f 8335 8163 8164 8336
f 8160 8328 8119 8097
f 8098 8172 8286 8118
f 8099 8174 8319 8113
f 8191 8102 8105 8218
f 8173 8287 8286 8172
f 8207 8104 8111 8292
f 8187 9581 9591 8289
f 8104 8103 8203 8205
f 8192 9600 9568 8269
f 8110 9598 9604 8107
f 8219 8106 8111 8282
f 8223 8301 8292 8221
f 8232 8107 8120 8333
f 8114 8108 8233 8278
f 8246 8109 8121 8334
f 8342 9582 9589 8363
f 8234 8281 9586 9599
f 8107 9604 9601 8120
f 8271 9605 9573 8189
f 8100 8186 8288 8117
f 8103 8116 8284 8203
f 8115 8108 8235 8291
f 8122 8123 8277 8182
f 8168 8277 8123 8124
f 8169 8171 8294 8304
f 8124 8125 8276 8168
f 8125 8126 8154 8276
f 8127 8275 8154 8126
f 8129 8208 8300 8130
f 8132 8133 8238 8273
f 8135 8136 8241 8254
f 8143 8144 8262 8151
f 8264 8322 8167 8166
f 8145 8146 8265 8165
f 8163 8335 8337 8176
f 8149 8162 8337 8335
f 8197 8261 8323 8198
f 8149 8335 8336 8150
f 8151 8262 8263 8152
f 8153 8314 8276 8154
f 8212 8259 8258 8213
f 8152 8153 8323 8261
f 8155 8304 8294 8157
f 8208 8201 8200 8209
f 8200 8202 8207 8209
f 8128 8129 8210 8199
f 8118 8294 8171 8098
f 8161 9603 9583 8270
f 8161 8270 8337 8162
f 8097 9603 9568 8112
f 8161 8162 8332 8269
f 8172 8098 8117 8288
f 8163 8176 8321 8317
f 8146 8147 8179 8265
f 8167 8322 8277 8168
f 8166 8263 8262 8165
f 8263 8166 8167 8314
f 8167 8168 8276 8314
f 8170 8307 8306 8169
f 8173 8172 8288 8289
f 9570 8099 8113 9605
f 8270 9583 9570 8175
f 8178 8318 8317 8177
f 8181 8182 8277 8322
f 8125 8305 8156 8126
f 9571 9585 8191 8218
f 8193 8332 8326 8194
f 8100 8117 8295 8185
f 8192 8216 9578 9600
f 8110 8308 8218 8105
f 8111 8106 8221 8292
f 8106 8115 8291 8221
f 8194 8195 8215 8214
f 8219 8282 8283 8220
f 8326 8327 8195 8194
f 8144 8145 8165 8262
f 8200 8302 8293 8202
f 8198 8323 8275 8199
f 8131 8130 8300 8222
f 8210 8129 8130 8274
f 8130 8131 8224 8274
f 8282 8205 8206 8283
f 8333 9586 9569 8232
f 8204 8206 8205 8203
f 8269 8332 8193 8192
f 8206 9571 9588 8283
f 8291 8299 8223 8221
f 8210 8274 8312 8211
f 8242 8329 8330 8243
f 8131 8132 8273 8224
f 8228 8329 8320 8231
f 8268 8309 8231 8230
f 8309 8217 8214 8310
f 8216 8217 8309 8268
f 8143 8151 8260 8142
f 8280 8219 8220 8281
f 8109 9572 9592 8121
f 8236 8298 8299 8237
f 8233 8280 8281 8234
f 8222 8223 8299 8298
f 8274 8224 8225 8312
f 8238 8133 8134 8272
f 8227 8226 8257 8256
f 8140 8215 8195 8141
f 8235 8290 8297 8237
f 8228 8229 8330 8329
f 8109 8120 9601 9572
f 8267 8230 8231 8320
f 8106 8219 8280 8115
f 8222 8300 8301 8223
f 8278 8233 8234 8279
f 8109 8246 8333 8120
f 8237 8299 8291 8235
f 8296 8236 8237 8297
f 8239 8313 8273 8238
f 8239 8240 8257 8313
f 8240 8241 8256 8257
f 8245 8320 8329 8242
f 8324 8242 8243 8325
f 8244 8245 8331 8266
f 8229 8138 8137 8330
f 8399 8545 8360 8356
f 8341 9575 9576 8359
f 8380 8368 8396 8555
f 8339 8356 8360 8343
f 8248 8349 8348 8340
f 8351 8250 8251 8352
f 8198 8211 8212 8197
f 8198 8199 8210 8211
f 8169 8304 8305 8170
f 8251 8148 8353 8352
f 8365 8347 8247 8542
f 8235 8108 8114 8290
f 8110 8107 8232 8308
f 8119 8328 8174 8099
f 8193 8194 8214 8217
f 8178 8147 8146 8318
f 8157 8096 8116 8293
f 8102 8191 8315 8112
f 8175 8176 8337 8270
f 8103 8202 8293 8116
f 8190 8321 8271 8189
f 8128 8199 8275 8127
f 8170 8305 8125 8124
f 9569 8220 8283 9588
f 8240 8255 8254 8241
f 8234 9599 9594 8279
f 8115 8280 8233 8108
f 8133 8236 8296 8134
f 8273 8313 8225 8224
f 8192 8193 8217 8216
f 8222 8298 8132 8131
f 8239 8238 8272 8316
f 8287 9580 9595 8159
f 8127 8126 8156 8303
f 8124 8123 8307 8170
f 8183 8307 8123 8122
f 8249 8350 8349 8248
f 9576 9593 8541 8359
f 8145 8164 8318 8146
f 8365 8542 8559 8599
f 8345 8362 8364 8346
f 8253 8247 8347 8355
f 8310 8214 8215 8311
f 8141 8142 8260 8196
f 8259 8212 8211 8312
f 8228 8310 8311 8229
f 8104 8205 8282 8111
f 8184 8306 8307 8183
f 8148 8252 8354 8353
f 8226 8227 8258 8259
f 8169 8306 8295 8171
f 8156 8155 8302 8303
f 8138 8139 8258 8227
f 8180 8264 8265 8179
f 8152 8261 8260 8151
f 8166 8165 8265 8264
f 8142 8141 8195 8327
f 8229 8311 8139 8138
f 8275 8323 8153 8154
f 8362 8551 8598 8364
f 8250 8351 8350 8249
f 8184 8185 8295 8306
f 8127 8303 8201 8128
f 8155 8156 8305 8304
f 8302 8200 8201 8303
f 8259 8312 8225 8226
f 8242 8324 8331 8245
f 8236 8133 8132 8298
f 8243 8136 8135 8325
f 8143 8150 8336 8144
f 8177 8317 8321 8190
f 8180 8181 8322 8264
f 8317 8318 8164 8163
f 8267 8320 8245 8244
f 9580 8287 8173 9587
f 8157 8293 8302 8155
f 8129 8128 8201 8208
f 8174 9587 9591 8319
f 8300 8208 8209 8301
f 8257 8226 8225 8313
f 8255 8240 8239 8316
f 8136 8243 8330 8137
f 8137 8138 8227 8256
f 8241 8136 8137 8256
f 8231 8309 8310 8228
f 8139 8311 8215 8140
f 8140 8141 8196 8213
f 8139 8140 8213 8258
f 8196 8197 8212 8213
f 8142 8327 8150 8143
f 8144 8336 8164 8145
f 8152 8263 8314 8153
f 8162 8149 8326 8332
f 8149 8150 8327 8326
f 8354 8252 8253 8355
f 8247 8341 8359 8542
f 8344 8361 9161 9157
f 8342 8363 8357 8338
f 8346 8364 8361 8344
f 8351 8721 8722 8350
f 8365 8599 8731 8367
f 8196 8260 8261 8197
f 8548 8598 8597 8549
f 8360 8545 9584 9589
f 8676 8721 8720 8675
f 8355 8718 8719 8354
f 8352 8353 8405 8720
f 8671 8716 8715 8670
f 8349 8350 8722 8723
f 8401 8357 8363 8565
f 8348 8570 8568 8366
f 8373 8452 8707 8391
f 8570 8348 8349 8723
f 8352 8720 8721 8351
f 8376 8547 8397 8369
f 8399 8356 9161 9158
f 8347 8365 8367 8355
f 8355 8367 8717 8718
f 8397 9160 9159 8369
f 8371 8372 8416 8415
f 8452 8373 8374 8453
f 8554 8601 8600 8558
f 8611 9150 9143 8610
f 9153 8414 8614 9155
f 9596 8396 8368 9597
f 8556 8560 8562 8557
f 8382 8381 8556 8557
f 8386 9147 9151 8619
f 8388 8621 8620 8387
f 8609 9149 9146 8608
f 8684 8683 8707 8706
f 8391 8707 8683 8390
f 8669 8389 8390 8683
f 9142 9148 8617 8618
f 8616 9145 9154 8615
f 8416 8418 8417 8415
f 8384 8395 8733 8601
f 8385 8387 8620 8602
f 8669 8683 8684 8670
f 8669 8714 8393 8389
f 9145 8616 8617 9148
f 8372 8392 8708 8416
f 8618 8619 9151 9142
f 8555 8396 8400 8564
f 9144 8612 8613 9152
f 8576 8695 8694 8539
f 8542 8359 8541 8559
f 8564 8400 8401 8565
f 8552 8553 8596 8597
f 8376 9579 9577 8547
f 8619 8708 8392 8386
f 8716 8671 8672 8717
f 8611 8612 9144 9150
f 8403 8404 8730 8729
f 8620 8621 8623 8622
f 8398 8546 8545 8399
f 8400 9602 9593 8401
f 8626 8627 8629 8628
f 8377 8550 8596 8383
f 8370 8402 8728 8394
f 8407 8688 8702 8408
f 8551 8552 8597 8598
f 8404 8358 8366 8730
f 8677 8678 8723 8722
f 8501 8699 8698 8566
f 8427 8429 8464 8462
f 8422 8423 8457 8421
f 8413 8414 8613 8668
f 8430 8467 8464 8429
f 8453 8455 8454 8452
f 8422 8421 8711 8712
f 8419 8725 8455 8417
f 8418 8709 8710 8420
f 8422 8424 8425 8423
f 8426 8428 8429 8427
f 8429 8428 8431 8430
f 8414 8413 8713 8614
f 8459 8423 8425 8461
f 8428 8667 8666 8431
f 8435 8434 8436 8437
f 8436 8663 8662 8438
f 8444 8442 8660 8659
f 8438 8440 8441 8439
f 8435 8437 8472 8470
f 8433 8665 8664 8434
f 8439 8474 8472 8437
f 8474 8439 8441 8476
f 8445 8480 8478 8443
f 8441 8443 8478 8476
f 8446 8658 8657 8448
f 8445 8447 8482 8480
f 8450 8448 8657 8656
f 8704 8705 8456 8500
f 8466 8468 8698 8699
f 8700 8701 8463 8465
f 8459 8458 8500 8724
f 8410 8411 8427 8462
f 8699 8700 8465 8466
f 8468 8471 8697 8698
f 8600 8601 8733 8732
f 8471 8473 8696 8697
f 8527 8567 8566 8525
f 8695 8696 8473 8475
f 8525 8697 8696 8526
f 8475 8477 8694 8695
f 8576 8577 8528 8526
f 8479 8481 8692 8693
f 8543 8544 8554 8558
f 8481 8483 8691 8692
f 8592 9118 9115 8655
f 8583 8589 8590 8585
f 8620 8622 8078 8602
f 8689 8690 8485 8487
f 8581 8588 8589 8583
f 8489 8488 8492 8493
f 8488 8490 8680 8679
f 8495 8574 8503 8493
f 8492 8678 8677 8494
f 8983 9121 9122 8981
f 8498 8499 8701 8700
f 8467 8469 8468 8466
f 8432 8433 8434 8435
f 8409 8410 8462 8463
f 8501 8566 8567 8502
f 8560 8729 8730 8561
f 8462 8464 8465 8463
f 8495 8497 8502 8574
f 8572 8504 8506 8573
f 8507 8531 8573 8506
f 8509 8530 8578 8511
f 8533 8534 8647 8645
f 8516 8515 8517 8518
f 8514 8516 8534 8533
f 8587 8651 8649 8586
f 8512 8514 8533 8579
f 8536 8584 8517 8515
f 8517 8584 8585 8519
f 8580 8582 8538 8540
f 8534 8586 8649 8647
f 9117 8524 8523 9120
f 8587 8520 8522 8591
f 8592 8524 9117 9118
f 8477 8479 8693 8694
f 8441 8440 8442 8443
f 8482 8484 8485 8483
f 8697 8525 8566 8698
f 8512 8579 8532 8510
f 8533 8645 8643 8579
f 8513 8515 8516 8514
f 8518 8520 8587 8586
f 8537 8535 8578 8577
f 8538 8582 8584 8536
f 8520 8519 8521 8522
f 8576 8539 8537 8577
f 8486 8487 8485 8484
f 8558 8600 8599 8559
f 8444 8446 8447 8445
f 8546 8398 8397 8547
f 8378 8383 8596 8553
f 8361 8364 8598 8548
f 8340 8348 8366 8358
f 8546 8547 9577 9574
f 8545 8546 9574 9584
f 8609 8610 9143 9149
f 8362 8358 8404 8551
f 8596 8550 8549 8597
f 8403 8402 8553 8552
f 8402 8403 8729 8728
f 8731 8599 8600 8732
f 8603 8604 9138 9136
f 8604 8605 9139 9138
f 8554 8379 8384 8601
f 8498 8700 8699 8501
f 8411 8425 8424 8412
f 8710 8711 8421 8420
f 8426 8668 8667 8428
f 8543 8558 8559 8541
f 8561 8563 8562 8560
f 8398 8399 9158 9156
f 8406 8675 8720 8405
f 8469 8432 8435 8470
f 8527 8528 8530 8529
f 8470 8472 8473 8471
f 8661 8440 8438 8662
f 8689 9124 9123 8595
f 8459 8461 8460 8458
f 8574 8502 8567 8575
f 8572 8573 8637 8635
f 8402 8370 8378 8553
f 8507 8510 8532 8531
f 8513 8511 8578 8535
f 8493 8492 8494 8495
f 8508 8529 8530 8509
f 8501 8502 8497 8498
f 8491 8572 8635 8633
f 8511 8512 8510 8509
f 8503 8505 8506 8504
f 8505 8575 8529 8508
f 8382 8557 8621 8388
f 8473 8472 8474 8475
f 8480 8481 8479 8478
f 8444 8659 8658 8446
f 8595 9123 9122 8594
f 8515 8513 8535 8536
f 8517 8519 8520 8518
f 9126 9127 8487 8486
f 8583 8585 8584 8582
f 8450 9128 9125 8451
f 8449 8451 8486 8484
f 8594 8589 8588 8595
f 8581 8580 8692 8691
f 8580 8581 8583 8582
f 8523 8521 8590 8593
f 8523 8593 9121 9120
f 8522 8521 8523 8524
f 8480 8482 8483 8481
f 8448 8449 8447 8446
f 8690 8691 8483 8485
f 8537 8538 8536 8535
f 8518 8586 8534 8516
f 8692 8580 8540 8693
f 8486 8451 9125 9126
f 8490 8491 8633 8631
f 8637 8573 8531 8639
f 8447 8449 8484 8482
f 8651 8587 8591 8653
f 8539 8694 8693 8540
f 8519 8585 8590 8521
f 8591 8522 8524 8592
f 8589 8594 8593 8590
f 8489 8504 8572 8491
f 8689 8487 9127 9124
f 8511 8513 8514 8512
f 8531 8532 8641 8639
f 8593 8594 9122 9121
f 8475 8474 8476 8477
f 8477 8476 8478 8479
f 8436 8434 8664 8663
f 8532 8579 8643 8641
f 8423 8459 8724 8457
f 8404 8403 8552 8551
f 8562 8563 8625 8623
f 8381 8394 8728 8556
f 8563 8561 8568 8569
f 8470 8471 8468 8469
f 8556 8728 8729 8560
f 8569 8571 8629 8627
f 8702 8688 8687 8703
f 8605 8606 9137 9139
f 8081 8080 8626 8628
f 8622 8623 8625 8624
f 8603 8657 8658 8604
f 8605 8604 8658 8659
f 8609 8608 8663 8664
f 8606 8660 8661 8607
f 8613 8612 8667 8668
f 8616 8711 8710 8617
f 8613 8414 9153 9152
f 8618 8617 8710 8709
f 8685 8684 8706 8705
f 8630 8682 8681 8631
f 8630 8631 8633 8632
f 8646 8647 8649 8648
f 9120 9121 8983 8985
f 8653 8655 8654 8652
f 8737 8738 8780 8779
f 9129 8656 9133 9134
f 8669 8670 8715 8714
f 8393 8714 8733 8395
f 8671 8685 8686 8672
f 8724 8725 8419 8457
f 8686 8687 8673 8672
f 8673 8674 8719 8718
f 8499 8407 8408 8701
f 8499 8675 8406 8407
f 8677 8722 8721 8676
f 8678 8679 8570 8723
f 8490 8631 8681 8680
f 8687 8688 8674 8673
f 8410 8461 8425 8411
f 8503 8574 8575 8505
f 8496 8676 8675 8499
f 8498 8497 8496 8499
f 8507 8508 8509 8510
f 8527 8525 8526 8528
f 8488 8489 8491 8490
f 8506 8505 8508 8507
f 8595 8588 8690 8689
f 8581 8691 8690 8588
f 8528 8577 8578 8530
f 8703 8704 8500 8458
f 8704 8686 8685 8705
f 8687 8686 8704 8703
f 9134 9133 9140 9135
f 8670 8684 8685 8671
f 8821 8970 8971 8822
f 8727 9141 8607 8726
f 8607 8661 8662 8726
f 8987 9127 9126 8988
f 8645 8647 8646 8644
f 8642 8640 8641 8643
f 8397 8398 9156 9160
f 8367 8731 8716 8717
f 8569 8627 8625 8563
f 8409 8408 8702 8460
f 8405 8719 8674 8406
f 8379 8554 8544 8375
f 8571 8680 8681 8629
f 8415 8453 8374 8371
f 8570 8679 8680 8571
f 8715 8732 8733 8714
f 8409 8460 8461 8410
f 8463 8701 8408 8409
f 8464 8467 8466 8465
f 8621 8557 8562 8623
f 8413 8412 8424 8713
f 8412 8413 8668 8426
f 8416 8708 8709 8418
f 8561 8730 8366 8568
f 8422 8712 8713 8424
f 8415 8417 8455 8453
f 8430 8431 8433 8432
f 8467 8430 8432 8469
f 8433 8431 8666 8665
f 8437 8436 8438 8439
f 8440 8661 8660 8442
f 8443 8442 8444 8445
f 8448 8450 8451 8449
f 8450 8656 9129 9128
f 8456 8454 8455 8725
f 8452 8454 8706 8707
f 8537 8539 8540 8538
f 8496 8497 8495 8494
f 8676 8496 8494 8677
f 8592 8655 8653 8591
f 8406 8674 8688 8407
f 8678 8492 8488 8679
f 8460 8702 8703 8458
f 8568 8570 8571 8569
f 8426 8427 8411 8412
f 8662 8663 8608 8726
f 8456 8725 8724 8500
f 8608 9146 8727 8726
f 8607 9141 9137 8606
f 8672 8673 8718 8717
f 8633 8635 8634 8632
f 8639 8641 8640 8638
f 8650 8648 8649 8651
f 8652 8650 8651 8653
f 8654 8655 9115 9116
f 8618 8709 8708 8619
f 8637 8639 8638 8636
f 8609 8664 8665 8610
f 8736 9116 8925 9045
f 8735 9131 9130 8736
f 8981 9122 9123 8883
f 8734 9132 9131 8735
f 8884 9134 8734 8821
f 8358 8362 8345 8340
f 8353 8354 8719 8405
f 8396 9596 9602 8400
f 9117 9047 8737 9118
f 8970 8735 8736 9045
f 8989 9125 9128 8778
f 8844 8881 8882 8843
f 8739 8740 8782 8781
f 8737 9047 9008 8738
f 9067 9114 9113 9066
f 8779 8780 8924 8925
f 8779 9115 9118 8737
f 9043 8971 8970 9045
f 8740 9009 9041 8741
f 8921 8922 8782 8783
f 8742 8743 8785 8784
f 9039 9040 8743 8742
f 8784 8785 8919 8920
f 8743 9040 9090 8744
f 8786 8787 8917 8918
f 9077 9080 8747 8746
f 8788 8789 8915 8916
f 8790 8914 8915 8789
f 8748 8747 9080 9079
f 8960 8749 8748 9079
f 8913 8914 8790 8791
f 8791 8792 8912 8913
f 8935 8937 9112 9111
f 8940 8941 8751 8750
f 8751 8941 9110 8752
f 8753 8754 8796 8795
f 8752 9110 8930 8753
f 8753 8930 8929 8754
f 8795 8796 8908 8909
f 8754 8929 8928 8755
f 8931 8933 9072 8939
f 8797 8798 8906 8907
f 8799 8905 8906 8798
f 8955 9109 9110 8941
f 8974 8975 8977 8976
f 8801 8802 8902 8903
f 8804 8762 8763 8805
f 8762 9066 9113 8763
f 8762 8761 9064 9066
f 8802 8803 8901 8902
f 8764 9069 9050 8765
f 8808 8896 8897 8807
f 8766 9051 9026 8767
f 8768 8767 9026 9027
f 9021 8769 8768 9027
f 8811 8769 8770 8812
f 9012 8773 8772 9015
f 8773 9012 9011 8774
f 8775 8774 9011 8973
f 8972 8776 8775 8973
f 8820 9129 9134 8884
f 8742 8741 9041 9039
f 8785 8786 8918 8919
f 9093 9095 9102 9103
f 8789 8747 8748 8790
f 8750 8751 8793 8792
f 8945 8943 8946 8948
f 8794 8795 8909 8910
f 8796 8797 8907 8908
f 8929 8930 8944 8945
f 8760 8802 8801 8759
f 8805 8899 8900 8804
f 8805 8806 8898 8899
f 8805 8763 8764 8806
f 8806 8807 8897 8898
f 8767 8768 8810 8809
f 8808 8809 8895 8896
f 8770 8771 8813 8812
f 8811 8812 8892 8893
f 8771 8772 8814 8813
f 8812 8813 8891 8892
f 8815 8889 8890 8814
f 8773 8774 8816 8815
f 8776 8818 8817 8775
f 8818 8819 8885 8886
f 8777 8778 8820 8819
f 8975 9010 8998 8977
f 9032 9033 9035 9034
f 8825 8826 8889 8888
f 8823 9046 9033 8824
f 8827 8890 8889 8826
f 9030 8827 8826 9037
f 8829 9028 9029 8830
f 8831 8832 8895 8894
f 9075 9029 9028 9076
f 8829 8830 8893 8892
f 8833 8832 9070 9072
f 8834 8835 8898 8897
f 8834 8933 8934 8835
f 8836 8837 8900 8899
f 8946 8943 8952 8950
f 8838 8938 8963 8839
f 8840 8964 8965 8841
f 8882 8881 8980 8979
f 8842 8883 9123 9124
f 8845 8977 8998 8846
f 8880 8881 8844 8845
f 8879 8878 8996 8995
f 8880 8879 8995 8992
f 9005 9009 9007 9006
f 8847 8846 8998 8997
f 8877 9003 8996 8878
f 8850 8851 8874 8875
f 9056 9096 8874 8873
f 8851 9105 9059 8852
f 9101 9102 9095 9100
f 8850 9104 9105 8851
f 9019 9016 9022 9104
f 8872 8873 8852 8853
f 9023 9025 9059 9105
f 8856 8869 8870 8855
f 8867 8868 8857 8858
f 8858 9062 9063 8859
f 8857 9106 9062 8858
f 8859 8860 8865 8866
f 8864 8865 8860 8861
f 8862 8861 9086 9085
f 8950 8952 8866 8865
f 9062 9106 9114 9067
f 9086 8861 8860 9087
f 8863 8968 8951 8864
f 9052 9058 9024 9049
f 9065 9063 9062 9067
f 9061 9053 9048 9068
f 8858 8859 8866 8867
f 9053 9061 8856 8855
f 8867 8953 9107 8868
f 8869 8868 9107 9060
f 8853 9058 9052 8854
f 9058 8853 8852 9059
f 8855 8870 8871 8854
f 9054 9057 8872 8871
f 9056 8873 8872 9057
f 9018 9019 8849 8848
f 9094 9097 8876 8875
f 8997 8998 9010 9013
f 8849 8850 8875 8876
f 8999 8996 9003 9002
f 8847 8848 8877 8878
f 8976 8844 8843 8978
f 8879 8880 8845 8846
f 8843 8842 8987 8978
f 8844 8976 8977 8845
f 9124 9127 8987 8842
f 8885 8822 8823 8886
f 8825 8824 9033 9032
f 8819 8820 8884 8885
f 8827 9030 9031 8828
f 8817 8818 8886 8887
f 9028 8829 8828 9031
f 8775 8817 8816 8774
f 9070 8832 8831 9071
f 8890 8891 8813 8814
f 8831 8894 8893 8830
f 9070 9071 9073 9074
f 8769 9021 9020 8770
f 8835 8934 9112 8836
f 8809 8810 8894 8895
f 8766 8808 8807 8765
f 8839 8963 8964 8840
f 8764 8765 8807 8806
f 8838 8839 8902 8901
f 8762 8804 8803 8761
f 8802 8760 8761 8803
f 8758 8759 8801 8800
f 8798 8756 8757 8799
f 9108 8942 8944 9109
f 8792 8793 8911 8912
f 8919 8918 9042 9038
f 8790 8748 8749 8791
f 8744 8745 8787 8786
f 8923 9044 9043 8924
f 9035 9044 8923 8922
f 8782 8740 8741 8783
f 8985 9047 9117 9120
f 8906 8962 8961 8907
f 8936 8908 8907 8961
f 8756 8927 8966 8757
f 8915 9073 9075 8916
f 8958 8959 9099 9098
f 8938 8936 8961 8963
f 8937 8935 8936 8938
f 8914 9074 9073 8915
f 8940 8957 8955 8941
f 9092 9103 9078 9090
f 8961 8962 8964 8963
f 8754 8755 8797 8796
f 8942 8943 8945 8944
f 8947 8951 8968 8967
f 8942 9108 9107 8953
f 8954 9108 9109 8955
f 8956 8957 8959 8958
f 8967 8969 8949 8947
f 8956 8954 8955 8957
f 8957 8940 8960 8959
f 8752 8753 8795 8794
f 8793 8794 8910 8911
f 8932 8911 8910 9111
f 8979 8981 8883 8882
f 8926 8965 8964 8962
f 8927 8928 8948 8949
f 8994 8995 8996 8999
f 8880 8992 8980 8881
f 8887 8824 8825 8888
f 8973 8975 8974 8972
f 8979 8980 8986 8982
f 8847 8878 8879 8846
f 8848 8847 8997 9018
f 8979 8982 8983 8981
f 8984 8982 8986 9006
f 9085 9086 9082 9088
f 8988 8989 8991 8990
f 9014 9015 9017 9016
f 9004 9041 9009 9005
f 8993 8992 8995 8994
f 9003 8877 8876 9097
f 9002 9003 9097 9091
f 9001 9000 9040 9039
f 9000 9001 8999 9002
f 9001 9039 9041 9004
f 9010 9011 9012 9013
f 9005 9006 8986 8993
f 8928 8929 8945 8948
f 9014 9013 9012 9015
f 8739 9007 9009 8740
f 8741 8742 8784 8783
f 8743 8744 8786 8785
f 9024 9058 9059 9025
f 9091 9093 9103 9092
f 9014 9016 9019 9018
f 9022 9023 9105 9104
f 8874 9096 9094 8875
f 9022 9020 9021 9023
f 9049 9024 9026 9051
f 9025 9027 9026 9024
f 8832 8833 8896 8895
f 9030 9037 9036 9038
f 8891 8828 8829 8892
f 9030 9038 9042 9031
f 8746 8747 8789 8788
f 8745 8746 8788 8787
f 8971 9043 9044 9046
f 8972 8974 8990 8991
f 8982 8984 8985 8983
f 8825 9032 9037 8826
f 8925 8924 9043 9045
f 8738 9008 9007 8739
f 8781 8782 8922 8923
f 9048 9053 9052 9049
f 8839 8840 8903 8902
f 9050 9048 9049 9051
f 9064 9083 9084 9065
f 8857 8868 8869 8856
f 9054 8871 8870 9055
f 8854 9052 9053 8855
f 9101 9080 9077 9102
f 8859 9063 9087 8860
f 8862 8863 8864 8861
f 9064 9065 9067 9066
f 8954 9060 9107 9108
f 9028 9031 9042 9076
f 9079 9080 9101 9099
f 8750 8792 8791 8749
f 8919 9038 9036 8920
f 9081 9082 9084 9083
f 9079 9099 8959 8960
f 8783 8784 8920 8921
f 8921 9034 9035 8922
f 8745 8744 9090 9078
f 8788 8916 8917 8787
f 9056 9100 9095 9096
f 9094 9096 9095 9093
f 9098 9099 9101 9100
f 8958 9098 9057 9054
f 8854 8871 8872 8853
f 8978 8987 8988 8990
f 9084 9087 9063 9065
f 8932 8934 8933 8931
f 8947 8946 8950 8951
f 9054 9055 8956 8958
f 9093 9091 9097 9094
f 8984 9006 9007 9008
f 9000 9092 9090 9040
f 8903 8840 8841 8904
f 8837 8937 8938 8838
f 8898 8835 8836 8899
f 8834 8833 9072 8933
f 8830 9029 9071 8831
f 8827 8828 8891 8890
f 8939 9072 9070 9074
f 8739 8781 8780 8738
f 9029 9075 9073 9071
f 8857 8856 9061 9106
f 8850 8849 9019 9104
f 8848 8849 8876 8877
f 9016 9017 9020 9022
f 9091 9092 9000 9002
f 8999 9001 9004 8994
f 9081 8759 8758 9089
f 8800 8801 8903 8904
f 8803 8804 8900 8901
f 9086 9087 9084 9082
f 8768 8769 8811 8810
f 9098 9100 9056 9057
f 9035 9033 9046 9044
f 8810 8811 8893 8894
f 8772 8773 8815 8814
f 8816 8888 8889 8815
f 9023 9021 9027 9025
f 8776 8777 8819 8818
f 8816 8817 8887 8888
f 8776 8972 8991 8777
f 8777 8991 8989 8778
f 8997 9013 9014 9018
f 8823 8822 8971 9046
f 8994 9004 9005 8993
f 8974 8976 8978 8990
f 8869 9060 9055 8870
f 9061 9068 9114 9106
f 9032 9034 9036 9037
f 8916 9075 9076 8917
f 8943 8942 8953 8952
f 8751 8752 8794 8793
f 8934 8932 9111 9112
f 9017 8771 8770 9020
f 8771 9017 9015 8772
f 8833 8834 8897 8896
f 9078 9103 9102 9077
f 8917 9076 9042 8918
f 8749 8960 8940 8750
f 8920 9036 9034 8921
f 9081 9089 9088 9082
f 8746 8745 9078 9077
f 8873 8874 8851 8852
f 8952 8953 8867 8866
f 9069 9113 9114 9068
f 8939 9074 8914 8913
f 8836 9112 8937 8837
f 8837 8838 8901 8900
f 8765 9050 9051 8766
f 8950 8865 8864 8951
f 8766 8767 8809 8808
f 8931 8939 8913 8912
f 8755 8756 8798 8797
f 8911 8932 8931 8912
f 8954 8956 9055 9060
f 8763 9113 9069 8764
f 8935 9111 8910 8909
f 8755 8928 8927 8756
f 8947 8949 8948 8946
f 8760 9083 9064 8761
f 8908 8936 8935 8909
f 8973 9011 9010 8975
f 8759 9081 9083 8760
f 9109 8944 8930 9110
f 8926 8962 8906 8905
f 8966 8927 8949 8969
f 8821 8822 8885 8884
f 8992 8993 8986 8980
f 8984 9008 9047 8985
f 8778 9128 9129 8820
f 8576 8526 8696 8695
f 8454 8456 8705 8706
f 8527 8529 8575 8567
f 8489 8493 8503 8504
f 8843 8882 8883 8842
f 8886 8823 8824 8887
f 8988 9126 9125 8989
f 9048 9050 9069 9068
f 8923 8924 8780 8781
f 8736 9130 9119 9116
f 9132 8734 9134 9135
f 8343 9582 9617 9167
f 8101 8188 9168 9179
f 8338 9575 9611 9174
f 8247 9191 9185 8341
f 8247 8253 9197 9191
f 8252 9203 9197 8253
f 9203 8252 8148 9209
f 8148 8251 9215 9209
f 8180 8179 9210 9221
f 8250 8249 9227 9216
f 9227 8249 8248 9233
f 8248 8340 9239 9233
f 9239 8340 8345 9245
f 8183 9240 9251 8184
f 8344 9257 9246 8346
f 9156 8549 8550 9160
f 8548 8549 9156 9158
f 9159 9160 8550 8377
f 9158 9161 8361 8548
f 9157 9161 8356 8339
f 9257 8344 9157 9263
f 8100 9258 9269 8186
f 8187 8186 9269 9162
f 8343 9167 9264 8339
f 9166 9265 9264 9167
f 9165 9266 9265 9166
f 9164 9267 9266 9165
f 9163 9268 9267 9164
f 9162 9269 9268 9163
f 9263 9157 8339 9264
f 9264 9265 9262 9263
f 9261 9262 9265 9266
f 9261 9266 9267 9260
f 9267 9268 9259 9260
f 9258 9259 9268 9269
f 9252 9258 8100 8185
f 9253 9259 9258 9252
f 9254 9260 9259 9253
f 9260 9254 9255 9261
f 9255 9256 9262 9261
f 9262 9256 9257 9263
f 8184 9251 9252 8185
f 9252 9251 9250 9253
f 9249 9254 9253 9250
f 9249 9248 9255 9254
f 9255 9248 9247 9256
f 9246 9257 9256 9247
f 9245 8345 8346 9246
f 9246 9247 9244 9245
f 9247 9248 9243 9244
f 9248 9249 9242 9243
f 9241 9242 9249 9250
f 9241 9250 9251 9240
f 8122 9234 9240 8183
f 9234 9235 9241 9240
f 9236 9242 9241 9235
f 9242 9236 9237 9243
f 9238 9244 9243 9237
f 9238 9239 9245 9244
f 9228 9234 8122 8182
f 9234 9228 9229 9235
f 9230 9236 9235 9229
f 9231 9237 9236 9230
f 9232 9238 9237 9231
f 9233 9239 9238 9232
f 8181 9222 9228 8182
f 9223 9229 9228 9222
f 9223 9224 9230 9229
f 9224 9225 9231 9230
f 9225 9226 9232 9231
f 9226 9227 9233 9232
f 9221 9222 8181 8180
f 9221 9220 9223 9222
f 9219 9224 9223 9220
f 9218 9225 9224 9219
f 9217 9226 9225 9218
f 9216 9227 9226 9217
f 8251 8250 9216 9215
f 9216 9217 9214 9215
f 9213 9214 9217 9218
f 9212 9213 9218 9219
f 9219 9220 9211 9212
f 9210 9211 9220 9221
f 8179 8147 9204 9210
f 9205 9211 9210 9204
f 9211 9205 9206 9212
f 9207 9213 9212 9206
f 9208 9214 9213 9207
f 9214 9208 9209 9215
f 9198 9204 8147 8178
f 9198 9199 9205 9204
f 9200 9206 9205 9199
f 9200 9201 9207 9206
f 9201 9202 9208 9207
f 9203 9209 9208 9202
f 9192 9198 8178 8177
f 9198 9192 9193 9199
f 9199 9193 9194 9200
f 9195 9201 9200 9194
f 9196 9202 9201 9195
f 9202 9196 9197 9203
f 8177 8190 9186 9192
f 9187 9193 9192 9186
f 9187 9188 9194 9193
f 9189 9195 9194 9188
f 9195 9189 9190 9196
f 9191 9197 9196 9190
f 8190 8189 9180 9186
f 9181 9187 9186 9180
f 9182 9188 9187 9181
f 9188 9182 9183 9189
f 9184 9190 9189 9183
f 9184 9185 9191 9190
f 9179 9606 9573 8101
f 9178 9607 9606 9179
f 9177 9608 9607 9178
f 9176 9609 9608 9177
f 9175 9610 9609 9176
f 9174 9611 9610 9175
f 8342 8338 9174 9173
f 9174 9175 9172 9173
f 9171 9172 9175 9176
f 9171 9176 9177 9170
f 9169 9170 9177 9178
f 9178 9179 9168 9169
f 9581 8187 9162 9612
f 9162 9163 9613 9612
f 9164 9614 9613 9163
f 9164 9165 9615 9614
f 9165 9166 9616 9615
f 9166 9167 9617 9616
f 8386 7555 7511 9147
f 8375 7928 7519 8379
f 8379 7519 7520 8384
f 7518 8395 8384 7520
f 8393 8395 7518 7517
f 7517 7516 8389 8393
f 7515 8390 8389 7516
f 7514 8391 8390 7515
f 7643 7047 9311 9305
f 9298 9299 9305 9304
f 7642 7643 9305 9299
f 9310 9304 9305 9311
f 7453 9297 9313 7439
f 9312 9313 9297 9296
f 7453 7462 9292 9297
f 9293 9296 9297 9292
f 7482 7481 9293 9303
f 9292 9302 9303 9293
f 7483 7482 9303 9287
f 9287 9303 9302 9286
f 7440 7420 9285 9312
f 9285 9284 9313 9312
f 7266 7025 9275 9279
f 9275 9274 9278 9279
f 7484 9324 9375 9289
f 9288 9289 9375 9378
f 6945 6946 9273 9270
f 9271 9270 9273 9272
f 7171 7048 9310 9280
f 9281 9280 9310 9311
f 7420 7512 9316 9285
f 9284 9285 9316 9317
f 7407 7484 9289 9307
f 9306 9307 9289 9288
f 6962 9291 9301 6963
f 9300 9301 9291 9290
f 7025 7022 9290 9275
f 9274 9275 9290 9291
f 6964 6963 9301 9309
f 9308 9309 9301 9300
f 9294 7118 7407 9307
f 9294 9307 9306 9295
f 7978 9282 9308 7024
f 9283 9309 9308 9282
f 7121 9315 9295 7117
f 9295 9315 9314 9294
f 6753 7266 9279 9271
f 9271 9279 9278 9270
f 7057 9277 9315 7121
f 9276 9314 9315 9277
f 7170 6778 9272 9281
f 9272 9273 9280 9281
f 9277 7057 7642 9299
f 9277 9299 9298 9276
f 7514 7513 8373 8391
f 7513 9317 8374 8373
f 8374 9317 9316 8371
f 8371 9316 7512 8372
f 8372 7512 7556 8392
f 7556 7555 8386 8392
f 9377 9287 9286 9380
f 9376 9377 9380 9379
f 9378 9375 9376 9379
f 7483 9287 9377 9326
f 9325 9326 9377 9376
f 9324 9325 9376 9375
f 7477 9341 9618 9534
f 9340 9619 9618 9341
f 9339 9620 9619 9340
f 9515 7682 9347 9621
f 9346 9622 9621 9347
f 9345 9623 9622 9346
f 7552 7551 9360 9372
f 9360 9361 9373 9372
f 9362 9374 9373 9361
f 7550 8048 9323 9374
f 9323 9322 9373 9374
f 9372 9373 9322 9321
f 9335 7499 7500 9356
f 9355 9334 9335 9356
f 9354 9333 9334 9355
f 9465 7478 9342 9504
f 9343 9508 9504 9342
f 9508 9343 9344 9512
f 9333 7493 7480 9366
f 9334 9333 9366 9367
f 9334 9367 9368 9335
f 7487 7932 9332 9357
f 9357 9332 9331 9358
f 9331 9330 9359 9358
f 7670 9345 9371 7488
f 9346 9370 9371 9345
f 9346 9347 9369 9370
f 10556 10560 9366 7480
f 9366 10560 10577 9367
f 9367 10577 10578 9368
f 7506 7475 9329 9353
f 9352 9353 9329 9328
f 9328 9327 9351 9352
f 7475 7510 9348 9329
f 9329 9348 9349 9328
f 9327 9328 9349 9350
f 7490 7509 9350 9320
f 9319 9320 9350 9349
f 9319 9349 9348 9318
f 7496 7506 9353 9369
f 9352 9370 9369 9353
f 9370 9352 9351 9371
f 7490 9320 9338 7485
f 9319 9337 9338 9320
f 9318 9336 9337 9319
f 9344 9356 7500 7501
f 9343 9355 9356 9344
f 9342 9354 9355 9343
f 9286 7485 9338 9380
f 9337 9379 9380 9338
f 9336 9378 9379 9337
f 7484 7549 9362 9324
f 9324 9362 9361 9325
f 9326 9325 9361 9360
f 9557 9597 8368 7521
f 7936 7521 8368 8380
f 9560 9579 8376 7522
f 9339 9340 9505 9509
f 9505 9506 9510 9509
f 9507 9511 9510 9506
f 9511 9507 9508 9512
f 9501 9505 9340 9341
f 9502 9506 9505 9501
f 9503 9507 9506 9502
f 9507 9503 9504 9508
f 7477 9468 9501 9341
f 9468 9467 9502 9501
f 9502 9467 9466 9503
f 9503 9466 9465 9504
f 9393 7922 7099 9488
f 9393 9488 9487 9394
f 9394 9487 9486 9395
f 9395 9486 9485 9396
f 7084 7921 9420 9464
f 9419 9463 9464 9420
f 9462 9463 9419 9418
f 9417 9461 9462 9418
f 9432 9436 6818 7916
f 9431 9435 9436 9432
f 9430 9434 9435 9431
f 9429 9433 9434 9430
f 7605 9449 9476 7606
f 9449 9450 9475 9476
f 9474 9475 9450 9451
f 9452 9473 9474 9451
f 7100 7621 9452 9472
f 9452 9451 9471 9472
f 9450 9470 9471 9451
f 9449 9469 9470 9450
f 7459 7447 9481 9456
f 9481 9482 9455 9456
f 9454 9455 9482 9483
f 9453 9454 9483 9484
f 7477 7466 9412 9468
f 9411 9467 9468 9412
f 9410 9466 9467 9411
f 9409 9465 9466 9410
f 7470 7467 9409 9453
f 9453 9409 9410 9454
f 9411 9455 9454 9410
f 9455 9411 9412 9456
f 9457 7502 9339 9509
f 9458 9457 9509 9510
f 9510 9511 9459 9458
f 9459 9511 9512 9460
f 9408 9445 7429 7434
f 9445 9408 9407 9446
f 9407 9406 9447 9446
f 9447 9406 9405 9448
f 7522 9400 9448 7428
f 9447 9448 9400 9399
f 9399 9398 9446 9447
f 9397 9445 9446 9398
f 7434 7446 9484 9408
f 9407 9408 9484 9483
f 9406 9407 9483 9482
f 9405 9406 9482 9481
f 7917 9429 9461 7094
f 9461 9429 9430 9462
f 9462 9430 9431 9463
f 9463 9431 9432 9464
f 7415 9492 9392 7281
f 9392 9492 9491 9391
f 9390 9391 9491 9490
f 9389 9390 9490 9489
f 6999 6773 9437 9477
f 9438 9478 9477 9437
f 9478 9438 9439 9479
f 9440 9480 9479 9439
f 7068 9440 9428 7092
f 9439 9427 9428 9440
f 9426 9427 9439 9438
f 9437 9425 9426 9438
f 7227 6916 9421 9404
f 9403 9404 9421 9422
f 9402 9403 9422 9423
f 9401 9402 9423 9424
f 7241 7242 9424 9480
f 9479 9480 9424 9423
f 9422 9478 9479 9423
f 9477 9478 9422 9421
f 6978 7227 9404 9416
f 9403 9415 9416 9404
f 9402 9414 9415 9403
f 9402 9401 9413 9414
f 9425 6829 6757 9441
f 9425 9441 9442 9426
f 9426 9442 9443 9427
f 9428 9427 9443 9444
f 7244 10511 10569 9413
f 9413 10569 10579 9414
f 9414 10579 10580 9415
f 9415 10580 10581 9416
f 7088 7201 9384 9493
f 9383 9494 9493 9384
f 9494 9383 9382 9495
f 9382 9381 9496 9495
f 7606 9476 9496 7119
f 9495 9496 9476 9475
f 9474 9494 9495 9475
f 9473 9493 9494 9474
f 7201 7075 9444 9384
f 9443 9383 9384 9444
f 9382 9383 9443 9442
f 9441 9381 9382 9442
f 7100 9472 9433 7093
f 9434 9433 9472 9471
f 9434 9471 9470 9435
f 9436 9435 9470 9469
f 7099 7924 9417 9488
f 9418 9487 9488 9417
f 9419 9486 9487 9418
f 9419 9420 9485 9486
f 7096 9497 9396 7937
f 9395 9396 9497 9498
f 9394 9395 9498 9499
f 9393 9394 9499 9500
f 7502 9457 9492 7415
f 9491 9492 9457 9458
f 9458 9459 9490 9491
f 9460 9489 9490 9459
f 9389 7098 7105 9500
f 9499 9390 9389 9500
f 9390 9499 9498 9391
f 9391 9498 9497 9392
f 7936 8380 9579 9560
f 7928 8375 9597 9557
f 9357 9358 9622 9623
f 9621 9622 9358 9359
f 7497 9515 9621 9359
f 9619 9620 9330 9331
f 9331 9332 9618 9619
f 9534 9618 9332 7932
f 9616 9617 9173 9172
f 9615 9616 9172 9171
f 9170 9614 9615 9171
f 9169 9613 9614 9170
f 9612 9613 9169 9168
f 9168 8188 9581 9612
f 9610 9611 9185 9184
f 9184 9183 9609 9610
f 9183 9182 9608 9609
f 9607 9608 9182 9181
f 9180 9606 9607 9181
f 9573 9606 9180 8189
f 8341 9185 9611 9575
f 8342 9173 9617 9582
f 8543 9602 9596 8544
f 9574 8564 8565 9584
f 8564 9574 9577 8555
f 8541 9593 9602 8543
f 8380 8555 9577 9579
f 8375 8544 9596 9597
f 9584 8565 8363 9589
f 8173 8289 9591 9587
f 8174 8328 9580 9587
f 8401 9593 9576 8357
f 8160 9595 9580 8328
f 8246 8334 9594 9599
f 8232 9569 9588 8308
f 9575 8338 8357 9576
f 8244 9572 9601 8267
f 8244 8266 9592 9572
f 8308 9588 9571 8218
f 9569 9586 8281 8220
f 9578 8105 8102 9600
f 8204 9585 9571 8206
f 9570 9583 8119 8099
f 8175 9570 9605 8271
f 9568 9603 8161 8269
f 8097 8119 9583 9603
f 8113 8101 9573 9605
f 8230 8267 9601 9604
f 8246 9599 9586 8333
f 8360 9589 9582 8343
f 8230 9604 9598 8268
f 8102 8112 9568 9600
f 8188 8319 9591 9581
f 8315 8191 9585 9590
f 9590 9595 8160 8315
f 9578 8216 8268 9598
f 9555 9564 7847 7679
f 7694 7725 9538 9539
f 7684 9555 9530 7693
f 7877 7722 9516 9535
f 9521 9541 7798 7707
f 7733 7867 9524 9532
f 9523 9542 7829 7827
f 9520 7772 7885 9533
f 7804 9522 9531 7821
f 7816 9562 9523 7827
f 9525 9624 9527 7699
f 9527 9624 9530 7692
f 9529 7693 9530 9624
f 9531 7820 7806 9552
f 7719 7748 9536 9553
f 7748 7698 9517 9536
f 7696 9561 9546 7845
f 7680 9565 9537 7765
f 9526 7860 7877 9535
f 7733 9532 9545 7690
f 7707 7736 9559 9521
f 7816 7782 9547 9562
f 9517 7698 7700 9525
f 7806 7860 9526 9552
f 7809 9516 9520 7793
f 7736 7737 9543 9559
f 7773 9563 9539 7715
f 9524 9543 7737 7868
f 7766 7845 9546 9537
f 7719 9553 9545 7710
f 7773 7781 9547 9563
f 9528 9558 7083 7764
f 9533 9541 7701 7797
f 9522 9542 7830 7803
f 7725 7693 9529 9538
f 9527 9561 7696 7699
f 7764 7847 9564 9528
f 7415 7280 9565 9551
f 7933 9540 9551 7934
f 9519 9556 7428 7435
f 7933 9330 9620 9540
f 7671 7929 9518 9548
f 7466 7477 9534 9548
f 7435 7447 9550 9519
f 7723 9550 9518 7929
f 7414 9549 9515 7497
f 7521 7427 9544 9557
f 7930 7894 9544 9514
f 9554 7487 9357 9623
f 7670 7673 9513 9554
f 7705 7930 9514 9567
f 7705 9567 9566 7901
f 7673 7901 9566 9513
f 7428 9556 9560 7522
f 7083 9558 9549 7414
f 9626 9625 9628 9627
f 9629 9630 9627 9628
f 9627 9630 9631 9632
f 9632 9633 9626 9627
f 9635 9634 9637 9636
f 9638 9639 9636 9637
f 9640 9641 9637 9634
f 9637 9641 9642 9638
f 9644 9643 9646 9645
f 9647 9648 9645 9646
f 9646 9643 9649 9650
f 9650 9651 9647 9646
f 9653 9654 9655 9652
f 9654 9657 9656 9655
f 9658 9659 9655 9656
f 9652 9655 9659 9660
f 9662 9663 9664 9661
f 9663 9665 9666 9664
f 9664 9666 9667 9668
f 9664 9668 9669 9661
f 9634 9670 9671 9640
f 9640 9671 9672 9641
f 9641 9672 9673 9642
f 9638 9642 9673 9674
f 9638 9674 9675 9639
f 9639 9675 9676 9636
f 9676 9677 9635 9636
f 9634 9635 9677 9670
f 9677 9678 9679 9670
f 9671 9670 9679 9680
f 9681 9678 9677 9682
f 9682 9677 9676 9683
f 9680 9684 9685 9671
f 9672 9671 9685 9686
f 9685 9688 9687 9686
f 9688 9685 9684 9689
f 9681 9682 9691 9690
f 9682 9683 9692 9691
f 9691 9692 9693 9694
f 9690 9691 9694 9695
f 9689 9695 9694 9688
f 9687 9688 9694 9693
f 9767 9815 9808 9763
f 9808 9809 9762 9763
f 9762 9809 9810 9761
f 9760 9761 9810 9811
f 9811 9812 9754 9760
f 9812 9813 9753 9754
f 9752 9753 9813 9814
f 9767 9752 9814 9815
f 10283 10311 10304 10282
f 9705 9704 9806 9807
f 9706 9705 9807 9800
f 9707 9706 9800 9801
f 9708 9707 9801 9802
f 9802 9803 9709 9708
f 9710 9709 9803 9804
f 9710 9804 9805 9711
f 9718 9719 9822 9823
f 9717 9718 9823 9816
f 9716 9717 9816 9817
f 9716 9817 9818 9715
f 9714 9715 9818 9819
f 9713 9714 9819 9820
f 9820 9821 9712 9713
f 9712 9821 9822 9719
f 9726 9829 9830 9727
f 9720 9727 9830 9831
f 9720 9831 9824 9721
f 9824 9825 9722 9721
f 9722 9825 9826 9723
f 9826 9827 9724 9723
f 9724 9827 9828 9725
f 9725 9828 9829 9726
f 9736 9798 9799 9743
f 9739 9743 9799 9792
f 9739 9792 9793 9742
f 9742 9793 9794 9738
f 9738 9794 9795 9737
f 9795 9796 9741 9737
f 9740 9741 9796 9797
f 9736 9740 9797 9798
f 9796 10309 10307 9797
f 9792 9799 10303 10312
f 9798 10306 10303 9799
f 9792 10312 10301 9793
f 9794 9793 10301 10299
f 10298 9795 9794 10299
f 10317 9784 9785 10326
f 9776 9783 10327 10318
f 9776 10318 10325 9777
f 10315 10324 9779 9778
f 9754 9804 9803 9760
f 9790 10320 10313 9789
f 9780 10321 10314 9781
f 9780 9779 10324 10321
f 9783 10280 10273 9782
f 9776 10274 10280 9783
f 9776 9777 10275 10274
f 9778 10276 10275 9777
f 9778 9779 10277 10276
f 9780 10278 10277 9779
f 10278 9780 9781 10279
f 9782 10273 10279 9781
f 9791 9784 10317 10328
f 10316 9786 9787 10323
f 9786 10316 10326 9785
f 9788 10322 10323 9787
f 9777 10325 10315 9778
f 9789 10313 10322 9788
f 9790 9791 10328 10320
f 9782 10319 10327 9783
f 9758 9785 9784 9759
f 9757 9786 9785 9758
f 9766 9787 9786 9757
f 9787 9766 9765 9788
f 9756 9789 9788 9765
f 9756 9755 9790 9789
f 9790 9755 9764 9791
f 9759 9784 9791 9764
f 10300 10302 10284 10285
f 10286 10297 10300 10285
f 10297 10286 10287 10310
f 10281 10308 10310 10287
f 10288 10305 10308 10281
f 10304 10305 10288 10282
f 10302 10311 10283 10284
f 9797 10307 10306 9798
f 9804 9754 9753 9805
f 9704 9711 9805 9806
f 9763 9800 9807 9767
f 9762 9801 9800 9763
f 9761 9802 9801 9762
f 9761 9760 9803 9802
f 9767 9807 9806 9752
f 9698 9809 9808 9703
f 9697 9810 9809 9698
f 9701 9811 9810 9697
f 9700 9812 9811 9701
f 9696 9813 9812 9700
f 9696 9699 9814 9813
f 9814 9699 9702 9815
f 9808 9815 9702 9703
f 9723 9817 9816 9722
f 9724 9818 9817 9723
f 9725 9819 9818 9724
f 9725 9726 9820 9819
f 9820 9726 9727 9821
f 9720 9822 9821 9727
f 9822 9720 9721 9823
f 9816 9823 9721 9722
f 10290 10291 9825 9824
f 9825 10291 10292 9826
f 9827 9826 10292 10293
f 9828 9827 10293 10294
f 9829 9828 10294 10289
f 9829 10289 10295 9830
f 9831 9830 10295 10296
f 9824 9831 10296 10290
f 9643 9833 9832 9649
f 9643 9644 9834 9833
f 9645 9835 9834 9644
f 9645 9648 9836 9835
f 9648 9647 9837 9836
f 9647 9651 9838 9837
f 9838 9651 9650 9839
f 9650 9649 9832 9839
f 9675 9840 9683 9676
f 9692 9683 9840 9841
f 9692 9841 9842 9693
f 9842 9843 9687 9693
f 9686 9687 9843 9844
f 9672 9686 9844 9673
f 9743 9833 9834 9736
f 9832 9833 9743 9739
f 9679 9703 9702 9680
f 9680 9702 9699 9684
f 9678 9698 9703 9679
f 9678 9681 9697 9698
f 9681 9690 9701 9697
f 9696 9689 9684 9699
f 9689 9696 9700 9695
f 9695 9700 9701 9690
f 9708 9709 10190 10191
f 9707 9708 10191 10192
f 9630 9846 9845 9631
f 9845 9846 9718 9717
f 9846 9630 9629 9847
f 9846 9847 9719 9718
f 9628 9848 9847 9629
f 9625 9849 9848 9628
f 9626 9850 9849 9625
f 9850 9626 9633 9851
f 9633 9632 9852 9851
f 9845 9852 9632 9631
f 9853 9854 9656 9657
f 9854 9855 9658 9656
f 9658 9855 9856 9659
f 9659 9856 9857 9660
f 9652 9660 9857 9858
f 9652 9858 9859 9653
f 9859 9860 9654 9653
f 9654 9860 9853 9657
f 9758 9759 9854 9853
f 9764 9855 9854 9759
f 9764 9755 9861 9855
f 9855 9861 9862 9856
f 9755 9756 9863 9861
f 9862 9861 9863 9864
f 9853 9865 9757 9758
f 9853 9860 9866 9865
f 9766 9757 9865 9867
f 9865 9866 9868 9867
f 9765 9766 9867 9869
f 9756 9765 9869 9863
f 9867 9868 9870 9869
f 9863 9869 9870 9864
f 9857 9856 9862 9871
f 9871 9862 9864 9872
f 9864 9870 9873 9872
f 9868 9874 9873 9870
f 9866 9875 9874 9868
f 9866 9860 9859 9875
f 9736 9834 9876 9740
f 9741 9740 9876 9877
f 9737 9741 9877 9878
f 9878 9879 9738 9737
f 9738 9879 9880 9742
f 9742 9880 9832 9739
f 9832 9880 9881 9839
f 9881 9880 9879 9882
f 9882 9879 9878 9883
f 9878 9877 9884 9883
f 9884 9877 9876 9885
f 9835 9885 9876 9834
f 9885 9835 9836 9886
f 9884 9885 9886 9887
f 9884 9887 9888 9883
f 9882 9883 9888 9889
f 9881 9882 9889 9890
f 9839 9881 9890 9838
f 9712 9719 9847 9891
f 9712 9891 9892 9713
f 9714 9713 9892 9893
f 9715 9714 9893 9894
f 9716 9715 9894 9895
f 9716 9895 9845 9717
f 9845 9895 9896 9852
f 9896 9895 9894 9897
f 9893 9898 9897 9894
f 9898 9893 9892 9899
f 9899 9892 9891 9900
f 9891 9847 9848 9900
f 9900 9848 9849 9901
f 9899 9900 9901 9902
f 9898 9899 9902 9903
f 9898 9903 9904 9897
f 9904 9905 9896 9897
f 9852 9896 9905 9851
f 9906 9665 9663 9907
f 9663 9662 9908 9907
f 9661 9909 9908 9662
f 9661 9669 9910 9909
f 9668 9911 9910 9669
f 9668 9667 9912 9911
f 9912 9667 9666 9913
f 9665 9906 9913 9666
f 9914 9915 9913 9906
f 9915 9916 9912 9913
f 9949 9950 9951 9958
f 9948 9949 9958 9957
f 9947 9948 9957 9956
f 9955 9946 9947 9956
f 9945 9946 9955 9954
f 9953 9944 9945 9954
f 9943 9944 9953 9952
f 9943 9952 9951 9950
f 9945 10396 10397 9946
f 9944 10395 10396 9945
f 9943 10394 10395 9944
f 9950 10393 10394 9943
f 10392 10393 9950 9949
f 10391 10392 9949 9948
f 9947 10390 10391 9948
f 9946 10397 10390 9947
f 9915 9958 9951 9916
f 9914 9957 9958 9915
f 9916 9951 9952 9934
f 9952 9953 9933 9934
f 9933 9953 9954 9932
f 9931 9932 9954 9955
f 9930 9931 9955 9956
f 9914 9930 9956 9957
f 9914 9906 9929 9930
f 9928 9931 9930 9929
f 9928 9970 9932 9931
f 9927 9933 9932 9970
f 9927 9969 9934 9933
f 9912 9916 9934 9969
f 9911 9912 9969 9926
f 9927 9968 9926 9969
f 9925 9968 9927 9970
f 9928 9967 9925 9970
f 9924 9967 9928 9929
f 9924 9929 9906 9907
f 9924 9907 9908 9966
f 9924 9966 9923 9967
f 9923 9965 9925 9967
f 9925 9965 9922 9968
f 9926 9968 9922 9964
f 9926 9964 9910 9911
f 9920 10252 10251 9962
f 9919 9920 9962 9961
f 9918 9919 9961 9960
f 9918 9960 9936 9935
f 9959 9960 10413 10417
f 9937 9936 9960 9959
f 9962 10251 10253 9972
f 9961 9962 9972 9973
f 10195 9972 10253 10272
f 9975 9976 10194 10195
f 9975 10254 10255 9978
f 9975 9978 9979 9976
f 10398 9979 10363 10399
f 10255 10389 10361 9978
f 9981 10256 10271 10200
f 10200 9984 9985 10201
f 10257 10258 9987 9984
f 9985 9984 9987 9988
f 10258 10259 9990 9987
f 9988 9987 9990 9991
f 10259 10260 9993 9990
f 9990 9993 9994 9991
f 9993 10260 10261 9996
f 9993 9996 9997 9994
f 9996 10261 10262 9999
f 9996 9999 10000 9997
f 9999 10262 10263 10002
f 10002 10263 10264 10005
f 10003 10002 10005 10006
f 10264 10265 10008 10005
f 10005 10008 10009 10006
f 9918 10011 10010 9919
f 9918 9935 9942 10011
f 9920 9919 10010 10012
f 10252 10266 10013 9963
f 9937 9959 10014 9938
f 9959 10417 10419 10014
f 10016 10015 10017 10018
f 10019 10020 10018 10017
f 10134 10021 10022 10135
f 10023 10136 10135 10022
f 10023 10109 10112 10136
f 9938 10014 10027 9939
f 10014 10419 10415 10027
f 10016 10018 10029 10028
f 10029 10018 10020 10030
f 10140 10184 10185 10141
f 10140 10139 10183 10184
f 10139 10138 10182 10183
f 10027 10034 9940 9939
f 10034 10027 10415 10420
f 10028 10029 10036 10035
f 10119 10341 10330 10124
f 10123 10331 10333 10122
f 10138 10137 10181 10182
f 10180 10181 10137 10062
f 10339 10425 10426 10009
f 10150 10236 10226 10249
f 10058 10340 10338 10045
f 10041 10268 10267 10042
f 10046 10268 10269 10047
f 10039 10270 10269 10040
f 10012 10048 10270 10266
f 10012 10010 10049 10048
f 10011 10050 10049 10010
f 9942 9941 10050 10011
f 10340 10058 10423 10424
f 10236 10150 10149 10237
f 9940 10034 10052 9941
f 10050 9941 10052 10053
f 10050 10053 10054 10049
f 10048 10049 10054 10047
f 10046 10047 10054 10055
f 10418 10056 10422 10421
f 10057 10056 10418 10416
f 10052 10034 10420 10416
f 10008 10337 10339 10009
f 10045 10046 10055 10058
f 10059 10423 10422 10056
f 10059 10056 10057 10060
f 10035 10036 10060 10057
f 10036 10029 10332 10329
f 10240 10148 10345 10382
f 10118 10344 10341 10119
f 10017 10015 9917 10061
f 10019 10017 10061 10062
f 10164 10348 10349 10163
f 10163 10349 10350 10162
f 10223 10353 9751 9750
f 10173 10211 10212 10174
f 10172 10193 10211 10173
f 10172 10180 10179 10171
f 10398 10412 9976 9979
f 10068 10069 10067 10066
f 10067 10070 10193 10210
f 10267 10386 10336 10042
f 10147 10346 10335 10007
f 9995 9992 10244 10243
f 10070 10067 10069 10074
f 10096 10244 9992 9989
f 9971 10245 10043 10196
f 9963 10013 10097 10242
f 10362 9982 10414 10403
f 10068 10365 10367 10069
f 10078 10079 10368 10366
f 9921 10241 10245 9971
f 10156 10155 10154 10157
f 10153 10158 10157 10154
f 10407 10414 9982 10201
f 10083 10084 10203 10202
f 10078 10203 10204 10079
f 10158 10153 10152 10159
f 10151 10160 10159 10152
f 10151 10070 10074 10160
f 9988 10400 10406 9985
f 10083 10089 10090 10084
f 10084 10090 10091 10085
f 10164 10167 10166 10165
f 10163 10168 10167 10164
f 10162 10169 10168 10163
f 10123 10124 10330 10331
f 10059 10060 10342 10343
f 10221 10235 10098 10250
f 10030 10334 10332 10029
f 10161 10170 10169 10162
f 10030 10020 10170 10161
f 9991 10408 10400 9988
f 10090 10089 10102 10103
f 10103 10104 10091 10090
f 9991 9994 10402 10408
f 10102 10107 10108 10103
f 10104 10103 10108 10109
f 9997 10401 10402 9994
f 10107 10110 10111 10108
f 10109 10108 10111 10112
f 9997 10000 10411 10401
f 10110 10113 10114 10111
f 10111 10114 10115 10112
f 10002 10003 10000 9999
f 10003 10006 10427 10404
f 10117 10427 10426 10118
f 10237 10149 10148 10240
f 10347 10146 10145 10348
f 10118 10119 10120 10117
f 10120 10121 10116 10117
f 10116 10113 10411 10404
f 10120 10123 10122 10121
f 10120 10119 10124 10123
f 10239 10383 10346 10147
f 10099 10098 10235 10238
f 10031 10032 10023 10022
f 10104 10109 10023 10032
f 10130 10133 10132 10131
f 10021 10134 10133 10130
f 10238 10239 10147 10099
f 9836 9837 10125 9886
f 9886 10125 9888 9887
f 9837 9838 9890 10125
f 9890 9889 9888 10125
f 9674 10126 9840 9675
f 9673 9844 10126 9674
f 9842 9841 9840 10126
f 9843 9842 10126 9844
f 9901 9849 9850 10127
f 9905 10127 9850 9851
f 9901 10127 9903 9902
f 9903 10127 9905 9904
f 9871 10128 9858 9857
f 9871 9872 9873 10128
f 9858 10128 9875 9859
f 9875 10128 9873 9874
f 9964 10129 9909 9910
f 9908 9909 10129 9966
f 9922 9965 10129 9964
f 9966 10129 9965 9923
f 10021 10026 10031 10022
f 10025 10026 10021 10130
f 10025 10130 10131 10024
f 10081 10080 10122 10333
f 10142 10351 10350 10143
f 10144 10143 10350 10349
f 10145 10144 10349 10348
f 10165 10347 10348 10164
f 10075 10079 10204 10205
f 10073 10075 10205 10206
f 10072 10073 10206 10207
f 10071 10072 10207 10208
f 10065 10071 10208 10209
f 10076 10115 10122 10080
f 10134 10135 10143 10144
f 10133 10134 10144 10145
f 10132 10133 10145 10146
f 10112 10115 10076 10136
f 10032 10093 10091 10104
f 10092 10093 10032 10031
f 10026 10088 10092 10031
f 10087 10088 10026 10025
f 10086 10087 10025 10024
f 10019 10094 10170 10020
f 10094 10100 10169 10170
f 10168 10169 10100 10101
f 10101 10105 10167 10168
f 10105 10106 10166 10167
f 10019 10062 10137 10094
f 10100 10094 10137 10138
f 10100 10138 10139 10101
f 10105 10101 10139 10140
f 10105 10140 10141 10106
f 10073 10372 10370 10075
f 10072 10374 10372 10073
f 10072 10071 10376 10374
f 10376 10071 10065 10378
f 10231 10248 10385 10381
f 10033 10085 10091 10093
f 10033 10093 10092 10037
f 10037 10092 10088 10038
f 10087 10063 10038 10088
f 10063 10087 10086 10064
f 10175 10174 10212 10213
f 10175 10213 10214 10176
f 10177 10176 10214 10215
f 10210 10171 10178 10216
f 9973 10194 10409 10410
f 10061 10179 10180 10062
f 10180 10172 10173 10181
f 10181 10173 10174 10182
f 10182 10174 10175 10183
f 10183 10175 10176 10184
f 10184 10176 10177 10185
f 10171 10179 10186 10178
f 10186 10405 10410 10178
f 10405 10413 9960 9961
f 9917 10186 10179 10061
f 10354 9704 9705 10357
f 9745 9744 10355 10356
f 10187 9749 9748 10188
f 9747 10189 10188 9748
f 9771 9772 10188 10189
f 9772 9773 10187 10188
f 9706 10198 10357 9705
f 9710 9711 10352 10218
f 9732 10192 10191 9733
f 9733 10191 10190 9734
f 9769 9770 10227 10219
f 9768 10217 10220 9775
f 10212 10152 10153 10213
f 10154 10214 10213 10153
f 9771 10234 10227 9770
f 10222 10224 9730 9729
f 9728 10225 10222 9729
f 10214 10154 10155 10215
f 10409 10194 9976 10412
f 9746 10197 10189 9747
f 10228 10197 10356 10380
f 9707 10192 10198 9706
f 10198 10231 10381 10357
f 10066 10067 10210 10216
f 10228 10229 10189 10197
f 10157 10377 10379 10156
f 9986 10095 10096 9989
f 10230 10233 9732 9731
f 10208 10063 10064 10209
f 10063 10208 10207 10038
f 10037 10038 10207 10206
f 10037 10206 10205 10033
f 10033 10205 10204 10085
f 10084 10085 10204 10203
f 10078 10077 10202 10203
f 10201 9985 10406 10407
f 9981 10200 10201 9982
f 10200 10271 10257 9984
f 10051 10044 9983 10199
f 10198 10192 10232 10231
f 10158 10375 10377 10157
f 10158 10159 10373 10375
f 10159 10160 10371 10373
f 10074 10369 10371 10160
f 10075 10370 10368 10079
f 10074 10069 10367 10369
f 10077 10078 10366 10364
f 9982 10362 10360 9981
f 9978 10361 10363 9979
f 9745 10356 10197 9746
f 9977 10358 10389 10255
f 9998 9995 10243 10250
f 9768 9769 10219 10217
f 10171 10210 10193 10172
f 10070 10151 10211 10193
f 10211 10151 10152 10212
f 10194 9973 9972 10195
f 9975 10195 10272 10254
f 9771 10189 10229 10234
f 10039 10249 10097 10013
f 10187 10223 9750 9749
f 9704 10354 10352 9711
f 9734 10190 10238 10235
f 10223 10240 10382 10353
f 10218 10352 10383 10239
f 9710 10218 10190 9709
f 10220 10226 9774 9775
f 10043 10234 10229 10247
f 10219 10241 10242 10217
f 9728 9735 10221 10225
f 10380 10384 10246 10228
f 10051 10248 10231 10232
f 10192 9732 10233 10232
f 10044 10233 10230 10095
f 10224 10230 9731 9730
f 10229 10228 10246 10247
f 10243 10244 10222 10225
f 10096 10224 10222 10244
f 10227 10234 10043 10245
f 10097 10220 10217 10242
f 10219 10227 10245 10241
f 10238 10190 10218 10239
f 10187 9773 10236 10237
f 9744 9751 10353 10355
f 9773 9774 10226 10236
f 9735 9734 10235 10221
f 10187 10237 10240 10223
f 10114 10113 10116 10121
f 10081 10082 10161 10351
f 10136 10076 10080 10142
f 10080 10081 10351 10142
f 10082 10081 10333 10334
f 10115 10114 10121 10122
f 10082 10334 10030 10161
f 10246 9977 9974 10247
f 9983 10044 10095 9986
f 10051 10199 9980 10248
f 10358 9977 10246 10384
f 9980 10256 10388 10359
f 10241 9921 9963 10242
f 9974 10196 10043 10247
f 10097 10249 10226 10220
f 10243 10225 10221 10250
f 10044 10051 10232 10233
f 10095 10230 10224 10096
f 10007 10004 10099 10147
f 10001 10098 10099 10004
f 10007 10335 10387 10265
f 10337 10008 10265 10387
f 10148 10149 10041 10042
f 9998 10250 10098 10001
f 10040 10041 10149 10150
f 10039 10040 10150 10249
f 10196 9974 10254 10272
f 10256 9981 10360 10388
f 10199 9983 10257 10271
f 10045 10338 10386 10267
f 10013 10266 10270 10039
f 10047 10269 10270 10048
f 10040 10269 10268 10041
f 10267 10268 10046 10045
f 10336 10345 10148 10042
f 9920 10012 10266 10252
f 10004 10007 10265 10264
f 10001 10004 10264 10263
f 9998 10001 10263 10262
f 9998 10262 10261 9995
f 9992 9995 10261 10260
f 9992 10260 10259 9989
f 9986 9989 10259 10258
f 9983 9986 10258 10257
f 9980 10199 10271 10256
f 10359 10385 10248 9980
f 9974 9977 10255 10254
f 9971 10196 10272 10253
f 9921 9971 10253 10251
f 9963 9921 10251 10252
f 9768 9775 10279 10273
f 9774 10278 10279 9775
f 9773 10277 10278 9774
f 10276 10277 9773 9772
f 9771 10275 10276 9772
f 10274 10275 9771 9770
f 10274 9770 9769 10280
f 10273 10280 9769 9768
f 9745 9746 10282 10288
f 10281 9744 9745 10288
f 10281 10287 9751 9744
f 9751 10287 10286 9750
f 10285 9749 9750 10286
f 9749 10285 10284 9748
f 10283 9747 9748 10284
f 10282 9746 9747 10283
f 10290 10296 9730 9731
f 9730 10296 10295 9729
f 9728 9729 10295 10289
f 9728 10289 10294 9735
f 10293 9734 9735 10294
f 9734 10293 10292 9733
f 10291 9732 9733 10292
f 9732 10291 10290 9731
f 10298 10297 10310 10309
f 10301 10312 10311 10302
f 10307 10309 10310 10308
f 10299 10301 10302 10300
f 10303 10306 10305 10304
f 10305 10306 10307 10308
f 10297 10298 10299 10300
f 10303 10304 10311 10312
f 9795 10298 10309 9796
f 10318 10317 10326 10325
f 10314 10313 10320 10319
f 10321 10324 10323 10322
f 10316 10315 10325 10326
f 10327 10319 10320 10328
f 10321 10322 10313 10314
f 10323 10324 10315 10316
f 10327 10328 10317 10318
f 9782 9781 10314 10319
f 10331 10330 10329 10332
f 10332 10334 10333 10331
f 10338 10337 10387 10386
f 10345 10336 10335 10346
f 10338 10340 10339 10337
f 10341 10344 10343 10342
f 10341 10342 10329 10330
f 10339 10340 10424 10425
f 10382 10345 10346 10383
f 10354 10357 10356 10355
f 10352 10354 10355 10353
f 10376 10378 10379 10377
f 10374 10376 10377 10375
f 10373 10372 10374 10375
f 10372 10373 10371 10370
f 10370 10371 10369 10368
f 10368 10369 10367 10366
f 10365 10364 10366 10367
f 10363 10362 10403 10399
f 10361 10360 10362 10363
f 10361 10389 10388 10360
f 10357 10381 10380 10356
f 10380 10381 10385 10384
f 10382 10383 10352 10353
f 10384 10385 10359 10358
f 10386 10387 10335 10336
f 10359 10388 10389 10358
f 10060 10036 10329 10342
f 10390 10397 9942 9935
f 9935 9936 10391 10390
f 10391 9936 9937 10392
f 9937 9938 10393 10392
f 10393 9938 9939 10394
f 9939 9940 10395 10394
f 9940 9941 10396 10395
f 10396 9941 9942 10397
f 10426 10427 10006 10009
f 10364 10403 10414 10077
f 10216 10409 10412 10066
f 10077 10414 10407 10202
f 10178 10410 10409 10216
f 10089 10083 10406 10400
f 9961 9973 10410 10405
f 10107 10102 10408 10402
f 10399 10403 10364 10365
f 10083 10202 10407 10406
f 10401 10411 10113 10110
f 10003 10404 10411 10000
f 10405 10186 9917 10413
f 10068 10398 10399 10365
f 10089 10400 10408 10102
f 10068 10066 10412 10398
f 10401 10110 10107 10402
f 10415 10419 10016 10028
f 10028 10035 10420 10415
f 10052 10416 10418 10053
f 10416 10420 10035 10057
f 9917 10015 10417 10413
f 10053 10418 10421 10054
f 10417 10015 10016 10419
f 10344 10118 10426 10425
f 10344 10425 10424 10343
f 10059 10343 10424 10423
f 10422 10423 10058 10055
f 10055 10054 10421 10422
f 10404 10427 10117 10116
f 9805 9753 9752 9806
f 10350 10351 10161 10162
f 10135 10136 10142 10143
f 8134 10024 10131 8272
f 10024 8134 8296 10086
f 10064 10086 8296 8297
f 8290 10209 10064 8297
f 8114 10065 10209 8290
f 8278 10378 10065 8114
f 10378 8278 8279 10379
f 8279 9594 10156 10379
f 8334 10155 10156 9594
f 10155 8334 8121 10215
f 8121 9592 10177 10215
f 8266 10185 10177 9592
f 8331 10141 10185 8266
f 8324 10106 10141 8331
f 8325 10166 10106 8324
f 8135 10165 10166 8325
f 8254 10347 10165 8135
f 8255 10146 10347 8254
f 8255 8316 10132 10146
f 8272 10131 10132 8316
f 8369 9400 7522 8376
f 9399 9400 8369 9159
f 9398 9399 9159 8377
f 8377 8383 9397 9398
f 7523 9397 8383 8378
f 7523 8378 8370 7524
f 2834 2299 2311 10454
f 7524 8370 8394 10428
f 7525 10428 8394 8381
f 7525 8381 8382 10430
f 7526 10430 8382 8388
f 8060 7526 8388 8387
f 8060 8387 8385 10429
f 7431 10428 7525 10430
f 8862 5245 5267 8863
f 5245 8862 9085 5284
f 5284 9085 9088 5285
f 5285 9088 9089 5290
f 5234 5290 9089 8758
f 5234 8758 8800 5248
f 5240 5248 8800 8904
f 5240 8904 8841 5258
f 5257 5258 8841 8965
f 5257 8965 8926 6247
f 6246 6247 8926 8905
f 5235 6246 8905 8799
f 5235 8799 8757 5221
f 5220 5221 8757 8966
f 5220 8966 8969 5259
f 5259 8969 8967 5268
f 8967 8968 5266 5268
f 5267 5266 8968 8863
f 8047 8060 10429 10439
f 8059 10524 8047 10439
f 10429 2835 2834 10439
f 2836 8074 10440 10432
f 4119 10514 10513 4118
f 4118 10513 10446 4117
f 4117 10446 10442 2111
f 10510 4075 4076 10512
f 4074 4075 10510 10497
f 4074 10497 10489 2347
f 7996 10496 10476 8077
f 8077 10476 10467 8076
f 8075 8076 10467 10456
f 8019 8069 10487 10461
f 1944 10460 10434 2730
f 1944 2791 10463 10460
f 10437 10503 8039 8067
f 2474 2473 10475 10491
f 10475 2473 1943 10483
f 8056 8057 10490 10452
f 10490 8057 8058 10509
f 8056 10452 10489 8055
f 2365 10488 10512 4076
f 8030 8031 10444 10494
f 8000 10466 10471 8061
f 10442 8032 8033 10458
f 10469 10502 8017 8018
f 2219 10496 10462 2215
f 2267 10507 10480 2170
f 10466 10507 2267 2225
f 7998 10481 10462 7997
f 2185 2170 10480 10465
f 1508 2185 10465 10459
f 1957 1936 10458 10450
f 8034 8035 10473 10450
f 10451 8024 8025 10468
f 7999 10498 10481 7998
f 10459 8004 8005 10508
f 10444 10516 4120 1845
f 10468 10484 1842 1841
f 8023 8024 10451 10455
f 2023 1844 10457 10494
f 1742 10448 10443 1739
f 8015 8016 10448 10506
f 10474 10506 1665 1760
f 8006 10472 10508 8005
f 10492 10498 7999 8062
f 1842 10484 10495 1843
f 1844 2007 10438 10457
f 10470 10473 8035 8036
f 8023 10455 10505 8022
f 10443 10502 1787 1739
f 1760 1691 10501 10474
f 2455 2456 10492 10471
f 10438 10495 8027 8028
f 1779 1840 10477 10505
f 2118 10441 10501 1691
f 8006 8007 10499 10472
f 8007 8008 10445 10499
f 1637 10445 10447 1797
f 8020 10464 10487 8069
f 10433 10491 8063 8038
f 8038 8039 10503 10433
f 1664 2137 10469 10461
f 8010 10449 10447 8009
f 8010 8011 10500 10449
f 10464 10477 1840 1748
f 10454 10509 8058 8059
f 10463 2791 1946 10479
f 10470 8036 8037 10483
f 1946 2784 10437 10479
f 2730 10434 10504 1979
f 10441 2118 2011 10500
f 10453 8043 8045 10485
f 8054 10488 10485 8045
f 1979 10504 10453 2150
f 10580 9387 9388 10581
f 9387 10580 10579 9386
f 9386 10579 10569 9385
f 10511 8032 9385 10569
f 9364 9363 10578 10577
f 9364 10577 10560 9365
f 8055 9365 10560 10556
f 7352 10563 10546 8073
f 8073 10546 10537 8072
f 8072 10537 10526 8071
f 8069 8019 10531 10554
f 10478 10530 7077 7864
f 10530 8041 8068 10533
f 7918 10436 10570 7080
f 10545 10558 8063 8064
f 8037 10551 10545 8064
f 7472 10557 10522 7469
f 7456 10576 10557 7472
f 7480 7469 10522 10556
f 9363 8054 10555 10578
f 7156 6978 10482 10561
f 7358 10536 10541 7589
f 7069 10528 10511 7244
f 6920 7270 10539 10564
f 10532 7997 7996 10563
f 10549 10574 7400 7303
f 7358 7400 10574 10536
f 7364 10550 10532 7348
f 7303 7318 10535 10549
f 8004 8003 10535 10529
f 10520 8034 8033 10528
f 7090 7070 10543 10520
f 6974 10538 10521 7012
f 7349 10565 10550 7364
f 8005 8004 10529 10575
f 8031 10482 10581 9388
f 10538 10552 8026 8025
f 10521 10525 7157 7012
f 10527 10561 8030 8029
f 8016 10515 10582 2833
f 10515 10573 6798 6875
f 8014 10544 10573 8015
f 10542 10575 6672 6913
f 7590 10559 10565 7349
f 6975 6976 10562 10552
f 8029 8028 10435 10527
f 7198 10540 10543 7070
f 6912 7157 10525 10572
f 10564 8017 2833 10582
f 10544 8014 8013 10568
f 8062 10559 10541 8061
f 7140 10435 10562 6976
f 8021 10547 10572 8022
f 8012 10493 10568 8013
f 10542 6913 7365 10566
f 10486 10566 7365 6770
f 10486 6770 6930 10518
f 10534 10554 7946 6881
f 7608 7103 10517 10558
f 7080 10570 10517 7103
f 8019 8018 10539 10531
f 6787 10519 10518 6930
f 7144 10567 10519 6787
f 8020 10534 10547 8021
f 10524 10576 7456 7444
f 8068 8040 10548 10533
f 7076 10551 10540 7198
f 10436 10548 8040 8067
f 10478 10571 8042 8066
f 8011 10567 10493 8012
f 7419 10553 10523 7283
f 7498 10555 10553 7419
f 8042 10571 10523 8043
f 7444 7432 8047 10524
f 8059 10439 2834 10454
f 10431 10526 8075 10440
f 2836 10432 10456 2837
f 2676 2698 2679 2678
f 7810 7812 7813 7832
